{
  "file_name": "head",
  "texture_size": [
    128,
    128
  ],
  "textures": {
    "layer0": "modelengine:entity/cherufe"
  },
  "elements": [
    {
      "name": "head_0",
      "from": [
        8.269976,
        8.816168,
        3.3124998
      ],
      "to": [
        10.219976,
        10.766169,
        3.7624998
      ],
      "rotation": {
        "angle": 45.0,
        "axis": "z",
        "origin": [
          7.902944,
          8.433812,
          7.34927
        ]
      },
      "faces": {
        "down": {
          "uv": [
            3.75,
            5.25,
            0.25,
            6.375
          ],
          "texture": "#layer0",
          "tintindex": 0
        },
        "east": {
          "uv": [
            8.625,
            0.0,
            12.375,
            1.625
          ],
          "texture": "#layer0",
          "tintindex": 0
        },
        "north": {
          "uv": [
            6.5,
            0.0,
            12.5,
            3.875
          ],
          "texture": "#layer0",
          "tintindex": 0
        },
        "south": {
          "uv": [
            6.5,
            0.0,
            12.5,
            3.875
          ],
          "texture": "#layer0",
          "tintindex": 0
        },
        "up": {
          "uv": [
            8.625,
            0.0,
            12.375,
            1.625
          ],
          "texture": "#layer0",
          "tintindex": 0
        },
        "west": {
          "uv": [
            6.5,
            0.0,
            12.5,
            3.875
          ],
          "texture": "#layer0",
          "tintindex": 0
        }
      }
    },
    {
      "name": "head_1",
      "from": [
        8.719976,
        9.416168,
        1.8124998
      ],
      "to": [
        9.769976,
        10.316168,
        2.2624998
      ],
      "rotation": {
        "angle": 45.0,
        "axis": "z",
        "origin": [
          7.902944,
          8.433812,
          7.34927
        ]
      },
      "faces": {
        "down": {
          "uv": [
            12.140625,
            1.515625,
            11.0,
            0.375
          ],
          "texture": "#layer0",
          "tintindex": 0
        },
        "east": {
          "uv": [
            8.625,
            0.0,
            12.375,
            1.625
          ],
          "texture": "#layer0",
          "tintindex": 0
        },
        "north": {
          "uv": [
            6.5,
            0.0,
            12.5,
            3.875
          ],
          "texture": "#layer0",
          "tintindex": 0
        },
        "south": {
          "uv": [
            6.5,
            0.0,
            12.5,
            3.875
          ],
          "texture": "#layer0",
          "tintindex": 0
        },
        "up": {
          "uv": [
            8.625,
            0.0,
            12.375,
            1.625
          ],
          "texture": "#layer0",
          "tintindex": 0
        },
        "west": {
          "uv": [
            6.5,
            0.0,
            12.5,
            3.875
          ],
          "texture": "#layer0",
          "tintindex": 0
        }
      }
    },
    {
      "name": "head_2",
      "from": [
        7.235048,
        10.68896,
        3.7624998
      ],
      "to": [
        8.285048,
        11.58896,
        4.2124996
      ],
      "rotation": {
        "angle": 45.0,
        "axis": "z",
        "origin": [
          7.902944,
          8.433812,
          7.34927
        ]
      },
      "faces": {
        "down": {
          "uv": [
            3.75,
            5.25,
            0.25,
            6.375
          ],
          "texture": "#layer0",
          "tintindex": 0
        },
        "east": {
          "uv": [
            8.625,
            0.0,
            12.375,
            1.625
          ],
          "texture": "#layer0",
          "tintindex": 0
        },
        "north": {
          "uv": [
            6.5,
            0.0,
            12.5,
            3.875
          ],
          "texture": "#layer0",
          "tintindex": 0
        },
        "south": {
          "uv": [
            6.5,
            0.0,
            12.5,
            3.875
          ],
          "texture": "#layer0",
          "tintindex": 0
        },
        "up": {
          "uv": [
            8.625,
            0.0,
            12.375,
            1.625
          ],
          "texture": "#layer0",
          "tintindex": 0
        },
        "west": {
          "uv": [
            6.5,
            0.0,
            12.5,
            3.875
          ],
          "texture": "#layer0",
          "tintindex": 0
        }
      }
    },
    {
      "name": "head_3",
      "from": [
        10.098829,
        7.8251777,
        3.7624998
      ],
      "to": [
        11.14883,
        8.725178,
        4.2124996
      ],
      "rotation": {
        "angle": 45.0,
        "axis": "z",
        "origin": [
          7.902944,
          8.433812,
          7.34927
        ]
      },
      "faces": {
        "down": {
          "uv": [
            3.75,
            5.25,
            0.25,
            6.375
          ],
          "texture": "#layer0",
          "tintindex": 0
        },
        "east": {
          "uv": [
            8.625,
            0.0,
            12.375,
            1.625
          ],
          "texture": "#layer0",
          "tintindex": 0
        },
        "north": {
          "uv": [
            6.5,
            0.0,
            12.5,
            3.875
          ],
          "texture": "#layer0",
          "tintindex": 0
        },
        "south": {
          "uv": [
            6.5,
            0.0,
            12.5,
            3.875
          ],
          "texture": "#layer0",
          "tintindex": 0
        },
        "up": {
          "uv": [
            8.625,
            0.0,
            12.375,
            1.625
          ],
          "texture": "#layer0",
          "tintindex": 0
        },
        "west": {
          "uv": [
            6.5,
            0.0,
            12.5,
            3.875
          ],
          "texture": "#layer0",
          "tintindex": 0
        }
      }
    },
    {
      "name": "head_4",
      "from": [
        4.6671076,
        5.366828,
        1.5874997
      ],
      "to": [
        11.117107,
        10.466827,
        6.8374996
      ],
      "rotation": {
        "angle": 0.0,
        "axis": "z",
        "origin": [
          8.0,
          8.0,
          8.0
        ]
      },
      "faces": {
        "down": {
          "uv": [
            4.0,
            5.0,
            0.0,
            6.5
          ],
          "texture": "#layer0",
          "tintindex": 0
        },
        "east": {
          "uv": [
            4.25,
            4.0,
            8.25,
            7.625
          ],
          "texture": "#layer0",
          "tintindex": 0
        },
        "north": {
          "uv": [
            0.0,
            0.0,
            4.75,
            4.375
          ],
          "texture": "#layer0",
          "tintindex": 0
        },
        "south": {
          "uv": [
            0.0,
            0.0,
            16.0,
            16.0
          ],
          "texture": "#layer0",
          "tintindex": 0
        },
        "up": {
          "uv": [
            7.0,
            6.5,
            11.0,
            10.125
          ],
          "texture": "#layer0",
          "tintindex": 0
        },
        "west": {
          "uv": [
            4.25,
            4.0,
            8.25,
            7.625
          ],
          "texture": "#layer0",
          "tintindex": 0
        }
      }
    },
    {
      "name": "head_5",
      "from": [
        4.8171077,
        13.195556,
        4.1126423
      ],
      "to": [
        10.967108,
        13.945556,
        4.712642
      ],
      "rotation": {
        "angle": -45.0,
        "axis": "x",
        "origin": [
          7.902944,
          8.433812,
          7.34927
        ]
      },
      "faces": {
        "down": {
          "uv": [
            16.0,
            0.0,
            0.0,
            16.0
          ],
          "texture": "#layer0",
          "tintindex": 0
        },
        "east": {
          "uv": [
            0.0,
            0.0,
            1.25,
            1.125
          ],
          "texture": "#layer0",
          "tintindex": 0
        },
        "north": {
          "uv": [
            0.0,
            0.0,
            5.5,
            1.125
          ],
          "texture": "#layer0",
          "tintindex": 0
        },
        "south": {
          "uv": [
            0.0,
            0.0,
            16.0,
            16.0
          ],
          "texture": "#layer0",
          "tintindex": 0
        },
        "up": {
          "uv": [
            0.0,
            0.0,
            5.5,
            1.125
          ],
          "texture": "#layer0",
          "tintindex": 0
        },
        "west": {
          "uv": [
            0.0,
            0.0,
            1.625,
            1.125
          ],
          "texture": "#layer0",
          "tintindex": 0
        }
      }
    },
    {
      "name": "head_6",
      "from": [
        5.7023897,
        5.68853,
        1.8124998
      ],
      "to": [
        6.75239,
        6.5885296,
        2.2624998
      ],
      "rotation": {
        "angle": -45.0,
        "axis": "z",
        "origin": [
          7.902944,
          8.433812,
          7.34927
        ]
      },
      "faces": {
        "down": {
          "uv": [
            12.375,
            0.0,
            8.625,
            1.625
          ],
          "texture": "#layer0",
          "tintindex": 0
        },
        "east": {
          "uv": [
            8.625,
            0.0,
            12.375,
            1.625
          ],
          "texture": "#layer0",
          "tintindex": 0
        },
        "north": {
          "uv": [
            6.5,
            0.0,
            12.5,
            3.875
          ],
          "texture": "#layer0",
          "tintindex": 0
        },
        "south": {
          "uv": [
            6.5,
            0.0,
            12.5,
            3.875
          ],
          "texture": "#layer0",
          "tintindex": 0
        },
        "up": {
          "uv": [
            8.625,
            0.0,
            12.375,
            1.625
          ],
          "texture": "#layer0",
          "tintindex": 0
        },
        "west": {
          "uv": [
            8.625,
            0.0,
            12.375,
            1.625
          ],
          "texture": "#layer0",
          "tintindex": 0
        }
      }
    },
    {
      "name": "head_7",
      "from": [
        9.992767,
        6.4463177,
        1.8124998
      ],
      "to": [
        11.0427685,
        7.3463182,
        2.2624998
      ],
      "rotation": {
        "angle": 45.0,
        "axis": "z",
        "origin": [
          7.902944,
          8.433812,
          7.34927
        ]
      },
      "faces": {
        "down": {
          "uv": [
            12.375,
            0.0,
            8.625,
            1.625
          ],
          "texture": "#layer0",
          "tintindex": 0
        },
        "east": {
          "uv": [
            6.5,
            0.0,
            12.5,
            1.75
          ],
          "texture": "#layer0",
          "tintindex": 0
        },
        "north": {
          "uv": [
            6.5,
            0.0,
            12.5,
            3.875
          ],
          "texture": "#layer0",
          "tintindex": 0
        },
        "south": {
          "uv": [
            6.5,
            0.0,
            12.5,
            3.875
          ],
          "texture": "#layer0",
          "tintindex": 0
        },
        "up": {
          "uv": [
            6.5,
            0.0,
            12.5,
            1.375
          ],
          "texture": "#layer0",
          "tintindex": 0
        },
        "west": {
          "uv": [
            6.5,
            0.0,
            12.5,
            3.875
          ],
          "texture": "#layer0",
          "tintindex": 0
        }
      }
    },
    {
      "name": "head_8",
      "from": [
        9.038174,
        5.7038536,
        1.8124998
      ],
      "to": [
        10.088175,
        6.603854,
        2.2624998
      ],
      "rotation": {
        "angle": 45.0,
        "axis": "z",
        "origin": [
          7.902944,
          8.433812,
          7.34927
        ]
      },
      "faces": {
        "down": {
          "uv": [
            11.5,
            0.75,
            10.75,
            1.5
          ],
          "texture": "#layer0",
          "tintindex": 0
        },
        "east": {
          "uv": [
            6.5,
            0.0,
            12.5,
            3.875
          ],
          "texture": "#layer0",
          "tintindex": 0
        },
        "north": {
          "uv": [
            6.5,
            0.0,
            12.5,
            3.875
          ],
          "texture": "#layer0",
          "tintindex": 0
        },
        "south": {
          "uv": [
            6.5,
            0.0,
            12.5,
            3.875
          ],
          "texture": "#layer0",
          "tintindex": 0
        },
        "up": {
          "uv": [
            6.5,
            0.0,
            12.5,
            3.875
          ],
          "texture": "#layer0",
          "tintindex": 0
        },
        "west": {
          "uv": [
            6.5,
            0.0,
            12.5,
            3.875
          ],
          "texture": "#layer0",
          "tintindex": 0
        }
      }
    },
    {
      "name": "head_9",
      "from": [
        4.747796,
        6.4309874,
        1.8124998
      ],
      "to": [
        5.7977962,
        7.3309875,
        2.2624998
      ],
      "rotation": {
        "angle": -45.0,
        "axis": "z",
        "origin": [
          7.902944,
          8.433812,
          7.34927
        ]
      },
      "faces": {
        "down": {
          "uv": [
            12.375,
            0.0,
            8.625,
            1.625
          ],
          "texture": "#layer0",
          "tintindex": 0
        },
        "east": {
          "uv": [
            8.625,
            0.0,
            12.375,
            1.625
          ],
          "texture": "#layer0",
          "tintindex": 0
        },
        "north": {
          "uv": [
            6.5,
            0.0,
            12.5,
            3.875
          ],
          "texture": "#layer0",
          "tintindex": 0
        },
        "south": {
          "uv": [
            6.5,
            0.0,
            12.5,
            3.875
          ],
          "texture": "#layer0",
          "tintindex": 0
        },
        "up": {
          "uv": [
            8.625,
            0.0,
            12.375,
            1.625
          ],
          "texture": "#layer0",
          "tintindex": 0
        },
        "west": {
          "uv": [
            8.625,
            0.0,
            12.375,
            1.625
          ],
          "texture": "#layer0",
          "tintindex": 0
        }
      }
    },
    {
      "name": "head_10",
      "from": [
        6.467108,
        5.6668277,
        0.68749976
      ],
      "to": [
        9.617107,
        6.866828,
        1.4374998
      ],
      "rotation": {
        "angle": 0.0,
        "axis": "z",
        "origin": [
          8.0,
          8.0,
          8.0
        ]
      },
      "faces": {
        "down": {
          "uv": [
            4.0,
            7.75,
            0.0,
            8.5
          ],
          "texture": "#layer0",
          "tintindex": 0
        },
        "east": {
          "uv": [
            0.0,
            12.5,
            1.0,
            13.75
          ],
          "texture": "#layer0",
          "tintindex": 0
        },
        "north": {
          "uv": [
            0.75,
            14.5,
            3.0,
            15.875
          ],
          "texture": "#layer0",
          "tintindex": 0
        },
        "south": {
          "uv": [
            0.5,
            6.75,
            2.0,
            8.25
          ],
          "texture": "#layer0",
          "tintindex": 0
        },
        "up": {
          "uv": [
            1.0,
            4.0,
            4.0,
            5.0
          ],
          "texture": "#layer0",
          "tintindex": 0
        },
        "west": {
          "uv": [
            2.0,
            8.5,
            3.0,
            9.75
          ],
          "texture": "#layer0",
          "tintindex": 0
        }
      }
    }
  ],
  "display": {
    "head": {
      "translation": [
        0.0,
        -6.4,
        0.0
      ],
      "rotation": [
        0.0,
        0.0,
        0.0
      ],
      "scale": [
        3.8095,
        3.8095,
        3.8095
      ]
    },
    "gui": {
      "translation": [
        0.0,
        0.0,
        0.0
      ],
      "rotation": [
        35.0,
        225.0,
        0.0
      ],
      "scale": [
        0.625,
        0.625,
        0.625
      ]
    }
  }
}