{
  "file_name": "tail",
  "texture_size": [
    128,
    128
  ],
  "textures": {
    "layer0": "modelengine:entity/cherufe"
  },
  "elements": [
    {
      "name": "tail_0",
      "from": [
        4.469192,
        7.101506,
        7.7879663
      ],
      "to": [
        12.119192,
        8.151506,
        24.287968
      ],
      "rotation": {
        "angle": 22.5,
        "axis": "x",
        "origin": [
          8.356262,
          5.1493216,
          8.558816
        ]
      },
      "faces": {
        "down": {
          "uv": [
            16.0,
            4.125,
            4.0,
            16.0
          ],
          "texture": "#layer0",
          "tintindex": 0
        },
        "east": {
          "uv": [
            8.625,
            4.375,
            9.875,
            16.0
          ],
          "texture": "#layer0",
          "tintindex": 0
        },
        "north": {
          "uv": [
            4.0,
            4.125,
            16.0,
            16.0
          ],
          "texture": "#layer0",
          "tintindex": 0
        },
        "south": {
          "uv": [
            4.0,
            14.5,
            16.0,
            15.875
          ],
          "texture": "#layer0",
          "tintindex": 0
        },
        "up": {
          "uv": [
            7.0,
            4.0,
            16.0,
            15.875
          ],
          "texture": "#layer0",
          "tintindex": 0
        },
        "west": {
          "uv": [
            8.25,
            4.375,
            9.5,
            16.0
          ],
          "texture": "#layer0",
          "tintindex": 0
        }
      }
    },
    {
      "name": "tail_1",
      "from": [
        4.469192,
        6.12566,
        5.4320717
      ],
      "to": [
        12.119192,
        7.1756597,
        21.932072
      ],
      "rotation": {
        "angle": 22.5,
        "axis": "x",
        "origin": [
          8.356262,
          5.1493216,
          8.558816
        ]
      },
      "faces": {
        "down": {
          "uv": [
            16.0,
            4.125,
            4.0,
            16.0
          ],
          "texture": "#layer0",
          "tintindex": 0
        },
        "east": {
          "uv": [
            13.0,
            4.5,
            14.25,
            15.625
          ],
          "texture": "#layer0",
          "tintindex": 0
        },
        "north": {
          "uv": [
            4.0,
            4.125,
            16.0,
            16.0
          ],
          "texture": "#layer0",
          "tintindex": 0
        },
        "south": {
          "uv": [
            4.0,
            4.125,
            16.0,
            16.0
          ],
          "texture": "#layer0",
          "tintindex": 0
        },
        "up": {
          "uv": [
            4.0,
            4.125,
            16.0,
            16.0
          ],
          "texture": "#layer0",
          "tintindex": 0
        },
        "west": {
          "uv": [
            13.0,
            4.5,
            14.25,
            15.625
          ],
          "texture": "#layer0",
          "tintindex": 0
        }
      }
    },
    {
      "name": "tail_2",
      "from": [
        4.619192,
        5.4368296,
        3.619088
      ],
      "to": [
        12.269193,
        6.4868298,
        20.269089
      ],
      "rotation": {
        "angle": 22.5,
        "axis": "x",
        "origin": [
          8.356262,
          5.1493216,
          8.558816
        ]
      },
      "faces": {
        "down": {
          "uv": [
            16.0,
            4.125,
            4.0,
            16.0
          ],
          "texture": "#layer0",
          "tintindex": 0
        },
        "east": {
          "uv": [
            12.75,
            7.625,
            13.25,
            15.875
          ],
          "texture": "#layer0",
          "tintindex": 0
        },
        "north": {
          "uv": [
            4.0,
            4.125,
            16.0,
            16.0
          ],
          "texture": "#layer0",
          "tintindex": 0
        },
        "south": {
          "uv": [
            4.0,
            4.125,
            16.0,
            16.0
          ],
          "texture": "#layer0",
          "tintindex": 0
        },
        "up": {
          "uv": [
            4.0,
            4.125,
            16.0,
            16.0
          ],
          "texture": "#layer0",
          "tintindex": 0
        },
        "west": {
          "uv": [
            12.75,
            7.625,
            13.25,
            15.875
          ],
          "texture": "#layer0",
          "tintindex": 0
        }
      }
    },
    {
      "name": "tail_3",
      "from": [
        4.469192,
        4.5183916,
        5.376782
      ],
      "to": [
        12.119192,
        5.568392,
        18.051783
      ],
      "rotation": {
        "angle": 22.5,
        "axis": "x",
        "origin": [
          8.356262,
          5.1493216,
          8.558816
        ]
      },
      "faces": {
        "down": {
          "uv": [
            16.0,
            4.125,
            4.0,
            16.0
          ],
          "texture": "#layer0",
          "tintindex": 0
        },
        "east": {
          "uv": [
            4.875,
            7.75,
            16.0,
            9.0
          ],
          "texture": "#layer0",
          "tintindex": 0
        },
        "north": {
          "uv": [
            4.0,
            4.125,
            16.0,
            16.0
          ],
          "texture": "#layer0",
          "tintindex": 0
        },
        "south": {
          "uv": [
            4.0,
            4.125,
            16.0,
            16.0
          ],
          "texture": "#layer0",
          "tintindex": 0
        },
        "up": {
          "uv": [
            4.0,
            4.125,
            16.0,
            16.0
          ],
          "texture": "#layer0",
          "tintindex": 0
        },
        "west": {
          "uv": [
            4.875,
            7.75,
            16.0,
            9.0
          ],
          "texture": "#layer0",
          "tintindex": 0
        }
      }
    },
    {
      "name": "tail_4",
      "from": [
        4.469192,
        3.7147577,
        5.761634
      ],
      "to": [
        12.119192,
        4.7647576,
        16.111633
      ],
      "rotation": {
        "angle": 22.5,
        "axis": "x",
        "origin": [
          8.356262,
          5.1493216,
          8.558816
        ]
      },
      "faces": {
        "down": {
          "uv": [
            16.0,
            4.125,
            4.0,
            16.0
          ],
          "texture": "#layer0",
          "tintindex": 0
        },
        "east": {
          "uv": [
            7.125,
            9.75,
            16.0,
            11.0
          ],
          "texture": "#layer0",
          "tintindex": 0
        },
        "north": {
          "uv": [
            4.0,
            4.125,
            16.0,
            16.0
          ],
          "texture": "#layer0",
          "tintindex": 0
        },
        "south": {
          "uv": [
            4.0,
            4.125,
            16.0,
            16.0
          ],
          "texture": "#layer0",
          "tintindex": 0
        },
        "up": {
          "uv": [
            4.0,
            4.125,
            16.0,
            16.0
          ],
          "texture": "#layer0",
          "tintindex": 0
        },
        "west": {
          "uv": [
            7.125,
            9.75,
            16.0,
            11.0
          ],
          "texture": "#layer0",
          "tintindex": 0
        }
      }
    },
    {
      "name": "tail_5",
      "from": [
        4.469192,
        2.7963135,
        4.8193216
      ],
      "to": [
        12.119192,
        3.8463135,
        13.894322
      ],
      "rotation": {
        "angle": 22.5,
        "axis": "x",
        "origin": [
          8.356262,
          5.1493216,
          8.558816
        ]
      },
      "faces": {
        "down": {
          "uv": [
            16.0,
            4.125,
            4.0,
            16.0
          ],
          "texture": "#layer0",
          "tintindex": 0
        },
        "east": {
          "uv": [
            6.625,
            8.375,
            16.0,
            9.625
          ],
          "texture": "#layer0",
          "tintindex": 0
        },
        "north": {
          "uv": [
            4.0,
            4.125,
            16.0,
            16.0
          ],
          "texture": "#layer0",
          "tintindex": 0
        },
        "south": {
          "uv": [
            4.0,
            4.125,
            16.0,
            16.0
          ],
          "texture": "#layer0",
          "tintindex": 0
        },
        "up": {
          "uv": [
            4.0,
            4.125,
            16.0,
            16.0
          ],
          "texture": "#layer0",
          "tintindex": 0
        },
        "west": {
          "uv": [
            6.625,
            8.375,
            16.0,
            9.625
          ],
          "texture": "#layer0",
          "tintindex": 0
        }
      }
    },
    {
      "name": "tail_6",
      "from": [
        4.469192,
        2.1074834,
        3.9063377
      ],
      "to": [
        12.119192,
        3.1574836,
        12.2313385
      ],
      "rotation": {
        "angle": 22.5,
        "axis": "x",
        "origin": [
          8.356262,
          5.1493216,
          8.558816
        ]
      },
      "faces": {
        "down": {
          "uv": [
            16.0,
            4.125,
            4.0,
            16.0
          ],
          "texture": "#layer0",
          "tintindex": 0
        },
        "east": {
          "uv": [
            4.125,
            5.5,
            16.0,
            6.75
          ],
          "texture": "#layer0",
          "tintindex": 0
        },
        "north": {
          "uv": [
            4.0,
            4.125,
            16.0,
            16.0
          ],
          "texture": "#layer0",
          "tintindex": 0
        },
        "south": {
          "uv": [
            4.0,
            4.125,
            16.0,
            16.0
          ],
          "texture": "#layer0",
          "tintindex": 0
        },
        "up": {
          "uv": [
            4.0,
            4.125,
            16.0,
            16.0
          ],
          "texture": "#layer0",
          "tintindex": 0
        },
        "west": {
          "uv": [
            4.0,
            4.125,
            16.0,
            5.375
          ],
          "texture": "#layer0",
          "tintindex": 0
        }
      }
    },
    {
      "name": "tail_7",
      "from": [
        3.650132,
        4.5336194,
        11.509898
      ],
      "to": [
        5.4501324,
        5.583619,
        15.559898
      ],
      "rotation": {
        "angle": 22.5,
        "axis": "y",
        "origin": [
          8.356262,
          5.1493216,
          8.558816
        ]
      },
      "faces": {
        "down": {
          "uv": [
            3.75,
            5.25,
            0.25,
            6.375
          ],
          "texture": "#layer0",
          "tintindex": 0
        },
        "east": {
          "uv": [
            6.5,
            0.0,
            12.5,
            3.875
          ],
          "texture": "#layer0",
          "tintindex": 0
        },
        "north": {
          "uv": [
            6.5,
            0.0,
            12.5,
            3.875
          ],
          "texture": "#layer0",
          "tintindex": 0
        },
        "south": {
          "uv": [
            6.5,
            0.0,
            12.5,
            3.875
          ],
          "texture": "#layer0",
          "tintindex": 0
        },
        "up": {
          "uv": [
            6.5,
            0.0,
            12.5,
            3.875
          ],
          "texture": "#layer0",
          "tintindex": 0
        },
        "west": {
          "uv": [
            6.5,
            0.0,
            12.5,
            3.875
          ],
          "texture": "#layer0",
          "tintindex": 0
        }
      }
    },
    {
      "name": "tail_8",
      "from": [
        11.286284,
        4.5336194,
        11.499998
      ],
      "to": [
        13.086285,
        5.583619,
        15.549998
      ],
      "rotation": {
        "angle": -22.5,
        "axis": "y",
        "origin": [
          8.356262,
          5.1493216,
          8.558816
        ]
      },
      "faces": {
        "down": {
          "uv": [
            3.75,
            5.25,
            0.25,
            6.375
          ],
          "texture": "#layer0",
          "tintindex": 0
        },
        "east": {
          "uv": [
            6.5,
            0.0,
            12.5,
            3.875
          ],
          "texture": "#layer0",
          "tintindex": 0
        },
        "north": {
          "uv": [
            6.5,
            0.0,
            12.5,
            3.875
          ],
          "texture": "#layer0",
          "tintindex": 0
        },
        "south": {
          "uv": [
            6.5,
            0.0,
            12.5,
            3.875
          ],
          "texture": "#layer0",
          "tintindex": 0
        },
        "up": {
          "uv": [
            6.5,
            0.0,
            12.5,
            3.875
          ],
          "texture": "#layer0",
          "tintindex": 0
        },
        "west": {
          "uv": [
            6.5,
            0.0,
            12.5,
            3.875
          ],
          "texture": "#layer0",
          "tintindex": 0
        }
      }
    },
    {
      "name": "tail_9",
      "from": [
        13.226432,
        4.5336194,
        10.696364
      ],
      "to": [
        13.976432,
        5.583619,
        14.746365
      ],
      "rotation": {
        "angle": -22.5,
        "axis": "y",
        "origin": [
          8.356262,
          5.1493216,
          8.558816
        ]
      },
      "faces": {
        "down": {
          "uv": [
            3.75,
            5.25,
            0.25,
            6.375
          ],
          "texture": "#layer0",
          "tintindex": 0
        },
        "east": {
          "uv": [
            6.5,
            0.0,
            12.5,
            2.25
          ],
          "texture": "#layer0",
          "tintindex": 0
        },
        "north": {
          "uv": [
            6.5,
            0.0,
            12.5,
            2.25
          ],
          "texture": "#layer0",
          "tintindex": 0
        },
        "south": {
          "uv": [
            6.5,
            0.0,
            12.5,
            3.875
          ],
          "texture": "#layer0",
          "tintindex": 0
        },
        "up": {
          "uv": [
            6.5,
            0.0,
            12.5,
            2.5
          ],
          "texture": "#layer0",
          "tintindex": 0
        },
        "west": {
          "uv": [
            6.5,
            0.0,
            12.5,
            3.875
          ],
          "texture": "#layer0",
          "tintindex": 0
        }
      }
    },
    {
      "name": "tail_10",
      "from": [
        14.14487,
        3.4836197,
        12.913676
      ],
      "to": [
        14.89487,
        4.53362,
        16.963676
      ],
      "rotation": {
        "angle": -22.5,
        "axis": "y",
        "origin": [
          8.356262,
          5.1493216,
          8.558816
        ]
      },
      "faces": {
        "down": {
          "uv": [
            3.75,
            5.25,
            0.25,
            6.375
          ],
          "texture": "#layer0",
          "tintindex": 0
        },
        "east": {
          "uv": [
            6.5,
            0.0,
            12.5,
            2.25
          ],
          "texture": "#layer0",
          "tintindex": 0
        },
        "north": {
          "uv": [
            6.5,
            0.0,
            12.5,
            2.25
          ],
          "texture": "#layer0",
          "tintindex": 0
        },
        "south": {
          "uv": [
            6.5,
            0.0,
            12.5,
            3.875
          ],
          "texture": "#layer0",
          "tintindex": 0
        },
        "up": {
          "uv": [
            6.5,
            0.0,
            12.5,
            2.5
          ],
          "texture": "#layer0",
          "tintindex": 0
        },
        "west": {
          "uv": [
            6.5,
            0.0,
            12.5,
            3.875
          ],
          "texture": "#layer0",
          "tintindex": 0
        }
      }
    },
    {
      "name": "tail_11",
      "from": [
        12.204728,
        3.4836197,
        13.717311
      ],
      "to": [
        14.004727,
        4.53362,
        17.767311
      ],
      "rotation": {
        "angle": -22.5,
        "axis": "y",
        "origin": [
          8.356262,
          5.1493216,
          8.558816
        ]
      },
      "faces": {
        "down": {
          "uv": [
            3.75,
            5.25,
            0.25,
            6.375
          ],
          "texture": "#layer0",
          "tintindex": 0
        },
        "east": {
          "uv": [
            6.5,
            0.0,
            12.5,
            3.875
          ],
          "texture": "#layer0",
          "tintindex": 0
        },
        "north": {
          "uv": [
            6.5,
            0.0,
            12.5,
            3.875
          ],
          "texture": "#layer0",
          "tintindex": 0
        },
        "south": {
          "uv": [
            6.5,
            0.0,
            12.5,
            3.875
          ],
          "texture": "#layer0",
          "tintindex": 0
        },
        "up": {
          "uv": [
            6.5,
            0.0,
            12.5,
            3.875
          ],
          "texture": "#layer0",
          "tintindex": 0
        },
        "west": {
          "uv": [
            6.5,
            0.0,
            12.5,
            3.875
          ],
          "texture": "#layer0",
          "tintindex": 0
        }
      }
    },
    {
      "name": "tail_12",
      "from": [
        2.731688,
        3.4836197,
        13.727204
      ],
      "to": [
        4.531688,
        4.53362,
        17.777205
      ],
      "rotation": {
        "angle": 22.5,
        "axis": "y",
        "origin": [
          8.356262,
          5.1493216,
          8.558816
        ]
      },
      "faces": {
        "down": {
          "uv": [
            3.75,
            5.25,
            0.25,
            6.375
          ],
          "texture": "#layer0",
          "tintindex": 0
        },
        "east": {
          "uv": [
            6.5,
            0.0,
            12.5,
            3.875
          ],
          "texture": "#layer0",
          "tintindex": 0
        },
        "north": {
          "uv": [
            6.5,
            0.0,
            12.5,
            3.875
          ],
          "texture": "#layer0",
          "tintindex": 0
        },
        "south": {
          "uv": [
            6.5,
            0.0,
            12.5,
            3.875
          ],
          "texture": "#layer0",
          "tintindex": 0
        },
        "up": {
          "uv": [
            6.5,
            0.0,
            12.5,
            3.875
          ],
          "texture": "#layer0",
          "tintindex": 0
        },
        "west": {
          "uv": [
            6.5,
            0.0,
            12.5,
            3.875
          ],
          "texture": "#layer0",
          "tintindex": 0
        }
      }
    },
    {
      "name": "tail_13",
      "from": [
        1.8415397,
        3.4836197,
        12.92357
      ],
      "to": [
        2.5915399,
        4.53362,
        16.97357
      ],
      "rotation": {
        "angle": 22.5,
        "axis": "y",
        "origin": [
          8.356262,
          5.1493216,
          8.558816
        ]
      },
      "faces": {
        "down": {
          "uv": [
            3.75,
            5.25,
            0.25,
            6.375
          ],
          "texture": "#layer0",
          "tintindex": 0
        },
        "east": {
          "uv": [
            6.5,
            0.0,
            12.5,
            3.875
          ],
          "texture": "#layer0",
          "tintindex": 0
        },
        "north": {
          "uv": [
            10.875,
            0.0,
            12.5,
            2.25
          ],
          "texture": "#layer0",
          "tintindex": 0
        },
        "south": {
          "uv": [
            6.5,
            0.0,
            12.5,
            3.875
          ],
          "texture": "#layer0",
          "tintindex": 0
        },
        "up": {
          "uv": [
            6.25,
            0.0,
            12.75,
            3.875
          ],
          "texture": "#layer0",
          "tintindex": 0
        },
        "west": {
          "uv": [
            6.5,
            0.0,
            12.5,
            2.25
          ],
          "texture": "#layer0",
          "tintindex": 0
        }
      }
    },
    {
      "name": "tail_14",
      "from": [
        14.8911085,
        2.5836196,
        14.715242
      ],
      "to": [
        15.6411085,
        3.6336195,
        18.765244
      ],
      "rotation": {
        "angle": -22.5,
        "axis": "y",
        "origin": [
          8.356262,
          5.1493216,
          8.558816
        ]
      },
      "faces": {
        "down": {
          "uv": [
            3.75,
            5.25,
            0.25,
            6.375
          ],
          "texture": "#layer0",
          "tintindex": 0
        },
        "east": {
          "uv": [
            6.5,
            0.0,
            12.5,
            2.25
          ],
          "texture": "#layer0",
          "tintindex": 0
        },
        "north": {
          "uv": [
            6.5,
            0.0,
            12.5,
            2.25
          ],
          "texture": "#layer0",
          "tintindex": 0
        },
        "south": {
          "uv": [
            6.5,
            0.0,
            12.5,
            3.875
          ],
          "texture": "#layer0",
          "tintindex": 0
        },
        "up": {
          "uv": [
            6.5,
            0.0,
            12.5,
            2.5
          ],
          "texture": "#layer0",
          "tintindex": 0
        },
        "west": {
          "uv": [
            6.5,
            0.0,
            12.5,
            3.875
          ],
          "texture": "#layer0",
          "tintindex": 0
        }
      }
    },
    {
      "name": "tail_15",
      "from": [
        12.95096,
        2.5836196,
        15.518876
      ],
      "to": [
        14.75096,
        3.6336195,
        19.568878
      ],
      "rotation": {
        "angle": -22.5,
        "axis": "y",
        "origin": [
          8.356262,
          5.1493216,
          8.558816
        ]
      },
      "faces": {
        "down": {
          "uv": [
            3.75,
            5.25,
            0.25,
            6.375
          ],
          "texture": "#layer0",
          "tintindex": 0
        },
        "east": {
          "uv": [
            6.5,
            0.0,
            12.5,
            3.875
          ],
          "texture": "#layer0",
          "tintindex": 0
        },
        "north": {
          "uv": [
            6.5,
            0.0,
            12.5,
            3.875
          ],
          "texture": "#layer0",
          "tintindex": 0
        },
        "south": {
          "uv": [
            6.5,
            0.0,
            12.5,
            3.875
          ],
          "texture": "#layer0",
          "tintindex": 0
        },
        "up": {
          "uv": [
            6.5,
            0.0,
            12.5,
            3.875
          ],
          "texture": "#layer0",
          "tintindex": 0
        },
        "west": {
          "uv": [
            6.5,
            0.0,
            12.5,
            3.875
          ],
          "texture": "#layer0",
          "tintindex": 0
        }
      }
    },
    {
      "name": "tail_16",
      "from": [
        1.985456,
        2.5836196,
        15.52877
      ],
      "to": [
        3.7854562,
        3.6336195,
        19.57877
      ],
      "rotation": {
        "angle": 22.5,
        "axis": "y",
        "origin": [
          8.356262,
          5.1493216,
          8.558816
        ]
      },
      "faces": {
        "down": {
          "uv": [
            3.75,
            5.25,
            0.25,
            6.375
          ],
          "texture": "#layer0",
          "tintindex": 0
        },
        "east": {
          "uv": [
            6.5,
            0.0,
            12.5,
            3.875
          ],
          "texture": "#layer0",
          "tintindex": 0
        },
        "north": {
          "uv": [
            6.5,
            0.0,
            12.5,
            3.875
          ],
          "texture": "#layer0",
          "tintindex": 0
        },
        "south": {
          "uv": [
            6.5,
            0.0,
            12.5,
            3.875
          ],
          "texture": "#layer0",
          "tintindex": 0
        },
        "up": {
          "uv": [
            6.5,
            0.0,
            12.5,
            3.875
          ],
          "texture": "#layer0",
          "tintindex": 0
        },
        "west": {
          "uv": [
            6.5,
            0.0,
            12.5,
            3.875
          ],
          "texture": "#layer0",
          "tintindex": 0
        }
      }
    },
    {
      "name": "tail_17",
      "from": [
        1.0953076,
        2.5836196,
        14.725137
      ],
      "to": [
        1.8453077,
        3.6336195,
        18.775137
      ],
      "rotation": {
        "angle": 22.5,
        "axis": "y",
        "origin": [
          8.356262,
          5.1493216,
          8.558816
        ]
      },
      "faces": {
        "down": {
          "uv": [
            3.75,
            5.25,
            0.25,
            6.375
          ],
          "texture": "#layer0",
          "tintindex": 0
        },
        "east": {
          "uv": [
            6.5,
            0.0,
            12.5,
            3.875
          ],
          "texture": "#layer0",
          "tintindex": 0
        },
        "north": {
          "uv": [
            10.875,
            0.0,
            12.5,
            2.25
          ],
          "texture": "#layer0",
          "tintindex": 0
        },
        "south": {
          "uv": [
            6.5,
            0.0,
            12.5,
            3.875
          ],
          "texture": "#layer0",
          "tintindex": 0
        },
        "up": {
          "uv": [
            6.25,
            0.0,
            12.75,
            3.875
          ],
          "texture": "#layer0",
          "tintindex": 0
        },
        "west": {
          "uv": [
            6.5,
            0.0,
            12.5,
            2.25
          ],
          "texture": "#layer0",
          "tintindex": 0
        }
      }
    },
    {
      "name": "tail_18",
      "from": [
        0.23427129,
        1.6836195,
        16.803867
      ],
      "to": [
        0.9842713,
        2.7336197,
        20.853867
      ],
      "rotation": {
        "angle": 22.5,
        "axis": "y",
        "origin": [
          8.356262,
          5.1493216,
          8.558816
        ]
      },
      "faces": {
        "down": {
          "uv": [
            3.75,
            5.25,
            0.25,
            6.375
          ],
          "texture": "#layer0",
          "tintindex": 0
        },
        "east": {
          "uv": [
            6.5,
            0.0,
            12.5,
            3.875
          ],
          "texture": "#layer0",
          "tintindex": 0
        },
        "north": {
          "uv": [
            10.875,
            0.0,
            12.5,
            2.25
          ],
          "texture": "#layer0",
          "tintindex": 0
        },
        "south": {
          "uv": [
            6.5,
            0.0,
            12.5,
            3.875
          ],
          "texture": "#layer0",
          "tintindex": 0
        },
        "up": {
          "uv": [
            6.25,
            0.0,
            12.75,
            3.875
          ],
          "texture": "#layer0",
          "tintindex": 0
        },
        "west": {
          "uv": [
            6.5,
            0.0,
            12.5,
            2.25
          ],
          "texture": "#layer0",
          "tintindex": 0
        }
      }
    },
    {
      "name": "tail_19",
      "from": [
        1.1244197,
        1.6836195,
        17.607502
      ],
      "to": [
        2.9244199,
        2.7336197,
        21.657501
      ],
      "rotation": {
        "angle": 22.5,
        "axis": "y",
        "origin": [
          8.356262,
          5.1493216,
          8.558816
        ]
      },
      "faces": {
        "down": {
          "uv": [
            3.75,
            5.25,
            0.25,
            6.375
          ],
          "texture": "#layer0",
          "tintindex": 0
        },
        "east": {
          "uv": [
            6.5,
            0.0,
            12.5,
            3.875
          ],
          "texture": "#layer0",
          "tintindex": 0
        },
        "north": {
          "uv": [
            6.5,
            0.0,
            12.5,
            3.875
          ],
          "texture": "#layer0",
          "tintindex": 0
        },
        "south": {
          "uv": [
            6.5,
            0.0,
            12.5,
            3.875
          ],
          "texture": "#layer0",
          "tintindex": 0
        },
        "up": {
          "uv": [
            6.5,
            0.0,
            12.5,
            3.875
          ],
          "texture": "#layer0",
          "tintindex": 0
        },
        "west": {
          "uv": [
            6.5,
            0.0,
            12.5,
            3.875
          ],
          "texture": "#layer0",
          "tintindex": 0
        }
      }
    },
    {
      "name": "tail_20",
      "from": [
        13.811996,
        1.6836195,
        17.597607
      ],
      "to": [
        15.611997,
        2.7336197,
        21.647606
      ],
      "rotation": {
        "angle": -22.5,
        "axis": "y",
        "origin": [
          8.356262,
          5.1493216,
          8.558816
        ]
      },
      "faces": {
        "down": {
          "uv": [
            3.75,
            5.25,
            0.25,
            6.375
          ],
          "texture": "#layer0",
          "tintindex": 0
        },
        "east": {
          "uv": [
            6.5,
            0.0,
            12.5,
            3.875
          ],
          "texture": "#layer0",
          "tintindex": 0
        },
        "north": {
          "uv": [
            6.5,
            0.0,
            12.5,
            3.875
          ],
          "texture": "#layer0",
          "tintindex": 0
        },
        "south": {
          "uv": [
            6.5,
            0.0,
            12.5,
            3.875
          ],
          "texture": "#layer0",
          "tintindex": 0
        },
        "up": {
          "uv": [
            6.5,
            0.0,
            12.5,
            3.875
          ],
          "texture": "#layer0",
          "tintindex": 0
        },
        "west": {
          "uv": [
            6.5,
            0.0,
            12.5,
            3.875
          ],
          "texture": "#layer0",
          "tintindex": 0
        }
      }
    },
    {
      "name": "tail_21",
      "from": [
        15.752145,
        1.6836195,
        16.793964
      ],
      "to": [
        16.502144,
        2.7336197,
        20.843967
      ],
      "rotation": {
        "angle": -22.5,
        "axis": "y",
        "origin": [
          8.356262,
          5.1493216,
          8.558816
        ]
      },
      "faces": {
        "down": {
          "uv": [
            3.75,
            5.25,
            0.25,
            6.375
          ],
          "texture": "#layer0",
          "tintindex": 0
        },
        "east": {
          "uv": [
            6.5,
            0.0,
            12.5,
            2.25
          ],
          "texture": "#layer0",
          "tintindex": 0
        },
        "north": {
          "uv": [
            6.5,
            0.0,
            12.5,
            2.25
          ],
          "texture": "#layer0",
          "tintindex": 0
        },
        "south": {
          "uv": [
            6.5,
            0.0,
            12.5,
            3.875
          ],
          "texture": "#layer0",
          "tintindex": 0
        },
        "up": {
          "uv": [
            6.5,
            0.0,
            12.5,
            2.5
          ],
          "texture": "#layer0",
          "tintindex": 0
        },
        "west": {
          "uv": [
            6.5,
            0.0,
            12.5,
            3.875
          ],
          "texture": "#layer0",
          "tintindex": 0
        }
      }
    },
    {
      "name": "tail_22",
      "from": [
        2.7599843,
        4.5336194,
        10.706259
      ],
      "to": [
        3.5099843,
        5.583619,
        14.756258
      ],
      "rotation": {
        "angle": 22.5,
        "axis": "y",
        "origin": [
          8.356262,
          5.1493216,
          8.558816
        ]
      },
      "faces": {
        "down": {
          "uv": [
            3.75,
            5.25,
            0.25,
            6.375
          ],
          "texture": "#layer0",
          "tintindex": 0
        },
        "east": {
          "uv": [
            6.5,
            0.0,
            12.5,
            3.875
          ],
          "texture": "#layer0",
          "tintindex": 0
        },
        "north": {
          "uv": [
            10.875,
            0.0,
            12.5,
            2.25
          ],
          "texture": "#layer0",
          "tintindex": 0
        },
        "south": {
          "uv": [
            6.5,
            0.0,
            12.5,
            3.875
          ],
          "texture": "#layer0",
          "tintindex": 0
        },
        "up": {
          "uv": [
            6.25,
            0.0,
            12.75,
            3.875
          ],
          "texture": "#layer0",
          "tintindex": 0
        },
        "west": {
          "uv": [
            6.5,
            0.0,
            12.5,
            2.25
          ],
          "texture": "#layer0",
          "tintindex": 0
        }
      }
    },
    {
      "name": "tail_23",
      "from": [
        3.5062156,
        5.2836194,
        8.904697
      ],
      "to": [
        4.2562156,
        6.333619,
        12.954698
      ],
      "rotation": {
        "angle": 22.5,
        "axis": "y",
        "origin": [
          8.356262,
          5.1493216,
          8.558816
        ]
      },
      "faces": {
        "down": {
          "uv": [
            3.75,
            5.25,
            0.25,
            6.375
          ],
          "texture": "#layer0",
          "tintindex": 0
        },
        "east": {
          "uv": [
            6.5,
            0.0,
            12.5,
            3.875
          ],
          "texture": "#layer0",
          "tintindex": 0
        },
        "north": {
          "uv": [
            10.875,
            0.0,
            12.5,
            2.25
          ],
          "texture": "#layer0",
          "tintindex": 0
        },
        "south": {
          "uv": [
            6.5,
            0.0,
            12.5,
            3.875
          ],
          "texture": "#layer0",
          "tintindex": 0
        },
        "up": {
          "uv": [
            6.25,
            0.0,
            12.75,
            3.875
          ],
          "texture": "#layer0",
          "tintindex": 0
        },
        "west": {
          "uv": [
            6.5,
            0.0,
            12.5,
            2.25
          ],
          "texture": "#layer0",
          "tintindex": 0
        }
      }
    },
    {
      "name": "tail_24",
      "from": [
        4.396364,
        5.2836194,
        9.708332
      ],
      "to": [
        6.1963644,
        6.333619,
        13.758332
      ],
      "rotation": {
        "angle": 22.5,
        "axis": "y",
        "origin": [
          8.356262,
          5.1493216,
          8.558816
        ]
      },
      "faces": {
        "down": {
          "uv": [
            3.75,
            5.25,
            0.25,
            6.375
          ],
          "texture": "#layer0",
          "tintindex": 0
        },
        "east": {
          "uv": [
            6.5,
            0.0,
            12.5,
            3.875
          ],
          "texture": "#layer0",
          "tintindex": 0
        },
        "north": {
          "uv": [
            6.5,
            0.0,
            12.5,
            3.875
          ],
          "texture": "#layer0",
          "tintindex": 0
        },
        "south": {
          "uv": [
            6.5,
            0.0,
            12.5,
            3.875
          ],
          "texture": "#layer0",
          "tintindex": 0
        },
        "up": {
          "uv": [
            6.5,
            0.0,
            12.5,
            3.875
          ],
          "texture": "#layer0",
          "tintindex": 0
        },
        "west": {
          "uv": [
            6.5,
            0.0,
            12.5,
            3.875
          ],
          "texture": "#layer0",
          "tintindex": 0
        }
      }
    },
    {
      "name": "tail_25",
      "from": [
        10.540052,
        5.2836194,
        9.698432
      ],
      "to": [
        12.340052,
        6.333619,
        13.748431
      ],
      "rotation": {
        "angle": -22.5,
        "axis": "y",
        "origin": [
          8.356262,
          5.1493216,
          8.558816
        ]
      },
      "faces": {
        "down": {
          "uv": [
            3.75,
            5.25,
            0.25,
            6.375
          ],
          "texture": "#layer0",
          "tintindex": 0
        },
        "east": {
          "uv": [
            6.5,
            0.0,
            12.5,
            3.875
          ],
          "texture": "#layer0",
          "tintindex": 0
        },
        "north": {
          "uv": [
            6.5,
            0.0,
            12.5,
            3.875
          ],
          "texture": "#layer0",
          "tintindex": 0
        },
        "south": {
          "uv": [
            6.5,
            0.0,
            12.5,
            3.875
          ],
          "texture": "#layer0",
          "tintindex": 0
        },
        "up": {
          "uv": [
            6.5,
            0.0,
            12.5,
            3.875
          ],
          "texture": "#layer0",
          "tintindex": 0
        },
        "west": {
          "uv": [
            6.5,
            0.0,
            12.5,
            3.875
          ],
          "texture": "#layer0",
          "tintindex": 0
        }
      }
    },
    {
      "name": "tail_26",
      "from": [
        12.480201,
        5.2836194,
        8.894798
      ],
      "to": [
        13.230201,
        6.333619,
        12.9447975
      ],
      "rotation": {
        "angle": -22.5,
        "axis": "y",
        "origin": [
          8.356262,
          5.1493216,
          8.558816
        ]
      },
      "faces": {
        "down": {
          "uv": [
            3.75,
            5.25,
            0.25,
            6.375
          ],
          "texture": "#layer0",
          "tintindex": 0
        },
        "east": {
          "uv": [
            6.5,
            0.0,
            12.5,
            2.25
          ],
          "texture": "#layer0",
          "tintindex": 0
        },
        "north": {
          "uv": [
            6.5,
            0.0,
            12.5,
            2.25
          ],
          "texture": "#layer0",
          "tintindex": 0
        },
        "south": {
          "uv": [
            6.5,
            0.0,
            12.5,
            3.875
          ],
          "texture": "#layer0",
          "tintindex": 0
        },
        "up": {
          "uv": [
            6.5,
            0.0,
            12.5,
            2.5
          ],
          "texture": "#layer0",
          "tintindex": 0
        },
        "west": {
          "uv": [
            6.5,
            0.0,
            12.5,
            3.875
          ],
          "texture": "#layer0",
          "tintindex": 0
        }
      }
    },
    {
      "name": "tail_27",
      "from": [
        7.163924,
        6.0336194,
        8.9063835
      ],
      "to": [
        8.963924,
        7.083619,
        12.956384
      ],
      "rotation": {
        "angle": 22.5,
        "axis": "y",
        "origin": [
          8.356262,
          5.1493216,
          8.558816
        ]
      },
      "faces": {
        "down": {
          "uv": [
            3.75,
            5.25,
            0.25,
            6.375
          ],
          "texture": "#layer0",
          "tintindex": 0
        },
        "east": {
          "uv": [
            6.5,
            0.0,
            12.5,
            3.875
          ],
          "texture": "#layer0",
          "tintindex": 0
        },
        "north": {
          "uv": [
            6.5,
            0.0,
            12.5,
            3.875
          ],
          "texture": "#layer0",
          "tintindex": 0
        },
        "south": {
          "uv": [
            6.5,
            0.0,
            12.5,
            3.875
          ],
          "texture": "#layer0",
          "tintindex": 0
        },
        "up": {
          "uv": [
            6.5,
            0.0,
            12.5,
            3.875
          ],
          "texture": "#layer0",
          "tintindex": 0
        },
        "west": {
          "uv": [
            6.5,
            0.0,
            12.5,
            3.875
          ],
          "texture": "#layer0",
          "tintindex": 0
        }
      }
    },
    {
      "name": "tail_28",
      "from": [
        7.772492,
        6.0336194,
        8.89649
      ],
      "to": [
        9.572493,
        7.083619,
        12.94649
      ],
      "rotation": {
        "angle": -22.5,
        "axis": "y",
        "origin": [
          8.356262,
          5.1493216,
          8.558816
        ]
      },
      "faces": {
        "down": {
          "uv": [
            3.75,
            5.25,
            0.25,
            6.375
          ],
          "texture": "#layer0",
          "tintindex": 0
        },
        "east": {
          "uv": [
            6.5,
            0.0,
            12.5,
            3.875
          ],
          "texture": "#layer0",
          "tintindex": 0
        },
        "north": {
          "uv": [
            6.5,
            0.0,
            12.5,
            3.875
          ],
          "texture": "#layer0",
          "tintindex": 0
        },
        "south": {
          "uv": [
            6.5,
            0.0,
            12.5,
            3.875
          ],
          "texture": "#layer0",
          "tintindex": 0
        },
        "up": {
          "uv": [
            6.5,
            0.0,
            12.5,
            3.875
          ],
          "texture": "#layer0",
          "tintindex": 0
        },
        "west": {
          "uv": [
            6.5,
            0.0,
            12.5,
            3.875
          ],
          "texture": "#layer0",
          "tintindex": 0
        }
      }
    }
  ],
  "display": {
    "head": {
      "translation": [
        0.0,
        -6.4,
        0.0
      ],
      "rotation": [
        0.0,
        0.0,
        0.0
      ],
      "scale": [
        3.8095,
        3.8095,
        3.8095
      ]
    },
    "gui": {
      "translation": [
        0.0,
        0.0,
        0.0
      ],
      "rotation": [
        35.0,
        225.0,
        0.0
      ],
      "scale": [
        0.625,
        0.625,
        0.625
      ]
    }
  }
}