{
  "file_name": "tail",
  "texture_size": [
    128,
    128
  ],
  "textures": {
    "layer0": "modelengine:entity/cherufe"
  },
  "elements": [
    {
      "name": "tail_0",
      "from": [
        7.356368,
        9.785444,
        8.870289
      ],
      "to": [
        15.006369,
        10.835444,
        24.77029
      ],
      "rotation": {
        "angle": 22.5,
        "axis": "x",
        "origin": [
          11.243439,
          8.269321,
          6.8797398
        ]
      },
      "faces": {
        "down": {
          "uv": [
            16.0,
            4.125,
            4.0,
            16.0
          ],
          "texture": "#layer0",
          "tintindex": 0
        },
        "east": {
          "uv": [
            8.625,
            4.375,
            9.875,
            16.0
          ],
          "texture": "#layer0",
          "tintindex": 0
        },
        "north": {
          "uv": [
            4.0,
            4.125,
            16.0,
            16.0
          ],
          "texture": "#layer0",
          "tintindex": 0
        },
        "south": {
          "uv": [
            4.0,
            14.5,
            16.0,
            15.875
          ],
          "texture": "#layer0",
          "tintindex": 0
        },
        "up": {
          "uv": [
            7.0,
            4.0,
            16.0,
            15.875
          ],
          "texture": "#layer0",
          "tintindex": 0
        },
        "west": {
          "uv": [
            8.25,
            4.375,
            9.5,
            16.0
          ],
          "texture": "#layer0",
          "tintindex": 0
        }
      }
    },
    {
      "name": "tail_1",
      "from": [
        7.356368,
        8.809598,
        8.914394
      ],
      "to": [
        15.006369,
        9.859598,
        22.414394
      ],
      "rotation": {
        "angle": 22.5,
        "axis": "x",
        "origin": [
          11.243439,
          8.269321,
          6.8797398
        ]
      },
      "faces": {
        "down": {
          "uv": [
            16.0,
            4.125,
            4.0,
            16.0
          ],
          "texture": "#layer0",
          "tintindex": 0
        },
        "east": {
          "uv": [
            13.0,
            4.5,
            14.25,
            15.625
          ],
          "texture": "#layer0",
          "tintindex": 0
        },
        "north": {
          "uv": [
            4.0,
            4.125,
            16.0,
            16.0
          ],
          "texture": "#layer0",
          "tintindex": 0
        },
        "south": {
          "uv": [
            4.0,
            4.125,
            16.0,
            16.0
          ],
          "texture": "#layer0",
          "tintindex": 0
        },
        "up": {
          "uv": [
            4.0,
            4.125,
            16.0,
            16.0
          ],
          "texture": "#layer0",
          "tintindex": 0
        },
        "west": {
          "uv": [
            13.0,
            4.5,
            14.25,
            15.625
          ],
          "texture": "#layer0",
          "tintindex": 0
        }
      }
    },
    {
      "name": "tail_2",
      "from": [
        7.506368,
        8.120769,
        8.30141
      ],
      "to": [
        15.156368,
        9.170769,
        20.751411
      ],
      "rotation": {
        "angle": 22.5,
        "axis": "x",
        "origin": [
          11.243439,
          8.269321,
          6.8797398
        ]
      },
      "faces": {
        "down": {
          "uv": [
            16.0,
            4.125,
            4.0,
            16.0
          ],
          "texture": "#layer0",
          "tintindex": 0
        },
        "east": {
          "uv": [
            12.75,
            7.625,
            13.25,
            15.875
          ],
          "texture": "#layer0",
          "tintindex": 0
        },
        "north": {
          "uv": [
            4.0,
            4.125,
            16.0,
            16.0
          ],
          "texture": "#layer0",
          "tintindex": 0
        },
        "south": {
          "uv": [
            4.0,
            4.125,
            16.0,
            16.0
          ],
          "texture": "#layer0",
          "tintindex": 0
        },
        "up": {
          "uv": [
            4.0,
            4.125,
            16.0,
            16.0
          ],
          "texture": "#layer0",
          "tintindex": 0
        },
        "west": {
          "uv": [
            12.75,
            7.625,
            13.25,
            15.875
          ],
          "texture": "#layer0",
          "tintindex": 0
        }
      }
    },
    {
      "name": "tail_3",
      "from": [
        7.6563683,
        7.20233,
        8.259105
      ],
      "to": [
        14.646368,
        8.252331,
        18.534105
      ],
      "rotation": {
        "angle": 22.5,
        "axis": "x",
        "origin": [
          11.243439,
          8.269321,
          6.8797398
        ]
      },
      "faces": {
        "down": {
          "uv": [
            16.0,
            4.125,
            4.0,
            16.0
          ],
          "texture": "#layer0",
          "tintindex": 0
        },
        "east": {
          "uv": [
            4.875,
            7.75,
            16.0,
            9.0
          ],
          "texture": "#layer0",
          "tintindex": 0
        },
        "north": {
          "uv": [
            4.0,
            4.125,
            16.0,
            16.0
          ],
          "texture": "#layer0",
          "tintindex": 0
        },
        "south": {
          "uv": [
            4.0,
            4.125,
            16.0,
            16.0
          ],
          "texture": "#layer0",
          "tintindex": 0
        },
        "up": {
          "uv": [
            4.0,
            4.125,
            16.0,
            16.0
          ],
          "texture": "#layer0",
          "tintindex": 0
        },
        "west": {
          "uv": [
            4.875,
            7.75,
            16.0,
            9.0
          ],
          "texture": "#layer0",
          "tintindex": 0
        }
      }
    },
    {
      "name": "tail_4",
      "from": [
        7.8363686,
        6.398696,
        8.643956
      ],
      "to": [
        14.466369,
        7.448696,
        16.593956
      ],
      "rotation": {
        "angle": 22.5,
        "axis": "x",
        "origin": [
          11.243439,
          8.269321,
          6.8797398
        ]
      },
      "faces": {
        "down": {
          "uv": [
            16.0,
            4.125,
            4.0,
            16.0
          ],
          "texture": "#layer0",
          "tintindex": 0
        },
        "east": {
          "uv": [
            7.125,
            9.75,
            16.0,
            11.0
          ],
          "texture": "#layer0",
          "tintindex": 0
        },
        "north": {
          "uv": [
            4.0,
            4.125,
            16.0,
            16.0
          ],
          "texture": "#layer0",
          "tintindex": 0
        },
        "south": {
          "uv": [
            4.0,
            4.125,
            16.0,
            16.0
          ],
          "texture": "#layer0",
          "tintindex": 0
        },
        "up": {
          "uv": [
            4.0,
            4.125,
            16.0,
            16.0
          ],
          "texture": "#layer0",
          "tintindex": 0
        },
        "west": {
          "uv": [
            7.125,
            9.75,
            16.0,
            11.0
          ],
          "texture": "#layer0",
          "tintindex": 0
        }
      }
    },
    {
      "name": "tail_5",
      "from": [
        8.076367,
        5.4802523,
        9.501644
      ],
      "to": [
        14.286368,
        6.5302525,
        14.376645
      ],
      "rotation": {
        "angle": 22.5,
        "axis": "x",
        "origin": [
          11.243439,
          8.269321,
          6.8797398
        ]
      },
      "faces": {
        "down": {
          "uv": [
            16.0,
            4.125,
            4.0,
            16.0
          ],
          "texture": "#layer0",
          "tintindex": 0
        },
        "east": {
          "uv": [
            6.625,
            8.375,
            16.0,
            9.625
          ],
          "texture": "#layer0",
          "tintindex": 0
        },
        "north": {
          "uv": [
            4.0,
            4.125,
            16.0,
            16.0
          ],
          "texture": "#layer0",
          "tintindex": 0
        },
        "south": {
          "uv": [
            4.0,
            4.125,
            16.0,
            16.0
          ],
          "texture": "#layer0",
          "tintindex": 0
        },
        "up": {
          "uv": [
            4.0,
            4.125,
            16.0,
            16.0
          ],
          "texture": "#layer0",
          "tintindex": 0
        },
        "west": {
          "uv": [
            6.625,
            8.375,
            16.0,
            9.625
          ],
          "texture": "#layer0",
          "tintindex": 0
        }
      }
    },
    {
      "name": "tail_6",
      "from": [
        7.356368,
        4.791422,
        9.18866
      ],
      "to": [
        15.006369,
        5.841422,
        12.71366
      ],
      "rotation": {
        "angle": 22.5,
        "axis": "x",
        "origin": [
          11.243439,
          8.269321,
          6.8797398
        ]
      },
      "faces": {
        "down": {
          "uv": [
            16.0,
            4.125,
            4.0,
            16.0
          ],
          "texture": "#layer0",
          "tintindex": 0
        },
        "east": {
          "uv": [
            4.125,
            5.5,
            16.0,
            6.75
          ],
          "texture": "#layer0",
          "tintindex": 0
        },
        "north": {
          "uv": [
            4.0,
            4.125,
            16.0,
            16.0
          ],
          "texture": "#layer0",
          "tintindex": 0
        },
        "south": {
          "uv": [
            4.0,
            4.125,
            16.0,
            16.0
          ],
          "texture": "#layer0",
          "tintindex": 0
        },
        "up": {
          "uv": [
            4.0,
            4.125,
            16.0,
            16.0
          ],
          "texture": "#layer0",
          "tintindex": 0
        },
        "west": {
          "uv": [
            4.0,
            4.125,
            16.0,
            5.375
          ],
          "texture": "#layer0",
          "tintindex": 0
        }
      }
    },
    {
      "name": "tail_7",
      "from": [
        5.837,
        6.4236197,
        11.521526
      ],
      "to": [
        7.637,
        7.47362,
        15.571526
      ],
      "rotation": {
        "angle": 22.5,
        "axis": "y",
        "origin": [
          11.243439,
          8.269321,
          6.8797398
        ]
      },
      "faces": {
        "down": {
          "uv": [
            3.75,
            5.25,
            0.25,
            6.375
          ],
          "texture": "#layer0",
          "tintindex": 0
        },
        "east": {
          "uv": [
            6.5,
            0.0,
            12.5,
            3.875
          ],
          "texture": "#layer0",
          "tintindex": 0
        },
        "north": {
          "uv": [
            6.5,
            0.0,
            12.5,
            3.875
          ],
          "texture": "#layer0",
          "tintindex": 0
        },
        "south": {
          "uv": [
            6.5,
            0.0,
            12.5,
            3.875
          ],
          "texture": "#layer0",
          "tintindex": 0
        },
        "up": {
          "uv": [
            6.5,
            0.0,
            12.5,
            3.875
          ],
          "texture": "#layer0",
          "tintindex": 0
        },
        "west": {
          "uv": [
            6.5,
            0.0,
            12.5,
            3.875
          ],
          "texture": "#layer0",
          "tintindex": 0
        }
      }
    },
    {
      "name": "tail_8",
      "from": [
        14.873768,
        6.4236197,
        11.511626
      ],
      "to": [
        16.673767,
        7.47362,
        15.561626
      ],
      "rotation": {
        "angle": -22.5,
        "axis": "y",
        "origin": [
          11.243439,
          8.269321,
          6.8797398
        ]
      },
      "faces": {
        "down": {
          "uv": [
            3.75,
            5.25,
            0.25,
            6.375
          ],
          "texture": "#layer0",
          "tintindex": 0
        },
        "east": {
          "uv": [
            6.5,
            0.0,
            12.5,
            3.875
          ],
          "texture": "#layer0",
          "tintindex": 0
        },
        "north": {
          "uv": [
            6.5,
            0.0,
            12.5,
            3.875
          ],
          "texture": "#layer0",
          "tintindex": 0
        },
        "south": {
          "uv": [
            6.5,
            0.0,
            12.5,
            3.875
          ],
          "texture": "#layer0",
          "tintindex": 0
        },
        "up": {
          "uv": [
            6.5,
            0.0,
            12.5,
            3.875
          ],
          "texture": "#layer0",
          "tintindex": 0
        },
        "west": {
          "uv": [
            6.5,
            0.0,
            12.5,
            3.875
          ],
          "texture": "#layer0",
          "tintindex": 0
        }
      }
    },
    {
      "name": "tail_9",
      "from": [
        16.813915,
        6.4236197,
        10.707993
      ],
      "to": [
        17.563915,
        7.47362,
        14.757993
      ],
      "rotation": {
        "angle": -22.5,
        "axis": "y",
        "origin": [
          11.243439,
          8.269321,
          6.8797398
        ]
      },
      "faces": {
        "down": {
          "uv": [
            3.75,
            5.25,
            0.25,
            6.375
          ],
          "texture": "#layer0",
          "tintindex": 0
        },
        "east": {
          "uv": [
            6.5,
            0.0,
            12.5,
            2.25
          ],
          "texture": "#layer0",
          "tintindex": 0
        },
        "north": {
          "uv": [
            6.5,
            0.0,
            12.5,
            2.25
          ],
          "texture": "#layer0",
          "tintindex": 0
        },
        "south": {
          "uv": [
            6.5,
            0.0,
            12.5,
            3.875
          ],
          "texture": "#layer0",
          "tintindex": 0
        },
        "up": {
          "uv": [
            6.5,
            0.0,
            12.5,
            2.5
          ],
          "texture": "#layer0",
          "tintindex": 0
        },
        "west": {
          "uv": [
            6.5,
            0.0,
            12.5,
            3.875
          ],
          "texture": "#layer0",
          "tintindex": 0
        }
      }
    },
    {
      "name": "tail_10",
      "from": [
        17.732355,
        5.37362,
        12.925303
      ],
      "to": [
        18.482355,
        6.42362,
        16.975304
      ],
      "rotation": {
        "angle": -22.5,
        "axis": "y",
        "origin": [
          11.243439,
          8.269321,
          6.8797398
        ]
      },
      "faces": {
        "down": {
          "uv": [
            3.75,
            5.25,
            0.25,
            6.375
          ],
          "texture": "#layer0",
          "tintindex": 0
        },
        "east": {
          "uv": [
            6.5,
            0.0,
            12.5,
            2.25
          ],
          "texture": "#layer0",
          "tintindex": 0
        },
        "north": {
          "uv": [
            6.5,
            0.0,
            12.5,
            2.25
          ],
          "texture": "#layer0",
          "tintindex": 0
        },
        "south": {
          "uv": [
            6.5,
            0.0,
            12.5,
            3.875
          ],
          "texture": "#layer0",
          "tintindex": 0
        },
        "up": {
          "uv": [
            6.5,
            0.0,
            12.5,
            2.5
          ],
          "texture": "#layer0",
          "tintindex": 0
        },
        "west": {
          "uv": [
            6.5,
            0.0,
            12.5,
            3.875
          ],
          "texture": "#layer0",
          "tintindex": 0
        }
      }
    },
    {
      "name": "tail_11",
      "from": [
        15.7922125,
        5.37362,
        13.728938
      ],
      "to": [
        17.592213,
        6.42362,
        17.778938
      ],
      "rotation": {
        "angle": -22.5,
        "axis": "y",
        "origin": [
          11.243439,
          8.269321,
          6.8797398
        ]
      },
      "faces": {
        "down": {
          "uv": [
            3.75,
            5.25,
            0.25,
            6.375
          ],
          "texture": "#layer0",
          "tintindex": 0
        },
        "east": {
          "uv": [
            6.5,
            0.0,
            12.5,
            3.875
          ],
          "texture": "#layer0",
          "tintindex": 0
        },
        "north": {
          "uv": [
            6.5,
            0.0,
            12.5,
            3.875
          ],
          "texture": "#layer0",
          "tintindex": 0
        },
        "south": {
          "uv": [
            6.5,
            0.0,
            12.5,
            3.875
          ],
          "texture": "#layer0",
          "tintindex": 0
        },
        "up": {
          "uv": [
            6.5,
            0.0,
            12.5,
            3.875
          ],
          "texture": "#layer0",
          "tintindex": 0
        },
        "west": {
          "uv": [
            6.5,
            0.0,
            12.5,
            3.875
          ],
          "texture": "#layer0",
          "tintindex": 0
        }
      }
    },
    {
      "name": "tail_12",
      "from": [
        4.918556,
        5.37362,
        13.738832
      ],
      "to": [
        6.7185564,
        6.42362,
        17.788834
      ],
      "rotation": {
        "angle": 22.5,
        "axis": "y",
        "origin": [
          11.243439,
          8.269321,
          6.8797398
        ]
      },
      "faces": {
        "down": {
          "uv": [
            3.75,
            5.25,
            0.25,
            6.375
          ],
          "texture": "#layer0",
          "tintindex": 0
        },
        "east": {
          "uv": [
            6.5,
            0.0,
            12.5,
            3.875
          ],
          "texture": "#layer0",
          "tintindex": 0
        },
        "north": {
          "uv": [
            6.5,
            0.0,
            12.5,
            3.875
          ],
          "texture": "#layer0",
          "tintindex": 0
        },
        "south": {
          "uv": [
            6.5,
            0.0,
            12.5,
            3.875
          ],
          "texture": "#layer0",
          "tintindex": 0
        },
        "up": {
          "uv": [
            6.5,
            0.0,
            12.5,
            3.875
          ],
          "texture": "#layer0",
          "tintindex": 0
        },
        "west": {
          "uv": [
            6.5,
            0.0,
            12.5,
            3.875
          ],
          "texture": "#layer0",
          "tintindex": 0
        }
      }
    },
    {
      "name": "tail_13",
      "from": [
        4.028408,
        5.37362,
        12.935199
      ],
      "to": [
        4.778408,
        6.42362,
        16.985199
      ],
      "rotation": {
        "angle": 22.5,
        "axis": "y",
        "origin": [
          11.243439,
          8.269321,
          6.8797398
        ]
      },
      "faces": {
        "down": {
          "uv": [
            3.75,
            5.25,
            0.25,
            6.375
          ],
          "texture": "#layer0",
          "tintindex": 0
        },
        "east": {
          "uv": [
            6.5,
            0.0,
            12.5,
            3.875
          ],
          "texture": "#layer0",
          "tintindex": 0
        },
        "north": {
          "uv": [
            10.875,
            0.0,
            12.5,
            2.25
          ],
          "texture": "#layer0",
          "tintindex": 0
        },
        "south": {
          "uv": [
            6.5,
            0.0,
            12.5,
            3.875
          ],
          "texture": "#layer0",
          "tintindex": 0
        },
        "up": {
          "uv": [
            6.25,
            0.0,
            12.75,
            3.875
          ],
          "texture": "#layer0",
          "tintindex": 0
        },
        "west": {
          "uv": [
            6.5,
            0.0,
            12.5,
            2.25
          ],
          "texture": "#layer0",
          "tintindex": 0
        }
      }
    },
    {
      "name": "tail_14",
      "from": [
        18.478592,
        4.47362,
        14.726871
      ],
      "to": [
        19.228592,
        5.52362,
        18.77687
      ],
      "rotation": {
        "angle": -22.5,
        "axis": "y",
        "origin": [
          11.243439,
          8.269321,
          6.8797398
        ]
      },
      "faces": {
        "down": {
          "uv": [
            3.75,
            5.25,
            0.25,
            6.375
          ],
          "texture": "#layer0",
          "tintindex": 0
        },
        "east": {
          "uv": [
            6.5,
            0.0,
            12.5,
            2.25
          ],
          "texture": "#layer0",
          "tintindex": 0
        },
        "north": {
          "uv": [
            6.5,
            0.0,
            12.5,
            2.25
          ],
          "texture": "#layer0",
          "tintindex": 0
        },
        "south": {
          "uv": [
            6.5,
            0.0,
            12.5,
            3.875
          ],
          "texture": "#layer0",
          "tintindex": 0
        },
        "up": {
          "uv": [
            6.5,
            0.0,
            12.5,
            2.5
          ],
          "texture": "#layer0",
          "tintindex": 0
        },
        "west": {
          "uv": [
            6.5,
            0.0,
            12.5,
            3.875
          ],
          "texture": "#layer0",
          "tintindex": 0
        }
      }
    },
    {
      "name": "tail_15",
      "from": [
        16.538445,
        4.47362,
        15.530504
      ],
      "to": [
        18.338446,
        5.52362,
        19.580505
      ],
      "rotation": {
        "angle": -22.5,
        "axis": "y",
        "origin": [
          11.243439,
          8.269321,
          6.8797398
        ]
      },
      "faces": {
        "down": {
          "uv": [
            3.75,
            5.25,
            0.25,
            6.375
          ],
          "texture": "#layer0",
          "tintindex": 0
        },
        "east": {
          "uv": [
            6.5,
            0.0,
            12.5,
            3.875
          ],
          "texture": "#layer0",
          "tintindex": 0
        },
        "north": {
          "uv": [
            6.5,
            0.0,
            12.5,
            3.875
          ],
          "texture": "#layer0",
          "tintindex": 0
        },
        "south": {
          "uv": [
            6.5,
            0.0,
            12.5,
            3.875
          ],
          "texture": "#layer0",
          "tintindex": 0
        },
        "up": {
          "uv": [
            6.5,
            0.0,
            12.5,
            3.875
          ],
          "texture": "#layer0",
          "tintindex": 0
        },
        "west": {
          "uv": [
            6.5,
            0.0,
            12.5,
            3.875
          ],
          "texture": "#layer0",
          "tintindex": 0
        }
      }
    },
    {
      "name": "tail_16",
      "from": [
        4.172324,
        4.47362,
        15.540398
      ],
      "to": [
        5.9723244,
        5.52362,
        19.590397
      ],
      "rotation": {
        "angle": 22.5,
        "axis": "y",
        "origin": [
          11.243439,
          8.269321,
          6.8797398
        ]
      },
      "faces": {
        "down": {
          "uv": [
            3.75,
            5.25,
            0.25,
            6.375
          ],
          "texture": "#layer0",
          "tintindex": 0
        },
        "east": {
          "uv": [
            6.5,
            0.0,
            12.5,
            3.875
          ],
          "texture": "#layer0",
          "tintindex": 0
        },
        "north": {
          "uv": [
            6.5,
            0.0,
            12.5,
            3.875
          ],
          "texture": "#layer0",
          "tintindex": 0
        },
        "south": {
          "uv": [
            6.5,
            0.0,
            12.5,
            3.875
          ],
          "texture": "#layer0",
          "tintindex": 0
        },
        "up": {
          "uv": [
            6.5,
            0.0,
            12.5,
            3.875
          ],
          "texture": "#layer0",
          "tintindex": 0
        },
        "west": {
          "uv": [
            6.5,
            0.0,
            12.5,
            3.875
          ],
          "texture": "#layer0",
          "tintindex": 0
        }
      }
    },
    {
      "name": "tail_17",
      "from": [
        3.2821758,
        4.47362,
        14.736764
      ],
      "to": [
        4.032176,
        5.52362,
        18.786764
      ],
      "rotation": {
        "angle": 22.5,
        "axis": "y",
        "origin": [
          11.243439,
          8.269321,
          6.8797398
        ]
      },
      "faces": {
        "down": {
          "uv": [
            3.75,
            5.25,
            0.25,
            6.375
          ],
          "texture": "#layer0",
          "tintindex": 0
        },
        "east": {
          "uv": [
            6.5,
            0.0,
            12.5,
            3.875
          ],
          "texture": "#layer0",
          "tintindex": 0
        },
        "north": {
          "uv": [
            10.875,
            0.0,
            12.5,
            2.25
          ],
          "texture": "#layer0",
          "tintindex": 0
        },
        "south": {
          "uv": [
            6.5,
            0.0,
            12.5,
            3.875
          ],
          "texture": "#layer0",
          "tintindex": 0
        },
        "up": {
          "uv": [
            6.25,
            0.0,
            12.75,
            3.875
          ],
          "texture": "#layer0",
          "tintindex": 0
        },
        "west": {
          "uv": [
            6.5,
            0.0,
            12.5,
            2.25
          ],
          "texture": "#layer0",
          "tintindex": 0
        }
      }
    },
    {
      "name": "tail_18",
      "from": [
        2.4211402,
        3.5736198,
        16.815495
      ],
      "to": [
        3.1711402,
        4.62362,
        20.865494
      ],
      "rotation": {
        "angle": 22.5,
        "axis": "y",
        "origin": [
          11.243439,
          8.269321,
          6.8797398
        ]
      },
      "faces": {
        "down": {
          "uv": [
            3.75,
            5.25,
            0.25,
            6.375
          ],
          "texture": "#layer0",
          "tintindex": 0
        },
        "east": {
          "uv": [
            6.5,
            0.0,
            12.5,
            3.875
          ],
          "texture": "#layer0",
          "tintindex": 0
        },
        "north": {
          "uv": [
            10.875,
            0.0,
            12.5,
            2.25
          ],
          "texture": "#layer0",
          "tintindex": 0
        },
        "south": {
          "uv": [
            6.5,
            0.0,
            12.5,
            3.875
          ],
          "texture": "#layer0",
          "tintindex": 0
        },
        "up": {
          "uv": [
            6.25,
            0.0,
            12.75,
            3.875
          ],
          "texture": "#layer0",
          "tintindex": 0
        },
        "west": {
          "uv": [
            6.5,
            0.0,
            12.5,
            2.25
          ],
          "texture": "#layer0",
          "tintindex": 0
        }
      }
    },
    {
      "name": "tail_19",
      "from": [
        3.3112879,
        3.5736198,
        17.61913
      ],
      "to": [
        5.111288,
        4.62362,
        21.669128
      ],
      "rotation": {
        "angle": 22.5,
        "axis": "y",
        "origin": [
          11.243439,
          8.269321,
          6.8797398
        ]
      },
      "faces": {
        "down": {
          "uv": [
            3.75,
            5.25,
            0.25,
            6.375
          ],
          "texture": "#layer0",
          "tintindex": 0
        },
        "east": {
          "uv": [
            6.5,
            0.0,
            12.5,
            3.875
          ],
          "texture": "#layer0",
          "tintindex": 0
        },
        "north": {
          "uv": [
            6.5,
            0.0,
            12.5,
            3.875
          ],
          "texture": "#layer0",
          "tintindex": 0
        },
        "south": {
          "uv": [
            6.5,
            0.0,
            12.5,
            3.875
          ],
          "texture": "#layer0",
          "tintindex": 0
        },
        "up": {
          "uv": [
            6.5,
            0.0,
            12.5,
            3.875
          ],
          "texture": "#layer0",
          "tintindex": 0
        },
        "west": {
          "uv": [
            6.5,
            0.0,
            12.5,
            3.875
          ],
          "texture": "#layer0",
          "tintindex": 0
        }
      }
    },
    {
      "name": "tail_20",
      "from": [
        17.39948,
        3.5736198,
        17.609234
      ],
      "to": [
        19.19948,
        4.62362,
        21.659233
      ],
      "rotation": {
        "angle": -22.5,
        "axis": "y",
        "origin": [
          11.243439,
          8.269321,
          6.8797398
        ]
      },
      "faces": {
        "down": {
          "uv": [
            3.75,
            5.25,
            0.25,
            6.375
          ],
          "texture": "#layer0",
          "tintindex": 0
        },
        "east": {
          "uv": [
            6.5,
            0.0,
            12.5,
            3.875
          ],
          "texture": "#layer0",
          "tintindex": 0
        },
        "north": {
          "uv": [
            6.5,
            0.0,
            12.5,
            3.875
          ],
          "texture": "#layer0",
          "tintindex": 0
        },
        "south": {
          "uv": [
            6.5,
            0.0,
            12.5,
            3.875
          ],
          "texture": "#layer0",
          "tintindex": 0
        },
        "up": {
          "uv": [
            6.5,
            0.0,
            12.5,
            3.875
          ],
          "texture": "#layer0",
          "tintindex": 0
        },
        "west": {
          "uv": [
            6.5,
            0.0,
            12.5,
            3.875
          ],
          "texture": "#layer0",
          "tintindex": 0
        }
      }
    },
    {
      "name": "tail_21",
      "from": [
        19.33963,
        3.5736198,
        16.805595
      ],
      "to": [
        20.08963,
        4.62362,
        20.855595
      ],
      "rotation": {
        "angle": -22.5,
        "axis": "y",
        "origin": [
          11.243439,
          8.269321,
          6.8797398
        ]
      },
      "faces": {
        "down": {
          "uv": [
            3.75,
            5.25,
            0.25,
            6.375
          ],
          "texture": "#layer0",
          "tintindex": 0
        },
        "east": {
          "uv": [
            6.5,
            0.0,
            12.5,
            2.25
          ],
          "texture": "#layer0",
          "tintindex": 0
        },
        "north": {
          "uv": [
            6.5,
            0.0,
            12.5,
            2.25
          ],
          "texture": "#layer0",
          "tintindex": 0
        },
        "south": {
          "uv": [
            6.5,
            0.0,
            12.5,
            3.875
          ],
          "texture": "#layer0",
          "tintindex": 0
        },
        "up": {
          "uv": [
            6.5,
            0.0,
            12.5,
            2.5
          ],
          "texture": "#layer0",
          "tintindex": 0
        },
        "west": {
          "uv": [
            6.5,
            0.0,
            12.5,
            3.875
          ],
          "texture": "#layer0",
          "tintindex": 0
        }
      }
    },
    {
      "name": "tail_22",
      "from": [
        4.9468517,
        6.4236197,
        10.717886
      ],
      "to": [
        5.6968517,
        7.47362,
        14.767886
      ],
      "rotation": {
        "angle": 22.5,
        "axis": "y",
        "origin": [
          11.243439,
          8.269321,
          6.8797398
        ]
      },
      "faces": {
        "down": {
          "uv": [
            3.75,
            5.25,
            0.25,
            6.375
          ],
          "texture": "#layer0",
          "tintindex": 0
        },
        "east": {
          "uv": [
            6.5,
            0.0,
            12.5,
            3.875
          ],
          "texture": "#layer0",
          "tintindex": 0
        },
        "north": {
          "uv": [
            10.875,
            0.0,
            12.5,
            2.25
          ],
          "texture": "#layer0",
          "tintindex": 0
        },
        "south": {
          "uv": [
            6.5,
            0.0,
            12.5,
            3.875
          ],
          "texture": "#layer0",
          "tintindex": 0
        },
        "up": {
          "uv": [
            6.25,
            0.0,
            12.75,
            3.875
          ],
          "texture": "#layer0",
          "tintindex": 0
        },
        "west": {
          "uv": [
            6.5,
            0.0,
            12.5,
            2.25
          ],
          "texture": "#layer0",
          "tintindex": 0
        }
      }
    },
    {
      "name": "tail_23",
      "from": [
        5.693084,
        7.1736197,
        8.9163265
      ],
      "to": [
        6.443084,
        8.223619,
        12.966327
      ],
      "rotation": {
        "angle": 22.5,
        "axis": "y",
        "origin": [
          11.243439,
          8.269321,
          6.8797398
        ]
      },
      "faces": {
        "down": {
          "uv": [
            3.75,
            5.25,
            0.25,
            6.375
          ],
          "texture": "#layer0",
          "tintindex": 0
        },
        "east": {
          "uv": [
            6.5,
            0.0,
            12.5,
            3.875
          ],
          "texture": "#layer0",
          "tintindex": 0
        },
        "north": {
          "uv": [
            10.875,
            0.0,
            12.5,
            2.25
          ],
          "texture": "#layer0",
          "tintindex": 0
        },
        "south": {
          "uv": [
            6.5,
            0.0,
            12.5,
            3.875
          ],
          "texture": "#layer0",
          "tintindex": 0
        },
        "up": {
          "uv": [
            6.25,
            0.0,
            12.75,
            3.875
          ],
          "texture": "#layer0",
          "tintindex": 0
        },
        "west": {
          "uv": [
            6.5,
            0.0,
            12.5,
            2.25
          ],
          "texture": "#layer0",
          "tintindex": 0
        }
      }
    },
    {
      "name": "tail_24",
      "from": [
        6.583232,
        7.1736197,
        9.71996
      ],
      "to": [
        8.383232,
        8.223619,
        13.76996
      ],
      "rotation": {
        "angle": 22.5,
        "axis": "y",
        "origin": [
          11.243439,
          8.269321,
          6.8797398
        ]
      },
      "faces": {
        "down": {
          "uv": [
            3.75,
            5.25,
            0.25,
            6.375
          ],
          "texture": "#layer0",
          "tintindex": 0
        },
        "east": {
          "uv": [
            6.5,
            0.0,
            12.5,
            3.875
          ],
          "texture": "#layer0",
          "tintindex": 0
        },
        "north": {
          "uv": [
            6.5,
            0.0,
            12.5,
            3.875
          ],
          "texture": "#layer0",
          "tintindex": 0
        },
        "south": {
          "uv": [
            6.5,
            0.0,
            12.5,
            3.875
          ],
          "texture": "#layer0",
          "tintindex": 0
        },
        "up": {
          "uv": [
            6.5,
            0.0,
            12.5,
            3.875
          ],
          "texture": "#layer0",
          "tintindex": 0
        },
        "west": {
          "uv": [
            6.5,
            0.0,
            12.5,
            3.875
          ],
          "texture": "#layer0",
          "tintindex": 0
        }
      }
    },
    {
      "name": "tail_25",
      "from": [
        14.127537,
        7.1736197,
        9.71006
      ],
      "to": [
        15.927537,
        8.223619,
        13.76006
      ],
      "rotation": {
        "angle": -22.5,
        "axis": "y",
        "origin": [
          11.243439,
          8.269321,
          6.8797398
        ]
      },
      "faces": {
        "down": {
          "uv": [
            3.75,
            5.25,
            0.25,
            6.375
          ],
          "texture": "#layer0",
          "tintindex": 0
        },
        "east": {
          "uv": [
            6.5,
            0.0,
            12.5,
            3.875
          ],
          "texture": "#layer0",
          "tintindex": 0
        },
        "north": {
          "uv": [
            6.5,
            0.0,
            12.5,
            3.875
          ],
          "texture": "#layer0",
          "tintindex": 0
        },
        "south": {
          "uv": [
            6.5,
            0.0,
            12.5,
            3.875
          ],
          "texture": "#layer0",
          "tintindex": 0
        },
        "up": {
          "uv": [
            6.5,
            0.0,
            12.5,
            3.875
          ],
          "texture": "#layer0",
          "tintindex": 0
        },
        "west": {
          "uv": [
            6.5,
            0.0,
            12.5,
            3.875
          ],
          "texture": "#layer0",
          "tintindex": 0
        }
      }
    },
    {
      "name": "tail_26",
      "from": [
        14.127537,
        7.1736197,
        9.71006
      ],
      "to": [
        15.927537,
        8.223619,
        13.76006
      ],
      "rotation": {
        "angle": -22.5,
        "axis": "y",
        "origin": [
          11.243439,
          8.269321,
          6.8797398
        ]
      },
      "faces": {
        "down": {
          "uv": [
            3.75,
            5.25,
            0.25,
            6.375
          ],
          "texture": "#layer0",
          "tintindex": 0
        },
        "east": {
          "uv": [
            6.5,
            0.0,
            12.5,
            3.875
          ],
          "texture": "#layer0",
          "tintindex": 0
        },
        "north": {
          "uv": [
            6.5,
            0.0,
            12.5,
            3.875
          ],
          "texture": "#layer0",
          "tintindex": 0
        },
        "south": {
          "uv": [
            6.5,
            0.0,
            12.5,
            3.875
          ],
          "texture": "#layer0",
          "tintindex": 0
        },
        "up": {
          "uv": [
            6.5,
            0.0,
            12.5,
            3.875
          ],
          "texture": "#layer0",
          "tintindex": 0
        },
        "west": {
          "uv": [
            6.5,
            0.0,
            12.5,
            3.875
          ],
          "texture": "#layer0",
          "tintindex": 0
        }
      }
    },
    {
      "name": "tail_27",
      "from": [
        16.067684,
        7.1736197,
        8.906425
      ],
      "to": [
        16.817684,
        8.223619,
        12.956426
      ],
      "rotation": {
        "angle": -22.5,
        "axis": "y",
        "origin": [
          11.243439,
          8.269321,
          6.8797398
        ]
      },
      "faces": {
        "down": {
          "uv": [
            3.75,
            5.25,
            0.25,
            6.375
          ],
          "texture": "#layer0",
          "tintindex": 0
        },
        "east": {
          "uv": [
            6.5,
            0.0,
            12.5,
            2.25
          ],
          "texture": "#layer0",
          "tintindex": 0
        },
        "north": {
          "uv": [
            6.5,
            0.0,
            12.5,
            2.25
          ],
          "texture": "#layer0",
          "tintindex": 0
        },
        "south": {
          "uv": [
            6.5,
            0.0,
            12.5,
            3.875
          ],
          "texture": "#layer0",
          "tintindex": 0
        },
        "up": {
          "uv": [
            6.5,
            0.0,
            12.5,
            2.5
          ],
          "texture": "#layer0",
          "tintindex": 0
        },
        "west": {
          "uv": [
            6.5,
            0.0,
            12.5,
            3.875
          ],
          "texture": "#layer0",
          "tintindex": 0
        }
      }
    },
    {
      "name": "tail_28",
      "from": [
        16.067684,
        7.1736197,
        8.906425
      ],
      "to": [
        16.817684,
        8.223619,
        12.956426
      ],
      "rotation": {
        "angle": -22.5,
        "axis": "y",
        "origin": [
          11.243439,
          8.269321,
          6.8797398
        ]
      },
      "faces": {
        "down": {
          "uv": [
            3.75,
            5.25,
            0.25,
            6.375
          ],
          "texture": "#layer0",
          "tintindex": 0
        },
        "east": {
          "uv": [
            6.5,
            0.0,
            12.5,
            2.25
          ],
          "texture": "#layer0",
          "tintindex": 0
        },
        "north": {
          "uv": [
            6.5,
            0.0,
            12.5,
            2.25
          ],
          "texture": "#layer0",
          "tintindex": 0
        },
        "south": {
          "uv": [
            6.5,
            0.0,
            12.5,
            3.875
          ],
          "texture": "#layer0",
          "tintindex": 0
        },
        "up": {
          "uv": [
            6.5,
            0.0,
            12.5,
            2.5
          ],
          "texture": "#layer0",
          "tintindex": 0
        },
        "west": {
          "uv": [
            6.5,
            0.0,
            12.5,
            3.875
          ],
          "texture": "#layer0",
          "tintindex": 0
        }
      }
    },
    {
      "name": "tail_29",
      "from": [
        9.350792,
        7.9236197,
        8.918012
      ],
      "to": [
        11.150792,
        8.973619,
        12.968012
      ],
      "rotation": {
        "angle": 22.5,
        "axis": "y",
        "origin": [
          11.243439,
          8.269321,
          6.8797398
        ]
      },
      "faces": {
        "down": {
          "uv": [
            3.75,
            5.25,
            0.25,
            6.375
          ],
          "texture": "#layer0",
          "tintindex": 0
        },
        "east": {
          "uv": [
            6.5,
            0.0,
            12.5,
            3.875
          ],
          "texture": "#layer0",
          "tintindex": 0
        },
        "north": {
          "uv": [
            6.5,
            0.0,
            12.5,
            3.875
          ],
          "texture": "#layer0",
          "tintindex": 0
        },
        "south": {
          "uv": [
            6.5,
            0.0,
            12.5,
            3.875
          ],
          "texture": "#layer0",
          "tintindex": 0
        },
        "up": {
          "uv": [
            6.5,
            0.0,
            12.5,
            3.875
          ],
          "texture": "#layer0",
          "tintindex": 0
        },
        "west": {
          "uv": [
            6.5,
            0.0,
            12.5,
            3.875
          ],
          "texture": "#layer0",
          "tintindex": 0
        }
      }
    },
    {
      "name": "tail_30",
      "from": [
        11.359977,
        7.9236197,
        8.908118
      ],
      "to": [
        13.159976,
        8.973619,
        12.958118
      ],
      "rotation": {
        "angle": -22.5,
        "axis": "y",
        "origin": [
          11.243439,
          8.269321,
          6.8797398
        ]
      },
      "faces": {
        "down": {
          "uv": [
            3.75,
            5.25,
            0.25,
            6.375
          ],
          "texture": "#layer0",
          "tintindex": 0
        },
        "east": {
          "uv": [
            6.5,
            0.0,
            12.5,
            3.875
          ],
          "texture": "#layer0",
          "tintindex": 0
        },
        "north": {
          "uv": [
            6.5,
            0.0,
            12.5,
            3.875
          ],
          "texture": "#layer0",
          "tintindex": 0
        },
        "south": {
          "uv": [
            6.5,
            0.0,
            12.5,
            3.875
          ],
          "texture": "#layer0",
          "tintindex": 0
        },
        "up": {
          "uv": [
            6.5,
            0.0,
            12.5,
            3.875
          ],
          "texture": "#layer0",
          "tintindex": 0
        },
        "west": {
          "uv": [
            6.5,
            0.0,
            12.5,
            3.875
          ],
          "texture": "#layer0",
          "tintindex": 0
        }
      }
    }
  ],
  "display": {
    "head": {
      "translation": [
        0.0,
        -6.4,
        0.0
      ],
      "rotation": [
        0.0,
        0.0,
        0.0
      ],
      "scale": [
        3.8095,
        3.8095,
        3.8095
      ]
    },
    "gui": {
      "translation": [
        0.0,
        0.0,
        0.0
      ],
      "rotation": [
        35.0,
        225.0,
        0.0
      ],
      "scale": [
        0.625,
        0.625,
        0.625
      ]
    }
  }
}