{
	"credit": "Made with Blockbench",
	"texture_size": [8, 8],
	"textures": {
		"0": "block/bellow0",
		"1": "block/bellow1",
		"2": "Relics:block/bellow2",
		"particle": "block/bellow0"
	},
	"elements": [
		{
			"from": [3.875, 2.1875, 8.375],
			"to": [12.125, 2.6875, 12.625],
			"rotation": {"angle": 0, "axis": "y", "origin": [11.375, 10.0625, 1.375]},
			"faces": {
				"north": {"uv": [0, 0, 16, 1], "texture": "#0"},
				"east": {"uv": [0, 0, 8.5, 1], "texture": "#0"},
				"south": {"uv": [0, 0, 16, 1], "texture": "#0"},
				"west": {"uv": [0, 0, 8.5, 1], "texture": "#0"},
				"up": {"uv": [0, 3.5, 16, 12], "texture": "#0"},
				"down": {"uv": [0, 0, 16, 8.5], "texture": "#0"}
			}
		},
		{
			"from": [4.25, 2.1875, 12.625],
			"to": [11.875, 2.6875, 13.125],
			"rotation": {"angle": 0, "axis": "y", "origin": [11.375, 10.0625, 5.25]},
			"faces": {
				"north": {"uv": [0, 0, 15.25, 1], "texture": "#0"},
				"east": {"uv": [0, 0, 1, 1], "texture": "#0"},
				"south": {"uv": [0, 0, 15.25, 1], "texture": "#0"},
				"west": {"uv": [0, 0, 1, 1], "texture": "#0"},
				"up": {"uv": [0, 3.5, 15.25, 4.5], "texture": "#0"},
				"down": {"uv": [0, 0, 15.25, 1], "texture": "#0"}
			}
		},
		{
			"from": [4.5625, 2.1875, 13.125],
			"to": [11.4375, 2.6875, 13.625],
			"rotation": {"angle": 0, "axis": "y", "origin": [11.3125, 10.0625, 5.75]},
			"faces": {
				"north": {"uv": [0, 0, 13.75, 1], "texture": "#0"},
				"east": {"uv": [0, 0, 1, 1], "texture": "#0"},
				"south": {"uv": [0, 0, 13.75, 1], "texture": "#0"},
				"west": {"uv": [0, 0, 1, 1], "texture": "#0"},
				"up": {"uv": [0, 3.5, 13.75, 4.5], "texture": "#0"},
				"down": {"uv": [0, 0, 13.75, 1], "texture": "#0"}
			}
		},
		{
			"from": [5.0625, 2.1875, 13.625],
			"to": [10.8125, 2.6875, 14],
			"rotation": {"angle": 0, "axis": "y", "origin": [11.3125, 10.0625, 6.25]},
			"faces": {
				"north": {"uv": [0, 0, 11.5, 1], "texture": "#0"},
				"east": {"uv": [0, 0, 0.75, 1], "texture": "#0"},
				"south": {"uv": [0, 0, 11.5, 1], "texture": "#0"},
				"west": {"uv": [0, 0, 0.75, 1], "texture": "#0"},
				"up": {"uv": [0, 3.5, 11.5, 4.25], "texture": "#0"},
				"down": {"uv": [0, 0, 11.5, 0.75], "texture": "#0"}
			}
		},
		{
			"from": [5.5625, 2.1875, 14],
			"to": [10.4375, 2.6875, 14.375],
			"rotation": {"angle": 0, "axis": "y", "origin": [11.3125, 10.0625, 6.625]},
			"faces": {
				"north": {"uv": [0, 0, 9.75, 1], "texture": "#0"},
				"east": {"uv": [0, 0, 0.75, 1], "texture": "#0"},
				"south": {"uv": [0, 0, 9.75, 1], "texture": "#0"},
				"west": {"uv": [0, 0, 0.75, 1], "texture": "#0"},
				"up": {"uv": [0, 3.5, 9.75, 4.25], "texture": "#0"},
				"down": {"uv": [0, 0, 9.75, 0.75], "texture": "#0"}
			}
		},
		{
			"from": [6.375, 2.1875, 14.375],
			"to": [9.625, 2.6875, 15],
			"rotation": {"angle": 0, "axis": "y", "origin": [11.75, 10.0625, 6.625]},
			"faces": {
				"north": {"uv": [0, 0, 6.5, 1], "texture": "#0"},
				"east": {"uv": [0, 0, 1.25, 1], "texture": "#0"},
				"south": {"uv": [0, 0, 6.5, 1], "texture": "#0"},
				"west": {"uv": [0, 0, 1.25, 1], "texture": "#0"},
				"up": {"uv": [0, 3.5, 6.5, 4.75], "texture": "#0"},
				"down": {"uv": [0, 0, 6.5, 1.25], "texture": "#0"}
			}
		},
		{
			"from": [6.75, 2.1875, 15],
			"to": [9.375, 2.6875, 15.625],
			"rotation": {"angle": 0, "axis": "y", "origin": [11.75, 10.0625, 7.25]},
			"faces": {
				"north": {"uv": [0, 0, 5.25, 1], "texture": "#0"},
				"east": {"uv": [0, 0, 1.25, 1], "texture": "#0"},
				"south": {"uv": [0, 0, 5.25, 1], "texture": "#0"},
				"west": {"uv": [0, 0, 1.25, 1], "texture": "#0"},
				"up": {"uv": [0, 3.5, 5.25, 4.75], "texture": "#0"},
				"down": {"uv": [0, 0, 5.25, 1.25], "texture": "#0"}
			}
		},
		{
			"from": [7.25, 2.1875, 15.625],
			"to": [8.75, 2.6875, 19],
			"rotation": {"angle": 0, "axis": "y", "origin": [11.375, 10.0625, 7.875]},
			"faces": {
				"north": {"uv": [0, 0, 3, 1], "texture": "#0"},
				"east": {"uv": [0, 0, 6.75, 1], "texture": "#0"},
				"south": {"uv": [0, 0, 3, 1], "texture": "#0"},
				"west": {"uv": [0, 0, 6.75, 1], "texture": "#0"},
				"up": {"uv": [0, 3.5, 3, 10.25], "texture": "#0"},
				"down": {"uv": [0, 0, 3, 6.75], "texture": "#0"}
			}
		},
		{
			"from": [7.5, 2.1875, 19],
			"to": [8.5, 2.6875, 19.25],
			"rotation": {"angle": 0, "axis": "y", "origin": [11.375, 10.0625, 8.125]},
			"faces": {
				"north": {"uv": [0, 0, 2, 1], "texture": "#0"},
				"east": {"uv": [0, 0, 0.5, 1], "texture": "#0"},
				"south": {"uv": [0, 0, 2, 1], "texture": "#0"},
				"west": {"uv": [0, 0, 0.5, 1], "texture": "#0"},
				"up": {"uv": [0, 3.5, 2, 4], "texture": "#0"},
				"down": {"uv": [0, 0, 2, 0.5], "texture": "#0"}
			}
		},
		{
			"from": [4.25, 2.1875, 12.625],
			"to": [11.875, 2.6875, 13.125],
			"rotation": {"angle": 0, "axis": "y", "origin": [11.375, 10.0625, 5.25]},
			"faces": {
				"north": {"uv": [0, 0, 15.25, 1], "texture": "#0"},
				"east": {"uv": [0, 0, 1, 1], "texture": "#0"},
				"south": {"uv": [0, 0, 15.25, 1], "texture": "#0"},
				"west": {"uv": [0, 0, 1, 1], "texture": "#0"},
				"up": {"uv": [0, 3.5, 15.25, 4.5], "texture": "#0"},
				"down": {"uv": [0, 0, 15.25, 1], "texture": "#0"}
			}
		},
		{
			"from": [4.25, 2.1875, 12.625],
			"to": [11.875, 2.6875, 13.125],
			"rotation": {"angle": 0, "axis": "y", "origin": [11.375, 10.0625, 5.25]},
			"faces": {
				"north": {"uv": [0, 0, 15.25, 1], "texture": "#0"},
				"east": {"uv": [0, 0, 1, 1], "texture": "#0"},
				"south": {"uv": [0, 0, 15.25, 1], "texture": "#0"},
				"west": {"uv": [0, 0, 1, 1], "texture": "#0"},
				"up": {"uv": [0, 3.5, 15.25, 4.5], "texture": "#0"},
				"down": {"uv": [0, 0, 15.25, 1], "texture": "#0"}
			}
		},
		{
			"from": [3.5, 2.1875, 8.875],
			"to": [3.875, 2.6875, 12.125],
			"rotation": {"angle": 0, "axis": "y", "origin": [11.375, 10.0625, 1.375]},
			"faces": {
				"north": {"uv": [0, 0, 0.75, 1], "texture": "#0"},
				"east": {"uv": [0, 0, 6.5, 1], "texture": "#0"},
				"south": {"uv": [0, 0, 0.75, 1], "texture": "#0"},
				"west": {"uv": [0, 0, 6.5, 1], "texture": "#0"},
				"up": {"uv": [0, 3.5, 0.75, 10], "texture": "#0"},
				"down": {"uv": [0, 0, 0.75, 6.5], "texture": "#0"}
			}
		},
		{
			"from": [3.25, 2.1875, 9.375],
			"to": [3.5, 2.6875, 11.625],
			"rotation": {"angle": 0, "axis": "y", "origin": [11, 10.0625, 1.375]},
			"faces": {
				"north": {"uv": [0, 0, 0.5, 1], "texture": "#0"},
				"east": {"uv": [0, 0, 4.5, 1], "texture": "#0"},
				"south": {"uv": [0, 0, 0.5, 1], "texture": "#0"},
				"west": {"uv": [0, 0, 4.5, 1], "texture": "#0"},
				"up": {"uv": [0, 3.5, 0.5, 8], "texture": "#0"},
				"down": {"uv": [0, 0, 0.5, 4.5], "texture": "#0"}
			}
		},
		{
			"from": [12.5, 2.1875, 9.375],
			"to": [12.75, 2.6875, 11.625],
			"rotation": {"angle": 0, "axis": "y", "origin": [5, 10.0625, 1.375]},
			"faces": {
				"north": {"uv": [0.5, 0, 0, 1], "texture": "#0"},
				"east": {"uv": [4.5, 0, 0, 1], "texture": "#0"},
				"south": {"uv": [0.5, 0, 0, 1], "texture": "#0"},
				"west": {"uv": [4.5, 0, 0, 1], "texture": "#0"},
				"up": {"uv": [0, 3.5, 0.5, 8], "texture": "#0"},
				"down": {"uv": [0.5, 0, 0, 4.5], "texture": "#0"}
			}
		},
		{
			"from": [12.125, 2.1875, 8.875],
			"to": [12.5, 2.6875, 12.125],
			"rotation": {"angle": 0, "axis": "y", "origin": [4.625, 10.0625, 1.375]},
			"faces": {
				"north": {"uv": [0.75, 0, 0, 1], "texture": "#0"},
				"east": {"uv": [6.5, 0, 0, 1], "texture": "#0"},
				"south": {"uv": [0.75, 0, 0, 1], "texture": "#0"},
				"west": {"uv": [6.5, 0, 0, 1], "texture": "#0"},
				"up": {"uv": [0, 3.5, 0.75, 10], "texture": "#0"},
				"down": {"uv": [0.75, 0, 0, 6.5], "texture": "#0"}
			}
		},
		{
			"from": [4.4375, 2.1875, 7.6875],
			"to": [11.5625, 2.6875, 8.4375],
			"rotation": {"angle": 0, "axis": "y", "origin": [11.3125, 10.0625, 0.3125]},
			"faces": {
				"north": {"uv": [0, 0, 14.25, 1], "texture": "#0"},
				"east": {"uv": [0, 0, 1.5, 1], "texture": "#0"},
				"south": {"uv": [0, 0, 14.25, 1], "texture": "#0"},
				"west": {"uv": [0, 0, 1.5, 1], "texture": "#0"},
				"up": {"uv": [0, 3.5, 14.25, 5], "texture": "#0"},
				"down": {"uv": [0, 0, 14.25, 1.5], "texture": "#0"}
			}
		},
		{
			"from": [4.875, 2.1875, 6.9375],
			"to": [11.125, 2.6875, 7.6875],
			"rotation": {"angle": 0, "axis": "y", "origin": [11.375, 10.0625, -0.8125]},
			"faces": {
				"north": {"uv": [0, 0, 12.5, 1], "texture": "#0"},
				"east": {"uv": [0, 0, 1.5, 1], "texture": "#0"},
				"south": {"uv": [0, 0, 12.5, 1], "texture": "#0"},
				"west": {"uv": [0, 0, 1.5, 1], "texture": "#0"},
				"up": {"uv": [0, 3.5, 12.5, 5], "texture": "#0"},
				"down": {"uv": [0, 0, 12.5, 1.5], "texture": "#0"}
			}
		},
		{
			"from": [5.3125, 2.1875, 6.1875],
			"to": [10.6875, 2.6875, 6.9375],
			"rotation": {"angle": 0, "axis": "y", "origin": [11.4375, 10.0625, -1.5625]},
			"faces": {
				"north": {"uv": [0, 0, 10.75, 1], "texture": "#0"},
				"east": {"uv": [0, 0, 1.5, 1], "texture": "#0"},
				"south": {"uv": [0, 0, 10.75, 1], "texture": "#0"},
				"west": {"uv": [0, 0, 1.5, 1], "texture": "#0"},
				"up": {"uv": [0, 3.5, 10.75, 5], "texture": "#0"},
				"down": {"uv": [0, 0, 10.75, 1.5], "texture": "#0"}
			}
		},
		{
			"from": [5.5625, 2.1875, 5.5625],
			"to": [10.4375, 2.6875, 6.1875],
			"rotation": {"angle": 0, "axis": "y", "origin": [11.4375, 10.0625, -2.3125]},
			"faces": {
				"north": {"uv": [0, 0, 9.75, 1], "texture": "#0"},
				"east": {"uv": [0, 0, 1.25, 1], "texture": "#0"},
				"south": {"uv": [0, 0, 9.75, 1], "texture": "#0"},
				"west": {"uv": [0, 0, 1.25, 1], "texture": "#0"},
				"up": {"uv": [0, 3.5, 9.75, 4.75], "texture": "#0"},
				"down": {"uv": [0, 0, 9.75, 1.25], "texture": "#0"}
			}
		},
		{
			"from": [5.9375, 2.1875, 5.0625],
			"to": [10.0625, 2.6875, 5.5625],
			"rotation": {"angle": 0, "axis": "y", "origin": [11.4375, 10.0625, -2.9375]},
			"faces": {
				"north": {"uv": [0, 0, 8.25, 1], "texture": "#0"},
				"east": {"uv": [0, 0, 1, 1], "texture": "#0"},
				"south": {"uv": [0, 0, 8.25, 1], "texture": "#0"},
				"west": {"uv": [0, 0, 1, 1], "texture": "#0"},
				"up": {"uv": [0, 3.5, 8.25, 4.5], "texture": "#0"},
				"down": {"uv": [0, 0, 8.25, 1], "texture": "#0"}
			}
		},
		{
			"from": [6.1875, 2.1875, 4.5625],
			"to": [9.6875, 2.6875, 5.0625],
			"rotation": {"angle": 0, "axis": "y", "origin": [11.6875, 10.0625, -3.4375]},
			"faces": {
				"north": {"uv": [0, 0, 7, 1], "texture": "#0"},
				"east": {"uv": [0, 0, 1, 1], "texture": "#0"},
				"south": {"uv": [0, 0, 7, 1], "texture": "#0"},
				"west": {"uv": [0, 0, 1, 1], "texture": "#0"},
				"up": {"uv": [0, 3.5, 7, 4.5], "texture": "#0"},
				"down": {"uv": [0, 0, 7, 1], "texture": "#0"}
			}
		},
		{
			"from": [6.5625, 2.1875, 4.1875],
			"to": [9.4375, 2.6875, 4.5625],
			"rotation": {"angle": 0, "axis": "y", "origin": [11.6875, 10.0625, -3.9375]},
			"faces": {
				"north": {"uv": [0, 0, 5.75, 1], "texture": "#0"},
				"east": {"uv": [0, 0, 0.75, 1], "texture": "#0"},
				"south": {"uv": [0, 0, 5.75, 1], "texture": "#0"},
				"west": {"uv": [0, 0, 0.75, 1], "texture": "#0"},
				"up": {"uv": [0, 3.5, 5.75, 4.25], "texture": "#0"},
				"down": {"uv": [0, 0, 5.75, 0.75], "texture": "#0"}
			}
		},
		{
			"from": [6.8125, 2.1875, 3.5625],
			"to": [9.1875, 2.6875, 4.1875],
			"rotation": {"angle": 0, "axis": "y", "origin": [11.6875, 10.0625, -4.3125]},
			"faces": {
				"north": {"uv": [0, 0, 4.75, 1], "texture": "#0"},
				"east": {"uv": [0, 0, 1.25, 1], "texture": "#0"},
				"south": {"uv": [0, 0, 4.75, 1], "texture": "#0"},
				"west": {"uv": [0, 0, 1.25, 1], "texture": "#0"},
				"up": {"uv": [0, 3.5, 4.75, 4.75], "texture": "#0"},
				"down": {"uv": [0, 0, 4.75, 1.25], "texture": "#0"}
			}
		},
		{
			"from": [7.0625, 2.1875, 2.9375],
			"to": [8.9375, 2.6875, 3.5625],
			"rotation": {"angle": 0, "axis": "y", "origin": [11.6875, 10.0625, -4.6875]},
			"faces": {
				"north": {"uv": [0, 0, 3.75, 1], "texture": "#0"},
				"east": {"uv": [0, 0, 1.25, 1], "texture": "#0"},
				"south": {"uv": [0, 0, 3.75, 1], "texture": "#0"},
				"west": {"uv": [0, 0, 1.25, 1], "texture": "#0"},
				"up": {"uv": [0, 3.5, 3.75, 4.75], "texture": "#0"},
				"down": {"uv": [0, 0, 3.75, 1.25], "texture": "#0"}
			}
		},
		{
			"from": [7.3125, 2.1875, 2.3125],
			"to": [8.6875, 2.6875, 2.9375],
			"rotation": {"angle": 0, "axis": "y", "origin": [11.6875, 10.0625, -5.1875]},
			"faces": {
				"north": {"uv": [0, 0, 2.75, 1], "texture": "#0"},
				"east": {"uv": [0, 0, 1.25, 1], "texture": "#0"},
				"south": {"uv": [0, 0, 2.75, 1], "texture": "#0"},
				"west": {"uv": [0, 0, 1.25, 1], "texture": "#0"},
				"up": {"uv": [0, 3.5, 2.75, 4.75], "texture": "#0"},
				"down": {"uv": [0, 0, 2.75, 1.25], "texture": "#0"}
			}
		},
		{
			"from": [7.1875, 2.1875, 1.6875],
			"to": [8.8125, 2.6875, 2.3125],
			"rotation": {"angle": 0, "axis": "y", "origin": [11.6875, 10.0625, -6.1875]},
			"faces": {
				"north": {"uv": [0, 0, 3.25, 1], "texture": "#1"},
				"east": {"uv": [0, 0, 1.25, 1], "texture": "#1"},
				"south": {"uv": [0, 0, 3.25, 1], "texture": "#1"},
				"west": {"uv": [0, 0, 1.25, 1], "texture": "#1"},
				"up": {"uv": [0, 3.5, 3.25, 4.75], "texture": "#1"},
				"down": {"uv": [0, 0, 3.25, 1.25], "texture": "#1"}
			}
		},
		{
			"from": [7.8125, 2.6875, 0.0625],
			"to": [8.0625, 2.9375, 1.6875],
			"rotation": {"angle": 0, "axis": "y", "origin": [11.6875, 10.4375, -7.0625]},
			"faces": {
				"north": {"uv": [10.83077, 2.70769, 11.32308, 3.2], "texture": "#2"},
				"east": {"uv": [2.21538, 9.6, 5.46538, 10.1], "texture": "#2"},
				"south": {"uv": [2.21538, 9.6, 5.46538, 10.1], "texture": "#2"},
				"west": {"uv": [2.21538, 9.6, 5.46538, 10.1], "texture": "#2"},
				"up": {"uv": [2.21538, 9.6, 5.46538, 10.1], "texture": "#2"},
				"down": {"uv": [2.21538, 9.6, 5.46538, 10.1], "texture": "#2"}
			}
		},
		{
			"from": [7.1875, 2.6875, 1.6875],
			"to": [8.8125, 3.6875, 2.3125],
			"rotation": {"angle": 0, "axis": "x", "origin": [8.00231, 2.93287, 9.40278]},
			"faces": {
				"north": {"uv": [0, 0, 1.625, 0.5], "texture": "#1"},
				"east": {"uv": [0, 0, 0.625, 0.5], "texture": "#1"},
				"south": {"uv": [0, 0, 1.625, 0.5], "texture": "#1"},
				"west": {"uv": [0, 0, 1.25, 1], "texture": "#1"},
				"up": {"uv": [0, 3.5, 3.25, 4.75], "texture": "#1"},
				"down": {"uv": [0, 0, 1.625, 0.625], "texture": "#1"}
			}
		},
		{
			"from": [7.8125, 2.9375, 0.0625],
			"to": [8.0625, 3.1875, 1.6875],
			"rotation": {"angle": 0, "axis": "x", "origin": [8.00231, 3.18287, 9.40278]},
			"faces": {
				"north": {"uv": [10.83077, 2.70769, 11.32308, 3.2], "texture": "#2"},
				"east": {"uv": [2.21538, 9.6, 5.46538, 10.1], "texture": "#2"},
				"south": {"uv": [2.21538, 9.6, 5.46538, 10.1], "texture": "#2"},
				"west": {"uv": [2.21538, 9.6, 5.46538, 10.1], "texture": "#2"},
				"up": {"uv": [2.21538, 9.6, 5.46538, 10.1], "texture": "#2"},
				"down": {"uv": [2.21538, 9.6, 5.46538, 10.1], "texture": "#2"}
			}
		},
		{
			"from": [3.875, 2.50103, 8.25924],
			"to": [12.125, 3.50103, 12.50924],
			"rotation": {"angle": -45, "axis": "x", "origin": [8.00231, 3.05787, 1.90278]},
			"faces": {
				"north": {"uv": [0, 0, 8.25, 0.5], "texture": "#0"},
				"east": {"uv": [0, 0, 4.25, 0.5], "texture": "#0"},
				"south": {"uv": [0, 0, 8.25, 0.5], "texture": "#0"},
				"west": {"uv": [0, 0, 4.25, 0.5], "texture": "#0"},
				"up": {"uv": [0, 0, 16, 8.5], "texture": "#0"},
				"down": {"uv": [0, 0, 8.25, 4.25], "texture": "#0"}
			}
		},
		{
			"from": [4.25, 2.50103, 12.50924],
			"to": [11.875, 3.50103, 13.00924],
			"rotation": {"angle": -45, "axis": "x", "origin": [8.00231, 3.05787, 1.90278]},
			"faces": {
				"north": {"uv": [0, 0, 7.625, 0.5], "texture": "#0"},
				"east": {"uv": [0, 0, 0.5, 0.5], "texture": "#0"},
				"south": {"uv": [0, 0, 7.625, 0.5], "texture": "#0"},
				"west": {"uv": [0, 0, 0.5, 0.5], "texture": "#0"},
				"up": {"uv": [0, 3.5, 15.25, 4.5], "texture": "#0"},
				"down": {"uv": [0, 0, 7.625, 0.5], "texture": "#0"}
			}
		},
		{
			"from": [4.5625, 2.50103, 13.00924],
			"to": [11.4375, 3.50103, 13.50924],
			"rotation": {"angle": -45, "axis": "x", "origin": [8.00231, 3.05787, 1.90278]},
			"faces": {
				"north": {"uv": [0, 0, 6.875, 0.5], "texture": "#0"},
				"east": {"uv": [0, 0, 0.5, 0.5], "texture": "#0"},
				"south": {"uv": [0, 0, 6.875, 0.5], "texture": "#0"},
				"west": {"uv": [0, 0, 0.5, 0.5], "texture": "#0"},
				"up": {"uv": [0, 3.5, 13.75, 4.5], "texture": "#0"},
				"down": {"uv": [0, 0, 6.875, 0.5], "texture": "#0"}
			}
		},
		{
			"from": [5.0625, 2.50103, 13.50924],
			"to": [10.8125, 3.50103, 13.88424],
			"rotation": {"angle": -45, "axis": "x", "origin": [8.00231, 3.05787, 1.90278]},
			"faces": {
				"north": {"uv": [0, 0, 5.75, 0.5], "texture": "#0"},
				"east": {"uv": [0, 0, 0.375, 0.5], "texture": "#0"},
				"south": {"uv": [0, 0, 5.75, 0.5], "texture": "#0"},
				"west": {"uv": [0, 0, 0.375, 0.5], "texture": "#0"},
				"up": {"uv": [0, 3.5, 11.5, 4.25], "texture": "#0"},
				"down": {"uv": [0, 0, 5.75, 0.375], "texture": "#0"}
			}
		},
		{
			"from": [5.5625, 2.50103, 13.88424],
			"to": [10.4375, 3.50103, 14.25924],
			"rotation": {"angle": -45, "axis": "x", "origin": [8.00231, 3.05787, 1.90278]},
			"faces": {
				"north": {"uv": [0, 0, 4.875, 0.5], "texture": "#0"},
				"east": {"uv": [0, 0, 0.375, 0.5], "texture": "#0"},
				"south": {"uv": [0, 0, 4.875, 0.5], "texture": "#0"},
				"west": {"uv": [0, 0, 0.375, 0.5], "texture": "#0"},
				"up": {"uv": [0, 3.5, 9.75, 4.25], "texture": "#0"},
				"down": {"uv": [0, 0, 4.875, 0.375], "texture": "#0"}
			}
		},
		{
			"from": [6.375, 2.50103, 14.25924],
			"to": [9.625, 3.50103, 14.88424],
			"rotation": {"angle": -45, "axis": "x", "origin": [8.00231, 3.05787, 1.90278]},
			"faces": {
				"north": {"uv": [0, 0, 3.25, 0.5], "texture": "#0"},
				"east": {"uv": [0, 0, 0.625, 0.5], "texture": "#0"},
				"south": {"uv": [0, 0, 3.25, 0.5], "texture": "#0"},
				"west": {"uv": [0, 0, 0.625, 0.5], "texture": "#0"},
				"up": {"uv": [0, 3.5, 6.5, 4.75], "texture": "#0"},
				"down": {"uv": [0, 0, 3.25, 0.625], "texture": "#0"}
			}
		},
		{
			"from": [6.75, 2.50103, 14.88424],
			"to": [9.375, 3.50103, 15.50924],
			"rotation": {"angle": -45, "axis": "x", "origin": [8.00231, 3.05787, 1.90278]},
			"faces": {
				"north": {"uv": [0, 0, 2.625, 0.5], "texture": "#0"},
				"east": {"uv": [0, 0, 0.625, 0.5], "texture": "#0"},
				"south": {"uv": [0, 0, 2.625, 0.5], "texture": "#0"},
				"west": {"uv": [0, 0, 0.625, 0.5], "texture": "#0"},
				"up": {"uv": [0, 3.5, 5.25, 4.75], "texture": "#0"},
				"down": {"uv": [0, 0, 2.625, 0.625], "texture": "#0"}
			}
		},
		{
			"from": [7.25, 2.50103, 15.50924],
			"to": [8.75, 3.50103, 18.88424],
			"rotation": {"angle": -45, "axis": "x", "origin": [8.00231, 3.05787, 1.90278]},
			"faces": {
				"north": {"uv": [0, 0, 1.5, 0.5], "texture": "#0"},
				"east": {"uv": [0, 0, 3.375, 0.5], "texture": "#0"},
				"south": {"uv": [0, 0, 1.5, 0.5], "texture": "#0"},
				"west": {"uv": [0, 0, 3.375, 0.5], "texture": "#0"},
				"up": {"uv": [0, 3.5, 3, 10.25], "texture": "#0"},
				"down": {"uv": [0, 0, 1.5, 3.375], "texture": "#0"}
			}
		},
		{
			"from": [7.875, 1.75103, 18.25924],
			"to": [8.125, 4.00103, 18.38424],
			"rotation": {"angle": -45, "axis": "x", "origin": [8.00231, 3.05787, 1.90278]},
			"faces": {
				"north": {"uv": [0, 0, 0.5, 4], "texture": "#1"},
				"east": {"uv": [0, 0, 0.25, 4], "texture": "#1"},
				"south": {"uv": [0, 0, 0.5, 4], "texture": "#1"},
				"west": {"uv": [0, 0, 0.25, 4], "texture": "#1"},
				"up": {"uv": [0, 3.5, 0.5, 3.75], "texture": "#1"},
				"down": {"uv": [0, 0, 0.5, 0.25], "texture": "#1"}
			}
		},
		{
			"from": [7.625, 7.13865, 17.4091],
			"to": [8.375, 8.63865, 17.5341],
			"rotation": {"angle": -22.5, "axis": "x", "origin": [8.00231, 3.05787, 1.90278]},
			"faces": {
				"north": {"uv": [13.5, 12, 15.5, 15.5], "texture": "#1"},
				"east": {"uv": [0, 0, 3.375, 0.5], "texture": "#1"},
				"south": {"uv": [13.5, 12, 15.5, 15.5], "texture": "#1"},
				"west": {"uv": [0, 0, 3.375, 0.5], "texture": "#1"},
				"up": {"uv": [0, 3.5, 0.5, 3.75], "texture": "#1"},
				"down": {"uv": [0, 0, 1.5, 3.375], "texture": "#1"}
			}
		},
		{
			"from": [7.5, 2.50103, 18.88424],
			"to": [8.5, 3.50103, 19.13424],
			"rotation": {"angle": -45, "axis": "x", "origin": [8.00231, 3.05787, 1.90278]},
			"faces": {
				"north": {"uv": [0, 0, 1, 0.5], "texture": "#0"},
				"east": {"uv": [0, 0, 0.25, 0.5], "texture": "#0"},
				"south": {"uv": [0, 0, 1, 0.5], "texture": "#0"},
				"west": {"uv": [0, 0, 0.25, 0.5], "texture": "#0"},
				"up": {"uv": [0, 3.5, 2, 4], "texture": "#0"},
				"down": {"uv": [0, 0, 1, 0.25], "texture": "#0"}
			}
		},
		{
			"from": [4.25, 2.50103, 12.50924],
			"to": [11.875, 3.50103, 13.00924],
			"rotation": {"angle": -45, "axis": "x", "origin": [8.00231, 3.05787, 1.90278]},
			"faces": {
				"north": {"uv": [0, 0, 7.625, 0.5], "texture": "#0"},
				"east": {"uv": [0, 0, 0.5, 0.5], "texture": "#0"},
				"south": {"uv": [0, 0, 7.625, 0.5], "texture": "#0"},
				"west": {"uv": [0, 0, 0.5, 0.5], "texture": "#0"},
				"up": {"uv": [0, 3.5, 15.25, 4.5], "texture": "#0"},
				"down": {"uv": [0, 0, 7.625, 0.5], "texture": "#0"}
			}
		},
		{
			"from": [4.25, 2.50103, 12.50924],
			"to": [11.875, 3.50103, 13.00924],
			"rotation": {"angle": -45, "axis": "x", "origin": [8.00231, 3.05787, 1.90278]},
			"faces": {
				"north": {"uv": [0, 0, 7.625, 0.5], "texture": "#0"},
				"east": {"uv": [0, 0, 0.5, 0.5], "texture": "#0"},
				"south": {"uv": [0, 0, 7.625, 0.5], "texture": "#0"},
				"west": {"uv": [0, 0, 0.5, 0.5], "texture": "#0"},
				"up": {"uv": [0, 3.5, 15.25, 4.5], "texture": "#0"},
				"down": {"uv": [0, 0, 7.625, 0.5], "texture": "#0"}
			}
		},
		{
			"from": [3.5, 2.50103, 8.75924],
			"to": [3.875, 3.50103, 12.00924],
			"rotation": {"angle": -45, "axis": "x", "origin": [8.00231, 3.05787, 1.90278]},
			"faces": {
				"north": {"uv": [0, 0, 0.375, 0.5], "texture": "#0"},
				"east": {"uv": [0, 0, 3.25, 0.5], "texture": "#0"},
				"south": {"uv": [0, 0, 0.375, 0.5], "texture": "#0"},
				"west": {"uv": [0, 0, 3.25, 0.5], "texture": "#0"},
				"up": {"uv": [0, 3.5, 0.75, 10], "texture": "#0"},
				"down": {"uv": [0, 0, 0.375, 3.25], "texture": "#0"}
			}
		},
		{
			"from": [3.25, 2.50103, 9.25924],
			"to": [3.5, 3.50103, 11.50924],
			"rotation": {"angle": -45, "axis": "x", "origin": [8.00231, 3.05787, 1.90278]},
			"faces": {
				"north": {"uv": [0, 0, 0.25, 0.5], "texture": "#0"},
				"east": {"uv": [0, 0, 2.25, 0.5], "texture": "#0"},
				"south": {"uv": [0, 0, 0.25, 0.5], "texture": "#0"},
				"west": {"uv": [0, 0, 2.25, 0.5], "texture": "#0"},
				"up": {"uv": [0, 3.5, 0.5, 8], "texture": "#0"},
				"down": {"uv": [0, 0, 0.25, 2.25], "texture": "#0"}
			}
		},
		{
			"from": [12.5, 2.50103, 9.25924],
			"to": [12.75, 3.50103, 11.50924],
			"rotation": {"angle": -45, "axis": "x", "origin": [8.00231, 3.05787, 1.90278]},
			"faces": {
				"north": {"uv": [0.25, 0, 0, 0.5], "texture": "#0"},
				"east": {"uv": [2.25, 0, 0, 0.5], "texture": "#0"},
				"south": {"uv": [0.25, 0, 0, 0.5], "texture": "#0"},
				"west": {"uv": [2.25, 0, 0, 0.5], "texture": "#0"},
				"up": {"uv": [0, 3.5, 0.5, 8], "texture": "#0"},
				"down": {"uv": [0.25, 0, 0, 2.25], "texture": "#0"}
			}
		},
		{
			"from": [12.125, 2.50103, 8.75924],
			"to": [12.5, 3.50103, 12.00924],
			"rotation": {"angle": -45, "axis": "x", "origin": [8.00231, 3.05787, 1.90278]},
			"faces": {
				"north": {"uv": [0.375, 0, 0, 0.5], "texture": "#0"},
				"east": {"uv": [3.25, 0, 0, 0.5], "texture": "#0"},
				"south": {"uv": [0.375, 0, 0, 0.5], "texture": "#0"},
				"west": {"uv": [3.25, 0, 0, 0.5], "texture": "#0"},
				"up": {"uv": [0, 3.5, 0.75, 10], "texture": "#0"},
				"down": {"uv": [0.375, 0, 0, 3.25], "texture": "#0"}
			}
		},
		{
			"from": [4.4375, 2.50103, 7.57174],
			"to": [11.5625, 3.50103, 8.32174],
			"rotation": {"angle": -45, "axis": "x", "origin": [8.00231, 3.05787, 1.90278]},
			"faces": {
				"north": {"uv": [0, 0, 7.125, 0.5], "texture": "#0"},
				"east": {"uv": [0, 0, 0.75, 0.5], "texture": "#0"},
				"south": {"uv": [0, 0, 7.125, 0.5], "texture": "#0"},
				"west": {"uv": [0, 0, 0.75, 0.5], "texture": "#0"},
				"up": {"uv": [0, 3.5, 14.25, 5], "texture": "#0"},
				"down": {"uv": [0, 0, 7.125, 0.75], "texture": "#0"}
			}
		},
		{
			"from": [4.875, 2.50103, 6.82174],
			"to": [11.125, 3.50103, 7.57174],
			"rotation": {"angle": -45, "axis": "x", "origin": [8.00231, 3.05787, 1.90278]},
			"faces": {
				"north": {"uv": [0, 0, 6.25, 0.5], "texture": "#0"},
				"east": {"uv": [0, 0, 0.75, 0.5], "texture": "#0"},
				"south": {"uv": [0, 0, 6.25, 0.5], "texture": "#0"},
				"west": {"uv": [0, 0, 0.75, 0.5], "texture": "#0"},
				"up": {"uv": [0, 3.5, 12.5, 5], "texture": "#0"},
				"down": {"uv": [0, 0, 6.25, 0.75], "texture": "#0"}
			}
		},
		{
			"from": [5.3125, 2.50103, 6.07174],
			"to": [10.6875, 3.50103, 6.82174],
			"rotation": {"angle": -45, "axis": "x", "origin": [8.00231, 3.05787, 1.90278]},
			"faces": {
				"north": {"uv": [0, 0, 5.375, 0.5], "texture": "#0"},
				"east": {"uv": [0, 0, 0.75, 0.5], "texture": "#0"},
				"south": {"uv": [0, 0, 5.375, 0.5], "texture": "#0"},
				"west": {"uv": [0, 0, 0.75, 0.5], "texture": "#0"},
				"up": {"uv": [0, 3.5, 10.75, 5], "texture": "#0"},
				"down": {"uv": [0, 0, 5.375, 0.75], "texture": "#0"}
			}
		},
		{
			"from": [5.5625, 2.50103, 5.44674],
			"to": [10.4375, 3.50103, 6.07174],
			"rotation": {"angle": -45, "axis": "x", "origin": [8.00231, 3.05787, 1.90278]},
			"faces": {
				"north": {"uv": [0, 0, 4.875, 0.5], "texture": "#0"},
				"east": {"uv": [0, 0, 0.625, 0.5], "texture": "#0"},
				"south": {"uv": [0, 0, 4.875, 0.5], "texture": "#0"},
				"west": {"uv": [0, 0, 0.625, 0.5], "texture": "#0"},
				"up": {"uv": [0, 3.5, 9.75, 4.75], "texture": "#0"},
				"down": {"uv": [0, 0, 4.875, 0.625], "texture": "#0"}
			}
		},
		{
			"from": [5.9375, 2.50103, 4.94674],
			"to": [10.0625, 3.50103, 5.44674],
			"rotation": {"angle": -45, "axis": "x", "origin": [8.00231, 3.05787, 1.90278]},
			"faces": {
				"north": {"uv": [0, 0, 4.125, 0.5], "texture": "#0"},
				"east": {"uv": [0, 0, 0.5, 0.5], "texture": "#0"},
				"south": {"uv": [0, 0, 4.125, 0.5], "texture": "#0"},
				"west": {"uv": [0, 0, 0.5, 0.5], "texture": "#0"},
				"up": {"uv": [0, 3.5, 8.25, 4.5], "texture": "#0"},
				"down": {"uv": [0, 0, 4.125, 0.5], "texture": "#0"}
			}
		},
		{
			"from": [6.1875, 2.50103, 4.44674],
			"to": [9.6875, 3.50103, 4.94674],
			"rotation": {"angle": -45, "axis": "x", "origin": [8.00231, 3.05787, 1.90278]},
			"faces": {
				"north": {"uv": [0, 0, 3.5, 0.5], "texture": "#0"},
				"east": {"uv": [0, 0, 0.5, 0.5], "texture": "#0"},
				"south": {"uv": [0, 0, 3.5, 0.5], "texture": "#0"},
				"west": {"uv": [0, 0, 0.5, 0.5], "texture": "#0"},
				"up": {"uv": [0, 3.5, 7, 4.5], "texture": "#0"},
				"down": {"uv": [0, 0, 3.5, 0.5], "texture": "#0"}
			}
		},
		{
			"from": [6.5625, 2.50103, 4.07174],
			"to": [9.4375, 3.50103, 4.44674],
			"rotation": {"angle": -45, "axis": "x", "origin": [8.00231, 3.05787, 1.90278]},
			"faces": {
				"north": {"uv": [0, 0, 2.875, 0.5], "texture": "#0"},
				"east": {"uv": [0, 0, 0.375, 0.5], "texture": "#0"},
				"south": {"uv": [0, 0, 2.875, 0.5], "texture": "#0"},
				"west": {"uv": [0, 0, 0.375, 0.5], "texture": "#0"},
				"up": {"uv": [0, 3.5, 5.75, 4.25], "texture": "#0"},
				"down": {"uv": [0, 0, 2.875, 0.375], "texture": "#0"}
			}
		},
		{
			"from": [6.8125, 2.50103, 3.44674],
			"to": [9.1875, 3.50103, 4.07174],
			"rotation": {"angle": -45, "axis": "x", "origin": [8.00231, 3.05787, 1.90278]},
			"faces": {
				"north": {"uv": [0, 0, 2.375, 0.5], "texture": "#0"},
				"east": {"uv": [0, 0, 0.625, 0.5], "texture": "#0"},
				"south": {"uv": [0, 0, 2.375, 0.5], "texture": "#0"},
				"west": {"uv": [0, 0, 0.625, 0.5], "texture": "#0"},
				"up": {"uv": [0, 3.5, 4.75, 4.75], "texture": "#0"},
				"down": {"uv": [0, 0, 2.375, 0.625], "texture": "#0"}
			}
		},
		{
			"from": [7.0625, 2.50103, 2.82174],
			"to": [8.9375, 3.50103, 3.44674],
			"rotation": {"angle": -45, "axis": "x", "origin": [8.00231, 3.05787, 1.90278]},
			"faces": {
				"north": {"uv": [0, 0, 1.875, 0.5], "texture": "#0"},
				"east": {"uv": [0, 0, 0.625, 0.5], "texture": "#0"},
				"south": {"uv": [0, 0, 1.875, 0.5], "texture": "#0"},
				"west": {"uv": [0, 0, 0.625, 0.5], "texture": "#0"},
				"up": {"uv": [0, 3.5, 3.75, 4.75], "texture": "#0"},
				"down": {"uv": [0, 0, 1.875, 0.625], "texture": "#0"}
			}
		},
		{
			"from": [7.3125, 2.50103, 2.19674],
			"to": [8.6875, 3.50103, 2.82174],
			"rotation": {"angle": -45, "axis": "x", "origin": [8.00231, 3.05787, 1.90278]},
			"faces": {
				"north": {"uv": [0, 0, 1.375, 0.5], "texture": "#0"},
				"east": {"uv": [0, 0, 0.625, 0.5], "texture": "#0"},
				"south": {"uv": [0, 0, 1.375, 0.5], "texture": "#0"},
				"west": {"uv": [0, 0, 0.625, 0.5], "texture": "#0"},
				"up": {"uv": [0, 3.5, 2.75, 4.75], "texture": "#0"},
				"down": {"uv": [0, 0, 1.375, 0.625], "texture": "#0"}
			}
		},
		{
			"from": [9.04452, 2.625, 10.71696],
			"to": [9.91952, 11.75, 11.59196],
			"rotation": {"angle": 22.5, "axis": "y", "origin": [9.54452, 5, 11.15446]},
			"faces": {
				"north": {"uv": [0, 0, 1.75, 1.75], "texture": "#1"},
				"east": {"uv": [0, 0, 1.75, 1.75], "texture": "#1"},
				"south": {"uv": [0, 0, 1.75, 1.75], "texture": "#1"},
				"west": {"uv": [6.25, 4, 4.5, 5.75], "texture": "#1"},
				"up": {"uv": [0, 0, 1.75, 1.75], "texture": "#1"},
				"down": {"uv": [0, 0, 1.75, 1.75], "texture": "#1"}
			}
		},
		{
			"from": [9.66509, 2.625, 10.37724],
			"to": [10.54009, 11.625, 11.25224],
			"rotation": {"angle": -45, "axis": "y", "origin": [10.10259, 5, 10.75224]},
			"faces": {
				"north": {"uv": [0, 0, 1.75, 1.5], "texture": "#1"},
				"east": {"uv": [0, 0, 1.75, 1.5], "texture": "#1"},
				"south": {"uv": [0, 0, 1.75, 1.5], "texture": "#1"},
				"west": {"uv": [6.25, 4, 4.5, 5.5], "texture": "#1"},
				"up": {"uv": [0, 0, 1.75, 1.75], "rotation": 270, "texture": "#1"},
				"down": {"uv": [0, 0, 1.75, 1.75], "rotation": 90, "texture": "#1"}
			}
		},
		{
			"from": [10.02676, 2.5, 9.79207],
			"to": [10.90176, 11, 10.66707],
			"rotation": {"angle": -22.5, "axis": "y", "origin": [10.46426, 5, 10.16707]},
			"faces": {
				"north": {"uv": [0, 0, 1.75, 2], "texture": "#1"},
				"east": {"uv": [0, 0, 1.75, 2], "texture": "#1"},
				"south": {"uv": [0, 0, 1.75, 2], "texture": "#1"},
				"west": {"uv": [6.25, 4, 4.5, 6], "texture": "#1"},
				"up": {"uv": [0, 0, 1.75, 1.75], "rotation": 270, "texture": "#1"},
				"down": {"uv": [0, 0, 1.75, 1.75], "rotation": 90, "texture": "#1"}
			}
		},
		{
			"from": [10.13696, 2.5, 9.48804],
			"to": [11.13696, 11, 9.98804],
			"rotation": {"angle": 0, "axis": "y", "origin": [10.57446, 5, 9.48804]},
			"faces": {
				"north": {"uv": [0, 0, 2, 2], "texture": "#1"},
				"east": {"uv": [0, 0, 1.75, 2], "texture": "#1"},
				"south": {"uv": [0, 0, 2, 2], "texture": "#1"},
				"west": {"uv": [6.25, 4, 4.5, 6], "texture": "#1"},
				"up": {"uv": [0, 0, 1.75, 2], "rotation": 270, "texture": "#1"},
				"down": {"uv": [0, 0, 1.75, 2], "rotation": 90, "texture": "#1"}
			}
		},
		{
			"from": [10.13696, 2.5, 9.11304],
			"to": [11.13696, 10.75, 9.48804],
			"rotation": {"angle": 0, "axis": "y", "origin": [10.57446, 5, 9.48804]},
			"faces": {
				"north": {"uv": [0, 0, 2, 2], "texture": "#1"},
				"east": {"uv": [0, 0, 1.75, 2], "texture": "#1"},
				"south": {"uv": [0, 0, 2, 2], "texture": "#1"},
				"west": {"uv": [6.25, 4, 4.5, 6], "texture": "#1"},
				"up": {"uv": [0, 0, 1.75, 2], "rotation": 270, "texture": "#1"},
				"down": {"uv": [0, 0, 1.75, 2], "rotation": 90, "texture": "#1"}
			}
		},
		{
			"from": [10.13696, 2.5, 8.61304],
			"to": [11.13696, 10.125, 9.11304],
			"rotation": {"angle": 0, "axis": "y", "origin": [10.57446, 5, 8.61304]},
			"faces": {
				"north": {"uv": [0, 0, 2, 2], "texture": "#1"},
				"east": {"uv": [0, 0, 1.75, 2], "texture": "#1"},
				"south": {"uv": [0, 0, 2, 2], "texture": "#1"},
				"west": {"uv": [6.25, 4, 4.5, 6], "texture": "#1"},
				"up": {"uv": [0, 0, 1.75, 2], "rotation": 270, "texture": "#1"},
				"down": {"uv": [0, 0, 1.75, 2], "rotation": 90, "texture": "#1"}
			}
		},
		{
			"from": [10.13696, 2.5, 8.23804],
			"to": [11.13696, 9.75, 8.61304],
			"rotation": {"angle": 0, "axis": "y", "origin": [10.57446, 5, 8.61304]},
			"faces": {
				"north": {"uv": [0, 0, 2, 2], "texture": "#1"},
				"east": {"uv": [0, 0, 1.75, 2], "texture": "#1"},
				"south": {"uv": [0, 0, 2, 2], "texture": "#1"},
				"west": {"uv": [6.25, 4, 4.5, 6], "texture": "#1"},
				"up": {"uv": [0, 0, 1.75, 2], "rotation": 270, "texture": "#1"},
				"down": {"uv": [0, 0, 1.75, 2], "rotation": 90, "texture": "#1"}
			}
		},
		{
			"from": [10.13696, 2.625, 7.61304],
			"to": [11.01196, 9.25, 8.23804],
			"rotation": {"angle": 0, "axis": "y", "origin": [10.57446, 5, 7.73804]},
			"faces": {
				"north": {"uv": [0, 0, 1.75, 1.75], "texture": "#1"},
				"east": {"uv": [0, 0, 1.25, 1.75], "texture": "#1"},
				"south": {"uv": [0, 0, 1.75, 1.75], "texture": "#1"},
				"west": {"uv": [5.75, 4, 4.5, 5.75], "texture": "#1"},
				"up": {"uv": [0, 0, 1.25, 1.75], "rotation": 270, "texture": "#1"},
				"down": {"uv": [0, 0, 1.25, 1.75], "rotation": 90, "texture": "#1"}
			}
		},
		{
			"from": [10.00284, 2.625, 7.18877],
			"to": [10.87784, 8.75, 7.81377],
			"rotation": {"angle": 22.5, "axis": "y", "origin": [10.44034, 3.75, 7.37627]},
			"faces": {
				"north": {"uv": [0, 0, 1.75, 1.75], "texture": "#1"},
				"east": {"uv": [0, 0, 1.25, 1.75], "texture": "#1"},
				"south": {"uv": [0, 0, 1.75, 1.75], "texture": "#1"},
				"west": {"uv": [5.75, 4, 4.5, 5.75], "texture": "#1"},
				"up": {"uv": [0, 0, 1.25, 1.75], "rotation": 270, "texture": "#1"},
				"down": {"uv": [0, 0, 1.25, 1.75], "rotation": 90, "texture": "#1"}
			}
		},
		{
			"from": [9.00946, 2.625, 6.89101],
			"to": [9.88446, 7.875, 7.76601],
			"rotation": {"angle": 45, "axis": "y", "origin": [9.44696, 3.5, 6.32851]},
			"faces": {
				"north": {"uv": [0, 0, 1.75, 1.75], "texture": "#1"},
				"east": {"uv": [0, 0, 3.75, 1.75], "texture": "#1"},
				"south": {"uv": [0, 0, 1.75, 1.75], "texture": "#1"},
				"west": {"uv": [8.25, 4, 4.5, 5.75], "texture": "#1"},
				"up": {"uv": [0, 0, 3.75, 1.75], "rotation": 270, "texture": "#1"},
				"down": {"uv": [0, 0, 3.75, 1.75], "rotation": 90, "texture": "#1"}
			}
		},
		{
			"from": [9.00946, 2.625, 5.89101],
			"to": [9.88446, 7.5, 6.89101],
			"rotation": {"angle": 45, "axis": "y", "origin": [9.44696, 3.5, 6.32851]},
			"faces": {
				"north": {"uv": [0, 0, 1.75, 1.75], "texture": "#1"},
				"east": {"uv": [0, 0, 3.75, 1.75], "texture": "#1"},
				"south": {"uv": [0, 0, 1.75, 1.75], "texture": "#1"},
				"west": {"uv": [8.25, 4, 4.5, 5.75], "texture": "#1"},
				"up": {"uv": [0, 0, 3.75, 1.75], "rotation": 270, "texture": "#1"},
				"down": {"uv": [0, 0, 3.75, 1.75], "rotation": 90, "texture": "#1"}
			}
		},
		{
			"from": [8.34217, 2.625, 5.30455],
			"to": [9.21717, 6.5, 5.92955],
			"rotation": {"angle": 22.5, "axis": "y", "origin": [8.77967, 3.5, 5.24205]},
			"faces": {
				"north": {"uv": [0, 0, 1.75, 1.75], "texture": "#1"},
				"east": {"uv": [0, 0, 2, 1.75], "texture": "#1"},
				"south": {"uv": [0, 0, 1.75, 1.75], "texture": "#1"},
				"west": {"uv": [6.5, 4, 4.5, 5.75], "texture": "#1"},
				"up": {"uv": [0, 0, 2, 1.75], "rotation": 270, "texture": "#1"},
				"down": {"uv": [0, 0, 2, 1.75], "rotation": 90, "texture": "#1"}
			}
		},
		{
			"from": [7.34289, 2.375, 2.34889],
			"to": [7.96789, 3.875, 3.34889],
			"rotation": {"angle": -22.5, "axis": "y", "origin": [8.03039, 3.75, 3.91139]},
			"faces": {
				"north": {"uv": [1.25, 0, 0, 1.5], "texture": "#1"},
				"east": {"uv": [2, 0, 0, 1.5], "texture": "#1"},
				"south": {"uv": [1.25, 0, 0, 1.5], "texture": "#1"},
				"west": {"uv": [6.5, 4, 4.5, 5.5], "texture": "#1"},
				"up": {"uv": [0, 1.25, 2, 0], "rotation": 270, "texture": "#1"},
				"down": {"uv": [0, 1.25, 2, 0], "rotation": 90, "texture": "#1"}
			}
		},
		{
			"from": [7.72031, 2.5, 3.17824],
			"to": [8.59531, 4.75, 4.42824],
			"rotation": {"angle": 22.5, "axis": "y", "origin": [8.15781, 3.875, 3.74074]},
			"faces": {
				"north": {"uv": [0, 0, 1.75, 2], "texture": "#1"},
				"east": {"uv": [0, 0, 2.5, 2], "texture": "#1"},
				"south": {"uv": [0, 0, 1.75, 2], "texture": "#1"},
				"west": {"uv": [7, 4, 4.5, 6], "texture": "#1"},
				"up": {"uv": [0, 0, 2.5, 1.75], "rotation": 270, "texture": "#1"},
				"down": {"uv": [0, 0, 2.5, 1.75], "rotation": 90, "texture": "#1"}
			}
		},
		{
			"from": [7.72031, 2.625, 4.80324],
			"to": [8.59531, 6.125, 5.42824],
			"rotation": {"angle": 22.5, "axis": "y", "origin": [8.15781, 3.875, 3.74074]},
			"faces": {
				"north": {"uv": [0, 0, 1.75, 1.5], "texture": "#1"},
				"east": {"uv": [0, 0, 1.25, 1.5], "texture": "#1"},
				"south": {"uv": [0, 0, 1.75, 1.5], "texture": "#1"},
				"west": {"uv": [5.75, 4, 4.5, 5.5], "texture": "#1"},
				"up": {"uv": [0, 0, 1.25, 1.75], "rotation": 270, "texture": "#1"},
				"down": {"uv": [0, 0, 1.25, 1.75], "rotation": 90, "texture": "#1"}
			}
		},
		{
			"from": [7.72031, 2.625, 4.42824],
			"to": [8.59531, 5.75, 4.80324],
			"rotation": {"angle": 22.5, "axis": "y", "origin": [8.15781, 3.875, 3.74074]},
			"faces": {
				"north": {"uv": [0, 0, 1.75, 1.5], "texture": "#1"},
				"east": {"uv": [0, 0, 1.25, 1.5], "texture": "#1"},
				"south": {"uv": [0, 0, 1.75, 1.5], "texture": "#1"},
				"west": {"uv": [5.75, 4, 4.5, 5.5], "texture": "#1"},
				"up": {"uv": [0, 0, 1.25, 1.75], "rotation": 270, "texture": "#1"},
				"down": {"uv": [0, 0, 1.25, 1.75], "rotation": 90, "texture": "#1"}
			}
		},
		{
			"from": [8.03211, 2.375, 2.34889],
			"to": [8.65711, 3.875, 3.34889],
			"rotation": {"angle": 22.5, "axis": "y", "origin": [7.96961, 3.75, 3.91139]},
			"faces": {
				"north": {"uv": [0, 0, 1.25, 1.5], "texture": "#1"},
				"east": {"uv": [0, 0, 2, 1.5], "texture": "#1"},
				"south": {"uv": [0, 0, 1.25, 1.5], "texture": "#1"},
				"west": {"uv": [6.5, 4, 4.5, 5.5], "texture": "#1"},
				"up": {"uv": [0, 0, 2, 1.25], "rotation": 270, "texture": "#1"},
				"down": {"uv": [0, 0, 2, 1.25], "rotation": 90, "texture": "#1"}
			}
		},
		{
			"from": [6.08048, 2.625, 10.71696],
			"to": [6.95548, 11.75, 11.59196],
			"rotation": {"angle": -22.5, "axis": "y", "origin": [6.45548, 5, 11.15446]},
			"faces": {
				"north": {"uv": [1.75, 0, 0, 1.75], "texture": "#1"},
				"east": {"uv": [4.5, 4, 6.25, 5.75], "texture": "#1"},
				"south": {"uv": [1.75, 0, 0, 1.75], "texture": "#1"},
				"west": {"uv": [1.75, 0, 0, 1.75], "texture": "#1"},
				"up": {"uv": [1.75, 0, 0, 1.75], "texture": "#1"},
				"down": {"uv": [1.75, 0, 0, 1.75], "texture": "#1"}
			}
		},
		{
			"from": [5.45991, 2.625, 10.37724],
			"to": [6.33491, 11.625, 11.25224],
			"rotation": {"angle": 45, "axis": "y", "origin": [5.89741, 5, 10.75224]},
			"faces": {
				"north": {"uv": [1.75, 0, 0, 1.5], "texture": "#1"},
				"east": {"uv": [4.5, 4, 6.25, 5.5], "texture": "#1"},
				"south": {"uv": [1.75, 0, 0, 1.5], "texture": "#1"},
				"west": {"uv": [1.75, 0, 0, 1.5], "texture": "#1"},
				"up": {"uv": [0, 1.75, 1.75, 0], "rotation": 270, "texture": "#1"},
				"down": {"uv": [0, 1.75, 1.75, 0], "rotation": 90, "texture": "#1"}
			}
		},
		{
			"from": [5.09824, 2.5, 9.79207],
			"to": [5.97324, 11, 10.66707],
			"rotation": {"angle": 22.5, "axis": "y", "origin": [5.53574, 5, 10.16707]},
			"faces": {
				"north": {"uv": [1.75, 0, 0, 2], "texture": "#1"},
				"east": {"uv": [4.5, 4, 6.25, 6], "texture": "#1"},
				"south": {"uv": [1.75, 0, 0, 2], "texture": "#1"},
				"west": {"uv": [1.75, 0, 0, 2], "texture": "#1"},
				"up": {"uv": [0, 1.75, 1.75, 0], "rotation": 270, "texture": "#1"},
				"down": {"uv": [0, 1.75, 1.75, 0], "rotation": 90, "texture": "#1"}
			}
		},
		{
			"from": [4.86304, 2.5, 9.48804],
			"to": [5.86304, 11, 9.98804],
			"rotation": {"angle": 0, "axis": "y", "origin": [5.42554, 5, 9.48804]},
			"faces": {
				"north": {"uv": [2, 0, 0, 2], "texture": "#1"},
				"east": {"uv": [4.5, 4, 6.25, 6], "texture": "#1"},
				"south": {"uv": [2, 0, 0, 2], "texture": "#1"},
				"west": {"uv": [1.75, 0, 0, 2], "texture": "#1"},
				"up": {"uv": [0, 2, 1.75, 0], "rotation": 270, "texture": "#1"},
				"down": {"uv": [0, 2, 1.75, 0], "rotation": 90, "texture": "#1"}
			}
		},
		{
			"from": [4.86304, 2.5, 9.11304],
			"to": [5.86304, 10.75, 9.48804],
			"rotation": {"angle": 0, "axis": "y", "origin": [5.42554, 5, 9.48804]},
			"faces": {
				"north": {"uv": [2, 0, 0, 2], "texture": "#1"},
				"east": {"uv": [4.5, 4, 6.25, 6], "texture": "#1"},
				"south": {"uv": [2, 0, 0, 2], "texture": "#1"},
				"west": {"uv": [1.75, 0, 0, 2], "texture": "#1"},
				"up": {"uv": [0, 2, 1.75, 0], "rotation": 270, "texture": "#1"},
				"down": {"uv": [0, 2, 1.75, 0], "rotation": 90, "texture": "#1"}
			}
		},
		{
			"from": [4.86304, 2.5, 8.61304],
			"to": [5.86304, 10.125, 9.11304],
			"rotation": {"angle": 0, "axis": "y", "origin": [5.42554, 5, 8.61304]},
			"faces": {
				"north": {"uv": [2, 0, 0, 2], "texture": "#1"},
				"east": {"uv": [4.5, 4, 6.25, 6], "texture": "#1"},
				"south": {"uv": [2, 0, 0, 2], "texture": "#1"},
				"west": {"uv": [1.75, 0, 0, 2], "texture": "#1"},
				"up": {"uv": [0, 2, 1.75, 0], "rotation": 270, "texture": "#1"},
				"down": {"uv": [0, 2, 1.75, 0], "rotation": 90, "texture": "#1"}
			}
		},
		{
			"from": [4.86304, 2.5, 8.23804],
			"to": [5.86304, 9.75, 8.61304],
			"rotation": {"angle": 0, "axis": "y", "origin": [5.42554, 5, 8.61304]},
			"faces": {
				"north": {"uv": [2, 0, 0, 2], "texture": "#1"},
				"east": {"uv": [4.5, 4, 6.25, 6], "texture": "#1"},
				"south": {"uv": [2, 0, 0, 2], "texture": "#1"},
				"west": {"uv": [1.75, 0, 0, 2], "texture": "#1"},
				"up": {"uv": [0, 2, 1.75, 0], "rotation": 270, "texture": "#1"},
				"down": {"uv": [0, 2, 1.75, 0], "rotation": 90, "texture": "#1"}
			}
		},
		{
			"from": [4.98804, 2.625, 7.61304],
			"to": [5.86304, 9.25, 8.23804],
			"rotation": {"angle": 0, "axis": "y", "origin": [5.42554, 5, 7.73804]},
			"faces": {
				"north": {"uv": [1.75, 0, 0, 1.75], "texture": "#1"},
				"east": {"uv": [4.5, 4, 5.75, 5.75], "texture": "#1"},
				"south": {"uv": [1.75, 0, 0, 1.75], "texture": "#1"},
				"west": {"uv": [1.25, 0, 0, 1.75], "texture": "#1"},
				"up": {"uv": [0, 1.75, 1.25, 0], "rotation": 270, "texture": "#1"},
				"down": {"uv": [0, 1.75, 1.25, 0], "rotation": 90, "texture": "#1"}
			}
		},
		{
			"from": [5.12216, 2.625, 7.18877],
			"to": [5.99716, 8.75, 7.81377],
			"rotation": {"angle": -22.5, "axis": "y", "origin": [5.55966, 3.75, 7.37627]},
			"faces": {
				"north": {"uv": [1.75, 0, 0, 1.75], "texture": "#1"},
				"east": {"uv": [4.5, 4, 5.75, 5.75], "texture": "#1"},
				"south": {"uv": [1.75, 0, 0, 1.75], "texture": "#1"},
				"west": {"uv": [1.25, 0, 0, 1.75], "texture": "#1"},
				"up": {"uv": [0, 1.75, 1.25, 0], "rotation": 270, "texture": "#1"},
				"down": {"uv": [0, 1.75, 1.25, 0], "rotation": 90, "texture": "#1"}
			}
		},
		{
			"from": [6.11554, 2.625, 6.89101],
			"to": [6.99054, 7.875, 7.76601],
			"rotation": {"angle": -45, "axis": "y", "origin": [6.55304, 3.5, 6.32851]},
			"faces": {
				"north": {"uv": [1.75, 0, 0, 1.75], "texture": "#1"},
				"east": {"uv": [4.5, 4, 8.25, 5.75], "texture": "#1"},
				"south": {"uv": [1.75, 0, 0, 1.75], "texture": "#1"},
				"west": {"uv": [3.75, 0, 0, 1.75], "texture": "#1"},
				"up": {"uv": [0, 1.75, 3.75, 0], "rotation": 270, "texture": "#1"},
				"down": {"uv": [0, 1.75, 3.75, 0], "rotation": 90, "texture": "#1"}
			}
		},
		{
			"from": [6.11554, 2.625, 5.89101],
			"to": [6.99054, 7.5, 6.89101],
			"rotation": {"angle": -45, "axis": "y", "origin": [6.55304, 3.5, 6.32851]},
			"faces": {
				"north": {"uv": [1.75, 0, 0, 1.75], "texture": "#1"},
				"east": {"uv": [4.5, 4, 8.25, 5.75], "texture": "#1"},
				"south": {"uv": [1.75, 0, 0, 1.75], "texture": "#1"},
				"west": {"uv": [3.75, 0, 0, 1.75], "texture": "#1"},
				"up": {"uv": [0, 1.75, 3.75, 0], "rotation": 270, "texture": "#1"},
				"down": {"uv": [0, 1.75, 3.75, 0], "rotation": 90, "texture": "#1"}
			}
		},
		{
			"from": [6.78283, 2.625, 5.30455],
			"to": [7.65783, 6.5, 5.92955],
			"rotation": {"angle": -22.5, "axis": "y", "origin": [7.22033, 3.5, 5.24205]},
			"faces": {
				"north": {"uv": [1.75, 0, 0, 1.75], "texture": "#1"},
				"east": {"uv": [4.5, 4, 6.5, 5.75], "texture": "#1"},
				"south": {"uv": [1.75, 0, 0, 1.75], "texture": "#1"},
				"west": {"uv": [2, 0, 0, 1.75], "texture": "#1"},
				"up": {"uv": [0, 1.75, 2, 0], "rotation": 270, "texture": "#1"},
				"down": {"uv": [0, 1.75, 2, 0], "rotation": 90, "texture": "#1"}
			}
		},
		{
			"from": [6.75, 2.625, 10.75],
			"to": [9.25, 11.875, 11.75],
			"rotation": {"angle": 0, "axis": "y", "origin": [8.125, 5.125, 11.1875]},
			"faces": {
				"north": {"uv": [0, 0, 5, 1.5], "texture": "#1"},
				"east": {"uv": [4.5, 4, 6.5, 5.5], "texture": "#1"},
				"south": {"uv": [0, 0, 5, 1.5], "texture": "#1"},
				"west": {"uv": [0, 0, 2, 1.5], "texture": "#1"},
				"up": {"uv": [0, 0, 5, 2], "texture": "#1"},
				"down": {"uv": [0, 0, 5, 2], "texture": "#1"}
			}
		},
		{
			"from": [8.03211, 2.375, 2.34889],
			"to": [8.65711, 3.875, 3.34889],
			"rotation": {"angle": 22.5, "axis": "y", "origin": [7.96961, 3.75, 3.91139]},
			"faces": {
				"north": {"uv": [0, 0, 1.25, 1.5], "texture": "#1"},
				"east": {"uv": [4.5, 4, 6.5, 5.5], "texture": "#1"},
				"south": {"uv": [0, 0, 1.25, 1.5], "texture": "#1"},
				"west": {"uv": [0, 0, 2, 1.5], "texture": "#1"},
				"up": {"uv": [0, 0, 2, 1.25], "rotation": 270, "texture": "#1"},
				"down": {"uv": [0, 0, 2, 1.25], "rotation": 90, "texture": "#1"}
			}
		},
		{
			"from": [7.40469, 2.5, 3.17824],
			"to": [8.27969, 4.75, 4.42824],
			"rotation": {"angle": -22.5, "axis": "y", "origin": [7.84219, 3.875, 3.74074]},
			"faces": {
				"north": {"uv": [1.75, 0, 0, 2], "texture": "#1"},
				"east": {"uv": [4.5, 4, 7, 6], "texture": "#1"},
				"south": {"uv": [1.75, 0, 0, 2], "texture": "#1"},
				"west": {"uv": [2.5, 0, 0, 2], "texture": "#1"},
				"up": {"uv": [0, 1.75, 2.5, 0], "rotation": 270, "texture": "#1"},
				"down": {"uv": [0, 1.75, 2.5, 0], "rotation": 90, "texture": "#1"}
			}
		},
		{
			"from": [7.40469, 2.625, 4.80324],
			"to": [8.27969, 6.125, 5.42824],
			"rotation": {"angle": -22.5, "axis": "y", "origin": [7.84219, 3.875, 3.74074]},
			"faces": {
				"north": {"uv": [1.75, 0, 0, 1.5], "texture": "#1"},
				"east": {"uv": [4.5, 4, 5.75, 5.5], "texture": "#1"},
				"south": {"uv": [1.75, 0, 0, 1.5], "texture": "#1"},
				"west": {"uv": [1.25, 0, 0, 1.5], "texture": "#1"},
				"up": {"uv": [0, 1.75, 1.25, 0], "rotation": 270, "texture": "#1"},
				"down": {"uv": [0, 1.75, 1.25, 0], "rotation": 90, "texture": "#1"}
			}
		},
		{
			"from": [7.40469, 2.625, 4.42824],
			"to": [8.27969, 5.75, 4.80324],
			"rotation": {"angle": -22.5, "axis": "y", "origin": [7.84219, 3.875, 3.74074]},
			"faces": {
				"north": {"uv": [1.75, 0, 0, 1.5], "texture": "#1"},
				"east": {"uv": [4.5, 4, 5.75, 5.5], "texture": "#1"},
				"south": {"uv": [1.75, 0, 0, 1.5], "texture": "#1"},
				"west": {"uv": [1.25, 0, 0, 1.5], "texture": "#1"},
				"up": {"uv": [0, 1.75, 1.25, 0], "rotation": 270, "texture": "#1"},
				"down": {"uv": [0, 1.75, 1.25, 0], "rotation": 90, "texture": "#1"}
			}
		},
		{
			"from": [7.34289, 2.375, 2.34889],
			"to": [7.96789, 3.875, 3.34889],
			"rotation": {"angle": -22.5, "axis": "y", "origin": [8.03039, 3.75, 3.91139]},
			"faces": {
				"north": {"uv": [1.25, 0, 0, 1.5], "texture": "#1"},
				"east": {"uv": [4.5, 4, 6.5, 5.5], "texture": "#1"},
				"south": {"uv": [1.25, 0, 0, 1.5], "texture": "#1"},
				"west": {"uv": [2, 0, 0, 1.5], "texture": "#1"},
				"up": {"uv": [0, 1.25, 2, 0], "rotation": 270, "texture": "#1"},
				"down": {"uv": [0, 1.25, 2, 0], "rotation": 90, "texture": "#1"}
			}
		}
	],
	"groups": [
		{
			"name": "bottom",
			"origin": [11.6875, 10.0625, -7.0625],
			"children": [0, 1, 2, 3, 4, 5, 6, 7, 8, 9, 10, 11, 12, 13, 14, 15, 16, 17, 18, 19, 20, 21, 22, 23, 24, 25, 26, 27, 28]
		},
		{
			"name": "top",
			"origin": [11.6875, 10.0625, -7.0625],
			"children": [29, 30, 31, 32, 33, 34, 35, 36, 37, 38, 39, 40, 41, 42, 43, 44, 45, 46, 47, 48, 49, 50, 51, 52, 53, 54, 55]
		},
		{
			"name": "middle",
			"origin": [8.125, 5.125, 12.9375],
			"children": [56, 57, 58, 59, 60, 61, 62, 63, 64, 65, 66, 67, 68, 69, 70, 71, 72]
		},
		{
			"name": "middle",
			"origin": [8.125, 5.125, 12.9375],
			"children": [73, 74, 75, 76, 77, 78, 79, 80, 81, 82, 83, 84, 85, 86, 87, 88, 89, 90]
		}
	]
}