{
	"credit": "Made with Blockbench",
	"textures": {
		"0": "block/stripped_acacia_log",
		"1": "block/anvil",
		"2": "block/iron_block",
		"particle": "block/stripped_acacia_log"
	},
	"elements": [
		{
			"from": [3.875, 2.1875, 8.375],
			"to": [12.125, 2.6875, 12.625],
			"rotation": {"angle": 0, "axis": "y", "origin": [11.375, 10.0625, 1.375]},
			"faces": {
				"north": {"uv": [0, 0, 8.25, 0.5], "texture": "#0"},
				"east": {"uv": [0, 0, 4.25, 0.5], "texture": "#0"},
				"south": {"uv": [0, 0, 8.25, 0.5], "texture": "#0"},
				"west": {"uv": [0, 0, 4.25, 0.5], "texture": "#0"},
				"up": {"uv": [0, 3.5, 8.25, 7.75], "texture": "#0"},
				"down": {"uv": [0, 0, 8.25, 4.25], "texture": "#0"}
			}
		},
		{
			"from": [4.25, 2.1875, 12.625],
			"to": [11.875, 2.6875, 13.125],
			"rotation": {"angle": 0, "axis": "y", "origin": [11.375, 10.0625, 5.25]},
			"faces": {
				"north": {"uv": [0, 0, 7.625, 0.5], "texture": "#0"},
				"east": {"uv": [0, 0, 0.5, 0.5], "texture": "#0"},
				"south": {"uv": [0, 0, 7.625, 0.5], "texture": "#0"},
				"west": {"uv": [0, 0, 0.5, 0.5], "texture": "#0"},
				"up": {"uv": [0, 3.5, 7.625, 4], "texture": "#0"},
				"down": {"uv": [0, 0, 7.625, 0.5], "texture": "#0"}
			}
		},
		{
			"from": [4.5625, 2.1875, 13.125],
			"to": [11.4375, 2.6875, 13.625],
			"rotation": {"angle": 0, "axis": "y", "origin": [11.3125, 10.0625, 5.75]},
			"faces": {
				"north": {"uv": [0, 0, 6.875, 0.5], "texture": "#0"},
				"east": {"uv": [0, 0, 0.5, 0.5], "texture": "#0"},
				"south": {"uv": [0, 0, 6.875, 0.5], "texture": "#0"},
				"west": {"uv": [0, 0, 0.5, 0.5], "texture": "#0"},
				"up": {"uv": [0, 3.5, 6.875, 4], "texture": "#0"},
				"down": {"uv": [0, 0, 6.875, 0.5], "texture": "#0"}
			}
		},
		{
			"from": [5.0625, 2.1875, 13.625],
			"to": [10.8125, 2.6875, 14],
			"rotation": {"angle": 0, "axis": "y", "origin": [11.3125, 10.0625, 6.25]},
			"faces": {
				"north": {"uv": [0, 0, 5.75, 0.5], "texture": "#0"},
				"east": {"uv": [0, 0, 0.375, 0.5], "texture": "#0"},
				"south": {"uv": [0, 0, 5.75, 0.5], "texture": "#0"},
				"west": {"uv": [0, 0, 0.375, 0.5], "texture": "#0"},
				"up": {"uv": [0, 3.5, 5.75, 3.875], "texture": "#0"},
				"down": {"uv": [0, 0, 5.75, 0.375], "texture": "#0"}
			}
		},
		{
			"from": [5.5625, 2.1875, 14],
			"to": [10.4375, 2.6875, 14.375],
			"rotation": {"angle": 0, "axis": "y", "origin": [11.3125, 10.0625, 6.625]},
			"faces": {
				"north": {"uv": [0, 0, 4.875, 0.5], "texture": "#0"},
				"east": {"uv": [0, 0, 0.375, 0.5], "texture": "#0"},
				"south": {"uv": [0, 0, 4.875, 0.5], "texture": "#0"},
				"west": {"uv": [0, 0, 0.375, 0.5], "texture": "#0"},
				"up": {"uv": [0, 3.5, 4.875, 3.875], "texture": "#0"},
				"down": {"uv": [0, 0, 4.875, 0.375], "texture": "#0"}
			}
		},
		{
			"from": [6.375, 2.1875, 14.375],
			"to": [9.625, 2.6875, 15],
			"rotation": {"angle": 0, "axis": "y", "origin": [11.75, 10.0625, 6.625]},
			"faces": {
				"north": {"uv": [0, 0, 3.25, 0.5], "texture": "#0"},
				"east": {"uv": [0, 0, 0.625, 0.5], "texture": "#0"},
				"south": {"uv": [0, 0, 3.25, 0.5], "texture": "#0"},
				"west": {"uv": [0, 0, 0.625, 0.5], "texture": "#0"},
				"up": {"uv": [0, 3.5, 3.25, 4.125], "texture": "#0"},
				"down": {"uv": [0, 0, 3.25, 0.625], "texture": "#0"}
			}
		},
		{
			"from": [6.75, 2.1875, 15],
			"to": [9.375, 2.6875, 15.625],
			"rotation": {"angle": 0, "axis": "y", "origin": [11.75, 10.0625, 7.25]},
			"faces": {
				"north": {"uv": [0, 0, 2.625, 0.5], "texture": "#0"},
				"east": {"uv": [0, 0, 0.625, 0.5], "texture": "#0"},
				"south": {"uv": [0, 0, 2.625, 0.5], "texture": "#0"},
				"west": {"uv": [0, 0, 0.625, 0.5], "texture": "#0"},
				"up": {"uv": [0, 3.5, 2.625, 4.125], "texture": "#0"},
				"down": {"uv": [0, 0, 2.625, 0.625], "texture": "#0"}
			}
		},
		{
			"from": [7.25, 2.1875, 15.625],
			"to": [8.75, 2.6875, 19],
			"rotation": {"angle": 0, "axis": "y", "origin": [11.375, 10.0625, 7.875]},
			"faces": {
				"north": {"uv": [0, 0, 1.5, 0.5], "texture": "#0"},
				"east": {"uv": [0, 0, 3.375, 0.5], "texture": "#0"},
				"south": {"uv": [0, 0, 1.5, 0.5], "texture": "#0"},
				"west": {"uv": [0, 0, 3.375, 0.5], "texture": "#0"},
				"up": {"uv": [0, 3.5, 1.5, 6.875], "texture": "#0"},
				"down": {"uv": [0, 0, 1.5, 3.375], "texture": "#0"}
			}
		},
		{
			"from": [7.5, 2.1875, 19],
			"to": [8.5, 2.6875, 19.25],
			"rotation": {"angle": 0, "axis": "y", "origin": [11.375, 10.0625, 8.125]},
			"faces": {
				"north": {"uv": [0, 0, 1, 0.5], "texture": "#0"},
				"east": {"uv": [0, 0, 0.25, 0.5], "texture": "#0"},
				"south": {"uv": [0, 0, 1, 0.5], "texture": "#0"},
				"west": {"uv": [0, 0, 0.25, 0.5], "texture": "#0"},
				"up": {"uv": [0, 3.5, 1, 3.75], "texture": "#0"},
				"down": {"uv": [0, 0, 1, 0.25], "texture": "#0"}
			}
		},
		{
			"from": [4.25, 2.1875, 12.625],
			"to": [11.875, 2.6875, 13.125],
			"rotation": {"angle": 0, "axis": "y", "origin": [11.375, 10.0625, 5.25]},
			"faces": {
				"north": {"uv": [0, 0, 7.625, 0.5], "texture": "#0"},
				"east": {"uv": [0, 0, 0.5, 0.5], "texture": "#0"},
				"south": {"uv": [0, 0, 7.625, 0.5], "texture": "#0"},
				"west": {"uv": [0, 0, 0.5, 0.5], "texture": "#0"},
				"up": {"uv": [0, 3.5, 7.625, 4], "texture": "#0"},
				"down": {"uv": [0, 0, 7.625, 0.5], "texture": "#0"}
			}
		},
		{
			"from": [4.25, 2.1875, 12.625],
			"to": [11.875, 2.6875, 13.125],
			"rotation": {"angle": 0, "axis": "y", "origin": [11.375, 10.0625, 5.25]},
			"faces": {
				"north": {"uv": [0, 0, 7.625, 0.5], "texture": "#0"},
				"east": {"uv": [0, 0, 0.5, 0.5], "texture": "#0"},
				"south": {"uv": [0, 0, 7.625, 0.5], "texture": "#0"},
				"west": {"uv": [0, 0, 0.5, 0.5], "texture": "#0"},
				"up": {"uv": [0, 3.5, 7.625, 4], "texture": "#0"},
				"down": {"uv": [0, 0, 7.625, 0.5], "texture": "#0"}
			}
		},
		{
			"from": [3.5, 2.1875, 8.875],
			"to": [3.875, 2.6875, 12.125],
			"rotation": {"angle": 0, "axis": "y", "origin": [11.375, 10.0625, 1.375]},
			"faces": {
				"north": {"uv": [0, 0, 0.375, 0.5], "texture": "#0"},
				"east": {"uv": [0, 0, 3.25, 0.5], "texture": "#0"},
				"south": {"uv": [0, 0, 0.375, 0.5], "texture": "#0"},
				"west": {"uv": [0, 0, 3.25, 0.5], "texture": "#0"},
				"up": {"uv": [0, 3.5, 0.375, 6.75], "texture": "#0"},
				"down": {"uv": [0, 0, 0.375, 3.25], "texture": "#0"}
			}
		},
		{
			"from": [3.25, 2.1875, 9.375],
			"to": [3.5, 2.6875, 11.625],
			"rotation": {"angle": 0, "axis": "y", "origin": [11, 10.0625, 1.375]},
			"faces": {
				"north": {"uv": [0, 0, 0.25, 0.5], "texture": "#0"},
				"east": {"uv": [0, 0, 2.25, 0.5], "texture": "#0"},
				"south": {"uv": [0, 0, 0.25, 0.5], "texture": "#0"},
				"west": {"uv": [0, 0, 2.25, 0.5], "texture": "#0"},
				"up": {"uv": [0, 3.5, 0.25, 5.75], "texture": "#0"},
				"down": {"uv": [0, 0, 0.25, 2.25], "texture": "#0"}
			}
		},
		{
			"from": [12.5, 2.1875, 9.375],
			"to": [12.75, 2.6875, 11.625],
			"rotation": {"angle": 0, "axis": "y", "origin": [5, 10.0625, 1.375]},
			"faces": {
				"north": {"uv": [0.25, 0, 0, 0.5], "texture": "#0"},
				"east": {"uv": [2.25, 0, 0, 0.5], "texture": "#0"},
				"south": {"uv": [0.25, 0, 0, 0.5], "texture": "#0"},
				"west": {"uv": [2.25, 0, 0, 0.5], "texture": "#0"},
				"up": {"uv": [0, 3.5, 0.25, 5.75], "texture": "#0"},
				"down": {"uv": [0.25, 0, 0, 2.25], "texture": "#0"}
			}
		},
		{
			"from": [12.125, 2.1875, 8.875],
			"to": [12.5, 2.6875, 12.125],
			"rotation": {"angle": 0, "axis": "y", "origin": [4.625, 10.0625, 1.375]},
			"faces": {
				"north": {"uv": [0.375, 0, 0, 0.5], "texture": "#0"},
				"east": {"uv": [3.25, 0, 0, 0.5], "texture": "#0"},
				"south": {"uv": [0.375, 0, 0, 0.5], "texture": "#0"},
				"west": {"uv": [3.25, 0, 0, 0.5], "texture": "#0"},
				"up": {"uv": [0, 3.5, 0.375, 6.75], "texture": "#0"},
				"down": {"uv": [0.375, 0, 0, 3.25], "texture": "#0"}
			}
		},
		{
			"from": [4.4375, 2.1875, 7.6875],
			"to": [11.5625, 2.6875, 8.4375],
			"rotation": {"angle": 0, "axis": "y", "origin": [11.3125, 10.0625, 0.3125]},
			"faces": {
				"north": {"uv": [0, 0, 7.125, 0.5], "texture": "#0"},
				"east": {"uv": [0, 0, 0.75, 0.5], "texture": "#0"},
				"south": {"uv": [0, 0, 7.125, 0.5], "texture": "#0"},
				"west": {"uv": [0, 0, 0.75, 0.5], "texture": "#0"},
				"up": {"uv": [0, 3.5, 7.125, 4.25], "texture": "#0"},
				"down": {"uv": [0, 0, 7.125, 0.75], "texture": "#0"}
			}
		},
		{
			"from": [4.875, 2.1875, 6.9375],
			"to": [11.125, 2.6875, 7.6875],
			"rotation": {"angle": 0, "axis": "y", "origin": [11.375, 10.0625, -0.8125]},
			"faces": {
				"north": {"uv": [0, 0, 6.25, 0.5], "texture": "#0"},
				"east": {"uv": [0, 0, 0.75, 0.5], "texture": "#0"},
				"south": {"uv": [0, 0, 6.25, 0.5], "texture": "#0"},
				"west": {"uv": [0, 0, 0.75, 0.5], "texture": "#0"},
				"up": {"uv": [0, 3.5, 6.25, 4.25], "texture": "#0"},
				"down": {"uv": [0, 0, 6.25, 0.75], "texture": "#0"}
			}
		},
		{
			"from": [5.3125, 2.1875, 6.1875],
			"to": [10.6875, 2.6875, 6.9375],
			"rotation": {"angle": 0, "axis": "y", "origin": [11.4375, 10.0625, -1.5625]},
			"faces": {
				"north": {"uv": [0, 0, 5.375, 0.5], "texture": "#0"},
				"east": {"uv": [0, 0, 0.75, 0.5], "texture": "#0"},
				"south": {"uv": [0, 0, 5.375, 0.5], "texture": "#0"},
				"west": {"uv": [0, 0, 0.75, 0.5], "texture": "#0"},
				"up": {"uv": [0, 3.5, 5.375, 4.25], "texture": "#0"},
				"down": {"uv": [0, 0, 5.375, 0.75], "texture": "#0"}
			}
		},
		{
			"from": [5.5625, 2.1875, 5.5625],
			"to": [10.4375, 2.6875, 6.1875],
			"rotation": {"angle": 0, "axis": "y", "origin": [11.4375, 10.0625, -2.3125]},
			"faces": {
				"north": {"uv": [0, 0, 4.875, 0.5], "texture": "#0"},
				"east": {"uv": [0, 0, 0.625, 0.5], "texture": "#0"},
				"south": {"uv": [0, 0, 4.875, 0.5], "texture": "#0"},
				"west": {"uv": [0, 0, 0.625, 0.5], "texture": "#0"},
				"up": {"uv": [0, 3.5, 4.875, 4.125], "texture": "#0"},
				"down": {"uv": [0, 0, 4.875, 0.625], "texture": "#0"}
			}
		},
		{
			"from": [5.9375, 2.1875, 5.0625],
			"to": [10.0625, 2.6875, 5.5625],
			"rotation": {"angle": 0, "axis": "y", "origin": [11.4375, 10.0625, -2.9375]},
			"faces": {
				"north": {"uv": [0, 0, 4.125, 0.5], "texture": "#0"},
				"east": {"uv": [0, 0, 0.5, 0.5], "texture": "#0"},
				"south": {"uv": [0, 0, 4.125, 0.5], "texture": "#0"},
				"west": {"uv": [0, 0, 0.5, 0.5], "texture": "#0"},
				"up": {"uv": [0, 3.5, 4.125, 4], "texture": "#0"},
				"down": {"uv": [0, 0, 4.125, 0.5], "texture": "#0"}
			}
		},
		{
			"from": [6.1875, 2.1875, 4.5625],
			"to": [9.6875, 2.6875, 5.0625],
			"rotation": {"angle": 0, "axis": "y", "origin": [11.6875, 10.0625, -3.4375]},
			"faces": {
				"north": {"uv": [0, 0, 3.5, 0.5], "texture": "#0"},
				"east": {"uv": [0, 0, 0.5, 0.5], "texture": "#0"},
				"south": {"uv": [0, 0, 3.5, 0.5], "texture": "#0"},
				"west": {"uv": [0, 0, 0.5, 0.5], "texture": "#0"},
				"up": {"uv": [0, 3.5, 3.5, 4], "texture": "#0"},
				"down": {"uv": [0, 0, 3.5, 0.5], "texture": "#0"}
			}
		},
		{
			"from": [6.5625, 2.1875, 4.1875],
			"to": [9.4375, 2.6875, 4.5625],
			"rotation": {"angle": 0, "axis": "y", "origin": [11.6875, 10.0625, -3.9375]},
			"faces": {
				"north": {"uv": [0, 0, 2.875, 0.5], "texture": "#0"},
				"east": {"uv": [0, 0, 0.375, 0.5], "texture": "#0"},
				"south": {"uv": [0, 0, 2.875, 0.5], "texture": "#0"},
				"west": {"uv": [0, 0, 0.375, 0.5], "texture": "#0"},
				"up": {"uv": [0, 3.5, 2.875, 3.875], "texture": "#0"},
				"down": {"uv": [0, 0, 2.875, 0.375], "texture": "#0"}
			}
		},
		{
			"from": [6.8125, 2.1875, 3.5625],
			"to": [9.1875, 2.6875, 4.1875],
			"rotation": {"angle": 0, "axis": "y", "origin": [11.6875, 10.0625, -4.3125]},
			"faces": {
				"north": {"uv": [0, 0, 2.375, 0.5], "texture": "#0"},
				"east": {"uv": [0, 0, 0.625, 0.5], "texture": "#0"},
				"south": {"uv": [0, 0, 2.375, 0.5], "texture": "#0"},
				"west": {"uv": [0, 0, 0.625, 0.5], "texture": "#0"},
				"up": {"uv": [0, 3.5, 2.375, 4.125], "texture": "#0"},
				"down": {"uv": [0, 0, 2.375, 0.625], "texture": "#0"}
			}
		},
		{
			"from": [7.0625, 2.1875, 2.9375],
			"to": [8.9375, 2.6875, 3.5625],
			"rotation": {"angle": 0, "axis": "y", "origin": [11.6875, 10.0625, -4.6875]},
			"faces": {
				"north": {"uv": [0, 0, 1.875, 0.5], "texture": "#0"},
				"east": {"uv": [0, 0, 0.625, 0.5], "texture": "#0"},
				"south": {"uv": [0, 0, 1.875, 0.5], "texture": "#0"},
				"west": {"uv": [0, 0, 0.625, 0.5], "texture": "#0"},
				"up": {"uv": [0, 3.5, 1.875, 4.125], "texture": "#0"},
				"down": {"uv": [0, 0, 1.875, 0.625], "texture": "#0"}
			}
		},
		{
			"from": [7.3125, 2.1875, 2.3125],
			"to": [8.6875, 2.6875, 2.9375],
			"rotation": {"angle": 0, "axis": "y", "origin": [11.6875, 10.0625, -5.1875]},
			"faces": {
				"north": {"uv": [0, 0, 1.375, 0.5], "texture": "#0"},
				"east": {"uv": [0, 0, 0.625, 0.5], "texture": "#0"},
				"south": {"uv": [0, 0, 1.375, 0.5], "texture": "#0"},
				"west": {"uv": [0, 0, 0.625, 0.5], "texture": "#0"},
				"up": {"uv": [0, 3.5, 1.375, 4.125], "texture": "#0"},
				"down": {"uv": [0, 0, 1.375, 0.625], "texture": "#0"}
			}
		},
		{
			"from": [7.1875, 2.1875, 1.6875],
			"to": [8.8125, 2.6875, 2.3125],
			"rotation": {"angle": 0, "axis": "y", "origin": [11.6875, 10.0625, -6.1875]},
			"faces": {
				"north": {"uv": [0, 0, 1.625, 0.5], "texture": "#1"},
				"east": {"uv": [0, 0, 0.625, 0.5], "texture": "#1"},
				"south": {"uv": [0, 0, 1.625, 0.5], "texture": "#1"},
				"west": {"uv": [0, 0, 0.625, 0.5], "texture": "#1"},
				"up": {"uv": [0, 3.5, 1.625, 4.125], "texture": "#1"},
				"down": {"uv": [0, 0, 1.625, 0.625], "texture": "#1"}
			}
		},
		{
			"from": [7.8125, 2.9375, 0.0625],
			"to": [8.0625, 3.1875, 1.6875],
			"rotation": {"angle": 0, "axis": "y", "origin": [11.6875, 10.6875, -7.0625]},
			"faces": {
				"north": {"uv": [10.83077, 2.70769, 11.08077, 2.95769], "texture": "#2"},
				"east": {"uv": [2.21538, 9.6, 3.84038, 9.85], "texture": "#2"},
				"south": {"uv": [2.21538, 9.6, 2.46538, 9.85], "texture": "#2"},
				"west": {"uv": [2.21538, 9.6, 3.84038, 9.85], "texture": "#2"},
				"up": {"uv": [2.21538, 9.6, 2.46538, 11.225], "texture": "#2"},
				"down": {"uv": [2.21538, 9.6, 2.46538, 11.225], "texture": "#2"}
			}
		},
		{
			"from": [7.1875, 2.6875, 1.6875],
			"to": [8.8125, 4.1875, 2.3125],
			"rotation": {"angle": 0, "axis": "x", "origin": [8.00231, 2.93287, 9.40278]},
			"faces": {
				"north": {"uv": [0, 0, 1.625, 1.5], "texture": "#1"},
				"east": {"uv": [0, 0, 0.625, 1.5], "texture": "#1"},
				"south": {"uv": [0, 0, 1.625, 1.5], "texture": "#1"},
				"west": {"uv": [0, 0, 0.625, 1.5], "texture": "#1"},
				"up": {"uv": [0, 3.5, 1.625, 4.125], "texture": "#1"},
				"down": {"uv": [0, 0, 1.625, 0.625], "texture": "#1"}
			}
		},
		{
			"from": [7.8125, 3.1875, 0.0625],
			"to": [8.0625, 3.4375, 1.6875],
			"rotation": {"angle": 0, "axis": "x", "origin": [8.00231, 3.43287, 9.40278]},
			"faces": {
				"north": {"uv": [10.83077, 2.70769, 11.08077, 2.95769], "texture": "#2"},
				"east": {"uv": [2.21538, 9.6, 3.84038, 9.85], "texture": "#2"},
				"south": {"uv": [2.21538, 9.6, 2.46538, 9.85], "texture": "#2"},
				"west": {"uv": [2.21538, 9.6, 3.84038, 9.85], "texture": "#2"},
				"up": {"uv": [2.21538, 9.6, 2.46538, 11.225], "texture": "#2"},
				"down": {"uv": [2.21538, 9.6, 2.46538, 11.225], "texture": "#2"}
			}
		},
		{
			"from": [3.875, 3.00103, 8.25924],
			"to": [12.125, 4.12603, 12.50924],
			"rotation": {"angle": 0, "axis": "x", "origin": [8.00231, 3.05787, 1.90278]},
			"faces": {
				"north": {"uv": [0, 0, 8.25, 1.125], "texture": "#0"},
				"east": {"uv": [0, 0, 4.25, 1.125], "texture": "#0"},
				"south": {"uv": [0, 0, 8.25, 1.125], "texture": "#0"},
				"west": {"uv": [0, 0, 4.25, 1.125], "texture": "#0"},
				"up": {"uv": [0, 0, 8.25, 4.25], "texture": "#0"},
				"down": {"uv": [0, 0, 8.25, 4.25], "texture": "#0"}
			}
		},
		{
			"from": [4.25, 3.00103, 12.50924],
			"to": [11.875, 4.12603, 13.00924],
			"rotation": {"angle": 0, "axis": "x", "origin": [8.00231, 3.05787, 1.90278]},
			"faces": {
				"north": {"uv": [0, 0, 7.625, 1.125], "texture": "#0"},
				"east": {"uv": [0, 0, 0.5, 1.125], "texture": "#0"},
				"south": {"uv": [0, 0, 7.625, 1.125], "texture": "#0"},
				"west": {"uv": [0, 0, 0.5, 1.125], "texture": "#0"},
				"up": {"uv": [0, 3.5, 7.625, 4], "texture": "#0"},
				"down": {"uv": [0, 0, 7.625, 0.5], "texture": "#0"}
			}
		},
		{
			"from": [4.5625, 3.00103, 13.00924],
			"to": [11.4375, 4.12603, 13.50924],
			"rotation": {"angle": 0, "axis": "x", "origin": [8.00231, 3.05787, 1.90278]},
			"faces": {
				"north": {"uv": [0, 0, 6.875, 1.125], "texture": "#0"},
				"east": {"uv": [0, 0, 0.5, 1.125], "texture": "#0"},
				"south": {"uv": [0, 0, 6.875, 1.125], "texture": "#0"},
				"west": {"uv": [0, 0, 0.5, 1.125], "texture": "#0"},
				"up": {"uv": [0, 3.5, 6.875, 4], "texture": "#0"},
				"down": {"uv": [0, 0, 6.875, 0.5], "texture": "#0"}
			}
		},
		{
			"from": [5.0625, 3.00103, 13.50924],
			"to": [10.8125, 4.12603, 13.88424],
			"rotation": {"angle": 0, "axis": "x", "origin": [8.00231, 3.05787, 1.90278]},
			"faces": {
				"north": {"uv": [0, 0, 5.75, 1.125], "texture": "#0"},
				"east": {"uv": [0, 0, 0.375, 1.125], "texture": "#0"},
				"south": {"uv": [0, 0, 5.75, 1.125], "texture": "#0"},
				"west": {"uv": [0, 0, 0.375, 1.125], "texture": "#0"},
				"up": {"uv": [0, 3.5, 5.75, 3.875], "texture": "#0"},
				"down": {"uv": [0, 0, 5.75, 0.375], "texture": "#0"}
			}
		},
		{
			"from": [5.5625, 3.00103, 13.88424],
			"to": [10.4375, 4.12603, 14.25924],
			"rotation": {"angle": 0, "axis": "x", "origin": [8.00231, 3.05787, 1.90278]},
			"faces": {
				"north": {"uv": [0, 0, 4.875, 1.125], "texture": "#0"},
				"east": {"uv": [0, 0, 0.375, 1.125], "texture": "#0"},
				"south": {"uv": [0, 0, 4.875, 1.125], "texture": "#0"},
				"west": {"uv": [0, 0, 0.375, 1.125], "texture": "#0"},
				"up": {"uv": [0, 3.5, 4.875, 3.875], "texture": "#0"},
				"down": {"uv": [0, 0, 4.875, 0.375], "texture": "#0"}
			}
		},
		{
			"from": [6.375, 3.00103, 14.25924],
			"to": [9.625, 4.12603, 14.88424],
			"rotation": {"angle": 0, "axis": "x", "origin": [8.00231, 3.05787, 1.90278]},
			"faces": {
				"north": {"uv": [0, 0, 3.25, 1.125], "texture": "#0"},
				"east": {"uv": [0, 0, 0.625, 1.125], "texture": "#0"},
				"south": {"uv": [0, 0, 3.25, 1.125], "texture": "#0"},
				"west": {"uv": [0, 0, 0.625, 1.125], "texture": "#0"},
				"up": {"uv": [0, 3.5, 3.25, 4.125], "texture": "#0"},
				"down": {"uv": [0, 0, 3.25, 0.625], "texture": "#0"}
			}
		},
		{
			"from": [6.75, 3.00103, 14.88424],
			"to": [9.375, 4.12603, 15.50924],
			"rotation": {"angle": 0, "axis": "x", "origin": [8.00231, 3.05787, 1.90278]},
			"faces": {
				"north": {"uv": [0, 0, 2.625, 1.125], "texture": "#0"},
				"east": {"uv": [0, 0, 0.625, 1.125], "texture": "#0"},
				"south": {"uv": [0, 0, 2.625, 1.125], "texture": "#0"},
				"west": {"uv": [0, 0, 0.625, 1.125], "texture": "#0"},
				"up": {"uv": [0, 3.5, 2.625, 4.125], "texture": "#0"},
				"down": {"uv": [0, 0, 2.625, 0.625], "texture": "#0"}
			}
		},
		{
			"from": [7.25, 3.00103, 15.50924],
			"to": [8.75, 4.12603, 18.88424],
			"rotation": {"angle": 0, "axis": "x", "origin": [8.00231, 3.05787, 1.90278]},
			"faces": {
				"north": {"uv": [0, 0, 1.5, 1.125], "texture": "#0"},
				"east": {"uv": [0, 0, 3.375, 1.125], "texture": "#0"},
				"south": {"uv": [0, 0, 1.5, 1.125], "texture": "#0"},
				"west": {"uv": [0, 0, 3.375, 1.125], "texture": "#0"},
				"up": {"uv": [0, 3.5, 1.5, 6.875], "texture": "#0"},
				"down": {"uv": [0, 0, 1.5, 3.375], "texture": "#0"}
			}
		},
		{
			"from": [7.875, 2.25103, 18.25924],
			"to": [8.125, 4.62603, 18.38424],
			"rotation": {"angle": 0, "axis": "x", "origin": [8.00231, 3.05787, 1.90278]},
			"faces": {
				"north": {"uv": [0, 0, 0.25, 2.375], "texture": "#1"},
				"east": {"uv": [0, 0, 0.125, 2.375], "texture": "#1"},
				"south": {"uv": [0, 0, 0.25, 2.375], "texture": "#1"},
				"west": {"uv": [0, 0, 0.125, 2.375], "texture": "#1"},
				"up": {"uv": [0, 3.5, 0.25, 3.625], "texture": "#1"},
				"down": {"uv": [0, 0, 0.25, 0.125], "texture": "#1"}
			}
		},
		{
			"from": [7.625, 7.63865, 17.4091],
			"to": [8.375, 9.26365, 17.5341],
			"rotation": {"angle": 22.5, "axis": "x", "origin": [8.00231, 3.05787, 1.90278]},
			"faces": {
				"north": {"uv": [13.5, 12, 14.25, 13.625], "texture": "#1"},
				"east": {"uv": [0, 0, 0.125, 1.625], "texture": "#1"},
				"south": {"uv": [13.5, 12, 14.25, 13.625], "texture": "#1"},
				"west": {"uv": [0, 0, 0.125, 1.625], "texture": "#1"},
				"up": {"uv": [0, 3.5, 0.75, 3.625], "texture": "#1"},
				"down": {"uv": [0, 0, 0.75, 0.125], "texture": "#1"}
			}
		},
		{
			"from": [7.5, 3.00103, 18.88424],
			"to": [8.5, 4.12603, 19.13424],
			"rotation": {"angle": 0, "axis": "x", "origin": [8.00231, 3.05787, 1.90278]},
			"faces": {
				"north": {"uv": [0, 0, 1, 1.125], "texture": "#0"},
				"east": {"uv": [0, 0, 0.25, 1.125], "texture": "#0"},
				"south": {"uv": [0, 0, 1, 1.125], "texture": "#0"},
				"west": {"uv": [0, 0, 0.25, 1.125], "texture": "#0"},
				"up": {"uv": [0, 3.5, 1, 3.75], "texture": "#0"},
				"down": {"uv": [0, 0, 1, 0.25], "texture": "#0"}
			}
		},
		{
			"from": [4.25, 3.00103, 12.50924],
			"to": [11.875, 4.12603, 13.00924],
			"rotation": {"angle": 0, "axis": "x", "origin": [8.00231, 3.05787, 1.90278]},
			"faces": {
				"north": {"uv": [0, 0, 7.625, 1.125], "texture": "#0"},
				"east": {"uv": [0, 0, 0.5, 1.125], "texture": "#0"},
				"south": {"uv": [0, 0, 7.625, 1.125], "texture": "#0"},
				"west": {"uv": [0, 0, 0.5, 1.125], "texture": "#0"},
				"up": {"uv": [0, 3.5, 7.625, 4], "texture": "#0"},
				"down": {"uv": [0, 0, 7.625, 0.5], "texture": "#0"}
			}
		},
		{
			"from": [4.25, 3.00103, 12.50924],
			"to": [11.875, 4.12603, 13.00924],
			"rotation": {"angle": 0, "axis": "x", "origin": [8.00231, 3.05787, 1.90278]},
			"faces": {
				"north": {"uv": [0, 0, 7.625, 1.125], "texture": "#0"},
				"east": {"uv": [0, 0, 0.5, 1.125], "texture": "#0"},
				"south": {"uv": [0, 0, 7.625, 1.125], "texture": "#0"},
				"west": {"uv": [0, 0, 0.5, 1.125], "texture": "#0"},
				"up": {"uv": [0, 3.5, 7.625, 4], "texture": "#0"},
				"down": {"uv": [0, 0, 7.625, 0.5], "texture": "#0"}
			}
		},
		{
			"from": [3.5, 3.00103, 8.75924],
			"to": [3.875, 4.12603, 12.00924],
			"rotation": {"angle": 0, "axis": "x", "origin": [8.00231, 3.05787, 1.90278]},
			"faces": {
				"north": {"uv": [0, 0, 0.375, 1.125], "texture": "#0"},
				"east": {"uv": [0, 0, 3.25, 1.125], "texture": "#0"},
				"south": {"uv": [0, 0, 0.375, 1.125], "texture": "#0"},
				"west": {"uv": [0, 0, 3.25, 1.125], "texture": "#0"},
				"up": {"uv": [0, 3.5, 0.375, 6.75], "texture": "#0"},
				"down": {"uv": [0, 0, 0.375, 3.25], "texture": "#0"}
			}
		},
		{
			"from": [3.25, 3.00103, 9.25924],
			"to": [3.5, 4.12603, 11.50924],
			"rotation": {"angle": 0, "axis": "x", "origin": [8.00231, 3.05787, 1.90278]},
			"faces": {
				"north": {"uv": [0, 0, 0.25, 1.125], "texture": "#0"},
				"east": {"uv": [0, 0, 2.25, 1.125], "texture": "#0"},
				"south": {"uv": [0, 0, 0.25, 1.125], "texture": "#0"},
				"west": {"uv": [0, 0, 2.25, 1.125], "texture": "#0"},
				"up": {"uv": [0, 3.5, 0.25, 5.75], "texture": "#0"},
				"down": {"uv": [0, 0, 0.25, 2.25], "texture": "#0"}
			}
		},
		{
			"from": [12.5, 3.00103, 9.25924],
			"to": [12.75, 4.12603, 11.50924],
			"rotation": {"angle": 0, "axis": "x", "origin": [8.00231, 3.05787, 1.90278]},
			"faces": {
				"north": {"uv": [0.25, 0, 0, 1.125], "texture": "#0"},
				"east": {"uv": [2.25, 0, 0, 1.125], "texture": "#0"},
				"south": {"uv": [0.25, 0, 0, 1.125], "texture": "#0"},
				"west": {"uv": [2.25, 0, 0, 1.125], "texture": "#0"},
				"up": {"uv": [0, 3.5, 0.25, 5.75], "texture": "#0"},
				"down": {"uv": [0.25, 0, 0, 2.25], "texture": "#0"}
			}
		},
		{
			"from": [12.125, 3.00103, 8.75924],
			"to": [12.5, 4.12603, 12.00924],
			"rotation": {"angle": 0, "axis": "x", "origin": [8.00231, 3.05787, 1.90278]},
			"faces": {
				"north": {"uv": [0.375, 0, 0, 1.125], "texture": "#0"},
				"east": {"uv": [3.25, 0, 0, 1.125], "texture": "#0"},
				"south": {"uv": [0.375, 0, 0, 1.125], "texture": "#0"},
				"west": {"uv": [3.25, 0, 0, 1.125], "texture": "#0"},
				"up": {"uv": [0, 3.5, 0.375, 6.75], "texture": "#0"},
				"down": {"uv": [0.375, 0, 0, 3.25], "texture": "#0"}
			}
		},
		{
			"from": [4.4375, 3.00103, 7.57174],
			"to": [11.5625, 4.12603, 8.32174],
			"rotation": {"angle": 0, "axis": "x", "origin": [8.00231, 3.05787, 1.90278]},
			"faces": {
				"north": {"uv": [0, 0, 7.125, 1.125], "texture": "#0"},
				"east": {"uv": [0, 0, 0.75, 1.125], "texture": "#0"},
				"south": {"uv": [0, 0, 7.125, 1.125], "texture": "#0"},
				"west": {"uv": [0, 0, 0.75, 1.125], "texture": "#0"},
				"up": {"uv": [0, 3.5, 7.125, 4.25], "texture": "#0"},
				"down": {"uv": [0, 0, 7.125, 0.75], "texture": "#0"}
			}
		},
		{
			"from": [4.875, 3.00103, 6.82174],
			"to": [11.125, 4.12603, 7.57174],
			"rotation": {"angle": 0, "axis": "x", "origin": [8.00231, 3.05787, 1.90278]},
			"faces": {
				"north": {"uv": [0, 0, 6.25, 1.125], "texture": "#0"},
				"east": {"uv": [0, 0, 0.75, 1.125], "texture": "#0"},
				"south": {"uv": [0, 0, 6.25, 1.125], "texture": "#0"},
				"west": {"uv": [0, 0, 0.75, 1.125], "texture": "#0"},
				"up": {"uv": [0, 3.5, 6.25, 4.25], "texture": "#0"},
				"down": {"uv": [0, 0, 6.25, 0.75], "texture": "#0"}
			}
		},
		{
			"from": [5.3125, 3.00103, 6.07174],
			"to": [10.6875, 4.12603, 6.82174],
			"rotation": {"angle": 0, "axis": "x", "origin": [8.00231, 3.05787, 1.90278]},
			"faces": {
				"north": {"uv": [0, 0, 5.375, 1.125], "texture": "#0"},
				"east": {"uv": [0, 0, 0.75, 1.125], "texture": "#0"},
				"south": {"uv": [0, 0, 5.375, 1.125], "texture": "#0"},
				"west": {"uv": [0, 0, 0.75, 1.125], "texture": "#0"},
				"up": {"uv": [0, 3.5, 5.375, 4.25], "texture": "#0"},
				"down": {"uv": [0, 0, 5.375, 0.75], "texture": "#0"}
			}
		},
		{
			"from": [5.5625, 3.00103, 5.44674],
			"to": [10.4375, 4.12603, 6.07174],
			"rotation": {"angle": 0, "axis": "x", "origin": [8.00231, 3.05787, 1.90278]},
			"faces": {
				"north": {"uv": [0, 0, 4.875, 1.125], "texture": "#0"},
				"east": {"uv": [0, 0, 0.625, 1.125], "texture": "#0"},
				"south": {"uv": [0, 0, 4.875, 1.125], "texture": "#0"},
				"west": {"uv": [0, 0, 0.625, 1.125], "texture": "#0"},
				"up": {"uv": [0, 3.5, 4.875, 4.125], "texture": "#0"},
				"down": {"uv": [0, 0, 4.875, 0.625], "texture": "#0"}
			}
		},
		{
			"from": [5.9375, 3.00103, 4.94674],
			"to": [10.0625, 4.12603, 5.44674],
			"rotation": {"angle": 0, "axis": "x", "origin": [8.00231, 3.05787, 1.90278]},
			"faces": {
				"north": {"uv": [0, 0, 4.125, 1.125], "texture": "#0"},
				"east": {"uv": [0, 0, 0.5, 1.125], "texture": "#0"},
				"south": {"uv": [0, 0, 4.125, 1.125], "texture": "#0"},
				"west": {"uv": [0, 0, 0.5, 1.125], "texture": "#0"},
				"up": {"uv": [0, 3.5, 4.125, 4], "texture": "#0"},
				"down": {"uv": [0, 0, 4.125, 0.5], "texture": "#0"}
			}
		},
		{
			"from": [6.1875, 3.00103, 4.44674],
			"to": [9.6875, 4.12603, 4.94674],
			"rotation": {"angle": 0, "axis": "x", "origin": [8.00231, 3.05787, 1.90278]},
			"faces": {
				"north": {"uv": [0, 0, 3.5, 1.125], "texture": "#0"},
				"east": {"uv": [0, 0, 0.5, 1.125], "texture": "#0"},
				"south": {"uv": [0, 0, 3.5, 1.125], "texture": "#0"},
				"west": {"uv": [0, 0, 0.5, 1.125], "texture": "#0"},
				"up": {"uv": [0, 3.5, 3.5, 4], "texture": "#0"},
				"down": {"uv": [0, 0, 3.5, 0.5], "texture": "#0"}
			}
		},
		{
			"from": [6.5625, 3.00103, 4.07174],
			"to": [9.4375, 4.12603, 4.44674],
			"rotation": {"angle": 0, "axis": "x", "origin": [8.00231, 3.05787, 1.90278]},
			"faces": {
				"north": {"uv": [0, 0, 2.875, 1.125], "texture": "#0"},
				"east": {"uv": [0, 0, 0.375, 1.125], "texture": "#0"},
				"south": {"uv": [0, 0, 2.875, 1.125], "texture": "#0"},
				"west": {"uv": [0, 0, 0.375, 1.125], "texture": "#0"},
				"up": {"uv": [0, 3.5, 2.875, 3.875], "texture": "#0"},
				"down": {"uv": [0, 0, 2.875, 0.375], "texture": "#0"}
			}
		},
		{
			"from": [6.8125, 3.00103, 3.44674],
			"to": [9.1875, 4.12603, 4.07174],
			"rotation": {"angle": 0, "axis": "x", "origin": [8.00231, 3.05787, 1.90278]},
			"faces": {
				"north": {"uv": [0, 0, 2.375, 1.125], "texture": "#0"},
				"east": {"uv": [0, 0, 0.625, 1.125], "texture": "#0"},
				"south": {"uv": [0, 0, 2.375, 1.125], "texture": "#0"},
				"west": {"uv": [0, 0, 0.625, 1.125], "texture": "#0"},
				"up": {"uv": [0, 3.5, 2.375, 4.125], "texture": "#0"},
				"down": {"uv": [0, 0, 2.375, 0.625], "texture": "#0"}
			}
		},
		{
			"from": [7.0625, 3.00103, 2.82174],
			"to": [8.9375, 4.12603, 3.44674],
			"rotation": {"angle": 0, "axis": "x", "origin": [8.00231, 3.05787, 1.90278]},
			"faces": {
				"north": {"uv": [0, 0, 1.875, 1.125], "texture": "#0"},
				"east": {"uv": [0, 0, 0.625, 1.125], "texture": "#0"},
				"south": {"uv": [0, 0, 1.875, 1.125], "texture": "#0"},
				"west": {"uv": [0, 0, 0.625, 1.125], "texture": "#0"},
				"up": {"uv": [0, 3.5, 1.875, 4.125], "texture": "#0"},
				"down": {"uv": [0, 0, 1.875, 0.625], "texture": "#0"}
			}
		},
		{
			"from": [7.3125, 3.00103, 2.19674],
			"to": [8.6875, 4.12603, 2.82174],
			"rotation": {"angle": 0, "axis": "x", "origin": [8.00231, 3.05787, 1.90278]},
			"faces": {
				"north": {"uv": [0, 0, 1.375, 1.125], "texture": "#0"},
				"east": {"uv": [0, 0, 0.625, 1.125], "texture": "#0"},
				"south": {"uv": [0, 0, 1.375, 1.125], "texture": "#0"},
				"west": {"uv": [0, 0, 0.625, 1.125], "texture": "#0"},
				"up": {"uv": [0, 3.5, 1.375, 4.125], "texture": "#0"},
				"down": {"uv": [0, 0, 1.375, 0.625], "texture": "#0"}
			}
		},
		{
			"from": [9.04452, 2.625, 12.46696],
			"to": [9.91952, 3.5, 13.34196],
			"rotation": {"angle": 22.5, "axis": "y", "origin": [9.54452, 5, 12.90446]},
			"faces": {
				"north": {"uv": [0, 0, 1.75, 1.75], "texture": "#1"},
				"east": {"uv": [0, 0, 1.75, 1.75], "texture": "#1"},
				"south": {"uv": [0, 0, 1.75, 1.75], "texture": "#1"},
				"west": {"uv": [6.25, 4, 4.5, 5.75], "texture": "#1"},
				"up": {"uv": [0, 0, 1.75, 1.75], "texture": "#1"},
				"down": {"uv": [0, 0, 1.75, 1.75], "texture": "#1"}
			}
		},
		{
			"from": [9.66509, 2.625, 12.12724],
			"to": [10.54009, 3.375, 13.00224],
			"rotation": {"angle": -45, "axis": "y", "origin": [10.10259, 5, 12.50224]},
			"faces": {
				"north": {"uv": [0, 0, 1.75, 1.5], "texture": "#1"},
				"east": {"uv": [0, 0, 1.75, 1.5], "texture": "#1"},
				"south": {"uv": [0, 0, 1.75, 1.5], "texture": "#1"},
				"west": {"uv": [6.25, 4, 4.5, 5.5], "texture": "#1"},
				"up": {"uv": [0, 0, 1.75, 1.75], "rotation": 270, "texture": "#1"},
				"down": {"uv": [0, 0, 1.75, 1.75], "rotation": 90, "texture": "#1"}
			}
		},
		{
			"from": [10.02676, 2.5, 11.54207],
			"to": [10.90176, 3.5, 12.41707],
			"rotation": {"angle": -22.5, "axis": "y", "origin": [10.46426, 5, 11.91707]},
			"faces": {
				"north": {"uv": [0, 0, 1.75, 2], "texture": "#1"},
				"east": {"uv": [0, 0, 1.75, 2], "texture": "#1"},
				"south": {"uv": [0, 0, 1.75, 2], "texture": "#1"},
				"west": {"uv": [6.25, 4, 4.5, 6], "texture": "#1"},
				"up": {"uv": [0, 0, 1.75, 1.75], "rotation": 270, "texture": "#1"},
				"down": {"uv": [0, 0, 1.75, 1.75], "rotation": 90, "texture": "#1"}
			}
		},
		{
			"from": [10.13696, 2.5, 10.86304],
			"to": [11.01196, 3.5, 11.73804],
			"rotation": {"angle": 0, "axis": "y", "origin": [10.57446, 5, 11.23804]},
			"faces": {
				"north": {"uv": [0, 0, 1.75, 2], "texture": "#1"},
				"east": {"uv": [0, 0, 1.75, 2], "texture": "#1"},
				"south": {"uv": [0, 0, 1.75, 2], "texture": "#1"},
				"west": {"uv": [6.25, 4, 4.5, 6], "texture": "#1"},
				"up": {"uv": [0, 0, 1.75, 1.75], "rotation": 270, "texture": "#1"},
				"down": {"uv": [0, 0, 1.75, 1.75], "rotation": 90, "texture": "#1"}
			}
		},
		{
			"from": [10.13696, 2.5, 9.98804],
			"to": [11.13696, 3.5, 10.86304],
			"rotation": {"angle": 0, "axis": "y", "origin": [10.57446, 5, 10.36304]},
			"faces": {
				"north": {"uv": [0, 0, 2, 2], "texture": "#1"},
				"east": {"uv": [0, 0, 1.75, 2], "texture": "#1"},
				"south": {"uv": [0, 0, 2, 2], "texture": "#1"},
				"west": {"uv": [6.25, 4, 4.5, 6], "texture": "#1"},
				"up": {"uv": [0, 0, 1.75, 2], "rotation": 270, "texture": "#1"},
				"down": {"uv": [0, 0, 1.75, 2], "rotation": 90, "texture": "#1"}
			}
		},
		{
			"from": [10.13696, 2.5, 9.11304],
			"to": [11.13696, 3.5, 9.98804],
			"rotation": {"angle": 0, "axis": "y", "origin": [10.57446, 5, 9.48804]},
			"faces": {
				"north": {"uv": [0, 0, 2, 2], "texture": "#1"},
				"east": {"uv": [0, 0, 1.75, 2], "texture": "#1"},
				"south": {"uv": [0, 0, 2, 2], "texture": "#1"},
				"west": {"uv": [6.25, 4, 4.5, 6], "texture": "#1"},
				"up": {"uv": [0, 0, 1.75, 2], "rotation": 270, "texture": "#1"},
				"down": {"uv": [0, 0, 1.75, 2], "rotation": 90, "texture": "#1"}
			}
		},
		{
			"from": [10.13696, 2.5, 8.23804],
			"to": [11.13696, 3.5, 9.11304],
			"rotation": {"angle": 0, "axis": "y", "origin": [10.57446, 5, 8.61304]},
			"faces": {
				"north": {"uv": [0, 0, 2, 2], "texture": "#1"},
				"east": {"uv": [0, 0, 1.75, 2], "texture": "#1"},
				"south": {"uv": [0, 0, 2, 2], "texture": "#1"},
				"west": {"uv": [6.25, 4, 4.5, 6], "texture": "#1"},
				"up": {"uv": [0, 0, 1.75, 2], "rotation": 270, "texture": "#1"},
				"down": {"uv": [0, 0, 1.75, 2], "rotation": 90, "texture": "#1"}
			}
		},
		{
			"from": [10.13696, 2.625, 7.61304],
			"to": [11.01196, 3.5, 8.23804],
			"rotation": {"angle": 0, "axis": "y", "origin": [10.57446, 5, 7.73804]},
			"faces": {
				"north": {"uv": [0, 0, 1.75, 1.75], "texture": "#1"},
				"east": {"uv": [0, 0, 1.25, 1.75], "texture": "#1"},
				"south": {"uv": [0, 0, 1.75, 1.75], "texture": "#1"},
				"west": {"uv": [5.75, 4, 4.5, 5.75], "texture": "#1"},
				"up": {"uv": [0, 0, 1.25, 1.75], "rotation": 270, "texture": "#1"},
				"down": {"uv": [0, 0, 1.25, 1.75], "rotation": 90, "texture": "#1"}
			}
		},
		{
			"from": [10.00284, 2.625, 7.18877],
			"to": [10.87784, 3.5, 7.81377],
			"rotation": {"angle": 22.5, "axis": "y", "origin": [10.44034, 3.75, 7.37627]},
			"faces": {
				"north": {"uv": [0, 0, 1.75, 1.75], "texture": "#1"},
				"east": {"uv": [0, 0, 1.25, 1.75], "texture": "#1"},
				"south": {"uv": [0, 0, 1.75, 1.75], "texture": "#1"},
				"west": {"uv": [5.75, 4, 4.5, 5.75], "texture": "#1"},
				"up": {"uv": [0, 0, 1.25, 1.75], "rotation": 270, "texture": "#1"},
				"down": {"uv": [0, 0, 1.25, 1.75], "rotation": 90, "texture": "#1"}
			}
		},
		{
			"from": [9.00946, 2.625, 5.89101],
			"to": [9.88446, 3.5, 7.76601],
			"rotation": {"angle": 45, "axis": "y", "origin": [9.44696, 3.5, 6.32851]},
			"faces": {
				"north": {"uv": [0, 0, 1.75, 1.75], "texture": "#1"},
				"east": {"uv": [0, 0, 3.75, 1.75], "texture": "#1"},
				"south": {"uv": [0, 0, 1.75, 1.75], "texture": "#1"},
				"west": {"uv": [8.25, 4, 4.5, 5.75], "texture": "#1"},
				"up": {"uv": [0, 0, 3.75, 1.75], "rotation": 270, "texture": "#1"},
				"down": {"uv": [0, 0, 3.75, 1.75], "rotation": 90, "texture": "#1"}
			}
		},
		{
			"from": [8.34217, 2.625, 4.92955],
			"to": [9.21717, 3.5, 5.92955],
			"rotation": {"angle": 22.5, "axis": "y", "origin": [8.77967, 3.5, 5.24205]},
			"faces": {
				"north": {"uv": [0, 0, 1.75, 1.75], "texture": "#1"},
				"east": {"uv": [0, 0, 2, 1.75], "texture": "#1"},
				"south": {"uv": [0, 0, 1.75, 1.75], "texture": "#1"},
				"west": {"uv": [6.5, 4, 4.5, 5.75], "texture": "#1"},
				"up": {"uv": [0, 0, 2, 1.75], "rotation": 270, "texture": "#1"},
				"down": {"uv": [0, 0, 2, 1.75], "rotation": 90, "texture": "#1"}
			}
		},
		{
			"from": [6.75, 2.625, 12.5],
			"to": [9.25, 3.375, 13.5],
			"rotation": {"angle": 0, "axis": "y", "origin": [7.875, 5.125, 12.9375]},
			"faces": {
				"north": {"uv": [5, 0, 0, 1.5], "texture": "#1"},
				"east": {"uv": [2, 0, 0, 1.5], "texture": "#1"},
				"south": {"uv": [5, 0, 0, 1.5], "texture": "#1"},
				"west": {"uv": [6.5, 4, 4.5, 5.5], "texture": "#1"},
				"up": {"uv": [5, 0, 0, 2], "texture": "#1"},
				"down": {"uv": [5, 0, 0, 2], "texture": "#1"}
			}
		},
		{
			"from": [7.34289, 2.375, 2.34889],
			"to": [7.96789, 3.125, 3.34889],
			"rotation": {"angle": -22.5, "axis": "y", "origin": [8.03039, 3.75, 3.91139]},
			"faces": {
				"north": {"uv": [1.25, 0, 0, 1.5], "texture": "#1"},
				"east": {"uv": [2, 0, 0, 1.5], "texture": "#1"},
				"south": {"uv": [1.25, 0, 0, 1.5], "texture": "#1"},
				"west": {"uv": [6.5, 4, 4.5, 5.5], "texture": "#1"},
				"up": {"uv": [0, 1.25, 2, 0], "rotation": 270, "texture": "#1"},
				"down": {"uv": [0, 1.25, 2, 0], "rotation": 90, "texture": "#1"}
			}
		},
		{
			"from": [7.40469, 2.625, 4.42824],
			"to": [8.27969, 3.5, 5.05324],
			"rotation": {"angle": -22.5, "axis": "y", "origin": [7.84219, 3.875, 3.74074]},
			"faces": {
				"north": {"uv": [1.75, 0, 0, 1.75], "texture": "#1"},
				"east": {"uv": [1.25, 0, 0, 1.75], "texture": "#1"},
				"south": {"uv": [1.75, 0, 0, 1.75], "texture": "#1"},
				"west": {"uv": [5.75, 4, 4.5, 5.75], "texture": "#1"},
				"up": {"uv": [0, 1.75, 1.25, 0], "rotation": 270, "texture": "#1"},
				"down": {"uv": [0, 1.75, 1.25, 0], "rotation": 90, "texture": "#1"}
			}
		},
		{
			"from": [7.40469, 2.5, 3.17824],
			"to": [8.27969, 3.5, 4.42824],
			"rotation": {"angle": -22.5, "axis": "y", "origin": [7.84219, 3.875, 3.74074]},
			"faces": {
				"north": {"uv": [1.75, 0, 0, 2], "texture": "#1"},
				"east": {"uv": [2.5, 0, 0, 2], "texture": "#1"},
				"south": {"uv": [1.75, 0, 0, 2], "texture": "#1"},
				"west": {"uv": [7, 4, 4.5, 6], "texture": "#1"},
				"up": {"uv": [0, 1.75, 2.5, 0], "rotation": 270, "texture": "#1"},
				"down": {"uv": [0, 1.75, 2.5, 0], "rotation": 90, "texture": "#1"}
			}
		},
		{
			"from": [6.78283, 2.625, 4.92955],
			"to": [7.65783, 3.5, 5.92955],
			"rotation": {"angle": -22.5, "axis": "y", "origin": [7.22033, 3.5, 5.24205]},
			"faces": {
				"north": {"uv": [1.75, 0, 0, 1.75], "texture": "#1"},
				"east": {"uv": [2, 0, 0, 1.75], "texture": "#1"},
				"south": {"uv": [1.75, 0, 0, 1.75], "texture": "#1"},
				"west": {"uv": [6.5, 4, 4.5, 5.75], "texture": "#1"},
				"up": {"uv": [0, 1.75, 2, 0], "rotation": 270, "texture": "#1"},
				"down": {"uv": [0, 1.75, 2, 0], "rotation": 90, "texture": "#1"}
			}
		},
		{
			"from": [6.11554, 2.625, 5.89101],
			"to": [6.99054, 3.5, 7.76601],
			"rotation": {"angle": -45, "axis": "y", "origin": [6.55304, 3.5, 6.32851]},
			"faces": {
				"north": {"uv": [1.75, 0, 0, 1.75], "texture": "#1"},
				"east": {"uv": [3.75, 0, 0, 1.75], "texture": "#1"},
				"south": {"uv": [1.75, 0, 0, 1.75], "texture": "#1"},
				"west": {"uv": [8.25, 4, 4.5, 5.75], "texture": "#1"},
				"up": {"uv": [0, 1.75, 3.75, 0], "rotation": 270, "texture": "#1"},
				"down": {"uv": [0, 1.75, 3.75, 0], "rotation": 90, "texture": "#1"}
			}
		},
		{
			"from": [5.12216, 2.625, 7.18877],
			"to": [5.99716, 3.5, 7.81377],
			"rotation": {"angle": -22.5, "axis": "y", "origin": [5.55966, 3.75, 7.37627]},
			"faces": {
				"north": {"uv": [1.75, 0, 0, 1.75], "texture": "#1"},
				"east": {"uv": [1.25, 0, 0, 1.75], "texture": "#1"},
				"south": {"uv": [1.75, 0, 0, 1.75], "texture": "#1"},
				"west": {"uv": [5.75, 4, 4.5, 5.75], "texture": "#1"},
				"up": {"uv": [0, 1.75, 1.25, 0], "rotation": 270, "texture": "#1"},
				"down": {"uv": [0, 1.75, 1.25, 0], "rotation": 90, "texture": "#1"}
			}
		},
		{
			"from": [4.98804, 2.625, 7.61304],
			"to": [5.86304, 3.5, 8.23804],
			"rotation": {"angle": 0, "axis": "y", "origin": [5.42554, 5, 7.73804]},
			"faces": {
				"north": {"uv": [1.75, 0, 0, 1.75], "texture": "#1"},
				"east": {"uv": [1.25, 0, 0, 1.75], "texture": "#1"},
				"south": {"uv": [1.75, 0, 0, 1.75], "texture": "#1"},
				"west": {"uv": [5.75, 4, 4.5, 5.75], "texture": "#1"},
				"up": {"uv": [0, 1.75, 1.25, 0], "rotation": 270, "texture": "#1"},
				"down": {"uv": [0, 1.75, 1.25, 0], "rotation": 90, "texture": "#1"}
			}
		},
		{
			"from": [4.86304, 2.5, 8.23804],
			"to": [5.86304, 3.5, 9.11304],
			"rotation": {"angle": 0, "axis": "y", "origin": [5.42554, 5, 8.61304]},
			"faces": {
				"north": {"uv": [2, 0, 0, 2], "texture": "#1"},
				"east": {"uv": [1.75, 0, 0, 2], "texture": "#1"},
				"south": {"uv": [2, 0, 0, 2], "texture": "#1"},
				"west": {"uv": [6.25, 4, 4.5, 6], "texture": "#1"},
				"up": {"uv": [0, 2, 1.75, 0], "rotation": 270, "texture": "#1"},
				"down": {"uv": [0, 2, 1.75, 0], "rotation": 90, "texture": "#1"}
			}
		},
		{
			"from": [4.86304, 2.5, 9.11304],
			"to": [5.86304, 3.5, 9.98804],
			"rotation": {"angle": 0, "axis": "y", "origin": [5.42554, 5, 9.48804]},
			"faces": {
				"north": {"uv": [2, 0, 0, 2], "texture": "#1"},
				"east": {"uv": [1.75, 0, 0, 2], "texture": "#1"},
				"south": {"uv": [2, 0, 0, 2], "texture": "#1"},
				"west": {"uv": [6.25, 4, 4.5, 6], "texture": "#1"},
				"up": {"uv": [0, 2, 1.75, 0], "rotation": 270, "texture": "#1"},
				"down": {"uv": [0, 2, 1.75, 0], "rotation": 90, "texture": "#1"}
			}
		},
		{
			"from": [4.86304, 2.5, 9.98804],
			"to": [5.86304, 3.5, 10.86304],
			"rotation": {"angle": 0, "axis": "y", "origin": [5.42554, 5, 10.36304]},
			"faces": {
				"north": {"uv": [2, 0, 0, 2], "texture": "#1"},
				"east": {"uv": [1.75, 0, 0, 2], "texture": "#1"},
				"south": {"uv": [2, 0, 0, 2], "texture": "#1"},
				"west": {"uv": [6.25, 4, 4.5, 6], "texture": "#1"},
				"up": {"uv": [0, 2, 1.75, 0], "rotation": 270, "texture": "#1"},
				"down": {"uv": [0, 2, 1.75, 0], "rotation": 90, "texture": "#1"}
			}
		},
		{
			"from": [4.98804, 2.5, 10.86304],
			"to": [5.86304, 3.5, 11.73804],
			"rotation": {"angle": 0, "axis": "y", "origin": [5.42554, 5, 11.23804]},
			"faces": {
				"north": {"uv": [1.75, 0, 0, 2], "texture": "#1"},
				"east": {"uv": [1.75, 0, 0, 2], "texture": "#1"},
				"south": {"uv": [1.75, 0, 0, 2], "texture": "#1"},
				"west": {"uv": [6.25, 4, 4.5, 6], "texture": "#1"},
				"up": {"uv": [0, 1.75, 1.75, 0], "rotation": 270, "texture": "#1"},
				"down": {"uv": [0, 1.75, 1.75, 0], "rotation": 90, "texture": "#1"}
			}
		},
		{
			"from": [5.09824, 2.5, 11.54207],
			"to": [5.97324, 3.5, 12.41707],
			"rotation": {"angle": 22.5, "axis": "y", "origin": [5.53574, 5, 11.91707]},
			"faces": {
				"north": {"uv": [1.75, 0, 0, 2], "texture": "#1"},
				"east": {"uv": [1.75, 0, 0, 2], "texture": "#1"},
				"south": {"uv": [1.75, 0, 0, 2], "texture": "#1"},
				"west": {"uv": [6.25, 4, 4.5, 6], "texture": "#1"},
				"up": {"uv": [0, 1.75, 1.75, 0], "rotation": 270, "texture": "#1"},
				"down": {"uv": [0, 1.75, 1.75, 0], "rotation": 90, "texture": "#1"}
			}
		},
		{
			"from": [5.45991, 2.625, 12.12724],
			"to": [6.33491, 3.375, 13.00224],
			"rotation": {"angle": 45, "axis": "y", "origin": [5.89741, 5, 12.50224]},
			"faces": {
				"north": {"uv": [1.75, 0, 0, 1.5], "texture": "#1"},
				"east": {"uv": [1.75, 0, 0, 1.5], "texture": "#1"},
				"south": {"uv": [1.75, 0, 0, 1.5], "texture": "#1"},
				"west": {"uv": [6.25, 4, 4.5, 5.5], "texture": "#1"},
				"up": {"uv": [0, 1.75, 1.75, 0], "rotation": 270, "texture": "#1"},
				"down": {"uv": [0, 1.75, 1.75, 0], "rotation": 90, "texture": "#1"}
			}
		},
		{
			"from": [6.08048, 2.625, 12.46696],
			"to": [6.95548, 3.5, 13.34196],
			"rotation": {"angle": -22.5, "axis": "y", "origin": [6.45548, 5, 12.90446]},
			"faces": {
				"north": {"uv": [1.75, 0, 0, 1.75], "texture": "#1"},
				"east": {"uv": [1.75, 0, 0, 1.75], "texture": "#1"},
				"south": {"uv": [1.75, 0, 0, 1.75], "texture": "#1"},
				"west": {"uv": [6.25, 4, 4.5, 5.75], "texture": "#1"},
				"up": {"uv": [1.75, 0, 0, 1.75], "texture": "#1"},
				"down": {"uv": [1.75, 0, 0, 1.75], "texture": "#1"}
			}
		},
		{
			"from": [7.72031, 2.5, 3.17824],
			"to": [8.59531, 3.5, 4.42824],
			"rotation": {"angle": 22.5, "axis": "y", "origin": [8.15781, 3.875, 3.74074]},
			"faces": {
				"north": {"uv": [0, 0, 1.75, 2], "texture": "#1"},
				"east": {"uv": [0, 0, 2.5, 2], "texture": "#1"},
				"south": {"uv": [0, 0, 1.75, 2], "texture": "#1"},
				"west": {"uv": [7, 4, 4.5, 6], "texture": "#1"},
				"up": {"uv": [0, 0, 2.5, 1.75], "rotation": 270, "texture": "#1"},
				"down": {"uv": [0, 0, 2.5, 1.75], "rotation": 90, "texture": "#1"}
			}
		},
		{
			"from": [7.72031, 2.625, 4.42824],
			"to": [8.59531, 3.375, 5.05324],
			"rotation": {"angle": 22.5, "axis": "y", "origin": [8.15781, 3.875, 3.74074]},
			"faces": {
				"north": {"uv": [0, 0, 1.75, 1.5], "texture": "#1"},
				"east": {"uv": [0, 0, 1.25, 1.5], "texture": "#1"},
				"south": {"uv": [0, 0, 1.75, 1.5], "texture": "#1"},
				"west": {"uv": [5.75, 4, 4.5, 5.5], "texture": "#1"},
				"up": {"uv": [0, 0, 1.25, 1.75], "rotation": 270, "texture": "#1"},
				"down": {"uv": [0, 0, 1.25, 1.75], "rotation": 90, "texture": "#1"}
			}
		},
		{
			"from": [8.03211, 2.375, 2.34889],
			"to": [8.65711, 3.125, 3.34889],
			"rotation": {"angle": 22.5, "axis": "y", "origin": [7.96961, 3.75, 3.91139]},
			"faces": {
				"north": {"uv": [0, 0, 1.25, 1.5], "texture": "#1"},
				"east": {"uv": [0, 0, 2, 1.5], "texture": "#1"},
				"south": {"uv": [0, 0, 1.25, 1.5], "texture": "#1"},
				"west": {"uv": [6.5, 4, 4.5, 5.5], "texture": "#1"},
				"up": {"uv": [0, 0, 2, 1.25], "rotation": 270, "texture": "#1"},
				"down": {"uv": [0, 0, 2, 1.25], "rotation": 90, "texture": "#1"}
			}
		}
	],
	"gui_light": "front",
	"display": {
		"thirdperson_righthand": {
			"rotation": [65, 0, 0],
			"translation": [0, 6, 1],
			"scale": [0.55, 0.55, 0.55]
		},
		"thirdperson_lefthand": {
			"rotation": [65, 0, 0],
			"translation": [0, 6, 1],
			"scale": [0.55, 0.55, 0.55]
		},
		"firstperson_righthand": {
			"translation": [0, 6.75, -6]
		},
		"firstperson_lefthand": {
			"translation": [0, 6.75, -6]
		},
		"ground": {
			"translation": [0, 1, 0]
		},
		"gui": {
			"rotation": [-154, 32, 0],
			"translation": [-0.5, -3.75, 0],
			"scale": [0.8, 0.8, 0.8]
		},
		"head": {
			"translation": [0, -35.75, 0]
		},
		"fixed": {
			"rotation": [-90, 25, 0],
			"translation": [0, -1.25, -6.5],
			"scale": [0.85, 0.85, 0.85]
		}
	},
	"groups": [
		{
			"name": "bottom",
			"origin": [11.6875, 10.0625, -7.0625],
			"children": [0, 1, 2, 3, 4, 5, 6, 7, 8, 9, 10, 11, 12, 13, 14, 15, 16, 17, 18, 19, 20, 21, 22, 23, 24, 25, 26, 27, 28]
		},
		{
			"name": "top",
			"origin": [11.6875, 10.0625, -7.0625],
			"children": [29, 30, 31, 32, 33, 34, 35, 36, 37, 38, 39, 40, 41, 42, 43, 44, 45, 46, 47, 48, 49, 50, 51, 52, 53, 54, 55]
		},
		{
			"name": "middle",
			"origin": [8.125, 5.125, 12.9375],
			"children": [56, 57, 58, 59, 60, 61, 62, 63, 64, 65, 66, 67, 68, 69, 70, 71, 72, 73, 74, 75, 76, 77, 78, 79, 80, 81, 82, 83, 84]
		}
	]
}