{
	"credit": "Made with Blockbench",
	"texture_size": [64, 32],
	"textures": {
		"0": "block/diamond_layer_hot"
	},
	"elements": [
		{
			"name": "Chestplate",
			"from": [-5.01, 10.99, -3.01],
			"to": [5.01, 25.01, 3.01],
			"rotation": {"angle": 0, "axis": "y", "origin": [0, 0, 0]},
			"faces": {
				"north": {"uv": [5, 10, 7, 16], "texture": "#0"},
				"east": {"uv": [4, 10, 5, 16], "texture": "#0"},
				"south": {"uv": [8, 10, 10, 16], "texture": "#0"},
				"west": {"uv": [7, 10, 8, 16], "texture": "#0"},
				"up": {"uv": [7, 10, 5, 8], "texture": "#0"},
				"down": {"uv": [9, 8, 7, 10], "texture": "#0"}
			}
		},
		{
			"name": "Right Arm Armor",
			"from": [3, 11, -3],
			"to": [9, 25, 3],
			"rotation": {"angle": 0, "axis": "y", "origin": [0, 0, 0]},
			"faces": {
				"north": {"uv": [11, 10, 12, 16], "texture": "#0"},
				"east": {"uv": [10, 10, 11, 16], "texture": "#0"},
				"south": {"uv": [13, 10, 14, 16], "texture": "#0"},
				"west": {"uv": [12, 10, 13, 16], "texture": "#0"},
				"up": {"uv": [12, 10, 11, 8], "texture": "#0"},
				"down": {"uv": [13, 8, 12, 10], "texture": "#0"}
			}
		},
		{
			"name": "Left Arm Armor",
			"from": [-9, 11, -3],
			"to": [-3, 25, 3],
			"shade": false,
			"rotation": {"angle": 0, "axis": "y", "origin": [0, 0, 0]},
			"faces": {
				"north": {"uv": [12, 10, 11, 16], "texture": "#0"},
				"east": {"uv": [13, 10, 12, 16], "texture": "#0"},
				"south": {"uv": [14, 10, 13, 16], "texture": "#0"},
				"west": {"uv": [11, 10, 10, 16], "texture": "#0"},
				"up": {"uv": [11, 10, 12, 8], "texture": "#0"},
				"down": {"uv": [12, 8, 13, 10], "texture": "#0"}
			}
		}
	],
	"display": {
		"thirdperson_righthand": {
			"rotation": [42, 0, 0],
			"translation": [2, -8.5, -3],
			"scale": [0.55, 0.55, 0.55]
		},
		"thirdperson_lefthand": {
			"rotation": [42, 0, 0],
			"translation": [-2, -9.5, -2.75],
			"scale": [0.55, 0.55, 0.55]
		},
		"firstperson_righthand": {
			"rotation": [-3, -180, -14],
			"translation": [-1.25, -6.5, -9],
			"scale": [0.67, 0.68, 0.68]
		},
		"firstperson_lefthand": {
			"rotation": [-23, -180, -14],
			"translation": [10.37, -6, -7.25],
			"scale": [0.68, 0.68, 0.68]
		},
		"ground": {
			"translation": [12, 0, 0]
		},
		"gui": {
			"rotation": [0, -180, 0],
			"translation": [-6.75, -9, 0],
			"scale": [0.84, 0.97, 0.97]
		},
		"head": {
			"translation": [8.25, -44.25, 6.75]
		},
		"fixed": {
			"translation": [7.75, -9.75, 3]
		}
	},
	"groups": [
		{
			"name": "Head",
			"origin": [0, 24, 0],
			"children": [0]
		},
		{
			"name": "Body",
			"origin": [0, 24, 0],
			"children": [0]
		},
		{
			"name": "RightArm",
			"origin": [5, 22, 0],
			"children": [1]
		},
		{
			"name": "LeftArm",
			"origin": [-5, 22, 0],
			"children": [2]
		},
		{
			"name": "RightLeg",
			"origin": [1.9, 12, 0],
			"children": [3]
		},
		{
			"name": "LeftLeg",
			"origin": [-1.9, 12, 0],
			"children": [3]
		}
	]
}
