{
	"credit": "Made with Blockbench",
	"textures": {
		"1": "block/andesite",
		"2": "block/brown_glazed_terracotta",
		"3": "block/chromium",
		"particle": "block/andesite"
	},
	"elements": [
		{
			"from": [7.5128, 20.07756, 6.8632],
			"to": [8.4872, 22.82756, 9.1368],
			"rotation": {"angle": 0, "axis": "y", "origin": [17.5816, 27.32756, -1.9064]},
			"faces": {
				"north": {"uv": [0, 2.375, 0.9744, 5.125], "rotation": 180, "texture": "#1"},
				"east": {"uv": [0, 2.375, 2.75, 4.6486], "rotation": 90, "texture": "#1"},
				"south": {"uv": [5, 2, 5.9744, 4.75], "texture": "#1"},
				"west": {"uv": [0, 2.375, 2.75, 4.6486], "rotation": 270, "texture": "#1"},
				"up": {"uv": [0, 2.375, 0.9744, 4.6486], "texture": "#1"},
				"down": {"uv": [0, 2.375, 0.9744, 4.6486], "rotation": 180, "texture": "#1"}
			}
		},
		{
			"from": [7.6378, 20.07756, 6.6132],
			"to": [8.3622, 22.20256, 9.3868],
			"rotation": {"angle": 0, "axis": "y", "origin": [17.5816, 27.32756, -1.9064]},
			"faces": {
				"north": {"uv": [0, 2.375, 0.7244, 4.5], "rotation": 180, "texture": "#1"},
				"east": {"uv": [0, 2.375, 2.125, 5.1486], "rotation": 90, "texture": "#1"},
				"south": {"uv": [5, 2, 5.7244, 4.125], "texture": "#1"},
				"west": {"uv": [0, 2.375, 2.125, 5.1486], "rotation": 270, "texture": "#1"},
				"up": {"uv": [0, 2.375, 0.7244, 5.1486], "texture": "#1"},
				"down": {"uv": [0, 2.375, 0.7244, 5.1486], "rotation": 180, "texture": "#1"}
			}
		},
		{
			"from": [7.7628, 20.07756, 6.3632],
			"to": [8.2372, 21.70256, 9.6368],
			"rotation": {"angle": 0, "axis": "y", "origin": [17.5816, 27.32756, -1.9064]},
			"faces": {
				"north": {"uv": [0, 2.375, 0.4744, 4], "rotation": 180, "texture": "#1"},
				"east": {"uv": [0, 2.375, 1.625, 5.6486], "rotation": 90, "texture": "#1"},
				"south": {"uv": [5, 2, 5.4744, 3.625], "texture": "#1"},
				"west": {"uv": [0, 2.375, 1.625, 5.6486], "rotation": 270, "texture": "#1"},
				"up": {"uv": [0, 2.375, 0.4744, 5.6486], "texture": "#1"},
				"down": {"uv": [0, 2.375, 0.4744, 5.6486], "rotation": 180, "texture": "#1"}
			}
		},
		{
			"from": [7.7628, 20.07756, 6.1132],
			"to": [8.2372, 21.20256, 9.6368],
			"rotation": {"angle": 0, "axis": "y", "origin": [17.5816, 27.32756, -1.9064]},
			"faces": {
				"north": {"uv": [0, 2.375, 0.4744, 3.5], "rotation": 180, "texture": "#1"},
				"east": {"uv": [0, 2.375, 1.125, 5.8986], "rotation": 90, "texture": "#1"},
				"south": {"uv": [5, 2, 5.4744, 3.125], "texture": "#1"},
				"west": {"uv": [0, 2.375, 1.125, 5.8986], "rotation": 270, "texture": "#1"},
				"up": {"uv": [0, 2.375, 0.4744, 5.8986], "texture": "#1"},
				"down": {"uv": [0, 2.375, 0.4744, 5.8986], "rotation": 180, "texture": "#1"}
			}
		},
		{
			"from": [7.6378, 19.82756, 7.188],
			"to": [8.3622, 23.07756, 8.812],
			"rotation": {"angle": 0, "axis": "y", "origin": [17.5816, 27.07756, -1.9064]},
			"faces": {
				"north": {"uv": [0, 2.375, 0.7244, 5.625], "rotation": 180, "texture": "#1"},
				"east": {"uv": [0, 2.375, 3.25, 3.999], "rotation": 90, "texture": "#1"},
				"south": {"uv": [5, 2, 5.7244, 5.25], "texture": "#1"},
				"west": {"uv": [0, 2.375, 3.25, 3.999], "rotation": 270, "texture": "#1"},
				"up": {"uv": [0, 2.375, 0.7244, 3.999], "texture": "#1"},
				"down": {"uv": [0, 2.375, 0.7244, 3.999], "rotation": 180, "texture": "#1"}
			}
		},
		{
			"from": [7.7628, 22.82756, 7.3755],
			"to": [8.2372, 23.45256, 8.6245],
			"rotation": {"angle": 0, "axis": "y", "origin": [17.5816, 27.07756, -1.9689]},
			"faces": {
				"north": {"uv": [0, 2.375, 0.4744, 3], "rotation": 180, "texture": "#1"},
				"east": {"uv": [0, 2.375, 0.625, 3.624], "rotation": 90, "texture": "#1"},
				"south": {"uv": [5, 2, 5.4744, 2.625], "texture": "#1"},
				"west": {"uv": [0, 2.375, 0.625, 3.624], "rotation": 270, "texture": "#1"},
				"up": {"uv": [0, 2.375, 0.4744, 3.624], "texture": "#1"},
				"down": {"uv": [0, 2.375, 0.4744, 3.624], "rotation": 180, "texture": "#1"}
			}
		},
		{
			"from": [7.8878, 22.82756, 7.6255],
			"to": [8.1122, 23.82756, 8.3745],
			"rotation": {"angle": 0, "axis": "y", "origin": [17.5816, 27.07756, -1.9689]},
			"faces": {
				"north": {"uv": [0, 2.375, 0.2244, 3.375], "rotation": 180, "texture": "#1"},
				"east": {"uv": [0, 2.375, 1, 3.124], "rotation": 90, "texture": "#1"},
				"south": {"uv": [5, 2, 5.2244, 3], "texture": "#1"},
				"west": {"uv": [0, 2.375, 1, 3.124], "rotation": 270, "texture": "#1"},
				"up": {"uv": [0, 2.375, 0.2244, 3.124], "texture": "#1"},
				"down": {"uv": [0, 2.375, 0.2244, 3.124], "rotation": 180, "texture": "#1"}
			}
		},
		{
			"from": [7.9503, 23.82756, 7.813],
			"to": [8.0497, 24.07756, 8.187],
			"rotation": {"angle": 0, "axis": "y", "origin": [17.5191, 27.07756, -2.0314]},
			"faces": {
				"north": {"uv": [0, 2.375, 0.0994, 2.625], "rotation": 180, "texture": "#1"},
				"east": {"uv": [0, 2.375, 0.25, 2.749], "rotation": 90, "texture": "#1"},
				"south": {"uv": [5, 2, 5.0994, 2.25], "texture": "#1"},
				"west": {"uv": [0, 2.375, 0.25, 2.749], "rotation": 270, "texture": "#1"},
				"up": {"uv": [0, 2.375, 0.0994, 2.749], "texture": "#1"},
				"down": {"uv": [0, 2.375, 0.0994, 2.749], "rotation": 180, "texture": "#1"}
			}
		},
		{
			"from": [7.2751, 19.82756, 7.5128],
			"to": [8.7249, 22.95256, 8.4872],
			"rotation": {"angle": 0, "axis": "y", "origin": [16.5693, 27.07756, -1.9064]},
			"faces": {
				"north": {"uv": [0, 2.375, 1.4498, 5.5], "rotation": 180, "texture": "#1"},
				"east": {"uv": [0, 2.375, 3.125, 3.3494], "rotation": 90, "texture": "#1"},
				"south": {"uv": [5, 2, 6.4498, 5.125], "texture": "#1"},
				"west": {"uv": [0, 2.375, 3.125, 3.3494], "rotation": 270, "texture": "#1"},
				"up": {"uv": [0, 2.375, 1.4498, 3.3494], "texture": "#1"},
				"down": {"uv": [0, 2.375, 1.4498, 3.3494], "rotation": 180, "texture": "#1"}
			}
		},
		{
			"from": [7.625, 3.57756, 7.8125],
			"to": [8.375, 20.20256, 8.1875],
			"rotation": {"angle": 0, "axis": "y", "origin": [16.125, 12.07756, 0.4375]},
			"faces": {
				"north": {"uv": [0, 0.625, 3.90625, 1.375], "rotation": 270, "texture": "#3"},
				"east": {"uv": [0, 0, 4, 0.40625], "rotation": 90, "texture": "#3"},
				"south": {"uv": [0.875, 0, 1.53125, 3.625], "texture": "#3"},
				"west": {"uv": [0, 1.125, 4, 1.53125], "rotation": 270, "texture": "#3"},
				"up": {"uv": [0, 0, 0, 0], "texture": "#3"},
				"down": {"uv": [1.125, 0.875, 2.78125, 1.53125], "rotation": 180, "texture": "#3"}
			}
		},
		{
			"from": [7.625, 3.57756, 7.7625],
			"to": [8.375, 20.20256, 8.0125],
			"rotation": {"angle": 0, "axis": "y", "origin": [16.125, 12.07756, 0.2625]},
			"faces": {
				"north": {"uv": [0, 0.625, 3.90625, 1.5], "rotation": 270, "texture": "#3"},
				"east": {"uv": [0, 0.25, 4, 0.65625], "rotation": 90, "texture": "#3"},
				"south": {"uv": [0.875, 0, 1.53125, 3.625], "texture": "#3"},
				"west": {"uv": [0, 0.375, 4, 0.78125], "rotation": 270, "texture": "#3"},
				"up": {"uv": [0, 0, 0, 0], "texture": "#3"},
				"down": {"uv": [1.125, 0.5, 2.53125, 1.03125], "rotation": 180, "texture": "#3"}
			}
		},
		{
			"from": [7.75, 3.70256, 7.6375],
			"to": [8.25, 20.20256, 7.7625],
			"rotation": {"angle": 0, "axis": "y", "origin": [16.125, 12.07756, 0.1375]},
			"faces": {
				"north": {"uv": [0, 0.75, 3.90625, 1.25], "rotation": 270, "texture": "#3"},
				"east": {"uv": [0, 0, 4, 0.28125], "rotation": 90, "texture": "#3"},
				"south": {"uv": [0.875, 0, 1.53125, 3.625], "texture": "#3"},
				"west": {"uv": [0, 0, 4, 0.28125], "rotation": 270, "texture": "#3"},
				"up": {"uv": [0, 0, 0, 0], "texture": "#3"},
				"down": {"uv": [1.375, 0.125, 2.53125, 0.53125], "rotation": 180, "texture": "#3"}
			}
		},
		{
			"from": [7.75, 3.70256, 8.2375],
			"to": [8.25, 20.20256, 8.3625],
			"rotation": {"angle": 0, "axis": "y", "origin": [16.125, 12.07756, 15.8625]},
			"faces": {
				"north": {"uv": [1.53125, 0, 0.875, 3.625], "texture": "#3"},
				"east": {"uv": [0, 0.28125, 4, 0], "rotation": 90, "texture": "#3"},
				"south": {"uv": [0, 1.25, 3.90625, 0.75], "rotation": 270, "texture": "#3"},
				"west": {"uv": [0, 0.28125, 4, 0], "rotation": 270, "texture": "#3"},
				"up": {"uv": [0, 0, 0, 0], "texture": "#3"},
				"down": {"uv": [1.375, 0.53125, 2.53125, 0.125], "rotation": 180, "texture": "#3"}
			}
		},
		{
			"from": [7.5, 3.70256, 7.8875],
			"to": [7.625, 20.20256, 8.2625],
			"rotation": {"angle": 0, "axis": "y", "origin": [15.625, 12.07756, 0.7625]},
			"faces": {
				"north": {"uv": [0, 0.625, 3.90625, 1.375], "rotation": 270, "texture": "#3"},
				"east": {"uv": [0, 0, 4, 0.40625], "rotation": 90, "texture": "#3"},
				"south": {"uv": [0.875, 0, 1.53125, 3.625], "texture": "#3"},
				"west": {"uv": [0, 0.875, 4, 1.28125], "rotation": 270, "texture": "#3"},
				"up": {"uv": [0, 0, 2.53125, 2.28125], "texture": "#3"},
				"down": {"uv": [0.375, 0.125, 3.53125, 0.28125], "rotation": 180, "texture": "#3"}
			}
		},
		{
			"from": [8.375, 3.70256, 8.0125],
			"to": [8.5, 20.20256, 8.2625],
			"rotation": {"angle": 0, "axis": "y", "origin": [16.625, 12.07756, 0.7625]},
			"faces": {
				"north": {"uv": [0, 0.625, 3.90625, 1.375], "rotation": 270, "texture": "#3"},
				"east": {"uv": [0, 1, 4, 1.40625], "rotation": 90, "texture": "#3"},
				"south": {"uv": [0.875, 0, 1.53125, 3.625], "texture": "#3"},
				"west": {"uv": [0, 1.125, 4, 1.53125], "rotation": 270, "texture": "#3"},
				"up": {"uv": [0, 0, 2.53125, 2.28125], "texture": "#3"},
				"down": {"uv": [0, 2, 3.15625, 2.15625], "rotation": 180, "texture": "#3"}
			}
		},
		{
			"from": [8.165, 3.06467, 7.415],
			"to": [8.275, 5.68467, 8.585],
			"rotation": {"angle": 0, "axis": "y", "origin": [11.465, -70.29533, -3.895]},
			"faces": {
				"north": {"uv": [0.29333, 2.5, 0, 9.48667], "texture": "#2"},
				"east": {"uv": [6.98667, 2.375, 0, 5.495], "rotation": 90, "texture": "#2"},
				"south": {"uv": [0, 9.36167, 0.29333, 2.375], "texture": "#2"},
				"west": {"uv": [6.98667, 2.375, 0, 5.495], "rotation": 270, "texture": "#2"},
				"up": {"uv": [0, 5.62, 0.29333, 2.5], "rotation": 180, "texture": "#2"},
				"down": {"uv": [0, 5.495, 0.29333, 2.375], "texture": "#2"}
			}
		},
		{
			"from": [7.8975, 0.81967, 8.385],
			"to": [8.1025, 2.68967, 9.365],
			"rotation": {"angle": -22.5, "axis": "x", "origin": [8.1875, 1.75467, 8.6875]},
			"faces": {
				"north": {"uv": [0.54667, 2.5, 0, 7.48667], "texture": "#2"},
				"east": {"uv": [4.98667, 2.375, 0, 4.98833], "rotation": 90, "texture": "#2"},
				"south": {"uv": [0, 7.36167, 0.54667, 2.375], "texture": "#2"},
				"west": {"uv": [4.98667, 2.375, 0, 4.98833], "rotation": 270, "texture": "#2"},
				"up": {"uv": [0, 5.11333, 0.54667, 2.5], "rotation": 180, "texture": "#2"},
				"down": {"uv": [0, 4.98833, 0.54667, 2.375], "texture": "#2"}
			}
		},
		{
			"from": [7.96, -0.43033, 8.51],
			"to": [8.04, 1.81467, 9.365],
			"rotation": {"angle": -22.5, "axis": "x", "origin": [8.125, 0.50467, 8.6875]},
			"faces": {
				"north": {"uv": [0.21333, 2.5, 0, 8.48667], "texture": "#2"},
				"east": {"uv": [5.98667, 2.375, 0, 4.655], "rotation": 90, "texture": "#2"},
				"south": {"uv": [0, 8.36167, 0.21333, 2.375], "texture": "#2"},
				"west": {"uv": [5.98667, 2.375, 0, 4.655], "rotation": 270, "texture": "#2"},
				"up": {"uv": [0, 4.78, 0.21333, 2.5], "rotation": 180, "texture": "#2"},
				"down": {"uv": [0, 4.655, 0.21333, 2.375], "texture": "#2"}
			}
		},
		{
			"from": [7.8975, 0.81967, 6.635],
			"to": [8.1025, 2.68967, 7.615],
			"rotation": {"angle": 22.5, "axis": "x", "origin": [8.1875, 1.75467, 7.3125]},
			"faces": {
				"north": {"uv": [0.54667, 2.5, 0, 7.48667], "texture": "#2"},
				"east": {"uv": [4.98667, 4.98833, 0, 2.375], "rotation": 90, "texture": "#2"},
				"south": {"uv": [0.54667, 7.36167, 0, 2.375], "rotation": 180, "texture": "#2"},
				"west": {"uv": [4.98667, 4.98833, 0, 2.375], "rotation": 270, "texture": "#2"},
				"up": {"uv": [0, 5.11333, 0.54667, 2.5], "rotation": 180, "texture": "#2"},
				"down": {"uv": [0, 2.375, 0.54667, 4.98833], "texture": "#2"}
			}
		},
		{
			"from": [7.96, -0.43033, 6.635],
			"to": [8.04, 1.81467, 7.49],
			"rotation": {"angle": 22.5, "axis": "x", "origin": [8.125, 0.50467, 7.3125]},
			"faces": {
				"north": {"uv": [0.21333, 2.5, 0, 8.48667], "texture": "#2"},
				"east": {"uv": [5.98667, 4.655, 0, 2.375], "rotation": 90, "texture": "#2"},
				"south": {"uv": [0.21333, 8.36167, 0, 2.375], "rotation": 180, "texture": "#2"},
				"west": {"uv": [5.98667, 4.655, 0, 2.375], "rotation": 270, "texture": "#2"},
				"up": {"uv": [0, 4.78, 0.21333, 2.5], "rotation": 180, "texture": "#2"},
				"down": {"uv": [0, 2.375, 0.21333, 4.655], "texture": "#2"}
			}
		},
		{
			"from": [7.835, 3.06467, 7.15],
			"to": [8.165, 5.68467, 8.85],
			"rotation": {"angle": 0, "axis": "y", "origin": [11.245, -70.29533, -3.895]},
			"faces": {
				"north": {"uv": [0.88, 2.5, 0, 9.48667], "texture": "#2"},
				"east": {"uv": [6.98667, 2.375, 0, 6.90833], "rotation": 90, "texture": "#2"},
				"south": {"uv": [0, 9.36167, 0.88, 2.375], "texture": "#2"},
				"west": {"uv": [6.98667, 2.375, 0, 6.90833], "rotation": 270, "texture": "#2"},
				"up": {"uv": [0, 7.03333, 0.88, 2.5], "rotation": 180, "texture": "#2"},
				"down": {"uv": [0, 6.90833, 0.88, 2.375], "texture": "#2"}
			}
		},
		{
			"from": [7.725, 3.06467, 7.415],
			"to": [7.835, 5.68467, 8.585],
			"rotation": {"angle": 0, "axis": "y", "origin": [10.915, -70.29533, -3.895]},
			"faces": {
				"north": {"uv": [0.29333, 2.5, 0, 9.48667], "texture": "#2"},
				"east": {"uv": [6.98667, 2.375, 0, 5.495], "rotation": 90, "texture": "#2"},
				"south": {"uv": [0, 9.36167, 0.29333, 2.375], "texture": "#2"},
				"west": {"uv": [6.98667, 2.375, 0, 5.495], "rotation": 270, "texture": "#2"},
				"up": {"uv": [0, 5.62, 0.29333, 2.5], "rotation": 180, "texture": "#2"},
				"down": {"uv": [0, 5.495, 0.29333, 2.375], "texture": "#2"}
			}
		},
		{
			"from": [7.945, 5.56467, 7.415],
			"to": [8.055, 6.30967, 8.585],
			"rotation": {"angle": 0, "axis": "y", "origin": [11.135, -70.29533, -3.895]},
			"faces": {
				"north": {"uv": [0.29333, 2.5, 0, 4.48667], "texture": "#2"},
				"east": {"uv": [1.98667, 2.375, 0, 5.495], "rotation": 90, "texture": "#2"},
				"south": {"uv": [0, 4.36167, 0.29333, 2.375], "texture": "#2"},
				"west": {"uv": [1.98667, 2.375, 0, 5.495], "rotation": 270, "texture": "#2"},
				"up": {"uv": [0, 5.62, 0.29333, 2.5], "rotation": 180, "texture": "#2"},
				"down": {"uv": [0, 5.495, 0.29333, 2.375], "texture": "#2"}
			}
		},
		{
			"from": [7.765, 1.31967, 7.025],
			"to": [8.235, 3.06467, 8.975],
			"rotation": {"angle": 0, "axis": "y", "origin": [11.315, -72.91533, -3.895]},
			"faces": {
				"north": {"uv": [1.25333, 2.5, 0, 7.15333], "texture": "#2"},
				"east": {"uv": [4.65333, 2.375, 0, 7.575], "rotation": 90, "texture": "#2"},
				"south": {"uv": [0, 7.02833, 1.25333, 2.375], "texture": "#2"},
				"west": {"uv": [4.65333, 2.375, 0, 7.575], "rotation": 270, "texture": "#2"},
				"up": {"uv": [0, 7.7, 1.25333, 2.5], "rotation": 180, "texture": "#2"},
				"down": {"uv": [0, 7.575, 1.25333, 2.375], "texture": "#2"}
			}
		},
		{
			"from": [7.415, 3.06467, 8.165],
			"to": [8.585, 5.68467, 8.275],
			"rotation": {"angle": 0, "axis": "y", "origin": [8, 2.93926, 8]},
			"faces": {
				"north": {"uv": [3.12, 2.5, 0, 9.48667], "texture": "#2"},
				"east": {"uv": [0, 9.36167, 0.29333, 2.375], "rotation": 180, "texture": "#2"},
				"south": {"uv": [6.98667, 2.375, 0, 5.495], "rotation": 90, "texture": "#2"},
				"west": {"uv": [0, 9.36167, 0.29333, 2.375], "texture": "#2"},
				"up": {"uv": [0, 5.62, 0.29333, 2.5], "rotation": 270, "texture": "#2"},
				"down": {"uv": [0, 5.495, 0.29333, 2.375], "rotation": 270, "texture": "#2"}
			}
		},
		{
			"from": [7.14066, 0.64675, 7.8975],
			"to": [8.12066, 2.51675, 8.1025],
			"rotation": {"angle": -22.5, "axis": "z", "origin": [8, 2.93926, 8]},
			"faces": {
				"north": {"uv": [2.61333, 2.5, 0, 7.48667], "texture": "#2"},
				"east": {"uv": [0, 7.36167, 0.54667, 2.375], "rotation": 180, "texture": "#2"},
				"south": {"uv": [4.98667, 2.375, 0, 4.98833], "rotation": 90, "texture": "#2"},
				"west": {"uv": [0, 7.36167, 0.54667, 2.375], "texture": "#2"},
				"up": {"uv": [0, 5.11333, 0.54667, 2.5], "rotation": 270, "texture": "#2"},
				"down": {"uv": [0, 4.98833, 0.54667, 2.375], "rotation": 270, "texture": "#2"}
			}
		},
		{
			"from": [7.61901, -0.5081, 7.96],
			"to": [8.47401, 1.7369, 8.04],
			"rotation": {"angle": -22.5, "axis": "z", "origin": [8, 2.93926, 8]},
			"faces": {
				"north": {"uv": [2.28, 2.5, 0, 8.48667], "texture": "#2"},
				"east": {"uv": [0, 8.36167, 0.21333, 2.375], "rotation": 180, "texture": "#2"},
				"south": {"uv": [5.98667, 2.375, 0, 4.655], "rotation": 90, "texture": "#2"},
				"west": {"uv": [0, 8.36167, 0.21333, 2.375], "texture": "#2"},
				"up": {"uv": [0, 4.78, 0.21333, 2.5], "rotation": 270, "texture": "#2"},
				"down": {"uv": [0, 4.655, 0.21333, 2.375], "rotation": 270, "texture": "#2"}
			}
		},
		{
			"from": [7.87934, 0.64675, 7.8975],
			"to": [8.85934, 2.51675, 8.1025],
			"rotation": {"angle": 22.5, "axis": "z", "origin": [8, 2.93926, 8]},
			"faces": {
				"north": {"uv": [2.61333, 2.5, 0, 7.48667], "texture": "#2"},
				"east": {"uv": [0.54667, 7.36167, 0, 2.375], "texture": "#2"},
				"south": {"uv": [4.98667, 4.98833, 0, 2.375], "rotation": 90, "texture": "#2"},
				"west": {"uv": [0.54667, 7.36167, 0, 2.375], "rotation": 180, "texture": "#2"},
				"up": {"uv": [0, 5.11333, 0.54667, 2.5], "rotation": 270, "texture": "#2"},
				"down": {"uv": [0, 2.375, 0.54667, 4.98833], "rotation": 270, "texture": "#2"}
			}
		},
		{
			"from": [7.52599, -0.5081, 7.96],
			"to": [8.38099, 1.7369, 8.04],
			"rotation": {"angle": 22.5, "axis": "z", "origin": [8, 2.93926, 8]},
			"faces": {
				"north": {"uv": [2.28, 2.5, 0, 8.48667], "texture": "#2"},
				"east": {"uv": [0.21333, 8.36167, 0, 2.375], "texture": "#2"},
				"south": {"uv": [5.98667, 4.655, 0, 2.375], "rotation": 90, "texture": "#2"},
				"west": {"uv": [0.21333, 8.36167, 0, 2.375], "rotation": 180, "texture": "#2"},
				"up": {"uv": [0, 4.78, 0.21333, 2.5], "rotation": 270, "texture": "#2"},
				"down": {"uv": [0, 2.375, 0.21333, 4.655], "rotation": 270, "texture": "#2"}
			}
		},
		{
			"from": [7.15, 3.06467, 7.835],
			"to": [8.85, 5.68467, 8.165],
			"rotation": {"angle": 0, "axis": "y", "origin": [8, 2.93926, 8]},
			"faces": {
				"north": {"uv": [4.53333, 2.5, 0, 9.48667], "texture": "#2"},
				"east": {"uv": [0, 9.36167, 0.88, 2.375], "rotation": 180, "texture": "#2"},
				"south": {"uv": [6.98667, 2.375, 0, 6.90833], "rotation": 90, "texture": "#2"},
				"west": {"uv": [0, 9.36167, 0.88, 2.375], "texture": "#2"},
				"up": {"uv": [0, 7.03333, 0.88, 2.5], "rotation": 270, "texture": "#2"},
				"down": {"uv": [0, 6.90833, 0.88, 2.375], "rotation": 270, "texture": "#2"}
			}
		},
		{
			"from": [7.415, 3.06467, 7.725],
			"to": [8.585, 5.68467, 7.835],
			"rotation": {"angle": 0, "axis": "y", "origin": [8, 2.93926, 8]},
			"faces": {
				"north": {"uv": [3.12, 2.5, 0, 9.48667], "texture": "#2"},
				"east": {"uv": [0, 9.36167, 0.29333, 2.375], "rotation": 180, "texture": "#2"},
				"south": {"uv": [6.98667, 2.375, 0, 5.495], "rotation": 90, "texture": "#2"},
				"west": {"uv": [0, 9.36167, 0.29333, 2.375], "texture": "#2"},
				"up": {"uv": [0, 5.62, 0.29333, 2.5], "rotation": 270, "texture": "#2"},
				"down": {"uv": [0, 5.495, 0.29333, 2.375], "rotation": 270, "texture": "#2"}
			}
		},
		{
			"from": [7.415, 5.56467, 7.945],
			"to": [8.585, 6.30967, 8.055],
			"rotation": {"angle": 0, "axis": "y", "origin": [8, 2.93926, 8]},
			"faces": {
				"north": {"uv": [3.12, 2.5, 0, 4.48667], "texture": "#2"},
				"east": {"uv": [0, 4.36167, 0.29333, 2.375], "rotation": 180, "texture": "#2"},
				"south": {"uv": [1.98667, 2.375, 0, 5.495], "rotation": 90, "texture": "#2"},
				"west": {"uv": [0, 4.36167, 0.29333, 2.375], "texture": "#2"},
				"up": {"uv": [0, 5.62, 0.29333, 2.5], "rotation": 270, "texture": "#2"},
				"down": {"uv": [0, 5.495, 0.29333, 2.375], "rotation": 270, "texture": "#2"}
			}
		},
		{
			"from": [7.025, 1.31967, 7.765],
			"to": [8.975, 3.06467, 8.235],
			"rotation": {"angle": 0, "axis": "y", "origin": [8, 2.93926, 8]},
			"faces": {
				"north": {"uv": [5.2, 2.5, 0, 7.15333], "texture": "#2"},
				"east": {"uv": [0, 7.02833, 1.25333, 2.375], "rotation": 180, "texture": "#2"},
				"south": {"uv": [4.65333, 2.375, 0, 7.575], "rotation": 90, "texture": "#2"},
				"west": {"uv": [0, 7.02833, 1.25333, 2.375], "texture": "#2"},
				"up": {"uv": [0, 7.7, 1.25333, 2.5], "rotation": 270, "texture": "#2"},
				"down": {"uv": [0, 7.575, 1.25333, 2.375], "rotation": 270, "texture": "#2"}
			}
		}
	],
	"gui_light": "front",
	"display": {
		"thirdperson_righthand": {
			"rotation": [66, 0, 0],
			"translation": [-1, -1.25, -1],
			"scale": [0.21, 0.31, 0.21]
		},
		"thirdperson_lefthand": {
			"rotation": [66, 0, 0],
			"translation": [-0.5, -1, -1.75],
			"scale": [0.21, 0.31, 0.21]
		},
		"firstperson_righthand": {
			"rotation": [20, -22, 0],
			"translation": [-1, 0.25, 1.25],
			"scale": [0.23, 0.46, 0.23]
		},
		"firstperson_lefthand": {
			"rotation": [14, -22, 0],
			"translation": [0.25, 0.5, 0.25],
			"scale": [0.23, 0.46, 0.23]
		},
		"ground": {
			"translation": [0, 3.75, 0],
			"scale": [0.23, 0.43, 0.23]
		},
		"gui": {
			"rotation": [-48.25, -37.5, -61.5],
			"translation": [-1.75, -1.75, 0],
			"scale": [0.6, 0.74, 0.6]
		},
		"head": {
			"rotation": [89, 0, 0],
			"translation": [-1, -40.25, 1.25],
			"scale": [0.23, 0.36, 0.23]
		},
		"fixed": {
			"rotation": [0, 92, 0],
			"translation": [0, -3.5, -1.5],
			"scale": [0.61, 0.74, 0.68]
		}
	},
	"groups": [
		{
			"name": "arrowhead",
			"origin": [15.75, 10.5, 10.75],
			"children": [0, 1, 2, 3, 4, 5, 6, 7, 8]
		},
		{
			"name": "Handle",
			"origin": [8.55806, 2.875, 2.76517],
			"children": [9, 10, 11, 12, 13, 14]
		},
		{
			"name": "feather1",
			"origin": [15.75, 10.5, 10.75],
			"children": [15, 16, 17, 18, 19, 20, 21, 22, 23]
		},
		{
			"name": "feather2",
			"origin": [15.75, 10.5, 10.75],
			"children": [24, 25, 26, 27, 28, 29, 30, 31, 32]
		}
	]
}