{
	"credit": "Made with Blockbench",
	"textures": {
		"0": "block/iron_block",
		"1": "block/chromium",
		"2": "block/anvil",
		"particle": "block/chromium"
	},
	"elements": [
		{
			"from": [5, 0, 8.3],
			"to": [8.3, 1, 9],
			"rotation": {"angle": 0, "axis": "y", "origin": [15, 8, 16]},
			"faces": {
				"north": {"uv": [0, 0, 3.3, 1], "texture": "#2"},
				"east": {"uv": [0, 0, 0.7, 1], "texture": "#2"},
				"south": {"uv": [0, 0, 3.3, 1], "texture": "#2"},
				"west": {"uv": [0, 0, 0.7, 1], "texture": "#2"},
				"up": {"uv": [0, 0, 3.3, 0.7], "texture": "#2"},
				"down": {"uv": [0, 0, 3.3, 0.7], "texture": "#2"}
			}
		},
		{
			"from": [8.2, 0, 8.2],
			"to": [9.8, 1, 8.7],
			"rotation": {"angle": 0, "axis": "y", "origin": [18.2, 8, 16]},
			"faces": {
				"north": {"uv": [0, 0, 1.6, 1], "texture": "#1"},
				"east": {"uv": [0, 0, 0.5, 1], "texture": "#1"},
				"south": {"uv": [0, 0, 1.6, 1], "texture": "#1"},
				"west": {"uv": [0, 0, 0.5, 1], "texture": "#1"},
				"up": {"uv": [0, 0, 1, 1], "texture": "#1"},
				"down": {"uv": [0, 0, 1.6, 0.5], "texture": "#1"}
			}
		},
		{
			"from": [3.45, 0, 8.2],
			"to": [5.05, 1, 8.7],
			"rotation": {"angle": 0, "axis": "y", "origin": [-4.95, 8, 16]},
			"faces": {
				"north": {"uv": [1.6, 0, 0, 1], "texture": "#1"},
				"east": {"uv": [0.5, 0, 0, 1], "texture": "#1"},
				"south": {"uv": [1.6, 0, 0, 1], "texture": "#1"},
				"west": {"uv": [0.5, 0, 0, 1], "texture": "#1"},
				"up": {"uv": [1, 0, 0, 1], "texture": "#1"},
				"down": {"uv": [1.6, 0, 0, 0.5], "texture": "#1"}
			}
		},
		{
			"from": [9.7, 0, 8],
			"to": [11.3, 1, 8.5],
			"rotation": {"angle": 0, "axis": "y", "origin": [19.7, 8, 15.8]},
			"faces": {
				"north": {"uv": [0, 0, 1.6, 1], "texture": "#1"},
				"east": {"uv": [0, 0, 0.5, 1], "texture": "#1"},
				"south": {"uv": [0, 0, 1.6, 1], "texture": "#1"},
				"west": {"uv": [0, 0, 0.5, 1], "texture": "#1"},
				"up": {"uv": [0, 0, 1, 1], "texture": "#1"},
				"down": {"uv": [0, 0, 1.6, 0.5], "texture": "#1"}
			}
		},
		{
			"from": [1.95, 0, 8],
			"to": [3.55, 1, 8.5],
			"rotation": {"angle": 0, "axis": "y", "origin": [-6.45, 8, 15.8]},
			"faces": {
				"north": {"uv": [1.6, 0, 0, 1], "texture": "#1"},
				"east": {"uv": [0.5, 0, 0, 1], "texture": "#1"},
				"south": {"uv": [1.6, 0, 0, 1], "texture": "#1"},
				"west": {"uv": [0.5, 0, 0, 1], "texture": "#1"},
				"up": {"uv": [1, 0, 0, 1], "texture": "#1"},
				"down": {"uv": [1.6, 0, 0, 0.5], "texture": "#1"}
			}
		},
		{
			"from": [11.3, 0, 7.9],
			"to": [12.1, 1, 8.4],
			"rotation": {"angle": 0, "axis": "y", "origin": [21.3, 8, 15.7]},
			"faces": {
				"north": {"uv": [0, 0, 0.8, 1], "texture": "#1"},
				"east": {"uv": [0, 0, 0.5, 1], "texture": "#1"},
				"south": {"uv": [0, 0, 0.8, 1], "texture": "#1"},
				"west": {"uv": [0, 0, 0.5, 1], "texture": "#1"},
				"up": {"uv": [0, 0, 1, 1], "texture": "#1"},
				"down": {"uv": [0, 0, 0.8, 0.5], "texture": "#1"}
			}
		},
		{
			"from": [1.15, 0, 7.9],
			"to": [1.95, 1, 8.4],
			"rotation": {"angle": 0, "axis": "y", "origin": [-8.05, 8, 15.7]},
			"faces": {
				"north": {"uv": [0.8, 0, 0, 1], "texture": "#1"},
				"east": {"uv": [0.5, 0, 0, 1], "texture": "#1"},
				"south": {"uv": [0.8, 0, 0, 1], "texture": "#1"},
				"west": {"uv": [0.5, 0, 0, 1], "texture": "#1"},
				"up": {"uv": [1, 0, 0, 1], "texture": "#1"},
				"down": {"uv": [0.8, 0, 0, 0.5], "texture": "#1"}
			}
		},
		{
			"from": [12.1, 0.125, 8],
			"to": [12.7, 0.875, 8.4],
			"rotation": {"angle": 0, "axis": "y", "origin": [22.1, 8, 16]},
			"faces": {
				"north": {"uv": [0, 0, 0.6, 0.75], "texture": "#1"},
				"east": {"uv": [0, 0, 0.4, 0.75], "texture": "#1"},
				"south": {"uv": [0, 0, 0.6, 0.75], "texture": "#1"},
				"west": {"uv": [0, 0, 0.4, 0.75], "texture": "#1"},
				"up": {"uv": [0, 0, 1, 1], "texture": "#1"},
				"down": {"uv": [0, 0, 0.6, 0.4], "texture": "#1"}
			}
		},
		{
			"from": [0.55, 0.125, 8],
			"to": [1.15, 0.875, 8.4],
			"rotation": {"angle": 0, "axis": "y", "origin": [-8.85, 8, 16]},
			"faces": {
				"north": {"uv": [0.6, 0, 0, 0.75], "texture": "#1"},
				"east": {"uv": [0.4, 0, 0, 0.75], "texture": "#1"},
				"south": {"uv": [0.6, 0, 0, 0.75], "texture": "#1"},
				"west": {"uv": [0.4, 0, 0, 0.75], "texture": "#1"},
				"up": {"uv": [1, 0, 0, 1], "texture": "#1"},
				"down": {"uv": [0.6, 0, 0, 0.4], "texture": "#1"}
			}
		},
		{
			"from": [12.7, 0.125, 8.1],
			"to": [13.3, 0.875, 8.4],
			"rotation": {"angle": 0, "axis": "y", "origin": [22.7, 8, 16.2]},
			"faces": {
				"north": {"uv": [0, 0, 0.6, 0.75], "texture": "#1"},
				"east": {"uv": [0, 0, 0.3, 0.75], "texture": "#1"},
				"south": {"uv": [0, 0, 0.6, 0.75], "texture": "#1"},
				"west": {"uv": [0, 0, 0.3, 0.75], "texture": "#1"},
				"up": {"uv": [0, 0, 1, 1], "texture": "#1"},
				"down": {"uv": [0, 0, 0.6, 0.3], "texture": "#1"}
			}
		},
		{
			"from": [-0.05, 0.125, 8.1],
			"to": [0.55, 0.875, 8.4],
			"rotation": {"angle": 0, "axis": "y", "origin": [-9.45, 8, 16.2]},
			"faces": {
				"north": {"uv": [0.6, 0, 0, 0.75], "texture": "#1"},
				"east": {"uv": [0.3, 0, 0, 0.75], "texture": "#1"},
				"south": {"uv": [0.6, 0, 0, 0.75], "texture": "#1"},
				"west": {"uv": [0.3, 0, 0, 0.75], "texture": "#1"},
				"up": {"uv": [1, 0, 0, 1], "texture": "#1"},
				"down": {"uv": [0.6, 0, 0, 0.3], "texture": "#1"}
			}
		},
		{
			"from": [13.3, 0.125, 8.2],
			"to": [13.9, 0.875, 8.5],
			"rotation": {"angle": 0, "axis": "y", "origin": [23.3, 8, 16.3]},
			"faces": {
				"north": {"uv": [0, 0, 0.6, 0.75], "texture": "#1"},
				"east": {"uv": [0, 0, 0.3, 0.75], "texture": "#1"},
				"south": {"uv": [0, 0, 0.6, 0.75], "texture": "#1"},
				"west": {"uv": [0, 0, 0.3, 0.75], "texture": "#1"},
				"up": {"uv": [0, 0, 1, 1], "texture": "#1"},
				"down": {"uv": [0, 0, 0.6, 0.3], "texture": "#1"}
			}
		},
		{
			"from": [-0.65, 0.125, 8.2],
			"to": [-0.05, 0.875, 8.5],
			"rotation": {"angle": 0, "axis": "y", "origin": [-10.05, 8, 16.3]},
			"faces": {
				"north": {"uv": [0.6, 0, 0, 0.75], "texture": "#1"},
				"east": {"uv": [0.3, 0, 0, 0.75], "texture": "#1"},
				"south": {"uv": [0.6, 0, 0, 0.75], "texture": "#1"},
				"west": {"uv": [0.3, 0, 0, 0.75], "texture": "#1"},
				"up": {"uv": [1, 0, 0, 1], "texture": "#1"},
				"down": {"uv": [0.6, 0, 0, 0.3], "texture": "#1"}
			}
		},
		{
			"from": [13.9, 0.125, 8.3],
			"to": [14.5, 0.875, 8.6],
			"rotation": {"angle": 0, "axis": "y", "origin": [23.9, 8, 16.4]},
			"faces": {
				"north": {"uv": [0, 0, 0.6, 0.75], "texture": "#1"},
				"east": {"uv": [0, 0, 0.3, 0.75], "texture": "#1"},
				"south": {"uv": [0, 0, 0.6, 0.75], "texture": "#1"},
				"west": {"uv": [0, 0, 0.3, 0.75], "texture": "#1"},
				"up": {"uv": [0, 0, 1, 1], "texture": "#1"},
				"down": {"uv": [0, 0, 0.6, 0.3], "texture": "#1"}
			}
		},
		{
			"from": [-1.25, 0.125, 8.3],
			"to": [-0.65, 0.875, 8.6],
			"rotation": {"angle": 0, "axis": "y", "origin": [-10.65, 8, 16.4]},
			"faces": {
				"north": {"uv": [0.6, 0, 0, 0.75], "texture": "#1"},
				"east": {"uv": [0.3, 0, 0, 0.75], "texture": "#1"},
				"south": {"uv": [0.6, 0, 0, 0.75], "texture": "#1"},
				"west": {"uv": [0.3, 0, 0, 0.75], "texture": "#1"},
				"up": {"uv": [1, 0, 0, 1], "texture": "#1"},
				"down": {"uv": [0.6, 0, 0, 0.3], "texture": "#1"}
			}
		},
		{
			"from": [14.5, 0.125, 8.4],
			"to": [15.1, 0.875, 8.7],
			"rotation": {"angle": 0, "axis": "y", "origin": [24.5, 8, 16.5]},
			"faces": {
				"north": {"uv": [0, 0, 0.6, 0.75], "texture": "#1"},
				"east": {"uv": [0, 0, 0.3, 0.75], "texture": "#1"},
				"south": {"uv": [0, 0, 0.6, 0.75], "texture": "#1"},
				"west": {"uv": [0, 0, 0.3, 0.75], "texture": "#1"},
				"up": {"uv": [0, 0, 1, 1], "texture": "#1"},
				"down": {"uv": [0, 0, 0.6, 0.3], "texture": "#1"}
			}
		},
		{
			"from": [-1.85, 0.125, 8.4],
			"to": [-1.25, 0.875, 8.7],
			"rotation": {"angle": 0, "axis": "y", "origin": [-11.25, 8, 16.5]},
			"faces": {
				"north": {"uv": [0.6, 0, 0, 0.75], "texture": "#1"},
				"east": {"uv": [0.3, 0, 0, 0.75], "texture": "#1"},
				"south": {"uv": [0.6, 0, 0, 0.75], "texture": "#1"},
				"west": {"uv": [0.3, 0, 0, 0.75], "texture": "#1"},
				"up": {"uv": [1, 0, 0, 1], "texture": "#1"},
				"down": {"uv": [0.6, 0, 0, 0.3], "texture": "#1"}
			}
		},
		{
			"from": [15.1, 0.125, 8.5],
			"to": [15.5, 0.75, 8.8],
			"rotation": {"angle": 0, "axis": "y", "origin": [25.1, 8, 16.6]},
			"faces": {
				"north": {"uv": [0, 0, 0.4, 0.625], "texture": "#1"},
				"east": {"uv": [0, 0, 0.3, 0.625], "texture": "#1"},
				"south": {"uv": [0, 0, 0.4, 0.625], "texture": "#1"},
				"west": {"uv": [0, 0, 0.3, 0.625], "texture": "#1"},
				"up": {"uv": [0, 0, 1, 1], "texture": "#1"},
				"down": {"uv": [0, 0, 0.4, 0.3], "texture": "#1"}
			}
		},
		{
			"from": [-2.25, 0.125, 8.5],
			"to": [-1.85, 0.75, 8.8],
			"rotation": {"angle": 0, "axis": "y", "origin": [-11.85, 8, 16.6]},
			"faces": {
				"north": {"uv": [0.4, 0, 0, 0.625], "texture": "#1"},
				"east": {"uv": [0.3, 0, 0, 0.625], "texture": "#1"},
				"south": {"uv": [0.4, 0, 0, 0.625], "texture": "#1"},
				"west": {"uv": [0.3, 0, 0, 0.625], "texture": "#1"},
				"up": {"uv": [1, 0, 0, 1], "texture": "#1"},
				"down": {"uv": [0.4, 0, 0, 0.3], "texture": "#1"}
			}
		},
		{
			"from": [15.5, 0.125, 8.6],
			"to": [15.8, 0.75, 8.9],
			"rotation": {"angle": 0, "axis": "y", "origin": [25.5, 8, 16.7]},
			"faces": {
				"north": {"uv": [0, 0, 0.3, 0.625], "texture": "#1"},
				"east": {"uv": [0, 0, 0.3, 0.625], "texture": "#1"},
				"south": {"uv": [0, 0, 0.3, 0.625], "texture": "#1"},
				"west": {"uv": [0, 0, 0.3, 0.625], "texture": "#1"},
				"up": {"uv": [0, 0, 1, 1], "texture": "#1"},
				"down": {"uv": [0, 0, 0.3, 0.3], "texture": "#1"}
			}
		},
		{
			"from": [-2.55, 0.125, 8.6],
			"to": [-2.25, 0.75, 8.9],
			"rotation": {"angle": 0, "axis": "y", "origin": [-12.25, 8, 16.7]},
			"faces": {
				"north": {"uv": [0.3, 0, 0, 0.625], "texture": "#1"},
				"east": {"uv": [0.3, 0, 0, 0.625], "texture": "#1"},
				"south": {"uv": [0.3, 0, 0, 0.625], "texture": "#1"},
				"west": {"uv": [0.3, 0, 0, 0.625], "texture": "#1"},
				"up": {"uv": [1, 0, 0, 1], "texture": "#1"},
				"down": {"uv": [0.3, 0, 0, 0.3], "texture": "#1"}
			}
		},
		{
			"from": [15.75, 0.125, 8.7],
			"to": [16.05, 0.75, 9],
			"rotation": {"angle": 0, "axis": "y", "origin": [25.75, 8, 16.7]},
			"faces": {
				"north": {"uv": [0, 0, 0.3, 0.625], "texture": "#1"},
				"east": {"uv": [0, 0, 0.3, 0.625], "texture": "#1"},
				"south": {"uv": [0, 0, 0.3, 0.625], "texture": "#1"},
				"west": {"uv": [0, 0, 0.3, 0.625], "texture": "#1"},
				"up": {"uv": [0, 0, 1, 1], "texture": "#1"},
				"down": {"uv": [0, 0, 0.3, 0.3], "texture": "#1"}
			}
		},
		{
			"from": [-2.8, 0.125, 8.7],
			"to": [-2.5, 0.75, 9],
			"rotation": {"angle": 0, "axis": "y", "origin": [-12.5, 8, 16.7]},
			"faces": {
				"north": {"uv": [0.3, 0, 0, 0.625], "texture": "#1"},
				"east": {"uv": [0.3, 0, 0, 0.625], "texture": "#1"},
				"south": {"uv": [0.3, 0, 0, 0.625], "texture": "#1"},
				"west": {"uv": [0.3, 0, 0, 0.625], "texture": "#1"},
				"up": {"uv": [1, 0, 0, 1], "texture": "#1"},
				"down": {"uv": [0.3, 0, 0, 0.3], "texture": "#1"}
			}
		},
		{
			"from": [17.55, 0.125, 9.8],
			"to": [17.85, 0.625, 10.1],
			"rotation": {"angle": 0, "axis": "y", "origin": [27.55, 8, 17.8]},
			"faces": {
				"north": {"uv": [0, 0, 0.3, 0.5], "texture": "#1"},
				"east": {"uv": [0, 0, 0.3, 0.5], "texture": "#1"},
				"south": {"uv": [0, 0, 0.3, 0.5], "texture": "#1"},
				"west": {"uv": [0, 0, 0.3, 0.5], "texture": "#1"},
				"up": {"uv": [0, 0, 1, 1], "texture": "#1"},
				"down": {"uv": [0, 0, 0.3, 0.3], "texture": "#1"}
			}
		},
		{
			"from": [-4.6, 0.125, 9.8],
			"to": [-4.3, 0.625, 10.1],
			"rotation": {"angle": 0, "axis": "y", "origin": [-14.3, 8, 17.8]},
			"faces": {
				"north": {"uv": [0.3, 0, 0, 0.5], "texture": "#1"},
				"east": {"uv": [0.3, 0, 0, 0.5], "texture": "#1"},
				"south": {"uv": [0.3, 0, 0, 0.5], "texture": "#1"},
				"west": {"uv": [0.3, 0, 0, 0.5], "texture": "#1"},
				"up": {"uv": [1, 0, 0, 1], "texture": "#1"},
				"down": {"uv": [0.3, 0, 0, 0.3], "texture": "#1"}
			}
		},
		{
			"from": [16.35, 0.125, 9],
			"to": [16.65, 0.75, 9.3],
			"rotation": {"angle": 0, "axis": "y", "origin": [26.35, 8, 17.1]},
			"faces": {
				"north": {"uv": [0, 0, 0.3, 0.625], "texture": "#1"},
				"east": {"uv": [0, 0, 0.3, 0.625], "texture": "#1"},
				"south": {"uv": [0, 0, 0.3, 0.625], "texture": "#1"},
				"west": {"uv": [0, 0, 0.3, 0.625], "texture": "#1"},
				"up": {"uv": [0, 0, 1, 1], "texture": "#1"},
				"down": {"uv": [0, 0, 0.3, 0.3], "texture": "#1"}
			}
		},
		{
			"from": [-3.4, 0.125, 9],
			"to": [-3.1, 0.75, 9.3],
			"rotation": {"angle": 0, "axis": "y", "origin": [-13.1, 8, 17.1]},
			"faces": {
				"north": {"uv": [0.3, 0, 0, 0.625], "texture": "#1"},
				"east": {"uv": [0.3, 0, 0, 0.625], "texture": "#1"},
				"south": {"uv": [0.3, 0, 0, 0.625], "texture": "#1"},
				"west": {"uv": [0.3, 0, 0, 0.625], "texture": "#1"},
				"up": {"uv": [1, 0, 0, 1], "texture": "#1"},
				"down": {"uv": [0.3, 0, 0, 0.3], "texture": "#1"}
			}
		},
		{
			"from": [18.15, 0.25, 10.2],
			"to": [18.45, 0.5, 10.5],
			"rotation": {"angle": 0, "axis": "y", "origin": [28.15, 8, 18.3]},
			"faces": {
				"north": {"uv": [0, 0, 0.3, 0.25], "texture": "#1"},
				"east": {"uv": [0, 0, 0.3, 0.25], "texture": "#1"},
				"south": {"uv": [0, 0, 0.3, 0.25], "texture": "#1"},
				"west": {"uv": [0, 0, 0.3, 0.25], "texture": "#1"},
				"up": {"uv": [0, 0, 1, 1], "texture": "#1"},
				"down": {"uv": [0, 0, 0.3, 0.3], "texture": "#1"}
			}
		},
		{
			"from": [-5.2, 0.25, 10.2],
			"to": [-4.9, 0.5, 10.5],
			"rotation": {"angle": 0, "axis": "y", "origin": [-14.9, 8, 18.3]},
			"faces": {
				"north": {"uv": [0.3, 0, 0, 0.25], "texture": "#1"},
				"east": {"uv": [0.3, 0, 0, 0.25], "texture": "#1"},
				"south": {"uv": [0.3, 0, 0, 0.25], "texture": "#1"},
				"west": {"uv": [0.3, 0, 0, 0.25], "texture": "#1"},
				"up": {"uv": [1, 0, 0, 1], "texture": "#1"},
				"down": {"uv": [0.3, 0, 0, 0.3], "texture": "#1"}
			}
		},
		{
			"from": [16.65, 0.125, 9.2],
			"to": [16.95, 0.625, 9.5],
			"rotation": {"angle": 0, "axis": "y", "origin": [26.65, 8, 17.3]},
			"faces": {
				"north": {"uv": [0, 0, 0.3, 0.5], "texture": "#1"},
				"east": {"uv": [0, 0, 0.3, 0.5], "texture": "#1"},
				"south": {"uv": [0, 0, 0.3, 0.5], "texture": "#1"},
				"west": {"uv": [0, 0, 0.3, 0.5], "texture": "#1"},
				"up": {"uv": [0, 0, 1, 1], "texture": "#1"},
				"down": {"uv": [0, 0, 0.3, 0.3], "texture": "#1"}
			}
		},
		{
			"from": [-3.7, 0.125, 9.2],
			"to": [-3.4, 0.625, 9.5],
			"rotation": {"angle": 0, "axis": "y", "origin": [-13.4, 8, 17.3]},
			"faces": {
				"north": {"uv": [0.3, 0, 0, 0.5], "texture": "#1"},
				"east": {"uv": [0.3, 0, 0, 0.5], "texture": "#1"},
				"south": {"uv": [0.3, 0, 0, 0.5], "texture": "#1"},
				"west": {"uv": [0.3, 0, 0, 0.5], "texture": "#1"},
				"up": {"uv": [1, 0, 0, 1], "texture": "#1"},
				"down": {"uv": [0.3, 0, 0, 0.3], "texture": "#1"}
			}
		},
		{
			"from": [18.45, 0.25, 10.4],
			"to": [18.75, 0.5, 10.7],
			"rotation": {"angle": 0, "axis": "y", "origin": [28.45, 8, 18.5]},
			"faces": {
				"north": {"uv": [0, 0, 0.3, 0.25], "texture": "#1"},
				"east": {"uv": [0, 0, 0.3, 0.25], "texture": "#1"},
				"south": {"uv": [0, 0, 0.3, 0.25], "texture": "#1"},
				"west": {"uv": [0, 0, 0.3, 0.25], "texture": "#1"},
				"up": {"uv": [0, 0, 1, 1], "texture": "#1"},
				"down": {"uv": [0, 0, 0.3, 0.3], "texture": "#1"}
			}
		},
		{
			"from": [-5.5, 0.25, 10.4],
			"to": [-5.2, 0.5, 10.7],
			"rotation": {"angle": 0, "axis": "y", "origin": [-15.2, 8, 18.5]},
			"faces": {
				"north": {"uv": [0.3, 0, 0, 0.25], "texture": "#1"},
				"east": {"uv": [0.3, 0, 0, 0.25], "texture": "#1"},
				"south": {"uv": [0.3, 0, 0, 0.25], "texture": "#1"},
				"west": {"uv": [0.3, 0, 0, 0.25], "texture": "#1"},
				"up": {"uv": [1, 0, 0, 1], "texture": "#1"},
				"down": {"uv": [0.3, 0, 0, 0.3], "texture": "#1"}
			}
		},
		{
			"from": [16.95, 0.125, 9.4],
			"to": [17.25, 0.625, 9.7],
			"rotation": {"angle": 0, "axis": "y", "origin": [26.95, 8, 17.5]},
			"faces": {
				"north": {"uv": [0, 0, 0.3, 0.5], "texture": "#1"},
				"east": {"uv": [0, 0, 0.3, 0.5], "texture": "#1"},
				"south": {"uv": [0, 0, 0.3, 0.5], "texture": "#1"},
				"west": {"uv": [0, 0, 0.3, 0.5], "texture": "#1"},
				"up": {"uv": [0, 0, 1, 1], "texture": "#1"},
				"down": {"uv": [0, 0, 0.3, 0.3], "texture": "#1"}
			}
		},
		{
			"from": [-4, 0.125, 9.4],
			"to": [-3.7, 0.625, 9.7],
			"rotation": {"angle": 0, "axis": "y", "origin": [-13.7, 8, 17.5]},
			"faces": {
				"north": {"uv": [0.3, 0, 0, 0.5], "texture": "#1"},
				"east": {"uv": [0.3, 0, 0, 0.5], "texture": "#1"},
				"south": {"uv": [0.3, 0, 0, 0.5], "texture": "#1"},
				"west": {"uv": [0.3, 0, 0, 0.5], "texture": "#1"},
				"up": {"uv": [1, 0, 0, 1], "texture": "#1"},
				"down": {"uv": [0.3, 0, 0, 0.3], "texture": "#1"}
			}
		},
		{
			"from": [18.75, 0.25, 10.6],
			"to": [19.05, 0.5, 10.9],
			"rotation": {"angle": 0, "axis": "y", "origin": [28.75, 8, 18.7]},
			"faces": {
				"north": {"uv": [0, 0, 0.3, 0.25], "texture": "#1"},
				"east": {"uv": [0, 0, 0.3, 0.25], "texture": "#1"},
				"south": {"uv": [0, 0, 0.3, 0.25], "texture": "#1"},
				"west": {"uv": [0, 0, 0.3, 0.25], "texture": "#1"},
				"up": {"uv": [0, 0, 1, 1], "texture": "#1"},
				"down": {"uv": [0, 0, 0.3, 0.3], "texture": "#1"}
			}
		},
		{
			"from": [-5.8, 0.25, 10.6],
			"to": [-5.5, 0.5, 10.9],
			"rotation": {"angle": 0, "axis": "y", "origin": [-15.5, 8, 18.7]},
			"faces": {
				"north": {"uv": [0.3, 0, 0, 0.25], "texture": "#1"},
				"east": {"uv": [0.3, 0, 0, 0.25], "texture": "#1"},
				"south": {"uv": [0.3, 0, 0, 0.25], "texture": "#1"},
				"west": {"uv": [0.3, 0, 0, 0.25], "texture": "#1"},
				"up": {"uv": [1, 0, 0, 1], "texture": "#1"},
				"down": {"uv": [0.3, 0, 0, 0.3], "texture": "#1"}
			}
		},
		{
			"from": [17.25, 0.125, 9.6],
			"to": [17.55, 0.625, 9.9],
			"rotation": {"angle": 0, "axis": "y", "origin": [27.25, 8, 17.7]},
			"faces": {
				"north": {"uv": [0, 0, 0.3, 0.5], "texture": "#1"},
				"east": {"uv": [0, 0, 0.3, 0.5], "texture": "#1"},
				"south": {"uv": [0, 0, 0.3, 0.5], "texture": "#1"},
				"west": {"uv": [0, 0, 0.3, 0.5], "texture": "#1"},
				"up": {"uv": [0, 0, 1, 1], "texture": "#1"},
				"down": {"uv": [0, 0, 0.3, 0.3], "texture": "#1"}
			}
		},
		{
			"from": [-4.3, 0.125, 9.6],
			"to": [-4, 0.625, 9.9],
			"rotation": {"angle": 0, "axis": "y", "origin": [-14, 8, 17.7]},
			"faces": {
				"north": {"uv": [0.3, 0, 0, 0.5], "texture": "#1"},
				"east": {"uv": [0.3, 0, 0, 0.5], "texture": "#1"},
				"south": {"uv": [0.3, 0, 0, 0.5], "texture": "#1"},
				"west": {"uv": [0.3, 0, 0, 0.5], "texture": "#1"},
				"up": {"uv": [1, 0, 0, 1], "texture": "#1"},
				"down": {"uv": [0.3, 0, 0, 0.3], "texture": "#1"}
			}
		},
		{
			"from": [19.05, 0.25, 10.8],
			"to": [19.35, 0.5, 11.1],
			"rotation": {"angle": 0, "axis": "y", "origin": [29.05, 8, 18.9]},
			"faces": {
				"north": {"uv": [0, 0, 0.3, 0.25], "texture": "#1"},
				"east": {"uv": [0, 0, 0.3, 0.25], "texture": "#1"},
				"south": {"uv": [0, 0, 0.3, 0.25], "texture": "#1"},
				"west": {"uv": [0, 0, 0.3, 0.25], "texture": "#1"},
				"up": {"uv": [0, 0, 1, 1], "texture": "#1"},
				"down": {"uv": [0, 0, 0.3, 0.3], "texture": "#1"}
			}
		},
		{
			"from": [-6.1, 0.25, 10.8],
			"to": [-5.8, 0.5, 11.1],
			"rotation": {"angle": 0, "axis": "y", "origin": [-15.8, 8, 18.9]},
			"faces": {
				"north": {"uv": [0.3, 0, 0, 0.25], "texture": "#1"},
				"east": {"uv": [0.3, 0, 0, 0.25], "texture": "#1"},
				"south": {"uv": [0.3, 0, 0, 0.25], "texture": "#1"},
				"west": {"uv": [0.3, 0, 0, 0.25], "texture": "#1"},
				"up": {"uv": [1, 0, 0, 1], "texture": "#1"},
				"down": {"uv": [0.3, 0, 0, 0.3], "texture": "#1"}
			}
		},
		{
			"from": [19.35, 0.25, 10.95],
			"to": [19.85, 0.5, 11.25],
			"rotation": {"angle": 0, "axis": "y", "origin": [29.35, 8, 19.05]},
			"faces": {
				"north": {"uv": [0, 0, 0.5, 0.25], "texture": "#1"},
				"east": {"uv": [0, 0, 0.3, 0.25], "texture": "#1"},
				"south": {"uv": [0, 0, 0.5, 0.25], "texture": "#1"},
				"west": {"uv": [0, 0, 0.3, 0.25], "texture": "#1"},
				"up": {"uv": [0, 0, 1, 1], "texture": "#1"},
				"down": {"uv": [0, 0, 0.5, 0.3], "texture": "#1"}
			}
		},
		{
			"from": [-6.6, 0.25, 10.95],
			"to": [-6.1, 0.5, 11.25],
			"rotation": {"angle": 0, "axis": "y", "origin": [-16.1, 8, 19.05]},
			"faces": {
				"north": {"uv": [0.5, 0, 0, 0.25], "texture": "#1"},
				"east": {"uv": [0.3, 0, 0, 0.25], "texture": "#1"},
				"south": {"uv": [0.5, 0, 0, 0.25], "texture": "#1"},
				"west": {"uv": [0.3, 0, 0, 0.25], "texture": "#1"},
				"up": {"uv": [1, 0, 0, 1], "texture": "#1"},
				"down": {"uv": [0.5, 0, 0, 0.3], "texture": "#1"}
			}
		},
		{
			"from": [19.85, 0.25, 11.05],
			"to": [20.35, 0.5, 11.35],
			"rotation": {"angle": 0, "axis": "y", "origin": [29.85, 8, 19.15]},
			"faces": {
				"north": {"uv": [0, 0, 0.5, 0.25], "texture": "#1"},
				"east": {"uv": [0, 0, 0.3, 0.25], "texture": "#1"},
				"south": {"uv": [0, 0, 0.5, 0.25], "texture": "#1"},
				"west": {"uv": [0, 0, 0.3, 0.25], "texture": "#1"},
				"up": {"uv": [0, 0, 1, 1], "texture": "#1"},
				"down": {"uv": [0, 0, 0.5, 0.3], "texture": "#1"}
			}
		},
		{
			"from": [-7.1, 0.25, 11.05],
			"to": [-6.6, 0.5, 11.35],
			"rotation": {"angle": 0, "axis": "y", "origin": [-16.6, 8, 19.15]},
			"faces": {
				"north": {"uv": [0.5, 0, 0, 0.25], "texture": "#1"},
				"east": {"uv": [0.3, 0, 0, 0.25], "texture": "#1"},
				"south": {"uv": [0.5, 0, 0, 0.25], "texture": "#1"},
				"west": {"uv": [0.3, 0, 0, 0.25], "texture": "#1"},
				"up": {"uv": [1, 0, 0, 1], "texture": "#1"},
				"down": {"uv": [0.5, 0, 0, 0.3], "texture": "#1"}
			}
		},
		{
			"from": [-7.15, 0.4, 11.3],
			"to": [19.6, 0.5, 11.35],
			"rotation": {"angle": 0, "axis": "y", "origin": [29.1, 8, 19.15]},
			"faces": {
				"north": {"uv": [0, 0, 16, 0.1], "texture": "#0"},
				"east": {"uv": [0, 0, 0.05, 0.1], "texture": "#0"},
				"south": {"uv": [5, 0, 5.1, 16], "rotation": 90, "texture": "#0"},
				"west": {"uv": [0, 0, 0.05, 0.1], "texture": "#0"},
				"up": {"uv": [0, 0, 1, 1], "texture": "#0"},
				"down": {"uv": [0, 0, 16, 0.05], "texture": "#0"}
			}
		},
		{
			"from": [16.05, 0.125, 8.8],
			"to": [16.35, 0.75, 9.1],
			"rotation": {"angle": 0, "axis": "y", "origin": [26.05, 8, 16.9]},
			"faces": {
				"north": {"uv": [0, 0, 0.3, 0.625], "texture": "#1"},
				"east": {"uv": [0, 0, 0.3, 0.625], "texture": "#1"},
				"south": {"uv": [0, 0, 0.3, 0.625], "texture": "#1"},
				"west": {"uv": [0, 0, 0.3, 0.625], "texture": "#1"},
				"up": {"uv": [0, 0, 1, 1], "texture": "#1"},
				"down": {"uv": [0, 0, 0.3, 0.3], "texture": "#1"}
			}
		},
		{
			"from": [-3.1, 0.125, 8.8],
			"to": [-2.8, 0.75, 9.1],
			"rotation": {"angle": 0, "axis": "y", "origin": [-12.8, 8, 16.9]},
			"faces": {
				"north": {"uv": [0.3, 0, 0, 0.625], "texture": "#1"},
				"east": {"uv": [0.3, 0, 0, 0.625], "texture": "#1"},
				"south": {"uv": [0.3, 0, 0, 0.625], "texture": "#1"},
				"west": {"uv": [0.3, 0, 0, 0.625], "texture": "#1"},
				"up": {"uv": [1, 0, 0, 1], "texture": "#1"},
				"down": {"uv": [0.3, 0, 0, 0.3], "texture": "#1"}
			}
		},
		{
			"from": [17.85, 0.25, 10],
			"to": [18.15, 0.5, 10.3],
			"rotation": {"angle": 0, "axis": "y", "origin": [27.85, 8, 18.1]},
			"faces": {
				"north": {"uv": [0, 0, 0.3, 0.25], "texture": "#1"},
				"east": {"uv": [0, 0, 0.3, 0.25], "texture": "#1"},
				"south": {"uv": [0, 0, 0.3, 0.25], "texture": "#1"},
				"west": {"uv": [0, 0, 0.3, 0.25], "texture": "#1"},
				"up": {"uv": [0, 0, 1, 1], "texture": "#1"},
				"down": {"uv": [0, 0, 0.3, 0.3], "texture": "#1"}
			}
		},
		{
			"from": [-4.9, 0.25, 10],
			"to": [-4.6, 0.5, 10.3],
			"rotation": {"angle": 0, "axis": "y", "origin": [-14.6, 8, 18.1]},
			"faces": {
				"north": {"uv": [0.3, 0, 0, 0.25], "texture": "#1"},
				"east": {"uv": [0.3, 0, 0, 0.25], "texture": "#1"},
				"south": {"uv": [0.3, 0, 0, 0.25], "texture": "#1"},
				"west": {"uv": [0.3, 0, 0, 0.25], "texture": "#1"},
				"up": {"uv": [1, 0, 0, 1], "texture": "#1"},
				"down": {"uv": [0.3, 0, 0, 0.3], "texture": "#1"}
			}
		}
	],
	"gui_light": "front",
	"display": {
		"thirdperson_righthand": {
			"rotation": [32, -80, 55],
			"translation": [-0.75, 7, 2],
			"scale": [0.85, 0.85, 1.19]
		},
		"thirdperson_lefthand": {
			"rotation": [0, 90, -55],
			"translation": [0, 6.25, -1.75],
			"scale": [0.85, 0.85, 1.19]
		},
		"firstperson_righthand": {
			"rotation": [46, 6, 97],
			"translation": [-2.25, 0.75, 0],
			"scale": [0.46, 0.46, 0.69]
		},
		"firstperson_lefthand": {
			"rotation": [25, -18, 97],
			"translation": [-1.25, 0, -0.75],
			"scale": [0.46, 0.46, 0.65]
		},
		"ground": {
			"translation": [0, 5.75, 0],
			"scale": [1, 1, 2.25]
		},
		"gui": {
			"rotation": [-42, 77, -32],
			"translation": [-2, 1.5, 0],
			"scale": [0.55, 0.9, 1.13]
		},
		"head": {
			"rotation": [37, -73, 128],
			"translation": [-3.75, -17.25, -5.5],
			"scale": [1.29, 1.29, 2.41]
		},
		"fixed": {
			"rotation": [-1, -106, -92],
			"translation": [0, -0.75, 6.25],
			"scale": [0.65, 0.97, 1.35]
		}
	}
}