{
	"credit": "Made with Blockbench",
	"textures": {
		"0": "block/dark_oak_log",
		"1": "block/stone_bricks",
		"2": "block/acacia_trapdoor",
		"4": "block/cauldron_inner",
		"5": "block/cobblestone",
		"particle": "block/dark_oak_log"
	},
	"elements": [
		{
			"name": "block",
			"from": [0, 0.13988, 0],
			"to": [16, 12.13988, 16],
			"rotation": {"angle": 0, "axis": "y", "origin": [8, -3.73512, 8]},
			"faces": {
				"north": {"uv": [0, 0, 16, 12], "texture": "#5"},
				"east": {"uv": [0, 0, 16, 12], "texture": "#5"},
				"south": {"uv": [0, 0, 16, 12], "texture": "#5"},
				"west": {"uv": [0, 0, 16, 12], "texture": "#5"},
				"up": {"uv": [0, 0, 16, 16], "texture": "#5"},
				"down": {"uv": [0, 0, 16, 16], "texture": "#5"}
			}
		},
		{
			"name": "block",
			"from": [-0.75, 10.88988, -0.75],
			"to": [16.75, 12.26488, 16.75],
			"rotation": {"angle": 0, "axis": "y", "origin": [7.25, -3.73512, 8.75]},
			"faces": {
				"north": {"uv": [0, 0, 16, 1.375], "texture": "#0"},
				"east": {"uv": [0, 0, 16, 1.375], "texture": "#0"},
				"south": {"uv": [0, 12.36012, 16, 13.73512], "texture": "#0"},
				"west": {"uv": [0, 0, 16, 1.375], "texture": "#0"},
				"up": {"uv": [0, 0, 16, 16], "texture": "#0"},
				"down": {"uv": [0, 0, 16, 16], "texture": "#0"}
			}
		},
		{
			"name": "block",
			"from": [8.0625, 2.38988, -1.375],
			"to": [14.3125, 7.51488, 0.125],
			"rotation": {"angle": 0, "axis": "y", "origin": [10.6875, -3.11012, 6.625]},
			"faces": {
				"north": {"uv": [0, 1, 16, 16], "texture": "#2"},
				"east": {"uv": [0, 0, 16, 16], "texture": "#0"},
				"south": {"uv": [0, 0, 16, 16], "texture": "#0"},
				"west": {"uv": [0, 0, 16, 16], "texture": "#0"},
				"up": {"uv": [0, 0, 16, 16], "texture": "#0"},
				"down": {"uv": [0, 0, 16, 16], "texture": "#0"}
			}
		},
		{
			"name": "block",
			"from": [1.6875, 2.38988, -1.375],
			"to": [7.9375, 7.51488, 0.125],
			"rotation": {"angle": 0, "axis": "y", "origin": [2.3125, 4.51488, -0.625]},
			"faces": {
				"north": {"uv": [0, 1, 16, 16], "texture": "#2"},
				"east": {"uv": [0, 0, 16, 16], "texture": "#0"},
				"south": {"uv": [0, 0, 16, 16], "texture": "#0"},
				"west": {"uv": [0, 0, 16, 16], "texture": "#0"},
				"up": {"uv": [0, 0, 16, 16], "texture": "#0"},
				"down": {"uv": [0, 0, 16, 16], "texture": "#0"}
			}
		},
		{
			"name": "block",
			"from": [2.25, 2.01488, -0.25],
			"to": [13.875, 7.13988, -0.25],
			"rotation": {"angle": 0, "axis": "y", "origin": [10.25, -3.48512, 6.25]},
			"faces": {
				"north": {"uv": [1, 10, 14, 16], "texture": "#4"},
				"east": {"uv": [0, 0, 16, 16], "texture": "#4"},
				"south": {"uv": [0, 0, 16, 16], "texture": "#4"},
				"west": {"uv": [0, 0, 16, 16], "texture": "#4"},
				"up": {"uv": [0, 0, 16, 16], "texture": "#4"},
				"down": {"uv": [0, 0, 16, 16], "texture": "#4"}
			}
		},
		{
			"name": "block",
			"from": [1, 12.13988, 1],
			"to": [15, 21.88988, 15],
			"rotation": {"angle": 0, "axis": "y", "origin": [9, 12.13988, 9]},
			"faces": {
				"north": {"uv": [0, 0, 16, 16], "texture": "#1"},
				"east": {"uv": [0, 0, 16, 16], "texture": "#1"},
				"south": {"uv": [0, 0, 16, 16], "texture": "#1"},
				"west": {"uv": [0, 0, 16, 16], "texture": "#1"},
				"up": {"uv": [0, 0, 14, 14], "texture": "#5"},
				"down": {"uv": [0, 0, 14, 14], "texture": "#5"}
			}
		},
		{
			"name": "block",
			"from": [1, 21.76488, 1],
			"to": [15, 22.38988, 15],
			"rotation": {"angle": 0, "axis": "y", "origin": [9, 11.13988, 9]},
			"faces": {
				"north": {"uv": [0, 0, 14, 0.625], "texture": "#0"},
				"east": {"uv": [0, 0, 14, 0.625], "texture": "#0"},
				"south": {"uv": [0, 0, 14, 0.625], "texture": "#0"},
				"west": {"uv": [0, 0, 14, 0.625], "texture": "#0"},
				"up": {"uv": [0, 0, 14, 14], "texture": "#0"},
				"down": {"uv": [0, 0, 14, 14], "texture": "#0"}
			}
		},
		{
			"name": "block",
			"from": [4.375, 12.13988, 0.75],
			"to": [11.625, 19.76488, 0.75],
			"rotation": {"angle": 0, "axis": "y", "origin": [9, 12.13988, 9]},
			"faces": {
				"north": {"uv": [0, 0, 16, 16], "texture": "#4"},
				"east": {"uv": [0, 0, 16, 16], "texture": "#1"},
				"south": {"uv": [0, 0, 16, 16], "texture": "#1"},
				"west": {"uv": [0, 0, 16, 16], "texture": "#1"},
				"up": {"uv": [0, 0, 16, 16], "texture": "#1"},
				"down": {"uv": [0, 0, 16, 16], "texture": "#1"}
			}
		},
		{
			"name": "block",
			"from": [4.375, 12.13988, 0.375],
			"to": [11.625, 19.76488, 0.375],
			"rotation": {"angle": 0, "axis": "y", "origin": [9, 12.13988, 8.625]},
			"faces": {
				"north": {"uv": [0, 0, 16, 16], "texture": "#4"},
				"east": {"uv": [0, 0, 16, 16], "texture": "#1"},
				"south": {"uv": [0, 0, 16, 16], "texture": "#1"},
				"west": {"uv": [0, 0, 16, 16], "texture": "#1"},
				"up": {"uv": [0, 0, 16, 16], "texture": "#1"},
				"down": {"uv": [0, 0, 16, 16], "texture": "#1"}
			}
		},
		{
			"name": "block",
			"from": [2, 22.38988, 2],
			"to": [14, 23.38988, 14],
			"rotation": {"angle": 0, "axis": "y", "origin": [8.625, 11.88988, 9]},
			"faces": {
				"north": {"uv": [0, 0, 12, 1], "texture": "#0"},
				"east": {"uv": [0, 0, 12, 1], "texture": "#0"},
				"south": {"uv": [0, 0, 12, 1], "texture": "#0"},
				"west": {"uv": [0, 0, 12, 1], "texture": "#0"},
				"up": {"uv": [0, 0, 12, 12], "texture": "#0"},
				"down": {"uv": [0, 0, 12, 12], "texture": "#0"}
			}
		},
		{
			"name": "block",
			"from": [2.8125, 23.38988, 2.75],
			"to": [13.1875, 24.26488, 13.25],
			"rotation": {"angle": 0, "axis": "y", "origin": [9.4375, 12.76488, 8.25]},
			"faces": {
				"north": {"uv": [2.8125, 0, 13.1875, 0.875], "texture": "#0"},
				"east": {"uv": [2.75, 0, 13.25, 0.875], "texture": "#0"},
				"south": {"uv": [2.8125, 0, 13.1875, 0.875], "texture": "#0"},
				"west": {"uv": [2.75, 0, 13.25, 0.875], "texture": "#0"},
				"up": {"uv": [2.8125, 2.75, 13.1875, 13.25], "texture": "#0"},
				"down": {"uv": [2.8125, 2.75, 13.1875, 13.25], "texture": "#0"}
			}
		},
		{
			"name": "block",
			"from": [5.25, 24.01488, 5.25],
			"to": [10.75, 30.88988, 10.75],
			"rotation": {"angle": 0, "axis": "y", "origin": [7.75, 11.13988, 10]},
			"faces": {
				"north": {"uv": [8, 5, 13.5, 11.875], "texture": "#5"},
				"east": {"uv": [8, 5, 13.5, 11.875], "texture": "#5"},
				"south": {"uv": [8, 5, 13.5, 11.875], "texture": "#5"},
				"west": {"uv": [8, 5, 13.5, 11.875], "texture": "#5"},
				"up": {"uv": [0, 0, 5.5, 5.5], "texture": "#5"},
				"down": {"uv": [0, 0, 5.5, 5.5], "texture": "#5"}
			}
		},
		{
			"name": "block",
			"from": [4.3125, 30.76488, 4.3125],
			"to": [11.6875, 31.88988, 11.6875],
			"rotation": {"angle": 0, "axis": "y", "origin": [8.6875, 11.13988, 10.9375]},
			"faces": {
				"north": {"uv": [8, 5, 15.375, 6.125], "texture": "#1"},
				"east": {"uv": [8, 5, 15.375, 6.125], "texture": "#1"},
				"south": {"uv": [8, 5, 15.375, 6.125], "texture": "#1"},
				"west": {"uv": [8, 5, 15.375, 6.125], "texture": "#1"},
				"up": {"uv": [8, 5, 15.375, 12.375], "texture": "#1"},
				"down": {"uv": [8, 5, 15.375, 12.375], "texture": "#1"}
			}
		},
		{
			"name": "block",
			"from": [4.3125, 29.51488, 4.3125],
			"to": [11.6875, 30.63988, 11.6875],
			"rotation": {"angle": 0, "axis": "y", "origin": [8.6875, 9.88988, 10.9375]},
			"faces": {
				"north": {"uv": [8, 5, 15.375, 6.125], "texture": "#1"},
				"east": {"uv": [8, 5, 15.375, 6.125], "texture": "#1"},
				"south": {"uv": [8, 5, 15.375, 6.125], "texture": "#1"},
				"west": {"uv": [8, 5, 15.375, 6.125], "texture": "#1"},
				"up": {"uv": [8, 5, 15.375, 12.375], "texture": "#1"},
				"down": {"uv": [8, 5, 14, 10], "texture": "#1"}
			}
		},
		{
			"name": "block",
			"from": [11.39877, 12.13988, 0],
			"to": [14.39877, 13.13988, 1],
			"rotation": {"angle": 0, "axis": "y", "origin": [8.39877, 12.13988, 9]},
			"faces": {
				"north": {"uv": [0, 0, 16, 8], "texture": "#1"},
				"east": {"uv": [8, 5, 14, 10], "texture": "#1"},
				"south": {"uv": [8, 5, 14, 10], "texture": "#1"},
				"west": {"uv": [8, 5, 14, 10], "texture": "#1"},
				"up": {"uv": [8, 5, 14, 10], "texture": "#1"},
				"down": {"uv": [8, 5, 14, 10], "texture": "#1"}
			}
		},
		{
			"name": "block",
			"from": [4.4375, 11.38988, -2.25],
			"to": [11.5625, 12.76488, 1],
			"rotation": {"angle": 0, "axis": "y", "origin": [5.5625, 11.76488, 9]},
			"faces": {
				"north": {"uv": [0, 0, 16, 8], "texture": "#1"},
				"east": {"uv": [8, 5, 14, 10], "texture": "#1"},
				"south": {"uv": [8, 5, 14, 10], "texture": "#1"},
				"west": {"uv": [8, 5, 14, 10], "texture": "#1"},
				"up": {"uv": [8, 5, 14, 10], "texture": "#1"},
				"down": {"uv": [8, 5, 14, 10], "texture": "#1"}
			}
		},
		{
			"name": "block",
			"from": [1.58627, 12.13988, 0],
			"to": [4.58627, 13.13988, 1],
			"rotation": {"angle": 0, "axis": "y", "origin": [7.58627, 12.13988, 9]},
			"faces": {
				"north": {"uv": [0, 0, 16, 8], "texture": "#1"},
				"east": {"uv": [8, 5, 14, 10], "texture": "#1"},
				"south": {"uv": [8, 5, 14, 10], "texture": "#1"},
				"west": {"uv": [8, 5, 14, 10], "texture": "#1"},
				"up": {"uv": [8, 5, 14, 10], "texture": "#1"},
				"down": {"uv": [8, 5, 14, 10], "texture": "#1"}
			}
		},
		{
			"name": "block",
			"from": [10.64877, 13.13988, 0.125],
			"to": [13.64877, 14.13988, 1.125],
			"rotation": {"angle": 0, "axis": "y", "origin": [7.64877, 13.13988, 9.125]},
			"faces": {
				"north": {"uv": [0, 0, 16, 8], "texture": "#1"},
				"east": {"uv": [8, 5, 14, 10], "texture": "#1"},
				"south": {"uv": [8, 5, 14, 10], "texture": "#1"},
				"west": {"uv": [8, 5, 14, 10], "texture": "#1"},
				"up": {"uv": [8, 5, 14, 10], "texture": "#1"},
				"down": {"uv": [8, 5, 14, 10], "texture": "#1"}
			}
		},
		{
			"name": "block",
			"from": [2.33627, 13.13988, 0.125],
			"to": [5.33627, 14.13988, 1],
			"rotation": {"angle": 0, "axis": "y", "origin": [8.33627, 13.13988, 9]},
			"faces": {
				"north": {"uv": [0, 0, 16, 8], "texture": "#1"},
				"east": {"uv": [8, 5, 14, 10], "texture": "#1"},
				"south": {"uv": [8, 5, 14, 10], "texture": "#1"},
				"west": {"uv": [8, 5, 14, 10], "texture": "#1"},
				"up": {"uv": [8, 5, 14, 10], "texture": "#1"},
				"down": {"uv": [8, 5, 14, 10], "texture": "#1"}
			}
		},
		{
			"name": "block",
			"from": [10.52377, 14.13988, 0],
			"to": [13.52377, 15.13988, 1],
			"rotation": {"angle": 0, "axis": "y", "origin": [7.52377, 14.13988, 9]},
			"faces": {
				"north": {"uv": [0, 0, 16, 8], "texture": "#1"},
				"east": {"uv": [8, 5, 14, 10], "texture": "#1"},
				"south": {"uv": [8, 5, 14, 10], "texture": "#1"},
				"west": {"uv": [8, 5, 14, 10], "texture": "#1"},
				"up": {"uv": [8, 5, 14, 10], "texture": "#1"},
				"down": {"uv": [8, 5, 14, 10], "texture": "#1"}
			}
		},
		{
			"name": "block",
			"from": [2.46127, 14.13988, 0],
			"to": [5.46127, 15.13988, 1],
			"rotation": {"angle": 0, "axis": "y", "origin": [8.46127, 14.13988, 9]},
			"faces": {
				"north": {"uv": [0, 0, 16, 8], "texture": "#1"},
				"east": {"uv": [8, 5, 14, 10], "texture": "#1"},
				"south": {"uv": [8, 5, 14, 10], "texture": "#1"},
				"west": {"uv": [8, 5, 14, 10], "texture": "#1"},
				"up": {"uv": [8, 5, 14, 10], "texture": "#1"},
				"down": {"uv": [8, 5, 14, 10], "texture": "#1"}
			}
		},
		{
			"name": "block",
			"from": [10.52377, 15.01488, -0.125],
			"to": [13.52377, 16.01488, 1.25],
			"rotation": {"angle": 0, "axis": "y", "origin": [7.52377, 15.01488, 8.875]},
			"faces": {
				"north": {"uv": [0, 0, 16, 8], "texture": "#1"},
				"east": {"uv": [8, 5, 14, 10], "texture": "#1"},
				"south": {"uv": [8, 5, 14, 10], "texture": "#1"},
				"west": {"uv": [8, 5, 14, 10], "texture": "#1"},
				"up": {"uv": [8, 5, 14, 10], "texture": "#1"},
				"down": {"uv": [8, 5, 14, 10], "texture": "#1"}
			}
		},
		{
			"name": "block",
			"from": [2.46127, 15.01488, -0.125],
			"to": [5.46127, 16.01488, 1],
			"rotation": {"angle": 0, "axis": "y", "origin": [8.46127, 15.01488, 9]},
			"faces": {
				"north": {"uv": [0, 0, 16, 8], "texture": "#1"},
				"east": {"uv": [8, 5, 14, 10], "texture": "#1"},
				"south": {"uv": [8, 5, 14, 10], "texture": "#1"},
				"west": {"uv": [8, 5, 14, 10], "texture": "#1"},
				"up": {"uv": [8, 5, 14, 10], "texture": "#1"},
				"down": {"uv": [8, 5, 14, 10], "texture": "#1"}
			}
		},
		{
			"name": "block",
			"from": [10.52377, 16.01488, 0.125],
			"to": [13.52377, 17.01488, 1.125],
			"rotation": {"angle": 0, "axis": "y", "origin": [7.52377, 16.01488, 9.125]},
			"faces": {
				"north": {"uv": [0, 0, 16, 8], "texture": "#1"},
				"east": {"uv": [8, 5, 14, 10], "texture": "#1"},
				"south": {"uv": [8, 5, 14, 10], "texture": "#1"},
				"west": {"uv": [8, 5, 14, 10], "texture": "#1"},
				"up": {"uv": [8, 5, 14, 10], "texture": "#1"},
				"down": {"uv": [8, 5, 14, 10], "texture": "#1"}
			}
		},
		{
			"name": "block",
			"from": [2.46127, 16.01488, 0.125],
			"to": [5.46127, 17.01488, 1],
			"rotation": {"angle": 0, "axis": "y", "origin": [8.46127, 16.01488, 9]},
			"faces": {
				"north": {"uv": [0, 0, 16, 8], "texture": "#1"},
				"east": {"uv": [8, 5, 14, 10], "texture": "#1"},
				"south": {"uv": [8, 5, 14, 10], "texture": "#1"},
				"west": {"uv": [8, 5, 14, 10], "texture": "#1"},
				"up": {"uv": [8, 5, 14, 10], "texture": "#1"},
				"down": {"uv": [8, 5, 14, 10], "texture": "#1"}
			}
		},
		{
			"name": "block",
			"from": [10.52377, 17.01488, 0],
			"to": [13.52377, 18.01488, 1],
			"rotation": {"angle": 0, "axis": "y", "origin": [7.52377, 17.01488, 9]},
			"faces": {
				"north": {"uv": [0, 0, 16, 8], "texture": "#1"},
				"east": {"uv": [8, 5, 14, 10], "texture": "#1"},
				"south": {"uv": [8, 5, 14, 10], "texture": "#1"},
				"west": {"uv": [8, 5, 14, 10], "texture": "#1"},
				"up": {"uv": [8, 5, 14, 10], "texture": "#1"},
				"down": {"uv": [8, 5, 14, 10], "texture": "#1"}
			}
		},
		{
			"name": "block",
			"from": [2.46127, 17.01488, 0],
			"to": [5.46127, 18.01488, 1],
			"rotation": {"angle": 0, "axis": "y", "origin": [8.46127, 17.01488, 9]},
			"faces": {
				"north": {"uv": [0, 0, 16, 8], "texture": "#1"},
				"east": {"uv": [8, 5, 14, 10], "texture": "#1"},
				"south": {"uv": [8, 5, 14, 10], "texture": "#1"},
				"west": {"uv": [8, 5, 14, 10], "texture": "#1"},
				"up": {"uv": [8, 5, 14, 10], "texture": "#1"},
				"down": {"uv": [8, 5, 14, 10], "texture": "#1"}
			}
		},
		{
			"name": "block",
			"from": [9.64877, 18.01488, 0],
			"to": [12.64877, 19.01488, 1],
			"rotation": {"angle": 0, "axis": "y", "origin": [6.64877, 18.01488, 9]},
			"faces": {
				"north": {"uv": [0, 0, 16, 8], "texture": "#1"},
				"east": {"uv": [8, 5, 14, 10], "texture": "#1"},
				"south": {"uv": [8, 5, 14, 10], "texture": "#1"},
				"west": {"uv": [8, 5, 14, 10], "texture": "#1"},
				"up": {"uv": [8, 5, 14, 10], "texture": "#1"},
				"down": {"uv": [8, 5, 14, 10], "texture": "#1"}
			}
		},
		{
			"name": "block",
			"from": [3.33627, 18.01488, -0.125],
			"to": [6.33627, 19.01488, 1],
			"rotation": {"angle": 0, "axis": "y", "origin": [9.33627, 18.01488, 9]},
			"faces": {
				"north": {"uv": [0, 0, 16, 8], "texture": "#1"},
				"east": {"uv": [8, 5, 14, 10], "texture": "#1"},
				"south": {"uv": [8, 5, 14, 10], "texture": "#1"},
				"west": {"uv": [8, 5, 14, 10], "texture": "#1"},
				"up": {"uv": [8, 5, 14, 10], "texture": "#1"},
				"down": {"uv": [8, 5, 14, 10], "texture": "#1"}
			}
		},
		{
			"name": "block",
			"from": [8.64877, 19.01488, -0.125],
			"to": [11.64877, 20.01488, 1],
			"rotation": {"angle": 0, "axis": "y", "origin": [5.64877, 19.01488, 9]},
			"faces": {
				"north": {"uv": [0, 0, 16, 8], "texture": "#1"},
				"east": {"uv": [8, 5, 14, 10], "texture": "#1"},
				"south": {"uv": [8, 5, 14, 10], "texture": "#1"},
				"west": {"uv": [8, 5, 14, 10], "texture": "#1"},
				"up": {"uv": [8, 5, 14, 10], "texture": "#1"},
				"down": {"uv": [8, 5, 14, 10], "texture": "#1"}
			}
		},
		{
			"name": "block",
			"from": [4.33627, 19.01488, 0],
			"to": [7.33627, 20.01488, 1],
			"rotation": {"angle": 0, "axis": "y", "origin": [10.33627, 19.01488, 9]},
			"faces": {
				"north": {"uv": [0, 0, 16, 8], "texture": "#1"},
				"east": {"uv": [8, 5, 14, 10], "texture": "#1"},
				"south": {"uv": [8, 5, 14, 10], "texture": "#1"},
				"west": {"uv": [8, 5, 14, 10], "texture": "#1"},
				"up": {"uv": [8, 5, 14, 10], "texture": "#1"},
				"down": {"uv": [8, 5, 14, 10], "texture": "#1"}
			}
		},
		{
			"name": "block",
			"from": [6.6347, 20.01488, 0],
			"to": [9.6347, 21.01488, 1],
			"rotation": {"angle": 0, "axis": "y", "origin": [3.6347, 20.01488, 9]},
			"faces": {
				"north": {"uv": [0, 0, 16, 8], "texture": "#1"},
				"east": {"uv": [8, 5, 14, 10], "texture": "#1"},
				"south": {"uv": [8, 5, 14, 10], "texture": "#1"},
				"west": {"uv": [8, 5, 14, 10], "texture": "#1"},
				"up": {"uv": [8, 5, 14, 10], "texture": "#1"},
				"down": {"uv": [8, 5, 14, 10], "texture": "#1"}
			}
		}
	],
	"gui_light": "front",
	"display": {
		"thirdperson_righthand": {
			"scale": [0.36, 0.36, 0.36]
		},
		"thirdperson_lefthand": {
			"scale": [0.36, 0.36, 0.36]
		},
		"firstperson_righthand": {
			"scale": [0.36, 0.36, 0.36]
		},
		"firstperson_lefthand": {
			"scale": [0.36, 0.36, 0.36]
		},
		"ground": {
			"translation": [0, 6.5, 0],
			"scale": [0.44, 0.44, 0.44]
		},
		"gui": {
			"rotation": [0, -180, 0],
			"translation": [0, 1, 0],
			"scale": [0.36, 0.36, 0.36]
		},
		"head": {
			"translation": [0, -10.75, 0],
			"scale": [1.5, 1.5, 1.5]
		},
		"fixed": {
			"translation": [0, 0.75, 0],
			"scale": [0.44, 0.44, 0.44]
		}
	},
	"groups": [
		{
			"name": "block",
			"origin": [0, 0, 0],
			"children": [0, 1, 2, 3, 4, 5, 6, 7, 8, 9, 10, 11, 12, 13, 14, 15, 16, 17, 18, 19, 20, 21, 22, 23, 24, 25, 26, 27, 28, 29, 30, 31]
		}
	]
}