{
	"credit": "Made with Blockbench",
	"texture_size": [64, 32],
	"textures": {
		"0": "block/diamond_layer_1"
	},
	"elements": [
		{
			"name": "Helmet",
			"from": [-5, 22, -5],
			"to": [5, 32, 5],
			"rotation": {"angle": 0, "axis": "y", "origin": [0, 0, 0]},
			"faces": {
				"north": {"uv": [2, 4, 4, 8], "texture": "#0"},
				"east": {"uv": [0, 4, 2, 8], "texture": "#0"},
				"south": {"uv": [6, 4, 8, 8], "texture": "#0"},
				"west": {"uv": [4, 4, 6, 8], "texture": "#0"},
				"up": {"uv": [4, 4, 2, 0], "texture": "#0"},
				"down": {"uv": [6, 0, 4, 4], "texture": "#0"}
			}
		}
	],
	"display": {
		"thirdperson_righthand": {
			"rotation": [42, 0, 0],
			"translation": [2, -10, -4.25],
			"scale": [0.55, 0.55, 0.55]
		},
		"thirdperson_lefthand": {
			"rotation": [42, 0, 0],
			"translation": [-2, -10, -4.25],
			"scale": [0.55, 0.55, 0.55]
		},
		"firstperson_righthand": {
			"rotation": [-3, -180, -14],
			"translation": [-1.25, -13, -9],
			"scale": [0.67, 0.68, 0.68]
		},
		"firstperson_lefthand": {
			"rotation": [-23, -180, -14],
			"translation": [10.37, -13, -7.25],
			"scale": [0.68, 0.68, 0.68]
		},
		"ground": {
			"translation": [12, 0, 0]
		},
		"gui": {
			"rotation": [0, -180, 0],
			"translation": [-9.5, -22.5, 0],
			"scale": [1.21, 1.21, 1.21]
		},
		"head": {
			"translation": [8.25, -55.5, 6.75]
		},
		"fixed": {
			"translation": [7.75, -18.25, 3]
		}
	},
	"groups": [
		{
			"name": "Head",
			"origin": [0, 24, 0],
			"children": [0]
		},
		{
			"name": "Body",
			"origin": [0, 24, 0],
			"children": []
		},
		{
			"name": "RightArm",
			"origin": [5, 22, 0],
			"children": []
		},
		{
			"name": "LeftArm",
			"origin": [-5, 22, 0],
			"children": []
		},
		{
			"name": "RightLeg",
			"origin": [1.9, 12, 0],
			"children": []
		},
		{
			"name": "LeftLeg",
			"origin": [-1.9, 12, 0],
			"children": []
		}
	]
}
