{
	"credit": "Made with Blockbench",
	"texture_size": [4, 4],
	"textures": {
		"0": "block/tungsten",
		"particle": "block/tungsten"
	},
	"elements": [
		{
			"from": [5.65503, 6.0878, 3.875],
			"to": [10.28003, 6.5753, 12.125],
			"rotation": {"angle": 0, "axis": "y", "origin": [1.65503, 19.4803, 13.125]},
			"faces": {
				"north": {"uv": [0, 0, 11.5, 2.5], "rotation": 180, "texture": "#0"},
				"east": {"uv": [2.5, 0, 4.5, 16], "rotation": 90, "texture": "#0"},
				"south": {"uv": [0, 0, 11.5, 2.5], "texture": "#0"},
				"west": {"uv": [3.5, 0, 5.5, 16], "rotation": 90, "texture": "#0"},
				"up": {"uv": [1, 0, 14.5, 16], "texture": "#0"},
				"down": {"uv": [0, 0, 16, 11.82609], "rotation": 270, "texture": "#0"}
			}
		},
		{
			"from": [5.75, 6.5753, 4.0625],
			"to": [10.125, 6.9928, 11.9375],
			"rotation": {"angle": 0, "axis": "y", "origin": [1.75, 20.5928, 13.0625]},
			"faces": {
				"north": {"uv": [0, 0, 11.5, 2.5], "rotation": 180, "texture": "#0"},
				"east": {"uv": [2.5, 0, 4.5, 16], "rotation": 90, "texture": "#0"},
				"south": {"uv": [0, 0, 11.5, 2.5], "texture": "#0"},
				"west": {"uv": [3.5, 0, 5.5, 16], "rotation": 90, "texture": "#0"},
				"up": {"uv": [1, 0, 14.5, 16], "texture": "#0"},
				"down": {"uv": [0, 0, 16, 16], "rotation": 270, "texture": "#0"}
			}
		},
		{
			"from": [6, 6.9503, 4.1875],
			"to": [10, 7.2428, 11.8125],
			"rotation": {"angle": 0, "axis": "y", "origin": [1.75, 20.5928, 13.0625]},
			"faces": {
				"north": {"uv": [0, 0, 11.5, 2.5], "rotation": 180, "texture": "#0"},
				"east": {"uv": [2.5, 0, 4.5, 16], "rotation": 90, "texture": "#0"},
				"south": {"uv": [0, 0, 11.5, 2.5], "texture": "#0"},
				"west": {"uv": [3.5, 0, 5.5, 16], "rotation": 90, "texture": "#0"},
				"up": {"uv": [1, 0, 14.5, 16], "texture": "#0"},
				"down": {"uv": [0, 0, 16, 16], "rotation": 270, "texture": "#0"}
			}
		},
		{
			"from": [6.25, 7.4928, 4.4375],
			"to": [9.75, 7.7853, 11.5625],
			"rotation": {"angle": 0, "axis": "y", "origin": [1.75, 21.2603, 13.0625]},
			"faces": {
				"north": {"uv": [0, 0, 11.5, 2.5], "rotation": 180, "texture": "#0"},
				"east": {"uv": [2.5, 0, 3.5, 16], "rotation": 90, "texture": "#0"},
				"south": {"uv": [0, 0, 11.5, 2.5], "texture": "#0"},
				"west": {"uv": [2.5, 0, 3.5, 16], "rotation": 90, "texture": "#0"},
				"up": {"uv": [0, 0, 11.5, 14], "texture": "#0"},
				"down": {"uv": [0, 0, 16, 14], "rotation": 270, "texture": "#0"}
			}
		},
		{
			"from": [6.125, 7.2428, 4.3125],
			"to": [9.875, 7.5353, 11.6875],
			"rotation": {"angle": 0, "axis": "y", "origin": [1.75, 21.1353, 13.0625]},
			"faces": {
				"north": {"uv": [0, 0, 11.5, 2.5], "rotation": 180, "texture": "#0"},
				"east": {"uv": [2.5, 0, 4.5, 16], "rotation": 90, "texture": "#0"},
				"south": {"uv": [0, 0, 11.5, 2.5], "texture": "#0"},
				"west": {"uv": [3.5, 0, 5.5, 16], "rotation": 90, "texture": "#0"},
				"up": {"uv": [1, 0, 14.5, 16], "texture": "#0"},
				"down": {"uv": [0, 0, 16, 14], "rotation": 270, "texture": "#0"}
			}
		}
	],
	"gui_light": "front",
	"display": {
		"thirdperson_righthand": {
			"rotation": [45, 0, 0],
			"translation": [0, 1.5, 1],
			"scale": [0.55, 0.55, 0.55]
		},
		"thirdperson_lefthand": {
			"rotation": [45, 0, 0],
			"translation": [0, 1.5, 1],
			"scale": [0.55, 0.55, 0.55]
		},
		"firstperson_righthand": {
			"rotation": [-23, 0, 0],
			"translation": [0, 0, -2.25]
		},
		"firstperson_lefthand": {
			"rotation": [-23, 0, 0],
			"translation": [0, 0, -2.23]
		},
		"gui": {
			"rotation": [14, 225, -3],
			"translation": [0, 1.5, 0],
			"scale": [1.47, 1.87, 1.47]
		},
		"head": {
			"translation": [0, -39.5, 0]
		},
		"fixed": {
			"rotation": [-88.5, 0, 0],
			"translation": [0, 0, -3],
			"scale": [1.5, 1.5, 1.5]
		}
	}
}