{
	"credit": "Made with Blockbench",
	"textures": {
		"1": "block/anvil",
		"2": "block/stripped_dark_oak_log",
		"3": "block/iron",
		"particle": "block/anvil"
	},
	"elements": [
		{
			"from": [7.83581, 5.11756, 7.90938],
			"to": [8.19081, 20.47756, 8.15938],
			"rotation": {"angle": 0, "axis": "y", "origin": [18.48581, 20.47756, 0.65938]},
			"faces": {
				"north": {"uv": [7, 0, 7.355, 15.36], "rotation": 180, "texture": "#3"},
				"east": {"uv": [0, 9, 15.36, 9.25], "rotation": 90, "texture": "#3"},
				"south": {"uv": [4, 0, 4.355, 15.36], "texture": "#3"},
				"west": {"uv": [0, 9, 15, 9], "rotation": 270, "texture": "#3"},
				"up": {"uv": [8, 10, 8.355, 10.25], "texture": "#3"},
				"down": {"uv": [8, 11, 8.355, 11.25], "rotation": 180, "texture": "#3"}
			}
		},
		{
			"from": [7.83581, 17.83756, 7.78438],
			"to": [8.19081, 19.75756, 7.90938],
			"rotation": {"angle": 0, "axis": "y", "origin": [18.48581, 20.47756, 0.40938]},
			"faces": {
				"north": {"uv": [7, 0, 7.355, 1.92], "rotation": 180, "texture": "#3"},
				"east": {"uv": [0, 9, 1.92, 9.125], "rotation": 90, "texture": "#3"},
				"south": {"uv": [4, 0, 4.355, 1.92], "texture": "#3"},
				"west": {"uv": [0, 9, 15, 9], "rotation": 270, "texture": "#3"},
				"up": {"uv": [8, 10, 8.355, 10.125], "texture": "#3"},
				"down": {"uv": [8, 11, 8.355, 11.125], "rotation": 180, "texture": "#3"}
			}
		},
		{
			"from": [8.01331, 4.93756, 7.78438],
			"to": [8.19081, 9.19756, 7.90938],
			"rotation": {"angle": 0, "axis": "y", "origin": [18.66331, 4.87756, 0.40938]},
			"faces": {
				"north": {"uv": [7, 0, 7.1775, 4.26], "rotation": 180, "texture": "#3"},
				"east": {"uv": [0, 9, 4.26, 9.125], "rotation": 90, "texture": "#3"},
				"south": {"uv": [4, 0, 4.1775, 4.26], "texture": "#3"},
				"west": {"uv": [0, 9, 15, 9], "rotation": 270, "texture": "#3"},
				"up": {"uv": [8, 10, 8.1775, 10.125], "texture": "#3"},
				"down": {"uv": [8, 11, 8.1775, 11.125], "rotation": 180, "texture": "#3"}
			}
		},
		{
			"from": [7.65831, 5.03756, 7.78438],
			"to": [7.83581, 9.19756, 7.90938],
			"rotation": {"angle": 0, "axis": "y", "origin": [18.30831, 4.87756, 0.40938]},
			"faces": {
				"north": {"uv": [7, 0, 7.1775, 4.16], "rotation": 180, "texture": "#3"},
				"east": {"uv": [0, 9, 4.16, 9.125], "rotation": 90, "texture": "#3"},
				"south": {"uv": [4, 0, 4.1775, 4.16], "texture": "#3"},
				"west": {"uv": [0, 9, 15, 9], "rotation": 270, "texture": "#3"},
				"up": {"uv": [8, 10, 8.1775, 10.125], "texture": "#3"},
				"down": {"uv": [8, 11, 8.1775, 11.125], "rotation": 180, "texture": "#3"}
			}
		},
		{
			"from": [7.83581, 5.11756, 7.78438],
			"to": [8.01331, 12.07756, 7.90938],
			"rotation": {"angle": 0, "axis": "y", "origin": [18.48581, 7.75756, 0.40938]},
			"faces": {
				"north": {"uv": [7, 0, 7.1775, 6.96], "rotation": 180, "texture": "#3"},
				"east": {"uv": [0, 9, 6.96, 9.125], "rotation": 90, "texture": "#3"},
				"south": {"uv": [4, 0, 4.1775, 6.96], "texture": "#3"},
				"west": {"uv": [0, 9, 15, 9], "rotation": 270, "texture": "#3"},
				"up": {"uv": [8, 10, 8.1775, 10.125], "texture": "#3"},
				"down": {"uv": [8, 11, 8.1775, 11.125], "rotation": 180, "texture": "#3"}
			}
		},
		{
			"from": [7.83581, 17.83756, 8.15938],
			"to": [8.19081, 19.99756, 8.28438],
			"rotation": {"angle": 0, "axis": "y", "origin": [18.48581, 20.47756, 15.65938]},
			"faces": {
				"north": {"uv": [7, 0, 7.355, 2.16], "rotation": 180, "texture": "#3"},
				"east": {"uv": [0, 9, 2.16, 9.125], "rotation": 90, "texture": "#3"},
				"south": {"uv": [4, 0, 4.355, 2.16], "texture": "#3"},
				"west": {"uv": [0, 9, 15, 9], "rotation": 270, "texture": "#3"},
				"up": {"uv": [8, 10, 8.355, 10.125], "texture": "#3"},
				"down": {"uv": [8, 11, 8.355, 11.125], "rotation": 180, "texture": "#3"}
			}
		},
		{
			"from": [7.48081, 5.11756, 7.90938],
			"to": [7.83581, 19.13356, 8.15938],
			"rotation": {"angle": 0, "axis": "y", "origin": [18.13081, 20.47756, 0.65938]},
			"faces": {
				"north": {"uv": [7, 0, 7.355, 14.016], "rotation": 180, "texture": "#3"},
				"east": {"uv": [0, 9, 14.016, 9.25], "rotation": 90, "texture": "#3"},
				"south": {"uv": [4, 0, 4.355, 14.016], "texture": "#3"},
				"west": {"uv": [0, 9, 15, 9], "rotation": 270, "texture": "#3"},
				"up": {"uv": [8, 10, 8.355, 10.25], "texture": "#3"},
				"down": {"uv": [8, 11, 8.355, 11.25], "rotation": 180, "texture": "#3"}
			}
		},
		{
			"from": [8.19081, 5.11756, 7.90938],
			"to": [8.54581, 19.13356, 8.15938],
			"rotation": {"angle": 0, "axis": "y", "origin": [-2.10419, 20.47756, 0.65938]},
			"faces": {
				"north": {"uv": [7, 0, 7.355, 14.016], "rotation": 180, "texture": "#3"},
				"east": {"uv": [0, 9, 14.016, 9.25], "rotation": 90, "texture": "#3"},
				"south": {"uv": [4, 0, 4.355, 14.016], "texture": "#3"},
				"west": {"uv": [0, 9, 15, 9], "rotation": 270, "texture": "#3"},
				"up": {"uv": [8, 10, 8.355, 10.25], "texture": "#3"},
				"down": {"uv": [8, 11, 8.355, 11.25], "rotation": 180, "texture": "#3"}
			}
		},
		{
			"from": [7.48081, 16.39756, 7.78438],
			"to": [7.83581, 18.60556, 7.90938],
			"rotation": {"angle": 0, "axis": "y", "origin": [18.13081, 20.47756, 0.40938]},
			"faces": {
				"north": {"uv": [7, 0, 7.355, 2.208], "rotation": 180, "texture": "#3"},
				"east": {"uv": [0, 9, 2.208, 9.125], "rotation": 90, "texture": "#3"},
				"south": {"uv": [4, 0, 4.355, 2.208], "texture": "#3"},
				"west": {"uv": [0, 9, 15, 9], "rotation": 270, "texture": "#3"},
				"up": {"uv": [8, 10, 8.355, 10.125], "texture": "#3"},
				"down": {"uv": [8, 11, 8.355, 11.125], "rotation": 180, "texture": "#3"}
			}
		},
		{
			"from": [8.19081, 16.63756, 7.78438],
			"to": [8.54581, 18.60556, 7.90938],
			"rotation": {"angle": 0, "axis": "y", "origin": [-2.10419, 20.47756, 0.40938]},
			"faces": {
				"north": {"uv": [7, 0, 7.355, 1.968], "rotation": 180, "texture": "#3"},
				"east": {"uv": [0, 9, 1.968, 9.125], "rotation": 90, "texture": "#3"},
				"south": {"uv": [4, 0, 4.355, 1.968], "texture": "#3"},
				"west": {"uv": [0, 9, 15, 9], "rotation": 270, "texture": "#3"},
				"up": {"uv": [8, 10, 8.355, 10.125], "texture": "#3"},
				"down": {"uv": [8, 11, 8.355, 11.125], "rotation": 180, "texture": "#3"}
			}
		},
		{
			"from": [7.48081, 16.15756, 8.15938],
			"to": [7.83581, 18.65356, 8.28438],
			"rotation": {"angle": 0, "axis": "y", "origin": [18.13081, 20.47756, 15.65938]},
			"faces": {
				"north": {"uv": [7, 0, 7.355, 2.496], "rotation": 180, "texture": "#3"},
				"east": {"uv": [0, 9, 2.496, 9.125], "rotation": 90, "texture": "#3"},
				"south": {"uv": [4, 0, 4.355, 2.496], "texture": "#3"},
				"west": {"uv": [0, 9, 15, 9], "rotation": 270, "texture": "#3"},
				"up": {"uv": [8, 10, 8.355, 10.125], "texture": "#3"},
				"down": {"uv": [8, 11, 8.355, 11.125], "rotation": 180, "texture": "#3"}
			}
		},
		{
			"from": [8.19081, 16.15756, 8.15938],
			"to": [8.54581, 18.65356, 8.28438],
			"rotation": {"angle": 0, "axis": "y", "origin": [-2.10419, 20.47756, 15.65938]},
			"faces": {
				"north": {"uv": [7, 0, 7.355, 2.496], "rotation": 180, "texture": "#3"},
				"east": {"uv": [0, 9, 2.496, 9.125], "rotation": 90, "texture": "#3"},
				"south": {"uv": [4, 0, 4.355, 2.496], "texture": "#3"},
				"west": {"uv": [0, 9, 15, 9], "rotation": 270, "texture": "#3"},
				"up": {"uv": [8, 10, 8.355, 10.125], "texture": "#3"},
				"down": {"uv": [8, 11, 8.355, 11.125], "rotation": 180, "texture": "#3"}
			}
		},
		{
			"from": [7.12581, 5.11756, 7.90938],
			"to": [7.48081, 18.07756, 8.15938],
			"rotation": {"angle": 0, "axis": "y", "origin": [17.77581, 20.47756, 0.65938]},
			"faces": {
				"north": {"uv": [7, 0, 7.355, 12.96], "rotation": 180, "texture": "#3"},
				"east": {"uv": [0, 9, 12.96, 9.25], "rotation": 90, "texture": "#3"},
				"south": {"uv": [4, 0, 4.355, 12.96], "texture": "#3"},
				"west": {"uv": [0, 9, 15, 9], "rotation": 270, "texture": "#3"},
				"up": {"uv": [8, 10, 8.355, 10.25], "texture": "#3"},
				"down": {"uv": [8, 11, 8.355, 11.25], "rotation": 180, "texture": "#3"}
			}
		},
		{
			"from": [6.94831, 5.11756, 7.90938],
			"to": [7.30331, 17.35756, 8.03438],
			"rotation": {"angle": 0, "axis": "y", "origin": [17.59831, 20.47756, 0.65938]},
			"faces": {
				"north": {"uv": [7, 0, 7.355, 12.24], "rotation": 180, "texture": "#3"},
				"east": {"uv": [0, 9, 12.24, 9.125], "rotation": 90, "texture": "#3"},
				"south": {"uv": [4, 0, 4.355, 12.24], "texture": "#3"},
				"west": {"uv": [0, 9, 15, 9], "rotation": 270, "texture": "#3"},
				"up": {"uv": [8, 10, 8.355, 10.125], "texture": "#3"},
				"down": {"uv": [8, 11, 8.355, 11.125], "rotation": 180, "texture": "#3"}
			}
		},
		{
			"from": [8.72331, 5.11756, 7.90938],
			"to": [9.07831, 17.35756, 8.03438],
			"rotation": {"angle": 0, "axis": "y", "origin": [19.37331, 20.47756, 0.65938]},
			"faces": {
				"north": {"uv": [7, 0, 7.355, 12.24], "rotation": 180, "texture": "#3"},
				"east": {"uv": [0, 9, 12.24, 9.125], "rotation": 90, "texture": "#3"},
				"south": {"uv": [4, 0, 4.355, 12.24], "texture": "#3"},
				"west": {"uv": [0, 9, 15, 9], "rotation": 270, "texture": "#3"},
				"up": {"uv": [8, 10, 8.355, 10.125], "texture": "#3"},
				"down": {"uv": [8, 11, 8.355, 11.125], "rotation": 180, "texture": "#3"}
			}
		},
		{
			"from": [8.54581, 5.11756, 7.90938],
			"to": [8.90081, 18.07756, 8.15938],
			"rotation": {"angle": 0, "axis": "y", "origin": [-1.74919, 20.47756, 0.65938]},
			"faces": {
				"north": {"uv": [7, 0, 7.355, 12.96], "rotation": 180, "texture": "#3"},
				"east": {"uv": [0, 9, 12.96, 9.25], "rotation": 90, "texture": "#3"},
				"south": {"uv": [4, 0, 4.355, 12.96], "texture": "#3"},
				"west": {"uv": [0, 9, 15, 9], "rotation": 270, "texture": "#3"},
				"up": {"uv": [8, 10, 8.355, 10.25], "texture": "#3"},
				"down": {"uv": [8, 11, 8.355, 11.25], "rotation": 180, "texture": "#3"}
			}
		},
		{
			"from": [7.12581, 5.11756, 7.78438],
			"to": [7.48081, 17.45356, 7.90938],
			"rotation": {"angle": 0, "axis": "y", "origin": [17.77581, 20.47756, 0.40938]},
			"faces": {
				"north": {"uv": [7, 0, 7.355, 12.336], "rotation": 180, "texture": "#3"},
				"east": {"uv": [0, 9, 12.336, 9.125], "rotation": 90, "texture": "#3"},
				"south": {"uv": [4, 0, 4.355, 12.336], "texture": "#3"},
				"west": {"uv": [0, 9, 15, 9], "rotation": 270, "texture": "#3"},
				"up": {"uv": [8, 10, 8.355, 10.125], "texture": "#3"},
				"down": {"uv": [8, 11, 8.355, 11.125], "rotation": 180, "texture": "#3"}
			}
		},
		{
			"from": [8.54581, 5.11756, 7.78438],
			"to": [8.90081, 17.45356, 7.90938],
			"rotation": {"angle": 0, "axis": "y", "origin": [-1.74919, 20.47756, 0.40938]},
			"faces": {
				"north": {"uv": [7, 0, 7.355, 12.336], "rotation": 180, "texture": "#3"},
				"east": {"uv": [0, 9, 12.336, 9.125], "rotation": 90, "texture": "#3"},
				"south": {"uv": [4, 0, 4.355, 12.336], "texture": "#3"},
				"west": {"uv": [0, 9, 15, 9], "rotation": 270, "texture": "#3"},
				"up": {"uv": [8, 10, 8.355, 10.125], "texture": "#3"},
				"down": {"uv": [8, 11, 8.355, 11.125], "rotation": 180, "texture": "#3"}
			}
		},
		{
			"from": [7.12581, 5.11756, 8.15938],
			"to": [7.48081, 17.50156, 8.28438],
			"rotation": {"angle": 0, "axis": "y", "origin": [17.77581, 20.47756, 15.65938]},
			"faces": {
				"north": {"uv": [7, 0, 7.355, 12.384], "rotation": 180, "texture": "#3"},
				"east": {"uv": [0, 9, 12.384, 9.125], "rotation": 90, "texture": "#3"},
				"south": {"uv": [4, 0, 4.355, 12.384], "texture": "#3"},
				"west": {"uv": [0, 9, 15, 9], "rotation": 270, "texture": "#3"},
				"up": {"uv": [8, 10, 8.355, 10.125], "texture": "#3"},
				"down": {"uv": [8, 11, 8.355, 11.125], "rotation": 180, "texture": "#3"}
			}
		},
		{
			"from": [8.54581, 5.11756, 8.15938],
			"to": [8.90081, 17.50156, 8.28438],
			"rotation": {"angle": 0, "axis": "y", "origin": [-1.74919, 20.47756, 15.65938]},
			"faces": {
				"north": {"uv": [7, 0, 7.355, 12.384], "rotation": 180, "texture": "#3"},
				"east": {"uv": [0, 9, 12.384, 9.125], "rotation": 90, "texture": "#3"},
				"south": {"uv": [4, 0, 4.355, 12.384], "texture": "#3"},
				"west": {"uv": [0, 9, 15, 9], "rotation": 270, "texture": "#3"},
				"up": {"uv": [8, 10, 8.355, 10.125], "texture": "#3"},
				"down": {"uv": [8, 11, 8.355, 11.125], "rotation": 180, "texture": "#3"}
			}
		},
		{
			"from": [8.375, 4.82756, 7.625],
			"to": [8.625, 5.07756, 8.375],
			"rotation": {"angle": 0, "axis": "y", "origin": [15.875, 12.07756, 0.375]},
			"faces": {
				"north": {"uv": [0, 9.5, 0.25, 9.75], "rotation": 180, "texture": "#1"},
				"east": {"uv": [0, 9.5, 0.25, 10.25], "rotation": 90, "texture": "#1"},
				"south": {"uv": [0, 9.5, 0.25, 9.75], "texture": "#1"},
				"west": {"uv": [0, 9, 15, 9], "rotation": 270, "texture": "#1"},
				"up": {"uv": [0, 9.5, 0.25, 10.25], "texture": "#1"},
				"down": {"uv": [0, 9.5, 0.25, 10.25], "rotation": 180, "texture": "#1"}
			}
		},
		{
			"from": [7.625, 5.07756, 7.125],
			"to": [8.375, 5.32756, 8.875],
			"rotation": {"angle": 0, "axis": "y", "origin": [15.375, 12.32756, 0.375]},
			"faces": {
				"north": {"uv": [0, 9.5, 0.75, 9.75], "rotation": 180, "texture": "#1"},
				"east": {"uv": [0, 9.5, 0.25, 11.25], "rotation": 90, "texture": "#1"},
				"south": {"uv": [0, 9.5, 0.75, 9.75], "texture": "#1"},
				"west": {"uv": [0, 9, 15, 9], "rotation": 270, "texture": "#1"},
				"up": {"uv": [0, 9.5, 0.75, 11.25], "texture": "#1"},
				"down": {"uv": [0, 9.5, 0.75, 11.25], "rotation": 180, "texture": "#1"}
			}
		},
		{
			"from": [7.625, 4.82756, 7.375],
			"to": [8.375, 5.07756, 8.625],
			"rotation": {"angle": 0, "axis": "y", "origin": [15.375, 12.07756, 0.375]},
			"faces": {
				"north": {"uv": [0, 9.5, 0.75, 9.75], "rotation": 180, "texture": "#1"},
				"east": {"uv": [0, 9.5, 0.25, 10.75], "rotation": 90, "texture": "#1"},
				"south": {"uv": [0, 9.5, 0.75, 9.75], "texture": "#1"},
				"west": {"uv": [0, 9, 15, 9], "rotation": 270, "texture": "#1"},
				"up": {"uv": [0, 9.5, 0.75, 10.75], "texture": "#1"},
				"down": {"uv": [0, 9.5, 0.75, 10.75], "rotation": 180, "texture": "#1"}
			}
		},
		{
			"from": [7.125, 5.07756, 7.375],
			"to": [7.625, 5.32756, 8.625],
			"rotation": {"angle": 0, "axis": "y", "origin": [14.625, 12.32756, 0.375]},
			"faces": {
				"north": {"uv": [0, 9.5, 0.5, 9.75], "rotation": 180, "texture": "#1"},
				"east": {"uv": [0, 9.5, 0.25, 10.75], "rotation": 90, "texture": "#1"},
				"south": {"uv": [0, 9.5, 0.5, 9.75], "texture": "#1"},
				"west": {"uv": [0, 9, 15, 9], "rotation": 270, "texture": "#1"},
				"up": {"uv": [0, 9.5, 0.5, 10.75], "texture": "#1"},
				"down": {"uv": [0, 9.5, 0.5, 10.75], "rotation": 180, "texture": "#1"}
			}
		},
		{
			"from": [5.625, 5.07756, 7.625],
			"to": [7.125, 5.32756, 8.375],
			"rotation": {"angle": 0, "axis": "y", "origin": [14.125, 12.32756, 0.375]},
			"faces": {
				"north": {"uv": [0, 9.5, 1.5, 9.75], "rotation": 180, "texture": "#1"},
				"east": {"uv": [0, 9.5, 0.25, 10.25], "rotation": 90, "texture": "#1"},
				"south": {"uv": [0, 9.5, 1.5, 9.75], "texture": "#1"},
				"west": {"uv": [0, 9, 15, 9], "rotation": 270, "texture": "#1"},
				"up": {"uv": [0, 9.5, 1.5, 10.25], "texture": "#1"},
				"down": {"uv": [0, 9.5, 1.5, 10.25], "rotation": 180, "texture": "#1"}
			}
		},
		{
			"from": [8.875, 5.07756, 7.625],
			"to": [10.375, 5.32756, 8.375],
			"rotation": {"angle": 0, "axis": "y", "origin": [1.875, 12.32756, 0.375]},
			"faces": {
				"north": {"uv": [1.5, 9.5, 0, 9.75], "rotation": 180, "texture": "#1"},
				"east": {"uv": [0.25, 9.5, 0, 10.25], "rotation": 90, "texture": "#1"},
				"south": {"uv": [1.5, 9.5, 0, 9.75], "texture": "#1"},
				"west": {"uv": [0, 9, 15, 9], "rotation": 270, "texture": "#1"},
				"up": {"uv": [1.5, 9.5, 0, 10.25], "texture": "#1"},
				"down": {"uv": [1.5, 9.5, 0, 10.25], "rotation": 180, "texture": "#1"}
			}
		},
		{
			"from": [5.625, 4.95256, 7.75],
			"to": [7.125, 5.45256, 8.25],
			"rotation": {"angle": 0, "axis": "y", "origin": [14.125, 12.32756, 0.375]},
			"faces": {
				"north": {"uv": [0, 9.5, 1.5, 10], "rotation": 180, "texture": "#1"},
				"east": {"uv": [0, 9.5, 0.5, 10], "rotation": 90, "texture": "#1"},
				"south": {"uv": [0, 9.5, 1.5, 10], "texture": "#1"},
				"west": {"uv": [0, 9, 15, 9], "rotation": 270, "texture": "#1"},
				"up": {"uv": [0, 9.5, 1.5, 10], "texture": "#1"},
				"down": {"uv": [0, 9.5, 1.5, 10], "rotation": 180, "texture": "#1"}
			}
		},
		{
			"from": [8.875, 4.95256, 7.75],
			"to": [10.375, 5.45256, 8.25],
			"rotation": {"angle": 0, "axis": "y", "origin": [1.875, 12.32756, 0.375]},
			"faces": {
				"north": {"uv": [1.5, 9.5, 0, 10], "rotation": 180, "texture": "#1"},
				"east": {"uv": [0.5, 9.5, 0, 10], "rotation": 90, "texture": "#1"},
				"south": {"uv": [1.5, 9.5, 0, 10], "texture": "#1"},
				"west": {"uv": [0, 9, 15, 9], "rotation": 270, "texture": "#1"},
				"up": {"uv": [1.5, 9.5, 0, 10], "texture": "#1"},
				"down": {"uv": [1.5, 9.5, 0, 10], "rotation": 180, "texture": "#1"}
			}
		},
		{
			"from": [5.375, 5.07756, 7.75],
			"to": [5.625, 5.32756, 8.25],
			"rotation": {"angle": 0, "axis": "y", "origin": [14.125, 12.32756, 0.375]},
			"faces": {
				"north": {"uv": [0, 9.5, 0.25, 9.75], "rotation": 180, "texture": "#1"},
				"east": {"uv": [0, 9.5, 0.25, 10], "rotation": 90, "texture": "#1"},
				"south": {"uv": [0, 9.5, 0.25, 9.75], "texture": "#1"},
				"west": {"uv": [0, 9, 15, 9], "rotation": 270, "texture": "#1"},
				"up": {"uv": [0, 9.5, 0.25, 10], "texture": "#1"},
				"down": {"uv": [0, 9.5, 0.25, 10], "rotation": 180, "texture": "#1"}
			}
		},
		{
			"from": [10.375, 5.07756, 7.75],
			"to": [10.625, 5.32756, 8.25],
			"rotation": {"angle": 0, "axis": "y", "origin": [1.875, 12.32756, 0.375]},
			"faces": {
				"north": {"uv": [0.25, 9.5, 0, 9.75], "rotation": 180, "texture": "#1"},
				"east": {"uv": [0.25, 9.5, 0, 10], "rotation": 90, "texture": "#1"},
				"south": {"uv": [0.25, 9.5, 0, 9.75], "texture": "#1"},
				"west": {"uv": [0, 9, 15, 9], "rotation": 270, "texture": "#1"},
				"up": {"uv": [0.25, 9.5, 0, 10], "texture": "#1"},
				"down": {"uv": [0.25, 9.5, 0, 10], "rotation": 180, "texture": "#1"}
			}
		},
		{
			"from": [7.375, 4.82756, 7.625],
			"to": [7.625, 5.07756, 8.375],
			"rotation": {"angle": 0, "axis": "y", "origin": [14.625, 12.07756, 0.375]},
			"faces": {
				"north": {"uv": [0, 9.5, 0.25, 9.75], "rotation": 180, "texture": "#1"},
				"east": {"uv": [0, 9.5, 0.25, 10.25], "rotation": 90, "texture": "#1"},
				"south": {"uv": [0, 9.5, 0.25, 9.75], "texture": "#1"},
				"west": {"uv": [0, 9, 15, 9], "rotation": 270, "texture": "#1"},
				"up": {"uv": [0, 9.5, 0.25, 10.25], "texture": "#1"},
				"down": {"uv": [0, 9.5, 0.25, 10.25], "rotation": 180, "texture": "#1"}
			}
		},
		{
			"from": [8.375, 5.07756, 7.375],
			"to": [8.875, 5.32756, 8.625],
			"rotation": {"angle": 0, "axis": "y", "origin": [15.875, 12.32756, 0.375]},
			"faces": {
				"north": {"uv": [0, 9.5, 0.5, 9.75], "rotation": 180, "texture": "#1"},
				"east": {"uv": [0, 9.5, 0.25, 10.75], "rotation": 90, "texture": "#1"},
				"south": {"uv": [0, 9.5, 0.5, 9.75], "texture": "#1"},
				"west": {"uv": [0, 9, 15, 9], "rotation": 270, "texture": "#1"},
				"up": {"uv": [0, 9.5, 0.5, 10.75], "texture": "#1"},
				"down": {"uv": [0, 9.5, 0.5, 10.75], "rotation": 180, "texture": "#1"}
			}
		},
		{
			"from": [7.625, 1.20256, 8.0125],
			"to": [8.375, 5.07756, 8.2625],
			"rotation": {"angle": 0, "axis": "y", "origin": [16.125, 12.07756, 0.5125]},
			"faces": {
				"north": {"uv": [0, 2.5, 3.875, 3.25], "rotation": 270, "texture": "#2"},
				"east": {"uv": [0, 0, 3.875, 0.25], "rotation": 90, "texture": "#2"},
				"south": {"uv": [3.5, 0, 4.25, 3.875], "texture": "#2"},
				"west": {"uv": [0, 9, 15, 9], "rotation": 270, "texture": "#2"},
				"up": {"uv": [0, 0, 0.75, 0.25], "texture": "#2"},
				"down": {"uv": [4.5, 3.5, 5.25, 3.75], "rotation": 180, "texture": "#2"}
			}
		},
		{
			"from": [7.625, 1.32756, 7.7625],
			"to": [8.375, 5.07756, 8.0125],
			"rotation": {"angle": 0, "axis": "y", "origin": [16.125, 12.07756, 0.2625]},
			"faces": {
				"north": {"uv": [0, 2.5, 3.75, 3.25], "rotation": 270, "texture": "#2"},
				"east": {"uv": [0, 1, 3.75, 1.25], "rotation": 90, "texture": "#2"},
				"south": {"uv": [3.5, 0, 4.25, 3.75], "texture": "#2"},
				"west": {"uv": [0, 9, 15, 9], "rotation": 270, "texture": "#2"},
				"up": {"uv": [0, 0, 0.75, 0.25], "texture": "#2"},
				"down": {"uv": [4.5, 2, 5.25, 2.25], "rotation": 180, "texture": "#2"}
			}
		},
		{
			"from": [7.75, 1.45256, 7.6375],
			"to": [8.25, 5.07756, 7.7625],
			"rotation": {"angle": 0, "axis": "y", "origin": [16.125, 12.07756, 0.1375]},
			"faces": {
				"north": {"uv": [0, 3, 3.625, 3.5], "rotation": 270, "texture": "#2"},
				"east": {"uv": [0, 0, 3.625, 0.125], "rotation": 90, "texture": "#2"},
				"south": {"uv": [3.5, 0, 4, 3.625], "texture": "#2"},
				"west": {"uv": [0, 9, 15, 9], "rotation": 270, "texture": "#2"},
				"up": {"uv": [0, 0, 0.5, 0.125], "texture": "#2"},
				"down": {"uv": [5.5, 0.5, 6, 0.625], "rotation": 180, "texture": "#2"}
			}
		},
		{
			"from": [7.75, 1.45256, 8.2375],
			"to": [8.25, 5.07756, 8.3625],
			"rotation": {"angle": 0, "axis": "y", "origin": [16.125, 12.07756, 15.8625]},
			"faces": {
				"north": {"uv": [4, 0, 3.5, 3.625], "texture": "#2"},
				"east": {"uv": [0, 0.125, 3.625, 0], "rotation": 90, "texture": "#2"},
				"south": {"uv": [0, 3.5, 3.625, 3], "rotation": 270, "texture": "#2"},
				"west": {"uv": [0, 9, 15, 9], "rotation": 270, "texture": "#2"},
				"up": {"uv": [0, 0, 0.5, 0.125], "texture": "#2"},
				"down": {"uv": [5.5, 0.625, 6, 0.5], "rotation": 180, "texture": "#2"}
			}
		},
		{
			"from": [7.5, 1.32756, 8.0125],
			"to": [7.625, 5.07756, 8.2625],
			"rotation": {"angle": 0, "axis": "y", "origin": [15.625, 12.07756, 0.7625]},
			"faces": {
				"north": {"uv": [0, 2.5, 3.75, 2.625], "rotation": 270, "texture": "#2"},
				"east": {"uv": [0, 0, 3.75, 0.25], "rotation": 90, "texture": "#2"},
				"south": {"uv": [3.5, 0, 3.625, 3.75], "texture": "#2"},
				"west": {"uv": [0, 9, 15, 9], "rotation": 270, "texture": "#2"},
				"up": {"uv": [0, 0, 0.125, 0.25], "texture": "#2"},
				"down": {"uv": [1.5, 0.5, 1.625, 0.75], "rotation": 180, "texture": "#2"}
			}
		},
		{
			"from": [8.375, 1.32756, 8.0125],
			"to": [8.5, 5.07756, 8.2625],
			"rotation": {"angle": 0, "axis": "y", "origin": [16.625, 12.07756, 0.7625]},
			"faces": {
				"north": {"uv": [0, 2.5, 3.75, 2.625], "rotation": 270, "texture": "#2"},
				"east": {"uv": [0, 4, 3.75, 4.25], "rotation": 90, "texture": "#2"},
				"south": {"uv": [3.5, 0, 3.625, 3.75], "texture": "#2"},
				"west": {"uv": [0, 9, 15, 9], "rotation": 270, "texture": "#2"},
				"up": {"uv": [0, 0, 0.125, 0.25], "texture": "#2"},
				"down": {"uv": [0, 8, 0.125, 8.25], "rotation": 180, "texture": "#2"}
			}
		},
		{
			"from": [8.375, 1.07756, 7.625],
			"to": [8.625, 1.32756, 8.375],
			"rotation": {"angle": 0, "axis": "y", "origin": [15.875, 8.32756, 0.375]},
			"faces": {
				"north": {"uv": [0, 9.5, 0.25, 9.75], "rotation": 180, "texture": "#1"},
				"east": {"uv": [0, 9.5, 0.25, 10.25], "rotation": 90, "texture": "#1"},
				"south": {"uv": [0, 9.5, 0.25, 9.75], "texture": "#1"},
				"west": {"uv": [0, 9, 15, 9], "rotation": 270, "texture": "#1"},
				"up": {"uv": [0, 9.5, 0.25, 10.25], "texture": "#1"},
				"down": {"uv": [0, 9.5, 0.25, 10.25], "rotation": 180, "texture": "#1"}
			}
		},
		{
			"from": [7.625, 1.32756, 7.125],
			"to": [8.375, 1.57756, 8.875],
			"rotation": {"angle": 0, "axis": "y", "origin": [15.375, 8.57756, 0.375]},
			"faces": {
				"north": {"uv": [0, 9.5, 0.75, 9.75], "rotation": 180, "texture": "#1"},
				"east": {"uv": [0, 9.5, 0.25, 11.25], "rotation": 90, "texture": "#1"},
				"south": {"uv": [0, 9.5, 0.75, 9.75], "texture": "#1"},
				"west": {"uv": [0, 9, 15, 9], "rotation": 270, "texture": "#1"},
				"up": {"uv": [0, 9.5, 0.75, 11.25], "texture": "#1"},
				"down": {"uv": [0, 9.5, 0.75, 11.25], "rotation": 180, "texture": "#1"}
			}
		},
		{
			"from": [7.625, 1.07756, 7.375],
			"to": [8.375, 1.32756, 8.625],
			"rotation": {"angle": 0, "axis": "y", "origin": [15.375, 8.32756, 0.375]},
			"faces": {
				"north": {"uv": [0, 9.5, 0.75, 9.75], "rotation": 180, "texture": "#1"},
				"east": {"uv": [0, 9.5, 0.25, 10.75], "rotation": 90, "texture": "#1"},
				"south": {"uv": [0, 9.5, 0.75, 9.75], "texture": "#1"},
				"west": {"uv": [0, 9, 15, 9], "rotation": 270, "texture": "#1"},
				"up": {"uv": [0, 9.5, 0.75, 10.75], "texture": "#1"},
				"down": {"uv": [0, 9.5, 0.75, 10.75], "rotation": 180, "texture": "#1"}
			}
		},
		{
			"from": [7.125, 1.32756, 7.375],
			"to": [7.625, 1.57756, 8.625],
			"rotation": {"angle": 0, "axis": "y", "origin": [14.625, 8.57756, 0.375]},
			"faces": {
				"north": {"uv": [0, 9.5, 0.5, 9.75], "rotation": 180, "texture": "#1"},
				"east": {"uv": [0, 9.5, 0.25, 10.75], "rotation": 90, "texture": "#1"},
				"south": {"uv": [0, 9.5, 0.5, 9.75], "texture": "#1"},
				"west": {"uv": [0, 9, 15, 9], "rotation": 270, "texture": "#1"},
				"up": {"uv": [0, 9.5, 0.5, 10.75], "texture": "#1"},
				"down": {"uv": [0, 9.5, 0.5, 10.75], "rotation": 180, "texture": "#1"}
			}
		},
		{
			"from": [7.375, 1.07756, 7.625],
			"to": [7.625, 1.32756, 8.375],
			"rotation": {"angle": 0, "axis": "y", "origin": [14.625, 8.32756, 0.375]},
			"faces": {
				"north": {"uv": [0, 9.5, 0.25, 9.75], "rotation": 180, "texture": "#1"},
				"east": {"uv": [0, 9.5, 0.25, 10.25], "rotation": 90, "texture": "#1"},
				"south": {"uv": [0, 9.5, 0.25, 9.75], "texture": "#1"},
				"west": {"uv": [0, 9, 15, 9], "rotation": 270, "texture": "#1"},
				"up": {"uv": [0, 9.5, 0.25, 10.25], "texture": "#1"},
				"down": {"uv": [0, 9.5, 0.25, 10.25], "rotation": 180, "texture": "#1"}
			}
		},
		{
			"from": [8.375, 1.32756, 7.375],
			"to": [8.875, 1.57756, 8.625],
			"rotation": {"angle": 0, "axis": "y", "origin": [15.875, 8.57756, 0.375]},
			"faces": {
				"north": {"uv": [0, 9.5, 0.5, 9.75], "rotation": 180, "texture": "#1"},
				"east": {"uv": [0, 9.5, 0.25, 10.75], "rotation": 90, "texture": "#1"},
				"south": {"uv": [0, 9.5, 0.5, 9.75], "texture": "#1"},
				"west": {"uv": [0, 9, 15, 9], "rotation": 270, "texture": "#1"},
				"up": {"uv": [0, 9.5, 0.5, 10.75], "texture": "#1"},
				"down": {"uv": [0, 9.5, 0.5, 10.75], "rotation": 180, "texture": "#1"}
			}
		}
	],
	"gui_light": "front",
	"display": {
		"thirdperson_righthand": {
			"rotation": [76.25, -90, 55],
			"translation": [0, 5.5, 2.5],
			"scale": [1.31, 1.31, 1.31]
		},
		"thirdperson_lefthand": {
			"rotation": [76.25, 90, -55],
			"translation": [0, 5.5, 2.5],
			"scale": [1.31, 1.31, 1.31]
		},
		"firstperson_righthand": {
			"rotation": [54, -80, 25],
			"translation": [-0.37, 2.7, 1.13],
			"scale": [0.68, 0.68, 0.68]
		},
		"firstperson_lefthand": {
			"rotation": [46, 74, -25],
			"translation": [-0.37, 2.7, 1.38],
			"scale": [0.68, 0.68, 0.68]
		},
		"ground": {
			"rotation": [118, 0, 0],
			"translation": [0, 3.25, 0]
		},
		"gui": {
			"rotation": [17, 0, -40],
			"translation": [-1.25, -1.5, 0],
			"scale": [0.95, 0.98, 0.95]
		},
		"head": {
			"rotation": [162, 83, 0],
			"translation": [7.5, -28.75, 0.5],
			"scale": [1.31, 1.31, 1.31]
		},
		"fixed": {
			"rotation": [0, 0, 42],
			"translation": [1.25, -2, -0.75],
			"scale": [0.95, 0.95, 0.95]
		}
	},
	"groups": [
		{
			"name": "blade",
			"origin": [15.75, -4.75, 11.75],
			"children": [0, 1, 2, 3, 4, 5, 6, 7, 8, 9, 10, 11, 12, 13, 14, 15, 16, 17, 18, 19]
		},
		{
			"name": "Seperator",
			"origin": [15.75, 10.5, 10.75],
			"children": [20, 21, 22, 23, 24, 25, 26, 27, 28, 29, 30, 31]
		},
		{
			"name": "Handle",
			"origin": [8.55806, 2.875, 2.76517],
			"children": [32, 33, 34, 35, 36, 37]
		},
		{
			"name": "Seperator",
			"origin": [15.75, 10.5, 10.75],
			"children": [38, 39, 40, 41, 42, 43]
		}
	]
}