{
	"credit": "Made with Blockbench",
	"texture_size": [64, 32],
	"textures": {
		"0": "block/diamond_layer_2hot"
	},
	"elements": [
		{
			"name": "Belt",
			"from": [2.365, 11.49, 3.49],
			"to": [11.385, 24.51, 8.51],
			"rotation": {"angle": 0, "axis": "y", "origin": [6.875, 0, 6]},
			"faces": {
				"north": {"uv": [5, 10, 7, 16], "texture": "#0"},
				"east": {"uv": [4, 10, 5, 16], "texture": "#0"},
				"south": {"uv": [8, 10, 10, 16], "texture": "#0"},
				"west": {"uv": [7, 10, 8, 16], "texture": "#0"},
				"up": {"uv": [7, 10, 5, 8], "texture": "#0"},
				"down": {"uv": [9, 8, 7, 10], "texture": "#0"}
			}
		},
		{
			"name": "Right Leg Armor",
			"from": [7.15, -0.5, 3.5],
			"to": [11.275, 12.5, 8.5],
			"rotation": {"angle": 0, "axis": "y", "origin": [6.875, 0, 6]},
			"faces": {
				"north": {"uv": [1, 10, 1.75, 16], "texture": "#0"},
				"east": {"uv": [0, 10, 1, 16], "texture": "#0"},
				"south": {"uv": [2.75, 10, 3.5, 16], "texture": "#0"},
				"west": {"uv": [1.75, 10, 2.75, 16], "texture": "#0"},
				"up": {"uv": [1.75, 10, 1, 8], "texture": "#0"},
				"down": {"uv": [2.5, 8, 1.75, 10], "texture": "#0"}
			}
		},
		{
			"name": "Left Leg Armor",
			"from": [2.475, -0.5, 3.5],
			"to": [6.35, 12.5, 8.5],
			"shade": false,
			"rotation": {"angle": 0, "axis": "y", "origin": [6.875, 0, 6]},
			"faces": {
				"north": {"uv": [1.5, 10, 1, 16], "texture": "#0"},
				"east": {"uv": [2.5, 10, 1.5, 16], "texture": "#0"},
				"south": {"uv": [3, 10, 2.5, 16], "texture": "#0"},
				"west": {"uv": [1, 10, 0, 16], "texture": "#0"},
				"up": {"uv": [1, 10, 1.5, 8], "texture": "#0"},
				"down": {"uv": [1.5, 8, 2, 10], "texture": "#0"}
			}
		}
	],
	"display": {
		"thirdperson_righthand": {
			"rotation": [71, 0, 0],
			"translation": [2.75, -1.25, 1],
			"scale": [0.55, 0.55, 0.55]
		},
		"thirdperson_lefthand": {
			"rotation": [40, 0, 0],
			"translation": [0.75, -1.25, 0.25],
			"scale": [0.55, 0.55, 0.55]
		},
		"firstperson_righthand": {
			"rotation": [3, -163, 25],
			"translation": [-5.12, 1.95, 1.13],
			"scale": [0.68, 0.68, 0.68]
		},
		"firstperson_lefthand": {
			"rotation": [0, -168, 25],
			"translation": [-3.62, 2.7, 1.38],
			"scale": [0.68, 0.68, 0.68]
		},
		"ground": {
			"translation": [0, 4.25, 0]
		},
		"gui": {
			"translation": [1, -1.25, 0]
		},
		"head": {
			"translation": [1.75, -36.25, 1.75]
		},
		"fixed": {
			"translation": [1.5, -1, 0]
		}
	},
	"groups": [
		{
			"name": "Body",
			"origin": [0, 24, 0],
			"children": [0]
		},
		{
			"name": "RightLeg",
			"origin": [1.9, 12, 0],
			"children": [1]
		},
		{
			"name": "LeftLeg",
			"origin": [-1.9, 12, 0],
			"children": [2]
		}
	]
}
