{
	"credit": "Made with Blockbench",
	"texture_size": [64, 32],
	"textures": {
		"0": "block/diamond_layer_2hot",
		"1": "block/fire_1",
		"particle": "block/fire_1"
	},
	"elements": [
		{
			"name": "Belt",
			"from": [2.365, 11.49, 3.49],
			"to": [11.385, 16.76, 8.51],
			"rotation": {"angle": 0, "axis": "y", "origin": [6.875, 0, 6]},
			"faces": {
				"north": {"uv": [5, 13.5, 7.255, 16.135], "texture": "#0"},
				"east": {"uv": [8.75, 13.5, 10, 16], "texture": "#0"},
				"south": {"uv": [7.625, 13.5, 9.875, 16], "texture": "#0"},
				"west": {"uv": [8.75, 13.5, 10, 16], "texture": "#0"},
				"up": {"uv": [8.75, 13.5, 10, 15], "texture": "#0"},
				"down": {"uv": [9, 8, 7, 10], "texture": "#0"}
			}
		},
		{
			"name": "Right Leg Armor",
			"from": [7.15, 2.875, 3.5],
			"to": [11.275, 12.5, 8.5],
			"rotation": {"angle": 0, "axis": "y", "origin": [6.875, 0, 6]},
			"faces": {
				"north": {"uv": [1, 10, 2, 14.5], "texture": "#0"},
				"east": {"uv": [2, 10, 3, 14.5], "texture": "#0"},
				"south": {"uv": [3, 10, 4, 14.5], "texture": "#0"},
				"west": {"uv": [2, 10, 3, 14.5], "texture": "#0"},
				"up": {"uv": [1.75, 10, 1, 8], "texture": "#0"},
				"down": {"uv": [2, 11.75, 3, 14.25], "texture": "#0"}
			}
		},
		{
			"name": "Right Leg Armor",
			"from": [7.15, 2.625, 3.375],
			"to": [11.275, 11.75, 3.375],
			"rotation": {"angle": 0, "axis": "y", "origin": [6.875, -0.25, 5.875]},
			"faces": {
				"north": {"uv": [0, 0, 16, 16], "texture": "#1"},
				"east": {"uv": [2, 10, 3, 14.5], "texture": "#0"},
				"west": {"uv": [2, 10, 3, 14.5], "texture": "#0"},
				"up": {"uv": [1.75, 10, 1, 8], "texture": "#0"},
				"down": {"uv": [2, 11.75, 3, 14.25], "texture": "#0"}
			}
		},
		{
			"name": "Right Leg Armor",
			"from": [7.15, 2.625, 8.625],
			"to": [11.275, 11.75, 8.625],
			"rotation": {"angle": 0, "axis": "y", "origin": [6.875, -0.25, 6.125]},
			"faces": {
				"east": {"uv": [3, 10, 2, 14.5], "texture": "#0"},
				"south": {"uv": [16, 0, 0, 16], "texture": "#1"},
				"west": {"uv": [3, 10, 2, 14.5], "texture": "#0"},
				"up": {"uv": [1.75, 8, 1, 10], "texture": "#0"},
				"down": {"uv": [2, 14.25, 3, 11.75], "texture": "#0"}
			}
		},
		{
			"name": "Right Leg Armor",
			"from": [11.3375, 2.625, 3.3125],
			"to": [11.3375, 11.75, 8.4375],
			"rotation": {"angle": 0, "axis": "y", "origin": [11.3375, 7.1875, 5.625]},
			"faces": {
				"north": {"uv": [3, 10, 2, 14.5], "texture": "#0"},
				"east": {"uv": [16, 0, 0, 16], "texture": "#1"},
				"south": {"uv": [3, 10, 2, 14.5], "texture": "#0"},
				"up": {"uv": [1.75, 8, 1, 10], "rotation": 270, "texture": "#0"},
				"down": {"uv": [2, 14.25, 3, 11.75], "rotation": 90, "texture": "#0"}
			}
		},
		{
			"name": "Right Leg Armor",
			"from": [6.4625, 2.625, 3.3125],
			"to": [6.4625, 11.75, 8.4375],
			"rotation": {"angle": 0, "axis": "y", "origin": [6.4625, 7.1875, 5.625]},
			"faces": {
				"north": {"uv": [3, 10, 2, 14.5], "texture": "#0"},
				"east": {"uv": [16, 0, 0, 16], "texture": "#1"},
				"south": {"uv": [3, 10, 2, 14.5], "texture": "#0"},
				"up": {"uv": [1.75, 8, 1, 10], "rotation": 270, "texture": "#0"},
				"down": {"uv": [2, 14.25, 3, 11.75], "rotation": 90, "texture": "#0"}
			}
		},
		{
			"name": "Right Leg Armor",
			"from": [2.4125, 2.625, 3.3125],
			"to": [2.4125, 11.75, 8.4375],
			"rotation": {"angle": 0, "axis": "y", "origin": [2.4125, 7.1875, 5.625]},
			"faces": {
				"north": {"uv": [2, 10, 3, 14.5], "texture": "#0"},
				"south": {"uv": [2, 10, 3, 14.5], "texture": "#0"},
				"west": {"uv": [0, 0, 16, 16], "texture": "#1"},
				"up": {"uv": [1.75, 10, 1, 8], "rotation": 270, "texture": "#0"},
				"down": {"uv": [2, 11.75, 3, 14.25], "rotation": 90, "texture": "#0"}
			}
		},
		{
			"name": "Right Leg Armor",
			"from": [7.0375, 2.625, 3.3125],
			"to": [7.0375, 11.75, 8.4375],
			"rotation": {"angle": 0, "axis": "y", "origin": [7.0375, 7.1875, 5.625]},
			"faces": {
				"north": {"uv": [2, 10, 3, 14.5], "texture": "#0"},
				"south": {"uv": [2, 10, 3, 14.5], "texture": "#0"},
				"west": {"uv": [0, 0, 16, 16], "texture": "#1"},
				"up": {"uv": [1.75, 10, 1, 8], "rotation": 270, "texture": "#0"},
				"down": {"uv": [2, 11.75, 3, 14.25], "rotation": 90, "texture": "#0"}
			}
		},
		{
			"name": "Right Leg Armor",
			"from": [2.4, 2.625, 3.375],
			"to": [6.525, 11.75, 3.375],
			"rotation": {"angle": 0, "axis": "y", "origin": [2.125, -0.25, 5.875]},
			"faces": {
				"north": {"uv": [0, 0, 16, 16], "texture": "#1"},
				"east": {"uv": [2, 10, 3, 14.5], "texture": "#0"},
				"west": {"uv": [2, 10, 3, 14.5], "texture": "#0"},
				"up": {"uv": [1.75, 10, 1, 8], "texture": "#0"},
				"down": {"uv": [2, 11.75, 3, 14.25], "texture": "#0"}
			}
		},
		{
			"name": "Right Leg Armor",
			"from": [2.4, 2.625, 3.25],
			"to": [6.525, 2.625, 8.5],
			"rotation": {"angle": 0, "axis": "x", "origin": [2.125, 5.125, 13.25]},
			"faces": {
				"north": {"uv": [1.75, 10, 1, 8], "rotation": 180, "texture": "#0"},
				"east": {"uv": [2, 10, 3, 14.5], "rotation": 90, "texture": "#0"},
				"south": {"uv": [2, 11.75, 3, 14.25], "texture": "#0"},
				"west": {"uv": [2, 10, 3, 14.5], "rotation": 270, "texture": "#0"},
				"down": {"uv": [6.5, 11, 10.5, 16], "rotation": 180, "texture": "#1"}
			}
		},
		{
			"name": "Right Leg Armor",
			"from": [7.15, 2.625, 3.25],
			"to": [11.275, 2.625, 8.5],
			"rotation": {"angle": 0, "axis": "x", "origin": [6.875, 5.125, 13.25]},
			"faces": {
				"north": {"uv": [1.75, 10, 1, 8], "rotation": 180, "texture": "#0"},
				"east": {"uv": [2, 10, 3, 14.5], "rotation": 90, "texture": "#0"},
				"south": {"uv": [2, 11.75, 3, 14.25], "texture": "#0"},
				"west": {"uv": [2, 10, 3, 14.5], "rotation": 270, "texture": "#0"},
				"down": {"uv": [6.5, 11, 10.5, 16], "rotation": 180, "texture": "#1"}
			}
		},
		{
			"name": "Right Leg Armor",
			"from": [2.4, 2.625, 8.625],
			"to": [6.525, 11.75, 8.625],
			"rotation": {"angle": 0, "axis": "y", "origin": [2.125, -0.25, 6.125]},
			"faces": {
				"east": {"uv": [3, 10, 2, 14.5], "texture": "#0"},
				"south": {"uv": [16, 0, 0, 16], "texture": "#1"},
				"west": {"uv": [3, 10, 2, 14.5], "texture": "#0"},
				"up": {"uv": [1.75, 8, 1, 10], "texture": "#0"},
				"down": {"uv": [2, 14.25, 3, 11.75], "texture": "#0"}
			}
		},
		{
			"name": "Left Leg Armor",
			"from": [2.475, 2.75, 3.5],
			"to": [6.35, 12.5, 8.5],
			"shade": false,
			"rotation": {"angle": 0, "axis": "y", "origin": [6.875, 0, 6]},
			"faces": {
				"north": {"uv": [2, 10, 1, 14.5], "texture": "#0"},
				"east": {"uv": [2, 10, 3, 14.5], "texture": "#0"},
				"south": {"uv": [3, 10, 4, 14.5], "texture": "#0"},
				"west": {"uv": [2, 10, 3, 14.5], "texture": "#0"},
				"up": {"uv": [1, 10, 1.5, 8], "texture": "#0"},
				"down": {"uv": [2, 11.75, 3, 14.25], "texture": "#0"}
			}
		}
	],
	"gui_light": "front",
	"display": {
		"thirdperson_righthand": {
			"rotation": [71, 0, 0],
			"translation": [2.75, -1.25, 1],
			"scale": [0.55, 0.55, 0.55]
		},
		"thirdperson_lefthand": {
			"rotation": [40, 0, 0],
			"translation": [0.75, -1.25, 0.25],
			"scale": [0.55, 0.55, 0.55]
		},
		"firstperson_righthand": {
			"rotation": [3, -163, 25],
			"translation": [-5.12, 1.95, 1.13],
			"scale": [0.68, 0.68, 0.68]
		},
		"firstperson_lefthand": {
			"rotation": [0, -168, 25],
			"translation": [-3.62, 2.7, 1.38],
			"scale": [0.68, 0.68, 0.68]
		},
		"ground": {
			"translation": [0, 4.25, 0],
			"scale": [0.72, 0.86, 0.71]
		},
		"gui": {
			"rotation": [30, 225, 0],
			"translation": [-1.25, 0, 0],
			"scale": [0.625, 0.625, 0.625]
		},
		"head": {
			"translation": [1.75, -3, 1.75]
		},
		"fixed": {
			"translation": [1.5, -1, 3.5]
		}
	},
	"groups": [
		{
			"name": "Body",
			"origin": [0, 24, 0],
			"children": [0]
		},
		{
			"name": "RightLeg",
			"origin": [1.9, 12, 0],
			"children": [1, 2, 3, 4, 5, 6, 7, 8, 9, 10, 11]
		},
		{
			"name": "LeftLeg",
			"origin": [-1.9, 12, 0],
			"children": [12]
		}
	]
}