{
	"credit": "Made with Blockbench",
	"texture_size": [64, 32],
	"textures": {
		"0": "block/chainmail_layer_1_hot",
		"1": "block/fire_1",
		"particle": "block/fire_1"
	},
	"elements": [
		{
			"name": "Left Boot",
			"from": [3.1, 1, 5],
			"to": [7.85, 5.25, 11],
			"shade": false,
			"rotation": {"angle": 0, "axis": "y", "origin": [8, 2, 8]},
			"faces": {
				"north": {"uv": [1.25, 14, 0, 16], "texture": "#0"},
				"east": {"uv": [1.25, 14, 0, 16], "texture": "#0"},
				"south": {"uv": [0, 13, 1, 16], "texture": "#0"},
				"west": {"uv": [0, 14, 1, 16], "texture": "#0"},
				"up": {"uv": [1.25, 14, 0, 16], "texture": "#0"},
				"down": {"uv": [2, 8, 3, 10], "texture": "#0"}
			}
		},
		{
			"name": "Left Boot",
			"from": [3.1, 0.875, 4.875],
			"to": [7.85, 4.875, 4.875],
			"shade": false,
			"rotation": {"angle": 0, "axis": "y", "origin": [8, 2, 7.875]},
			"faces": {
				"north": {"uv": [14, 0, 2, 16], "texture": "#1"},
				"east": {"uv": [1.25, 14, 0, 16], "texture": "#0"},
				"west": {"uv": [0, 14, 1, 16], "texture": "#0"},
				"up": {"uv": [1.25, 14, 0, 16], "texture": "#0"},
				"down": {"uv": [2, 8, 3, 10], "texture": "#0"}
			}
		},
		{
			"name": "Left Boot",
			"from": [3.1, 0.875, 11.125],
			"to": [7.85, 4.875, 11.125],
			"shade": false,
			"rotation": {"angle": 0, "axis": "y", "origin": [8, 2, 8.125]},
			"faces": {
				"east": {"uv": [0, 14, 1.25, 16], "texture": "#0"},
				"south": {"uv": [14, 0, 2, 16], "texture": "#1"},
				"west": {"uv": [1, 14, 0, 16], "texture": "#0"},
				"up": {"uv": [1.25, 16, 0, 14], "texture": "#0"},
				"down": {"uv": [2, 10, 3, 8], "texture": "#0"}
			}
		},
		{
			"name": "Left Boot",
			"from": [2.975, 0.8125, 4.8125],
			"to": [7.85, 0.8125, 11.1875],
			"shade": false,
			"rotation": {"angle": 0, "axis": "x", "origin": [5.475, 0.8125, 9.375]},
			"faces": {
				"north": {"uv": [2, 10, 3, 8], "rotation": 180, "texture": "#0"},
				"east": {"uv": [0, 14, 1.25, 16], "rotation": 270, "texture": "#0"},
				"south": {"uv": [1.25, 16, 0, 14], "texture": "#0"},
				"west": {"uv": [1, 14, 0, 16], "rotation": 90, "texture": "#0"},
				"down": {"uv": [5.5, 9, 2, 16], "texture": "#1"}
			}
		},
		{
			"name": "Left Boot",
			"from": [8.225, 0.8125, 4.8125],
			"to": [12.975, 0.8125, 11.1875],
			"shade": false,
			"rotation": {"angle": 0, "axis": "x", "origin": [10.725, 0.8125, 9.25]},
			"faces": {
				"north": {"uv": [2, 10, 3, 8], "rotation": 180, "texture": "#0"},
				"east": {"uv": [0, 14, 1.25, 16], "rotation": 270, "texture": "#0"},
				"south": {"uv": [1.25, 16, 0, 14], "texture": "#0"},
				"west": {"uv": [1, 14, 0, 16], "rotation": 90, "texture": "#0"},
				"down": {"uv": [5.5, 9, 2, 16], "texture": "#1"}
			}
		},
		{
			"name": "Left Boot",
			"from": [8.225, 0.875, 11.125],
			"to": [13.1, 4.875, 11.125],
			"shade": false,
			"rotation": {"angle": 0, "axis": "y", "origin": [13.25, 2, 8.125]},
			"faces": {
				"east": {"uv": [0, 14, 1.25, 16], "texture": "#0"},
				"south": {"uv": [14, 0, 2, 16], "texture": "#1"},
				"west": {"uv": [1, 14, 0, 16], "texture": "#0"},
				"up": {"uv": [1.25, 16, 0, 14], "texture": "#0"},
				"down": {"uv": [2, 10, 3, 8], "texture": "#0"}
			}
		},
		{
			"name": "Left Boot",
			"from": [8.1, 0.875, 4.875],
			"to": [12.85, 4.875, 4.875],
			"shade": false,
			"rotation": {"angle": 0, "axis": "y", "origin": [13, 2, 7.875]},
			"faces": {
				"north": {"uv": [2, 0, 14, 16], "texture": "#1"},
				"east": {"uv": [1.25, 14, 0, 16], "texture": "#0"},
				"west": {"uv": [0, 14, 1, 16], "texture": "#0"},
				"up": {"uv": [1.25, 14, 0, 16], "texture": "#0"},
				"down": {"uv": [2, 8, 3, 10], "texture": "#0"}
			}
		},
		{
			"name": "Left Boot",
			"from": [12.975, 0.875, 4.875],
			"to": [12.975, 4.875, 11.125],
			"shade": false,
			"rotation": {"angle": 0, "axis": "y", "origin": [12.975, 2.4375, 8.625]},
			"faces": {
				"north": {"uv": [0, 14, 1, 16], "texture": "#0"},
				"east": {"uv": [2, 0, 14, 16], "texture": "#1"},
				"south": {"uv": [1.25, 14, 0, 16], "texture": "#0"},
				"up": {"uv": [1.25, 14, 0, 16], "rotation": 90, "texture": "#0"},
				"down": {"uv": [2, 8, 3, 10], "rotation": 270, "texture": "#0"}
			}
		},
		{
			"name": "Left Boot",
			"from": [3.025, 0.875, 4.875],
			"to": [3.025, 4.875, 11.25],
			"shade": false,
			"rotation": {"angle": 0, "axis": "y", "origin": [3.025, 2.4375, 8.625]},
			"faces": {
				"north": {"uv": [1, 14, 0, 16], "texture": "#0"},
				"south": {"uv": [0, 14, 1.25, 16], "texture": "#0"},
				"west": {"uv": [14, 0, 2, 16], "texture": "#1"},
				"up": {"uv": [1.25, 16, 0, 14], "rotation": 90, "texture": "#0"},
				"down": {"uv": [2, 10, 3, 8], "rotation": 270, "texture": "#0"}
			}
		},
		{
			"name": "Left Boot",
			"from": [8.15, 1, 5],
			"to": [12.9, 5.25, 11],
			"shade": false,
			"rotation": {"angle": 0, "axis": "y", "origin": [8, 2, 8]},
			"faces": {
				"north": {"uv": [0, 14, 1.25, 16], "texture": "#0"},
				"east": {"uv": [1, 14, 0, 16], "texture": "#0"},
				"south": {"uv": [1, 13, 0, 16], "texture": "#0"},
				"west": {"uv": [0, 14, 1.25, 16], "texture": "#0"},
				"up": {"uv": [0, 14, 1.25, 16], "texture": "#0"},
				"down": {"uv": [3, 8, 2, 10], "texture": "#0"}
			}
		},
		{
			"name": "Left Boot",
			"from": [3.1, 5.25, 5],
			"to": [6.6, 5.75, 11],
			"shade": false,
			"rotation": {"angle": 0, "axis": "y", "origin": [8, 6.25, 8]},
			"faces": {
				"north": {"uv": [0.875, 14, 0, 14.25], "texture": "#0"},
				"east": {"uv": [1.25, 14, 0, 16], "texture": "#0"},
				"south": {"uv": [0, 13.75, 1.375, 14], "texture": "#0"},
				"west": {"uv": [0, 14, 1, 16], "texture": "#0"},
				"up": {"uv": [1.25, 14, 0, 16], "texture": "#0"},
				"down": {"uv": [2, 8, 3, 10], "texture": "#0"}
			}
		},
		{
			"name": "Left Boot",
			"from": [9.4, 5.25, 5],
			"to": [12.9, 5.75, 11],
			"shade": false,
			"rotation": {"angle": 0, "axis": "y", "origin": [8, 6.25, 8]},
			"faces": {
				"north": {"uv": [0, 14, 0.875, 14.25], "texture": "#0"},
				"east": {"uv": [1, 14, 0, 16], "texture": "#0"},
				"south": {"uv": [1.375, 13.75, 0, 14], "texture": "#0"},
				"west": {"uv": [0, 14, 1.25, 16], "texture": "#0"},
				"up": {"uv": [0, 14, 1.25, 16], "texture": "#0"},
				"down": {"uv": [3, 8, 2, 10], "texture": "#0"}
			}
		},
		{
			"name": "Left Boot",
			"from": [3.1, 5.75, 5],
			"to": [6.1, 6.25, 11],
			"shade": false,
			"rotation": {"angle": 0, "axis": "y", "origin": [8, 6.75, 8]},
			"faces": {
				"north": {"uv": [1.25, 13.5, 0, 13.75], "texture": "#0"},
				"east": {"uv": [1.25, 14, 0, 16], "texture": "#0"},
				"south": {"uv": [0, 13, 1, 16], "texture": "#0"},
				"west": {"uv": [0, 14, 1, 16], "texture": "#0"},
				"up": {"uv": [1.25, 14, 0, 16], "texture": "#0"},
				"down": {"uv": [2, 8, 3, 10], "texture": "#0"}
			}
		},
		{
			"name": "Left Boot",
			"from": [9.9, 5.75, 5],
			"to": [12.9, 6.25, 11],
			"shade": false,
			"rotation": {"angle": 0, "axis": "y", "origin": [8, 6.75, 8]},
			"faces": {
				"north": {"uv": [0, 13.5, 1.25, 13.75], "texture": "#0"},
				"east": {"uv": [1, 14, 0, 16], "texture": "#0"},
				"south": {"uv": [1, 13, 0, 16], "texture": "#0"},
				"west": {"uv": [0, 14, 1.25, 16], "texture": "#0"},
				"up": {"uv": [0, 14, 1.25, 16], "texture": "#0"},
				"down": {"uv": [3, 8, 2, 10], "texture": "#0"}
			}
		},
		{
			"name": "Left Boot",
			"from": [3.1, 6.25, 5],
			"to": [5.6, 6.75, 11],
			"shade": false,
			"rotation": {"angle": 0, "axis": "y", "origin": [8, 7.25, 8]},
			"faces": {
				"north": {"uv": [1.25, 13.5, 0, 13.75], "texture": "#0"},
				"east": {"uv": [1.25, 14, 0, 16], "texture": "#0"},
				"south": {"uv": [0, 13, 1, 16], "texture": "#0"},
				"west": {"uv": [0, 14, 1, 16], "texture": "#0"},
				"up": {"uv": [1.25, 14, 0, 16], "texture": "#0"},
				"down": {"uv": [2, 8, 3, 10], "texture": "#0"}
			}
		},
		{
			"name": "Left Boot",
			"from": [10.4, 6.25, 5],
			"to": [12.9, 6.75, 11],
			"shade": false,
			"rotation": {"angle": 0, "axis": "y", "origin": [8, 7.25, 8]},
			"faces": {
				"north": {"uv": [0, 13.5, 1.25, 13.75], "texture": "#0"},
				"east": {"uv": [1, 14, 0, 16], "texture": "#0"},
				"south": {"uv": [1, 13, 0, 16], "texture": "#0"},
				"west": {"uv": [0, 14, 1.25, 16], "texture": "#0"},
				"up": {"uv": [0, 14, 1.25, 16], "texture": "#0"},
				"down": {"uv": [3, 8, 2, 10], "texture": "#0"}
			}
		},
		{
			"name": "Left Boot",
			"from": [3.1, 6.75, 5],
			"to": [5.1, 7.25, 11],
			"shade": false,
			"rotation": {"angle": 0, "axis": "y", "origin": [8, 7.75, 8]},
			"faces": {
				"north": {"uv": [1.25, 13.5, 0, 13.75], "texture": "#0"},
				"east": {"uv": [1.25, 14, 0, 16], "texture": "#0"},
				"south": {"uv": [0, 13, 1, 16], "texture": "#0"},
				"west": {"uv": [0, 14, 1, 16], "texture": "#0"},
				"up": {"uv": [1.25, 14, 0, 16], "texture": "#0"},
				"down": {"uv": [2, 8, 3, 10], "texture": "#0"}
			}
		},
		{
			"name": "Left Boot",
			"from": [10.9, 6.75, 5],
			"to": [12.9, 7.25, 11],
			"shade": false,
			"rotation": {"angle": 0, "axis": "y", "origin": [8, 7.75, 8]},
			"faces": {
				"north": {"uv": [0, 13.5, 1.25, 13.75], "texture": "#0"},
				"east": {"uv": [1, 14, 0, 16], "texture": "#0"},
				"south": {"uv": [1, 13, 0, 16], "texture": "#0"},
				"west": {"uv": [0, 14, 1.25, 16], "texture": "#0"},
				"up": {"uv": [0, 14, 1.25, 16], "texture": "#0"},
				"down": {"uv": [3, 8, 2, 10], "texture": "#0"}
			}
		}
	],
	"display": {
		"thirdperson_righthand": {
			"rotation": [52, 0, 0],
			"translation": [0, 1.75, 1],
			"scale": [0.55, 0.55, 0.55]
		},
		"thirdperson_lefthand": {
			"rotation": [52, 0, 0],
			"translation": [0, 1.75, 1],
			"scale": [0.55, 0.55, 0.55]
		},
		"firstperson_righthand": {
			"rotation": [-55, 102, 25],
			"translation": [1.13, 3.2, -2.37],
			"scale": [0.68, 0.68, 0.68]
		},
		"firstperson_lefthand": {
			"rotation": [-57, 95, 25],
			"translation": [0.88, 4.95, 1.13],
			"scale": [0.68, 0.68, 0.68]
		},
		"ground": {
			"translation": [0, 2, 0],
			"scale": [0.5, 0.5, 0.5]
		},
		"gui": {
			"rotation": [30, -155, 0],
			"translation": [0, 2.25, 0],
			"scale": [0.78, 0.8, 0.78]
		},
		"head": {
			"translation": [0, 4, 0]
		},
		"fixed": {
			"translation": [-0.25, 3.75, 2],
			"scale": [1.37, 1.37, 1.37]
		}
	},
	"groups": [
		{
			"name": "RightLeg",
			"origin": [1.9, 12, 0],
			"children": []
		},
		{
			"name": "LeftLeg",
			"origin": [-1.9, 12, 0],
			"children": [0, 1, 2, 3, 4, 5, 6, 7, 8, 9, 10, 11, 12, 13, 14, 15, 16, 17]
		}
	]
}