{
	"credit": "Made with Blockbench",
	"texture_size": [64, 32],
	"textures": {
<<<<<<< HEAD
		"0": "block/chainmail_layer_2_hot",
		"1": "block/fire_1",
		"particle": "block/fire_1"
=======
		"0": "block/chainmail_layer_2_hot"
>>>>>>> 66b5f334a2b12b07a9642dc8d58081d8d330339f
	},
	"elements": [
		{
			"name": "Right Leg Armor",
			"from": [7.9625, 1.5, 5.5],
			"to": [11.9625, 14.5, 10.5],
			"rotation": {"angle": 0, "axis": "y", "origin": [8.5625, 2, 8]},
			"faces": {
				"north": {"uv": [4, 10, 3, 15.75], "texture": "#0"},
				"east": {"uv": [1, 10, 0, 15.5], "texture": "#0"},
				"south": {"uv": [3.125, 10, 4, 15.75], "texture": "#0"},
				"west": {"uv": [2.25, 10, 3.25, 16], "texture": "#0"},
				"up": {"uv": [1.875, 10, 1, 8], "texture": "#0"},
<<<<<<< HEAD
				"down": {"uv": [0.75, 13.5, 1.5, 15.5], "texture": "#0"}
			}
		},
		{
			"name": "Left Leg Armor",
			"from": [3.9125, 1.375, 5.375],
			"to": [12.1625, 10.25, 10.75],
			"shade": false,
			"rotation": {"angle": 0, "axis": "y", "origin": [8.4375, 2, 8]},
			"faces": {
				"north": {"uv": [0, 0, 16, 16], "texture": "#1"},
				"east": {"uv": [0, 0, 16, 16], "texture": "#1"},
				"south": {"uv": [0, 0, 16, 16], "texture": "#1"},
				"west": {"uv": [0, 0, 16, 16], "texture": "#1"},
				"down": {"uv": [0.5, 6, 15.5, 16], "texture": "#1"}
=======
				"down": {"uv": [3, 8, 2.25, 10], "texture": "#0"}
>>>>>>> 66b5f334a2b12b07a9642dc8d58081d8d330339f
			}
		},
		{
			"name": "Left Leg Armor",
			"from": [4.0375, 1.5, 5.5],
			"to": [8.0375, 14.5, 10.5],
			"shade": false,
			"rotation": {"angle": 0, "axis": "y", "origin": [8.4375, 2, 8]},
			"faces": {
				"north": {"uv": [3, 10, 4, 15.75], "texture": "#0"},
				"east": {"uv": [3.25, 10, 2.25, 16], "texture": "#0"},
				"south": {"uv": [4, 10, 3.125, 15.75], "texture": "#0"},
				"west": {"uv": [1, 10, 0, 15.5], "texture": "#0"},
				"up": {"uv": [1, 10, 1.875, 8], "texture": "#0"},
				"down": {"uv": [2.25, 8, 3, 10], "texture": "#0"}
			}
		}
	],
	"display": {
		"thirdperson_righthand": {
			"rotation": [58, -180, 0],
			"translation": [1.5, 1, 1],
			"scale": [0.55, 0.55, 0.55]
		},
		"thirdperson_lefthand": {
			"rotation": [58, -180, 0],
			"translation": [1.5, 1, 1],
			"scale": [0.55, 0.55, 0.55]
		},
		"firstperson_righthand": {
			"rotation": [0, -90, 25],
			"translation": [1.13, 3.2, 1.13],
			"scale": [0.68, 0.68, 0.68]
		},
		"firstperson_lefthand": {
			"rotation": [0, 90, -25],
			"translation": [1.13, 3.2, 1.13],
			"scale": [0.68, 0.68, 0.68]
		},
		"ground": {
<<<<<<< HEAD
			"translation": [0, 2, 0],
			"scale": [0.5, 0.5, 0.5]
		},
		"gui": {
			"rotation": [30, 225, 0],
			"scale": [0.625, 0.625, 0.625]
=======
			"translation": [0, 5, 0]
>>>>>>> 66b5f334a2b12b07a9642dc8d58081d8d330339f
		},
		"fixed": {
			"rotation": [0, -180, 0],
			"translation": [0, 0, 0.75]
		}
	},
	"groups": [
		{
			"name": "RightLeg",
			"origin": [1.9, 12, 0],
			"children": [0]
		},
		{
			"name": "LeftLeg",
			"origin": [-1.9, 12, 0],
<<<<<<< HEAD
			"children": [1, 2]
		}
	]
}
=======
			"children": [1]
		}
	]
}
>>>>>>> 66b5f334a2b12b07a9642dc8d58081d8d330339f
