{
	"credit": "Made with Blockbench",
	"texture_size": [64, 32],
	"textures": {
		"0": "block/chainmail_layer_1"
	},
	"elements": [
		{
			"name": "Right Boot",
			"from": [8.15, 1, 5],
			"to": [12.9, 15, 11],
			"rotation": {"angle": 0, "axis": "y", "origin": [8, 2, 8]},
			"faces": {
				"north": {"uv": [1, 10, 1.5, 16], "texture": "#0"},
				"east": {"uv": [0, 10, 1, 16], "texture": "#0"},
				"south": {"uv": [2.5, 10, 3, 16], "texture": "#0"},
				"west": {"uv": [1.5, 10, 2.5, 16], "texture": "#0"},
				"up": {"uv": [1.5, 10, 1, 8], "texture": "#0"},
				"down": {"uv": [2, 8, 1.5, 10], "texture": "#0"}
			}
		},
		{
			"name": "Left Boot",
			"from": [3.1, 1, 5],
			"to": [7.85, 15, 11],
			"shade": false,
			"rotation": {"angle": 0, "axis": "y", "origin": [8, 2, 8]},
			"faces": {
				"north": {"uv": [1.5, 10, 1, 16], "texture": "#0"},
				"east": {"uv": [2.5, 10, 1.5, 16], "texture": "#0"},
				"south": {"uv": [3, 10, 2.5, 16], "texture": "#0"},
				"west": {"uv": [1, 10, 0, 16], "texture": "#0"},
				"up": {"uv": [1, 10, 1.5, 8], "texture": "#0"},
				"down": {"uv": [1.5, 8, 2, 10], "texture": "#0"}
			}
		}
	],
	"display": {
		"thirdperson_righthand": {
			"rotation": [52, 0, 0],
			"translation": [0, 1.75, 1],
			"scale": [0.55, 0.55, 0.55]
		},
		"thirdperson_lefthand": {
			"rotation": [52, 0, 0],
			"translation": [0, 1.75, 1],
			"scale": [0.55, 0.55, 0.55]
		},
		"firstperson_righthand": {
			"rotation": [0, -90, 25],
			"translation": [1.13, 3.2, 1.13],
			"scale": [0.68, 0.68, 0.68]
		},
		"firstperson_lefthand": {
			"rotation": [0, -90, 25],
			"translation": [1.13, 3.2, 1.13],
			"scale": [0.68, 0.68, 0.68]
		},
		"ground": {
			"translation": [0, 1.75, 0],
			"scale": [0.57, 0.57, 0.57]
		},
		"gui": {
			"rotation": [0, -180, 0],
			"translation": [0, 4.5, 0],
			"scale": [1.37, 1.37, 1.37]
		},
		"head": {
			"translation": [0, -34.25, 0]
		},
		"fixed": {
			"translation": [-0.25, 3.75, 2],
			"scale": [1.37, 1.37, 1.37]
		}
	},
	"groups": [
		{
			"name": "RightLeg",
			"origin": [1.9, 12, 0],
			"children": [0]
		},
		{
			"name": "LeftLeg",
			"origin": [-1.9, 12, 0],
			"children": [1]
		}
	]
}