{
	"credit": "Made with Blockbench",
	"textures": {
		"1": "block/tugsten",
		"3": "block/empty_ore",
		"particle": "block/tugsten"
	},
	"elements": [
		{
			"name": "block",
			"from": [0, 0, 0],
			"to": [16, 16, 16],
			"rotation": {"angle": 0, "axis": "y", "origin": [8, 0, 8]},
			"faces": {
				"north": {"uv": [0, 0, 16, 16], "texture": "#3"},
				"east": {"uv": [0, 0, 16, 16], "texture": "#3"},
				"south": {"uv": [0, 0, 16, 16], "texture": "#3"},
				"west": {"uv": [0, 0, 16, 16], "texture": "#3"},
				"up": {"uv": [0, 0, 16, 16], "texture": "#3"},
				"down": {"uv": [0, 0, 16, 16], "texture": "#3"}
			}
		},
		{
			"from": [4.0625, 7.875, 13.4375],
			"to": [6.8125, 11.25, 16.0625],
			"rotation": {"angle": 45, "axis": "y", "origin": [5.4375, 9.5625, 14.75]},
			"faces": {
				"north": {"uv": [0, 0, 16, 16], "texture": "#1"},
				"east": {"uv": [0, 0, 16, 16], "texture": "#1"},
				"south": {"uv": [0, 0, 16, 16], "texture": "#1"},
				"west": {"uv": [0, 0, 16, 16], "rotation": 90, "texture": "#1"},
				"up": {"uv": [0, 13.625, 2.75, 11], "texture": "#1"},
				"down": {"uv": [0, 13.625, 2.75, 11], "texture": "#1"}
			}
		},
		{
			"from": [-0.08099, 0.0625, 5.49076],
			"to": [3.29401, 1.9375, 8.11576],
			"rotation": {"angle": 45, "axis": "y", "origin": [0.97917, 6.62321, 6.42887]},
			"faces": {
				"north": {"uv": [0, 0, 16, 16], "texture": "#1"},
				"east": {"uv": [0, 0, 16, 16], "texture": "#1"},
				"south": {"uv": [0, 0, 16, 16], "texture": "#1"},
				"west": {"uv": [0, 0, 16, 16], "texture": "#1"},
				"up": {"uv": [0, 13.625, 3.375, 11], "texture": "#1"},
				"down": {"uv": [0, 13.625, 3.375, 11], "texture": "#1"}
			}
		},
		{
			"from": [-0.08099, 6.6875, 9.36576],
			"to": [3.29401, 8.5625, 11.99076],
			"rotation": {"angle": 45, "axis": "y", "origin": [0.97917, 13.24821, 10.30387]},
			"faces": {
				"north": {"uv": [0, 0, 16, 16], "texture": "#1"},
				"east": {"uv": [0, 0, 16, 16], "texture": "#1"},
				"south": {"uv": [0, 0, 16, 16], "texture": "#1"},
				"west": {"uv": [0, 0, 16, 16], "texture": "#1"},
				"up": {"uv": [0, 13.625, 3.375, 11], "texture": "#1"},
				"down": {"uv": [0, 13.625, 3.375, 11], "texture": "#1"}
			}
		},
		{
			"from": [-0.08099, 11.3125, 2.61576],
			"to": [3.29401, 13.1875, 5.24076],
			"rotation": {"angle": 45, "axis": "y", "origin": [0.97917, 17.87321, 3.55387]},
			"faces": {
				"north": {"uv": [0, 0, 16, 16], "texture": "#1"},
				"east": {"uv": [0, 0, 16, 16], "texture": "#1"},
				"south": {"uv": [0, 0, 16, 16], "texture": "#1"},
				"west": {"uv": [0, 0, 16, 16], "texture": "#1"},
				"up": {"uv": [0, 13.625, 3.375, 11], "texture": "#1"},
				"down": {"uv": [0, 13.625, 3.375, 11], "texture": "#1"}
			}
		},
		{
			"from": [0, 2.79587, 7.50141],
			"to": [2.625, 5.54587, 10.87641],
			"rotation": {"angle": 45, "axis": "z", "origin": [1.3125, 4.17087, 9.18891]},
			"faces": {
				"north": {"uv": [0, 0, 16, 16], "texture": "#1"},
				"east": {"uv": [0, 0, 16, 16], "texture": "#1"},
				"south": {"uv": [0, 0, 16, 16], "texture": "#1"},
				"west": {"uv": [0, 0, 16, 16], "texture": "#1"},
				"up": {"uv": [0, 14.375, 2.625, 11], "texture": "#1"},
				"down": {"uv": [0, 13.625, 3.375, 11], "rotation": 90, "texture": "#1"}
			}
		},
		{
			"from": [-0.3125, 8.125, 5.1875],
			"to": [2.4375, 10.75, 8.5625],
			"rotation": {"angle": 45, "axis": "z", "origin": [1.0625, 9.4375, 6.875]},
			"faces": {
				"north": {"uv": [0, 0, 16, 16], "texture": "#1"},
				"east": {"uv": [0, 0, 16, 16], "texture": "#1"},
				"south": {"uv": [0, 0, 16, 16], "texture": "#1"},
				"west": {"uv": [0, 0, 16, 16], "texture": "#1"},
				"up": {"uv": [0, 14.375, 2.75, 11], "texture": "#1"},
				"down": {"uv": [0, 13.75, 3.375, 11], "rotation": 270, "texture": "#1"}
			}
		},
		{
			"from": [0.50036, 5.125, -1.01184],
			"to": [3.50036, 8.5, 1.61316],
			"rotation": {"angle": 45, "axis": "y", "origin": [3.35417, 4.62321, 1.42887]},
			"faces": {
				"north": {"uv": [0, 0, 16, 16], "texture": "#1"},
				"east": {"uv": [0, 0, 16, 16], "texture": "#1"},
				"south": {"uv": [0, 0, 16, 16], "texture": "#1"},
				"west": {"uv": [0, 0, 16, 16], "texture": "#1"},
				"up": {"uv": [0, 13.625, 3, 11], "texture": "#1"},
				"down": {"uv": [0, 13.625, 3, 11], "texture": "#1"}
			}
		},
		{
			"from": [2.25, 1.375, 0.75],
			"to": [5.625, 4, 3.5],
			"rotation": {"angle": 45, "axis": "x", "origin": [3.9375, 2.6875, 2.125]},
			"faces": {
				"north": {"uv": [0, 0, 16, 16], "texture": "#1"},
				"east": {"uv": [0, 0, 16, 16], "texture": "#1"},
				"south": {"uv": [0, 0, 16, 16], "texture": "#1"},
				"west": {"uv": [0, 0, 16, 16], "texture": "#1"},
				"up": {"uv": [0, 13.75, 3.375, 11], "texture": "#1"},
				"down": {"uv": [0, 13.75, 3.375, 11], "texture": "#1"}
			}
		},
		{
			"from": [5.75, 1.3125, 0.0625],
			"to": [9.125, 3.1875, 2.6875],
			"rotation": {"angle": -45, "axis": "y", "origin": [7.4375, 2.6875, 1.375]},
			"faces": {
				"north": {"uv": [0, 0, 16, 16], "texture": "#1"},
				"east": {"uv": [0, 0, 16, 16], "texture": "#1"},
				"south": {"uv": [0, 0, 16, 16], "texture": "#1"},
				"west": {"uv": [0, 0, 16, 16], "texture": "#1"},
				"up": {"uv": [0, 13.625, 3.375, 11], "texture": "#1"},
				"down": {"uv": [0, 13.625, 3.375, 11], "texture": "#1"}
			}
		},
		{
			"from": [2.75, 10.0625, 0.3125],
			"to": [6.125, 11.9375, 2.9375],
			"rotation": {"angle": -45, "axis": "y", "origin": [4.4375, 11.4375, 1.625]},
			"faces": {
				"north": {"uv": [0, 0, 16, 16], "texture": "#1"},
				"east": {"uv": [0, 0, 16, 16], "texture": "#1"},
				"south": {"uv": [0, 0, 16, 16], "texture": "#1"},
				"west": {"uv": [0, 0, 16, 16], "texture": "#1"},
				"up": {"uv": [0, 13.625, 3.375, 11], "texture": "#1"},
				"down": {"uv": [0, 13.625, 3.375, 11], "texture": "#1"}
			}
		},
		{
			"from": [6.8125, 8.25, -0.1875],
			"to": [9.5625, 11.625, 2.4375],
			"rotation": {"angle": -45, "axis": "y", "origin": [8.1875, 9.9375, 1.125]},
			"faces": {
				"north": {"uv": [0, 0, 16, 16], "texture": "#1"},
				"east": {"uv": [0, 0, 16, 16], "texture": "#1"},
				"south": {"uv": [0, 0, 16, 16], "texture": "#1"},
				"west": {"uv": [0, 0, 16, 16], "texture": "#1"},
				"up": {"uv": [0, 13.625, 2.75, 11], "texture": "#1"},
				"down": {"uv": [0, 13.625, 2.75, 11], "texture": "#1"}
			}
		},
		{
			"from": [2.375, 2.5, 0],
			"to": [3.75, 5.125, 2.75],
			"rotation": {"angle": 45, "axis": "x", "origin": [2.8125, 3.8125, 1.375]},
			"faces": {
				"north": {"uv": [0, 0, 16, 16], "texture": "#1"},
				"east": {"uv": [0, 0, 16, 16], "texture": "#1"},
				"south": {"uv": [0, 0, 16, 16], "texture": "#1"},
				"west": {"uv": [0, 0, 16, 16], "texture": "#1"},
				"up": {"uv": [0, 13.75, 1.375, 11], "texture": "#1"},
				"down": {"uv": [0, 13.75, 1.375, 11], "texture": "#1"}
			}
		},
		{
			"from": [9.25, 11, 0],
			"to": [10.625, 13.625, 2.75],
			"rotation": {"angle": 45, "axis": "x", "origin": [9.6875, 12.3125, 1.375]},
			"faces": {
				"north": {"uv": [0, 0, 16, 16], "texture": "#1"},
				"east": {"uv": [0, 0, 16, 16], "texture": "#1"},
				"south": {"uv": [0, 0, 16, 16], "texture": "#1"},
				"west": {"uv": [0, 0, 16, 16], "texture": "#1"},
				"up": {"uv": [0, 13.75, 1.375, 11], "texture": "#1"},
				"down": {"uv": [0, 13.75, 1.375, 11], "texture": "#1"}
			}
		},
		{
			"from": [10.625, 4.125, -0.25],
			"to": [14, 6.75, 2.5],
			"rotation": {"angle": 45, "axis": "x", "origin": [12.3125, 5.4375, 1.125]},
			"faces": {
				"north": {"uv": [0, 0, 16, 16], "texture": "#1"},
				"east": {"uv": [0, 0, 16, 16], "texture": "#1"},
				"south": {"uv": [0, 0, 16, 16], "texture": "#1"},
				"west": {"uv": [0, 0, 16, 16], "texture": "#1"},
				"up": {"uv": [0, 13.75, 3.375, 11], "texture": "#1"},
				"down": {"uv": [0, 13.75, 3.375, 11], "texture": "#1"}
			}
		},
		{
			"from": [2.375, 12.875, 13.25],
			"to": [4.75, 16, 16],
			"rotation": {"angle": -45, "axis": "x", "origin": [3.0625, 14.1875, 14.625]},
			"faces": {
				"north": {"uv": [0, 0, 16, 16], "texture": "#1"},
				"east": {"uv": [0, 0, 16, 16], "texture": "#1"},
				"south": {"uv": [0, 0, 16, 16], "texture": "#1"},
				"west": {"uv": [0, 0, 16, 16], "texture": "#1"},
				"up": {"uv": [0, 13.75, 2.375, 11], "texture": "#1"},
				"down": {"uv": [0, 13.75, 2.375, 11], "texture": "#1"}
			}
		},
		{
			"from": [0, 12.86428, 8.76072],
			"to": [3.125, 15.61428, 11.13572],
			"rotation": {"angle": -45, "axis": "z", "origin": [1.5625, 14.23928, 9.94822]},
			"faces": {
				"north": {"uv": [0, 0, 16, 16], "texture": "#1"},
				"east": {"uv": [0, 0, 16, 16], "texture": "#1"},
				"south": {"uv": [0, 0, 16, 16], "texture": "#1"},
				"west": {"uv": [0, 0, 16, 16], "texture": "#1"},
				"up": {"uv": [0, 13.375, 3.125, 11], "texture": "#1"},
				"down": {"uv": [0, 14.125, 2.375, 11], "rotation": 90, "texture": "#1"}
			}
		},
		{
			"from": [5.125, 12.75, 0.125],
			"to": [7.5, 15.875, 2.875],
			"rotation": {"angle": 45, "axis": "x", "origin": [5.8125, 14.0625, 1.5]},
			"faces": {
				"north": {"uv": [0, 0, 16, 16], "texture": "#1"},
				"east": {"uv": [0, 0, 16, 16], "texture": "#1"},
				"south": {"uv": [0, 0, 16, 16], "texture": "#1"},
				"west": {"uv": [0, 0, 16, 16], "texture": "#1"},
				"up": {"uv": [0, 13.75, 2.375, 11], "texture": "#1"},
				"down": {"uv": [0, 13.75, 2.375, 11], "texture": "#1"}
			}
		},
		{
			"from": [3.5, 13.23928, 5.26072],
			"to": [7, 15.98928, 7.01072],
			"rotation": {"angle": -45, "axis": "z", "origin": [5.4375, 14.61428, 6.44822]},
			"faces": {
				"north": {"uv": [0, 0, 16, 16], "texture": "#1"},
				"east": {"uv": [0, 0, 16, 16], "texture": "#1"},
				"south": {"uv": [0, 0, 16, 16], "texture": "#1"},
				"west": {"uv": [0, 0, 16, 16], "texture": "#1"},
				"up": {"uv": [0, 12.75, 3.5, 11], "texture": "#1"},
				"down": {"uv": [0, 14.5, 1.75, 11], "rotation": 90, "texture": "#1"}
			}
		},
		{
			"from": [4.625, 13.375, 9.625],
			"to": [8, 16, 12.375],
			"rotation": {"angle": -45, "axis": "x", "origin": [6.3125, 14.6875, 11]},
			"faces": {
				"north": {"uv": [0, 0, 16, 16], "texture": "#1"},
				"east": {"uv": [0, 0, 16, 16], "texture": "#1"},
				"south": {"uv": [0, 0, 16, 16], "texture": "#1"},
				"west": {"uv": [0, 0, 16, 16], "texture": "#1"},
				"up": {"uv": [0, 13.75, 3.375, 11], "texture": "#1"},
				"down": {"uv": [0, 13.75, 3.375, 11], "texture": "#1"}
			}
		},
		{
			"from": [9.75, 13.61428, 8.51072],
			"to": [12.625, 16.36428, 9.88572],
			"rotation": {"angle": -45, "axis": "z", "origin": [11.0625, 14.98928, 9.69822]},
			"faces": {
				"north": {"uv": [0, 0, 16, 16], "texture": "#1"},
				"east": {"uv": [0, 0, 16, 16], "texture": "#1"},
				"south": {"uv": [0, 0, 16, 16], "texture": "#1"},
				"west": {"uv": [0, 0, 16, 16], "texture": "#1"},
				"up": {"uv": [0, 12.375, 2.875, 11], "texture": "#1"},
				"down": {"uv": [0, 13.875, 1.375, 11], "rotation": 90, "texture": "#1"}
			}
		},
		{
			"from": [11.875, 13.5, 2.5],
			"to": [13.5, 16.125, 5.25],
			"rotation": {"angle": -45, "axis": "x", "origin": [11.8125, 14.8125, 3.875]},
			"faces": {
				"north": {"uv": [0, 0, 16, 16], "texture": "#1"},
				"east": {"uv": [0, 0, 16, 16], "texture": "#1"},
				"south": {"uv": [0, 0, 16, 16], "texture": "#1"},
				"west": {"uv": [0, 0, 16, 16], "texture": "#1"},
				"up": {"uv": [0, 13.75, 1.625, 11], "texture": "#1"},
				"down": {"uv": [0, 13.75, 1.625, 11], "texture": "#1"}
			}
		},
		{
			"from": [13, 12.98928, 8.76072],
			"to": [16.125, 15.73928, 11.13572],
			"rotation": {"angle": 45, "axis": "z", "origin": [14.5625, 14.36428, 9.94822]},
			"faces": {
				"north": {"uv": [0, 0, 16, 16], "texture": "#1"},
				"east": {"uv": [0, 0, 16, 16], "texture": "#1"},
				"south": {"uv": [0, 0, 16, 16], "texture": "#1"},
				"west": {"uv": [0, 0, 16, 16], "texture": "#1"},
				"up": {"uv": [0, 13.375, 3.125, 11], "texture": "#1"},
				"down": {"uv": [0, 14.125, 2.375, 11], "rotation": 90, "texture": "#1"}
			}
		},
		{
			"from": [12.3125, 3.875, 1.6875],
			"to": [15.0625, 7.25, 4.3125],
			"rotation": {"angle": -45, "axis": "y", "origin": [13.6875, 5.5625, 3]},
			"faces": {
				"north": {"uv": [0, 0, 16, 16], "texture": "#1"},
				"east": {"uv": [0, 0, 16, 16], "texture": "#1"},
				"south": {"uv": [0, 0, 16, 16], "texture": "#1"},
				"west": {"uv": [0, 0, 16, 16], "texture": "#1"},
				"up": {"uv": [0, 13.625, 2.75, 11], "texture": "#1"},
				"down": {"uv": [0, 13.625, 2.75, 11], "texture": "#1"}
			}
		},
		{
			"from": [13.3125, 8.125, 5.1875],
			"to": [16.0625, 10.75, 8.5625],
			"rotation": {"angle": -45, "axis": "z", "origin": [14.6875, 9.4375, 6.875]},
			"faces": {
				"north": {"uv": [0, 0, 16, 16], "texture": "#1"},
				"east": {"uv": [0, 0, 16, 16], "texture": "#1"},
				"south": {"uv": [0, 0, 16, 16], "texture": "#1"},
				"west": {"uv": [0, 0, 16, 16], "texture": "#1"},
				"up": {"uv": [0, 14.375, 2.75, 11], "texture": "#1"},
				"down": {"uv": [0, 13.75, 3.375, 11], "rotation": 270, "texture": "#1"}
			}
		},
		{
			"from": [12.70599, 0.3125, 5.49076],
			"to": [16.08099, 2.1875, 8.11576],
			"rotation": {"angle": -45, "axis": "y", "origin": [15.02083, 6.87321, 6.42887]},
			"faces": {
				"north": {"uv": [0, 0, 16, 16], "texture": "#1"},
				"east": {"uv": [0, 0, 16, 16], "texture": "#1"},
				"south": {"uv": [0, 0, 16, 16], "texture": "#1"},
				"west": {"uv": [0, 0, 16, 16], "texture": "#1"},
				"up": {"uv": [0, 13.625, 3.375, 11], "texture": "#1"},
				"down": {"uv": [0, 13.625, 3.375, 11], "texture": "#1"}
			}
		},
		{
			"from": [12.70599, 6.9375, 10.24076],
			"to": [16.08099, 8.8125, 12.86576],
			"rotation": {"angle": -45, "axis": "y", "origin": [15.02083, 13.49821, 11.17887]},
			"faces": {
				"north": {"uv": [0, 0, 16, 16], "texture": "#1"},
				"east": {"uv": [0, 0, 16, 16], "texture": "#1"},
				"south": {"uv": [0, 0, 16, 16], "texture": "#1"},
				"west": {"uv": [0, 0, 16, 16], "texture": "#1"},
				"up": {"uv": [0, 13.625, 3.375, 11], "texture": "#1"},
				"down": {"uv": [0, 13.625, 3.375, 11], "texture": "#1"}
			}
		},
		{
			"from": [12.70599, 10.9375, 5.49076],
			"to": [16.08099, 12.8125, 8.11576],
			"rotation": {"angle": -45, "axis": "y", "origin": [15.02083, 17.49821, 6.42887]},
			"faces": {
				"north": {"uv": [0, 0, 16, 16], "texture": "#1"},
				"east": {"uv": [0, 0, 16, 16], "texture": "#1"},
				"south": {"uv": [0, 0, 16, 16], "texture": "#1"},
				"west": {"uv": [0, 0, 16, 16], "texture": "#1"},
				"up": {"uv": [0, 13.625, 3.375, 11], "texture": "#1"},
				"down": {"uv": [0, 13.625, 3.375, 11], "texture": "#1"}
			}
		},
		{
			"from": [12.95599, 5.6875, 1.61576],
			"to": [16.33099, 7.5625, 4.24076],
			"rotation": {"angle": -45, "axis": "y", "origin": [15.27083, 12.24821, 2.55387]},
			"faces": {
				"north": {"uv": [0, 0, 16, 16], "texture": "#1"},
				"east": {"uv": [0, 0, 16, 16], "texture": "#1"},
				"south": {"uv": [0, 0, 16, 16], "texture": "#1"},
				"west": {"uv": [0, 0, 16, 16], "texture": "#1"},
				"up": {"uv": [0, 13.625, 3.375, 11], "texture": "#1"},
				"down": {"uv": [0, 13.625, 3.375, 11], "texture": "#1"}
			}
		},
		{
			"from": [13.5, 2.79587, 9.12641],
			"to": [16.125, 5.54587, 12.50141],
			"rotation": {"angle": -45, "axis": "z", "origin": [14.8125, 4.17087, 10.81391]},
			"faces": {
				"north": {"uv": [0, 0, 16, 16], "texture": "#1"},
				"east": {"uv": [0, 0, 16, 16], "texture": "#1"},
				"south": {"uv": [0, 0, 16, 16], "texture": "#1"},
				"west": {"uv": [0, 0, 16, 16], "texture": "#1"},
				"up": {"uv": [0, 14.375, 2.625, 11], "texture": "#1"},
				"down": {"uv": [0, 13.625, 3.375, 11], "rotation": 90, "texture": "#1"}
			}
		},
		{
			"from": [12.9375, 10, -0.1875],
			"to": [15.6875, 13.375, 2.4375],
			"rotation": {"angle": 45, "axis": "y", "origin": [14.3125, 11.6875, 1.125]},
			"faces": {
				"north": {"uv": [0, 0, 16, 16], "texture": "#1"},
				"east": {"uv": [0, 0, 16, 16], "texture": "#1"},
				"south": {"uv": [0, 0, 16, 16], "texture": "#1"},
				"west": {"uv": [0, 0, 16, 16], "texture": "#1"},
				"up": {"uv": [0, 13.625, 2.75, 11], "texture": "#1"},
				"down": {"uv": [0, 13.625, 2.75, 11], "texture": "#1"}
			}
		},
		{
			"from": [13.1875, 8.375, 13.4375],
			"to": [15.9375, 11.75, 16.0625],
			"rotation": {"angle": 45, "axis": "y", "origin": [14.5625, 10.0625, 14.75]},
			"faces": {
				"north": {"uv": [0, 0, 16, 16], "texture": "#1"},
				"east": {"uv": [0, 0, 16, 16], "texture": "#1"},
				"south": {"uv": [0, 0, 16, 16], "texture": "#1"},
				"west": {"uv": [0, 0, 16, 16], "texture": "#1"},
				"up": {"uv": [0, 13.625, 2.75, 11], "texture": "#1"},
				"down": {"uv": [0, 13.625, 2.75, 11], "texture": "#1"}
			}
		},
		{
			"from": [7.125, 0.0625, 12.9375],
			"to": [10.5, 1.9375, 15.5625],
			"rotation": {"angle": 45, "axis": "y", "origin": [8.8125, 1.4375, 14.25]},
			"faces": {
				"north": {"uv": [0, 0, 16, 16], "texture": "#1"},
				"east": {"uv": [0, 0, 16, 16], "texture": "#1"},
				"south": {"uv": [0, 0, 16, 16], "texture": "#1"},
				"west": {"uv": [0, 0, 16, 16], "texture": "#1"},
				"up": {"uv": [0, 13.625, 3.375, 11], "texture": "#1"},
				"down": {"uv": [0, 13.625, 3.375, 11], "texture": "#1"}
			}
		},
		{
			"from": [2.25, 1.375, 13.375],
			"to": [5.625, 4, 16.125],
			"rotation": {"angle": -45, "axis": "x", "origin": [3.9375, 2.6875, 14.75]},
			"faces": {
				"north": {"uv": [0, 0, 16, 16], "texture": "#1"},
				"east": {"uv": [0, 0, 16, 16], "texture": "#1"},
				"south": {"uv": [0, 0, 16, 16], "texture": "#1"},
				"west": {"uv": [0, 0, 16, 16], "texture": "#1"},
				"up": {"uv": [0, 13.75, 3.375, 11], "texture": "#1"},
				"down": {"uv": [0, 13.75, 3.375, 11], "texture": "#1"}
			}
		},
		{
			"from": [-1.28473, 5.125, 16.92274],
			"to": [1.46527, 8.5, 19.54774],
			"rotation": {"angle": 45, "axis": "y", "origin": [-3.89583, 9.37321, 14.67887]},
			"faces": {
				"north": {"uv": [0, 0, 16, 16], "texture": "#1"},
				"east": {"uv": [0, 0, 16, 16], "texture": "#1"},
				"south": {"uv": [0, 0, 16, 16], "texture": "#1"},
				"west": {"uv": [0, 0, 16, 16], "texture": "#1"},
				"up": {"uv": [0, 13.625, 2.75, 11], "texture": "#1"},
				"down": {"uv": [0, 13.625, 2.75, 11], "texture": "#1"}
			}
		},
		{
			"from": [8.5, 11.125, 13.375],
			"to": [11.875, 13.75, 16.125],
			"rotation": {"angle": -45, "axis": "x", "origin": [10.1875, 12.4375, 14.75]},
			"faces": {
				"north": {"uv": [0, 0, 16, 16], "texture": "#1"},
				"east": {"uv": [0, 0, 16, 16], "texture": "#1"},
				"south": {"uv": [0, 0, 16, 16], "texture": "#1"},
				"west": {"uv": [0, 0, 16, 16], "texture": "#1"},
				"up": {"uv": [0, 13.75, 3.375, 11], "texture": "#1"},
				"down": {"uv": [0, 13.75, 3.375, 11], "texture": "#1"}
			}
		},
		{
			"from": [9.375, 3.75, 13.375],
			"to": [11.75, 6.375, 16.125],
			"rotation": {"angle": 45, "axis": "x", "origin": [10.0625, 5.0625, 14.75]},
			"faces": {
				"north": {"uv": [0, 0, 16, 16], "texture": "#1"},
				"east": {"uv": [0, 0, 16, 16], "texture": "#1"},
				"south": {"uv": [0, 0, 16, 16], "texture": "#1"},
				"west": {"uv": [0, 0, 16, 16], "texture": "#1"},
				"up": {"uv": [0, 13.75, 2.375, 11], "texture": "#1"},
				"down": {"uv": [0, 13.75, 2.375, 11], "texture": "#1"}
			}
		}
	],
	"display": {
		"thirdperson_righthand": {
			"rotation": [75, 45, 0],
			"translation": [0, 2.5, 0],
			"scale": [0.375, 0.375, 0.375]
		},
		"thirdperson_lefthand": {
			"rotation": [75, 45, 0],
			"translation": [0, 2.5, 0],
			"scale": [0.375, 0.375, 0.375]
		},
		"firstperson_righthand": {
			"rotation": [0, 45, 0],
			"scale": [0.4, 0.4, 0.4]
		},
		"firstperson_lefthand": {
			"rotation": [0, 225, 0],
			"scale": [0.4, 0.4, 0.4]
		},
		"ground": {
			"translation": [0, 3, 0],
			"scale": [0.25, 0.25, 0.25]
		},
		"gui": {
			"rotation": [30, 225, 0],
			"scale": [0.625, 0.625, 0.625]
		},
		"head": {
			"rotation": [3, 0, 0],
			"translation": [0, -31.75, 0],
			"scale": [1.5, 1.5, 1.5]
		},
		"fixed": {
			"scale": [0.5, 0.5, 0.5]
		}
	},
	"groups": [
		{
			"name": "block",
			"origin": [0, 0, 0],
			"children": [0]
		},
		{
			"name": "coal",
			"origin": [8, 8, 8],
			"children": [1, 2, 3, 4, 5, 6, 7, 8, 9, 10, 11, 12, 13, 14, 15, 16, 17, 18, 19, 20, 21, 22, 23, 24, 25, 26, 27, 28, 29, 30, 31, 32, 33, 34, 35, 36]
		}
	]
}