{
	"credit": "Made with Blockbench",
	"textures": {
		"1": "block/sword0",
		"2": "block/sword1",
		"3": "block/tugsten",
		"particle": "block/sword0"
	},
	"elements": [
		{
			"from": [7.83581, 5.11756, 7.90938],
			"to": [8.19081, 20.47756, 8.15938],
			"rotation": {"angle": 0, "axis": "y", "origin": [18.48581, 20.47756, 0.65938]},
			"faces": {
				"north": {"uv": [7, 0, 7.25, 16], "rotation": 180, "texture": "#3"},
				"east": {"uv": [0, 9, 16, 9], "rotation": 90, "texture": "#3"},
				"south": {"uv": [4, 0, 4, 16], "texture": "#3"},
				"west": {"uv": [10, 11, 14.5, 15.125], "rotation": 270, "texture": "#3"},
				"up": {"uv": [8, 10, 8, 10], "texture": "#3"},
				"down": {"uv": [8, 11, 8, 11], "rotation": 180, "texture": "#3"}
			}
		},
		{
			"from": [7.83581, 17.83756, 7.78438],
			"to": [8.19081, 19.75756, 7.90938],
			"rotation": {"angle": 0, "axis": "y", "origin": [18.48581, 20.47756, 0.40938]},
			"faces": {
				"north": {"uv": [7, 0, 7.25, 2.4], "rotation": 180, "texture": "#3"},
				"east": {"uv": [0, 9, 16, 9], "rotation": 90, "texture": "#3"},
				"south": {"uv": [4, 0, 4, 16], "texture": "#3"},
				"west": {"uv": [10, 11, 14.5, 15.125], "rotation": 270, "texture": "#3"},
				"up": {"uv": [8, 10, 8, 10], "texture": "#3"},
				"down": {"uv": [8, 11, 8, 11], "rotation": 180, "texture": "#3"}
			}
		},
		{
			"from": [8.01331, 4.93756, 7.78438],
			"to": [8.19081, 9.19756, 7.90938],
			"rotation": {"angle": 0, "axis": "y", "origin": [18.66331, 4.87756, 0.40938]},
			"faces": {
				"north": {"uv": [7, 0, 7.125, 5.325], "rotation": 180, "texture": "#3"},
				"east": {"uv": [0, 9, 16, 9], "rotation": 90, "texture": "#3"},
				"south": {"uv": [4, 0, 4, 16], "texture": "#3"},
				"west": {"uv": [10, 11, 14.5, 15.125], "rotation": 270, "texture": "#3"},
				"up": {"uv": [8, 10, 8, 10], "texture": "#3"},
				"down": {"uv": [8, 11, 8, 11], "rotation": 180, "texture": "#3"}
			}
		},
		{
			"from": [7.65831, 5.03756, 7.78438],
			"to": [7.83581, 9.19756, 7.90938],
			"rotation": {"angle": 0, "axis": "y", "origin": [18.30831, 4.87756, 0.40938]},
			"faces": {
				"north": {"uv": [7, 0, 7.125, 5.2], "rotation": 180, "texture": "#3"},
				"east": {"uv": [0, 9, 16, 9], "rotation": 90, "texture": "#3"},
				"south": {"uv": [4, 0, 4, 16], "texture": "#3"},
				"west": {"uv": [10, 11, 14.5, 15.125], "rotation": 270, "texture": "#3"},
				"up": {"uv": [8, 10, 8, 10], "texture": "#3"},
				"down": {"uv": [8, 11, 8, 11], "rotation": 180, "texture": "#3"}
			}
		},
		{
			"from": [7.83581, 5.11756, 7.78438],
			"to": [8.01331, 12.07756, 7.90938],
			"rotation": {"angle": 0, "axis": "y", "origin": [18.48581, 7.75756, 0.40938]},
			"faces": {
				"north": {"uv": [7, 0, 7.125, 8.7], "rotation": 180, "texture": "#3"},
				"east": {"uv": [0, 9, 16, 9], "rotation": 90, "texture": "#3"},
				"south": {"uv": [4, 0, 4, 16], "texture": "#3"},
				"west": {"uv": [10, 11, 14.5, 15.125], "rotation": 270, "texture": "#3"},
				"up": {"uv": [8, 10, 8, 10], "texture": "#3"},
				"down": {"uv": [8, 11, 8, 11], "rotation": 180, "texture": "#3"}
			}
		},
		{
			"from": [7.83581, 17.83756, 8.15938],
			"to": [8.19081, 19.99756, 8.28438],
			"rotation": {"angle": 0, "axis": "y", "origin": [18.48581, 20.47756, 15.65938]},
			"faces": {
				"north": {"uv": [7, 0, 7.25, 2.7], "rotation": 180, "texture": "#3"},
				"east": {"uv": [0, 9, 16, 9], "rotation": 90, "texture": "#3"},
				"south": {"uv": [4, 0, 4, 16], "texture": "#3"},
				"west": {"uv": [10, 11, 14.5, 15.125], "rotation": 270, "texture": "#3"},
				"up": {"uv": [8, 10, 8, 10], "texture": "#3"},
				"down": {"uv": [8, 11, 8, 11], "rotation": 180, "texture": "#3"}
			}
		},
		{
			"from": [7.48081, 5.11756, 7.90938],
			"to": [7.83581, 19.13356, 8.15938],
			"rotation": {"angle": 0, "axis": "y", "origin": [18.13081, 20.47756, 0.65938]},
			"faces": {
				"north": {"uv": [7, 0, 7.25, 16], "rotation": 180, "texture": "#3"},
				"east": {"uv": [0, 9, 16, 9], "rotation": 90, "texture": "#3"},
				"south": {"uv": [4, 0, 4, 16], "texture": "#3"},
				"west": {"uv": [10, 11, 14.5, 15.125], "rotation": 270, "texture": "#3"},
				"up": {"uv": [8, 10, 8, 10], "texture": "#3"},
				"down": {"uv": [8, 11, 8, 11], "rotation": 180, "texture": "#3"}
			}
		},
		{
			"from": [8.19081, 5.11756, 7.90938],
			"to": [8.54581, 19.13356, 8.15938],
			"rotation": {"angle": 0, "axis": "y", "origin": [-2.10419, 20.47756, 0.65938]},
			"faces": {
				"north": {"uv": [7, 0, 7.25, 16], "rotation": 180, "texture": "#3"},
				"east": {"uv": [0, 9, 16, 9], "rotation": 90, "texture": "#3"},
				"south": {"uv": [4, 0, 4, 16], "texture": "#3"},
				"west": {"uv": [10, 11, 14.5, 15.125], "rotation": 270, "texture": "#3"},
				"up": {"uv": [8, 10, 8, 10], "texture": "#3"},
				"down": {"uv": [8, 11, 8, 11], "rotation": 180, "texture": "#3"}
			}
		},
		{
			"from": [7.48081, 16.39756, 7.78438],
			"to": [7.83581, 18.60556, 7.90938],
			"rotation": {"angle": 0, "axis": "y", "origin": [18.13081, 20.47756, 0.40938]},
			"faces": {
				"north": {"uv": [7, 0, 7.25, 2.76], "rotation": 180, "texture": "#3"},
				"east": {"uv": [0, 9, 16, 9], "rotation": 90, "texture": "#3"},
				"south": {"uv": [4, 0, 4, 16], "texture": "#3"},
				"west": {"uv": [10, 11, 14.5, 15.125], "rotation": 270, "texture": "#3"},
				"up": {"uv": [8, 10, 8, 10], "texture": "#3"},
				"down": {"uv": [8, 11, 8, 11], "rotation": 180, "texture": "#3"}
			}
		},
		{
			"from": [8.19081, 16.63756, 7.78438],
			"to": [8.54581, 18.60556, 7.90938],
			"rotation": {"angle": 0, "axis": "y", "origin": [-2.10419, 20.47756, 0.40938]},
			"faces": {
				"north": {"uv": [7, 0, 7.25, 2.46], "rotation": 180, "texture": "#3"},
				"east": {"uv": [0, 9, 16, 9], "rotation": 90, "texture": "#3"},
				"south": {"uv": [4, 0, 4, 16], "texture": "#3"},
				"west": {"uv": [10, 11, 14.5, 15.125], "rotation": 270, "texture": "#3"},
				"up": {"uv": [8, 10, 8, 10], "texture": "#3"},
				"down": {"uv": [8, 11, 8, 11], "rotation": 180, "texture": "#3"}
			}
		},
		{
			"from": [7.48081, 16.15756, 8.15938],
			"to": [7.83581, 18.65356, 8.28438],
			"rotation": {"angle": 0, "axis": "y", "origin": [18.13081, 20.47756, 15.65938]},
			"faces": {
				"north": {"uv": [7, 0, 7.25, 3.12], "rotation": 180, "texture": "#3"},
				"east": {"uv": [0, 9, 16, 9], "rotation": 90, "texture": "#3"},
				"south": {"uv": [4, 0, 4, 16], "texture": "#3"},
				"west": {"uv": [10, 11, 14.5, 15.125], "rotation": 270, "texture": "#3"},
				"up": {"uv": [8, 10, 8, 10], "texture": "#3"},
				"down": {"uv": [8, 11, 8, 11], "rotation": 180, "texture": "#3"}
			}
		},
		{
			"from": [8.19081, 16.15756, 8.15938],
			"to": [8.54581, 18.65356, 8.28438],
			"rotation": {"angle": 0, "axis": "y", "origin": [-2.10419, 20.47756, 15.65938]},
			"faces": {
				"north": {"uv": [7, 0, 7.25, 3.12], "rotation": 180, "texture": "#3"},
				"east": {"uv": [0, 9, 16, 9], "rotation": 90, "texture": "#3"},
				"south": {"uv": [4, 0, 4, 16], "texture": "#3"},
				"west": {"uv": [10, 11, 14.5, 15.125], "rotation": 270, "texture": "#3"},
				"up": {"uv": [8, 10, 8, 10], "texture": "#3"},
				"down": {"uv": [8, 11, 8, 11], "rotation": 180, "texture": "#3"}
			}
		},
		{
			"from": [7.12581, 5.11756, 7.90938],
			"to": [7.48081, 18.07756, 8.15938],
			"rotation": {"angle": 0, "axis": "y", "origin": [17.77581, 20.47756, 0.65938]},
			"faces": {
				"north": {"uv": [7, 0, 7.25, 16], "rotation": 180, "texture": "#3"},
				"east": {"uv": [0, 9, 16, 9], "rotation": 90, "texture": "#3"},
				"south": {"uv": [4, 0, 4, 16], "texture": "#3"},
				"west": {"uv": [10, 11, 14.5, 15.125], "rotation": 270, "texture": "#3"},
				"up": {"uv": [8, 10, 8, 10], "texture": "#3"},
				"down": {"uv": [8, 11, 8, 11], "rotation": 180, "texture": "#3"}
			}
		},
		{
			"from": [6.94831, 5.11756, 7.90938],
			"to": [7.30331, 17.35756, 8.03438],
			"rotation": {"angle": 0, "axis": "y", "origin": [17.59831, 20.47756, 0.65938]},
			"faces": {
				"north": {"uv": [7, 0, 7.25, 15.3], "rotation": 180, "texture": "#3"},
				"east": {"uv": [0, 9, 16, 9], "rotation": 90, "texture": "#3"},
				"south": {"uv": [4, 0, 4, 16], "texture": "#3"},
				"west": {"uv": [10, 11, 14.5, 15.125], "rotation": 270, "texture": "#3"},
				"up": {"uv": [8, 10, 8, 10], "texture": "#3"},
				"down": {"uv": [8, 11, 8, 11], "rotation": 180, "texture": "#3"}
			}
		},
		{
			"from": [8.72331, 5.11756, 7.90938],
			"to": [9.07831, 17.35756, 8.03438],
			"rotation": {"angle": 0, "axis": "y", "origin": [19.37331, 20.47756, 0.65938]},
			"faces": {
				"north": {"uv": [7, 0, 7.25, 15.3], "rotation": 180, "texture": "#3"},
				"east": {"uv": [0, 9, 16, 9], "rotation": 90, "texture": "#3"},
				"south": {"uv": [4, 0, 4, 16], "texture": "#3"},
				"west": {"uv": [10, 11, 14.5, 15.125], "rotation": 270, "texture": "#3"},
				"up": {"uv": [8, 10, 8, 10], "texture": "#3"},
				"down": {"uv": [8, 11, 8, 11], "rotation": 180, "texture": "#3"}
			}
		},
		{
			"from": [8.54581, 5.11756, 7.90938],
			"to": [8.90081, 18.07756, 8.15938],
			"rotation": {"angle": 0, "axis": "y", "origin": [-1.74919, 20.47756, 0.65938]},
			"faces": {
				"north": {"uv": [7, 0, 7.25, 16], "rotation": 180, "texture": "#3"},
				"east": {"uv": [0, 9, 16, 9], "rotation": 90, "texture": "#3"},
				"south": {"uv": [4, 0, 4, 16], "texture": "#3"},
				"west": {"uv": [10, 11, 14.5, 15.125], "rotation": 270, "texture": "#3"},
				"up": {"uv": [8, 10, 8, 10], "texture": "#3"},
				"down": {"uv": [8, 11, 8, 11], "rotation": 180, "texture": "#3"}
			}
		},
		{
			"from": [7.12581, 5.11756, 7.78438],
			"to": [7.48081, 17.45356, 7.90938],
			"rotation": {"angle": 0, "axis": "y", "origin": [17.77581, 20.47756, 0.40938]},
			"faces": {
				"north": {"uv": [7, 0, 7.25, 15.42], "rotation": 180, "texture": "#3"},
				"east": {"uv": [0, 9, 16, 9], "rotation": 90, "texture": "#3"},
				"south": {"uv": [4, 0, 4, 16], "texture": "#3"},
				"west": {"uv": [10, 11, 14.5, 15.125], "rotation": 270, "texture": "#3"},
				"up": {"uv": [8, 10, 8, 10], "texture": "#3"},
				"down": {"uv": [8, 11, 8, 11], "rotation": 180, "texture": "#3"}
			}
		},
		{
			"from": [8.54581, 5.11756, 7.78438],
			"to": [8.90081, 17.45356, 7.90938],
			"rotation": {"angle": 0, "axis": "y", "origin": [-1.74919, 20.47756, 0.40938]},
			"faces": {
				"north": {"uv": [7, 0, 7.25, 15.42], "rotation": 180, "texture": "#3"},
				"east": {"uv": [0, 9, 16, 9], "rotation": 90, "texture": "#3"},
				"south": {"uv": [4, 0, 4, 16], "texture": "#3"},
				"west": {"uv": [10, 11, 14.5, 15.125], "rotation": 270, "texture": "#3"},
				"up": {"uv": [8, 10, 8, 10], "texture": "#3"},
				"down": {"uv": [8, 11, 8, 11], "rotation": 180, "texture": "#3"}
			}
		},
		{
			"from": [7.12581, 5.11756, 8.15938],
			"to": [7.48081, 17.50156, 8.28438],
			"rotation": {"angle": 0, "axis": "y", "origin": [17.77581, 20.47756, 15.65938]},
			"faces": {
				"north": {"uv": [7, 0, 7.25, 15.48], "rotation": 180, "texture": "#3"},
				"east": {"uv": [0, 9, 16, 9], "rotation": 90, "texture": "#3"},
				"south": {"uv": [4, 0, 4, 16], "texture": "#3"},
				"west": {"uv": [10, 11, 14.5, 15.125], "rotation": 270, "texture": "#3"},
				"up": {"uv": [8, 10, 8, 10], "texture": "#3"},
				"down": {"uv": [8, 11, 8, 11], "rotation": 180, "texture": "#3"}
			}
		},
		{
			"from": [8.54581, 5.11756, 8.15938],
			"to": [8.90081, 17.50156, 8.28438],
			"rotation": {"angle": 0, "axis": "y", "origin": [-1.74919, 20.47756, 15.65938]},
			"faces": {
				"north": {"uv": [7, 0, 7.25, 15.48], "rotation": 180, "texture": "#3"},
				"east": {"uv": [0, 9, 16, 9], "rotation": 90, "texture": "#3"},
				"south": {"uv": [4, 0, 4, 16], "texture": "#3"},
				"west": {"uv": [10, 11, 14.5, 15.125], "rotation": 270, "texture": "#3"},
				"up": {"uv": [8, 10, 8, 10], "texture": "#3"},
				"down": {"uv": [8, 11, 8, 11], "rotation": 180, "texture": "#3"}
			}
		},
		{
			"from": [8.375, 4.82756, 7.625],
			"to": [8.625, 5.07756, 8.375],
			"rotation": {"angle": 0, "axis": "y", "origin": [15.875, 12.07756, 0.375]},
			"faces": {
				"north": {"uv": [0, 9.5, 9.125, 16], "rotation": 180, "texture": "#1"},
				"east": {"uv": [0, 9.5, 9.125, 16], "rotation": 90, "texture": "#1"},
				"south": {"uv": [0, 9.5, 9.125, 16], "texture": "#1"},
				"west": {"uv": [0, 9.5, 9.125, 16], "rotation": 270, "texture": "#1"},
				"up": {"uv": [0, 9.5, 9.125, 16], "texture": "#1"},
				"down": {"uv": [0, 9.5, 9.125, 16], "rotation": 180, "texture": "#1"}
			}
		},
		{
			"from": [7.625, 5.07756, 7.125],
			"to": [8.375, 5.32756, 8.875],
			"rotation": {"angle": 0, "axis": "y", "origin": [15.375, 12.32756, 0.375]},
			"faces": {
				"north": {"uv": [0, 9.5, 9.125, 16], "rotation": 180, "texture": "#1"},
				"east": {"uv": [0, 9.5, 9.125, 16], "rotation": 90, "texture": "#1"},
				"south": {"uv": [0, 9.5, 9.125, 16], "texture": "#1"},
				"west": {"uv": [0, 9.5, 9.125, 16], "rotation": 270, "texture": "#1"},
				"up": {"uv": [0, 9.5, 9.125, 16], "texture": "#1"},
				"down": {"uv": [0, 9.5, 9.125, 16], "rotation": 180, "texture": "#1"}
			}
		},
		{
			"from": [7.625, 4.82756, 7.375],
			"to": [8.375, 5.07756, 8.625],
			"rotation": {"angle": 0, "axis": "y", "origin": [15.375, 12.07756, 0.375]},
			"faces": {
				"north": {"uv": [0, 9.5, 9.125, 16], "rotation": 180, "texture": "#1"},
				"east": {"uv": [0, 9.5, 9.125, 16], "rotation": 90, "texture": "#1"},
				"south": {"uv": [0, 9.5, 9.125, 16], "texture": "#1"},
				"west": {"uv": [0, 9.5, 9.125, 16], "rotation": 270, "texture": "#1"},
				"up": {"uv": [0, 9.5, 9.125, 16], "texture": "#1"},
				"down": {"uv": [0, 9.5, 9.125, 16], "rotation": 180, "texture": "#1"}
			}
		},
		{
			"from": [7.125, 5.07756, 7.375],
			"to": [7.625, 5.32756, 8.625],
			"rotation": {"angle": 0, "axis": "y", "origin": [14.625, 12.32756, 0.375]},
			"faces": {
				"north": {"uv": [0, 9.5, 9.125, 16], "rotation": 180, "texture": "#1"},
				"east": {"uv": [0, 9.5, 9.125, 16], "rotation": 90, "texture": "#1"},
				"south": {"uv": [0, 9.5, 9.125, 16], "texture": "#1"},
				"west": {"uv": [0, 9.5, 9.125, 16], "rotation": 270, "texture": "#1"},
				"up": {"uv": [0, 9.5, 9.125, 16], "texture": "#1"},
				"down": {"uv": [0, 9.5, 9.125, 16], "rotation": 180, "texture": "#1"}
			}
		},
		{
			"from": [5.625, 5.07756, 7.625],
			"to": [7.125, 5.32756, 8.375],
			"rotation": {"angle": 0, "axis": "y", "origin": [14.125, 12.32756, 0.375]},
			"faces": {
				"north": {"uv": [0, 9.5, 9.125, 16], "rotation": 180, "texture": "#1"},
				"east": {"uv": [0, 9.5, 9.125, 16], "rotation": 90, "texture": "#1"},
				"south": {"uv": [0, 9.5, 9.125, 16], "texture": "#1"},
				"west": {"uv": [0, 9.5, 9.125, 16], "rotation": 270, "texture": "#1"},
				"up": {"uv": [0, 9.5, 9.125, 16], "texture": "#1"},
				"down": {"uv": [0, 9.5, 9.125, 16], "rotation": 180, "texture": "#1"}
			}
		},
		{
			"from": [8.875, 5.07756, 7.625],
			"to": [10.375, 5.32756, 8.375],
			"rotation": {"angle": 0, "axis": "y", "origin": [1.875, 12.32756, 0.375]},
			"faces": {
				"north": {"uv": [9.125, 9.5, 0, 16], "rotation": 180, "texture": "#1"},
				"east": {"uv": [9.125, 9.5, 0, 16], "rotation": 90, "texture": "#1"},
				"south": {"uv": [9.125, 9.5, 0, 16], "texture": "#1"},
				"west": {"uv": [9.125, 9.5, 0, 16], "rotation": 270, "texture": "#1"},
				"up": {"uv": [9.125, 9.5, 0, 16], "texture": "#1"},
				"down": {"uv": [9.125, 9.5, 0, 16], "rotation": 180, "texture": "#1"}
			}
		},
		{
			"from": [5.625, 4.95256, 7.75],
			"to": [7.125, 5.45256, 8.25],
			"rotation": {"angle": 0, "axis": "y", "origin": [14.125, 12.32756, 0.375]},
			"faces": {
				"north": {"uv": [0, 9.5, 9.125, 16], "rotation": 180, "texture": "#1"},
				"east": {"uv": [0, 9.5, 9.125, 16], "rotation": 90, "texture": "#1"},
				"south": {"uv": [0, 9.5, 9.125, 16], "texture": "#1"},
				"west": {"uv": [0, 9.5, 9.125, 16], "rotation": 270, "texture": "#1"},
				"up": {"uv": [0, 9.5, 9.125, 16], "texture": "#1"},
				"down": {"uv": [0, 9.5, 9.125, 16], "rotation": 180, "texture": "#1"}
			}
		},
		{
			"from": [8.875, 4.95256, 7.75],
			"to": [10.375, 5.45256, 8.25],
			"rotation": {"angle": 0, "axis": "y", "origin": [1.875, 12.32756, 0.375]},
			"faces": {
				"north": {"uv": [9.125, 9.5, 0, 16], "rotation": 180, "texture": "#1"},
				"east": {"uv": [9.125, 9.5, 0, 16], "rotation": 90, "texture": "#1"},
				"south": {"uv": [9.125, 9.5, 0, 16], "texture": "#1"},
				"west": {"uv": [9.125, 9.5, 0, 16], "rotation": 270, "texture": "#1"},
				"up": {"uv": [9.125, 9.5, 0, 16], "texture": "#1"},
				"down": {"uv": [9.125, 9.5, 0, 16], "rotation": 180, "texture": "#1"}
			}
		},
		{
			"from": [5.375, 5.07756, 7.75],
			"to": [5.625, 5.32756, 8.25],
			"rotation": {"angle": 0, "axis": "y", "origin": [14.125, 12.32756, 0.375]},
			"faces": {
				"north": {"uv": [0, 9.5, 9.125, 16], "rotation": 180, "texture": "#1"},
				"east": {"uv": [0, 9.5, 9.125, 16], "rotation": 90, "texture": "#1"},
				"south": {"uv": [0, 9.5, 9.125, 16], "texture": "#1"},
				"west": {"uv": [0, 9.5, 9.125, 16], "rotation": 270, "texture": "#1"},
				"up": {"uv": [0, 9.5, 9.125, 16], "texture": "#1"},
				"down": {"uv": [0, 9.5, 9.125, 16], "rotation": 180, "texture": "#1"}
			}
		},
		{
			"from": [10.375, 5.07756, 7.75],
			"to": [10.625, 5.32756, 8.25],
			"rotation": {"angle": 0, "axis": "y", "origin": [1.875, 12.32756, 0.375]},
			"faces": {
				"north": {"uv": [9.125, 9.5, 0, 16], "rotation": 180, "texture": "#1"},
				"east": {"uv": [9.125, 9.5, 0, 16], "rotation": 90, "texture": "#1"},
				"south": {"uv": [9.125, 9.5, 0, 16], "texture": "#1"},
				"west": {"uv": [9.125, 9.5, 0, 16], "rotation": 270, "texture": "#1"},
				"up": {"uv": [9.125, 9.5, 0, 16], "texture": "#1"},
				"down": {"uv": [9.125, 9.5, 0, 16], "rotation": 180, "texture": "#1"}
			}
		},
		{
			"from": [7.375, 4.82756, 7.625],
			"to": [7.625, 5.07756, 8.375],
			"rotation": {"angle": 0, "axis": "y", "origin": [14.625, 12.07756, 0.375]},
			"faces": {
				"north": {"uv": [0, 9.5, 9.125, 16], "rotation": 180, "texture": "#1"},
				"east": {"uv": [0, 9.5, 9.125, 16], "rotation": 90, "texture": "#1"},
				"south": {"uv": [0, 9.5, 9.125, 16], "texture": "#1"},
				"west": {"uv": [0, 9.5, 9.125, 16], "rotation": 270, "texture": "#1"},
				"up": {"uv": [0, 9.5, 9.125, 16], "texture": "#1"},
				"down": {"uv": [0, 9.5, 9.125, 16], "rotation": 180, "texture": "#1"}
			}
		},
		{
			"from": [8.375, 5.07756, 7.375],
			"to": [8.875, 5.32756, 8.625],
			"rotation": {"angle": 0, "axis": "y", "origin": [15.875, 12.32756, 0.375]},
			"faces": {
				"north": {"uv": [0, 9.5, 9.125, 16], "rotation": 180, "texture": "#1"},
				"east": {"uv": [0, 9.5, 9.125, 16], "rotation": 90, "texture": "#1"},
				"south": {"uv": [0, 9.5, 9.125, 16], "texture": "#1"},
				"west": {"uv": [0, 9.5, 9.125, 16], "rotation": 270, "texture": "#1"},
				"up": {"uv": [0, 9.5, 9.125, 16], "texture": "#1"},
				"down": {"uv": [0, 9.5, 9.125, 16], "rotation": 180, "texture": "#1"}
			}
		},
		{
			"from": [7.625, 1.20256, 8.0125],
			"to": [8.375, 5.07756, 8.2625],
			"rotation": {"angle": 0, "axis": "y", "origin": [16.125, 12.07756, 0.5125]},
			"faces": {
				"north": {"uv": [0, 2.5, 15.625, 5.5], "rotation": 270, "texture": "#2"},
				"east": {"uv": [0, 0, 16, 1.625], "rotation": 90, "texture": "#2"},
				"south": {"uv": [3.5, 0, 6.125, 14.5], "texture": "#2"},
				"west": {"uv": [0, 4.5, 16, 6.125], "rotation": 270, "texture": "#2"},
				"up": {"uv": [0, 0, 0, 0], "texture": "#2"},
				"down": {"uv": [4.5, 3.5, 11.125, 6.125], "rotation": 180, "texture": "#2"}
			}
		},
		{
			"from": [7.625, 1.32756, 7.7625],
			"to": [8.375, 5.07756, 8.0125],
			"rotation": {"angle": 0, "axis": "y", "origin": [16.125, 12.07756, 0.2625]},
			"faces": {
				"north": {"uv": [0, 2.5, 15.625, 6], "rotation": 270, "texture": "#2"},
				"east": {"uv": [0, 1, 16, 2.625], "rotation": 90, "texture": "#2"},
				"south": {"uv": [3.5, 0, 6.125, 14.5], "texture": "#2"},
				"west": {"uv": [0, 1.5, 16, 3.125], "rotation": 270, "texture": "#2"},
				"up": {"uv": [0, 0, 0, 0], "texture": "#2"},
				"down": {"uv": [4.5, 2, 10.125, 4.125], "rotation": 180, "texture": "#2"}
			}
		},
		{
			"from": [7.75, 1.45256, 7.6375],
			"to": [8.25, 5.07756, 7.7625],
			"rotation": {"angle": 0, "axis": "y", "origin": [16.125, 12.07756, 0.1375]},
			"faces": {
				"north": {"uv": [0, 3, 15.625, 5], "rotation": 270, "texture": "#2"},
				"east": {"uv": [0, 0, 16, 1.125], "rotation": 90, "texture": "#2"},
				"south": {"uv": [3.5, 0, 6.125, 14.5], "texture": "#2"},
				"west": {"uv": [0, 0, 16, 1.125], "rotation": 270, "texture": "#2"},
				"up": {"uv": [0, 0, 0, 0], "texture": "#2"},
				"down": {"uv": [5.5, 0.5, 10.125, 2.125], "rotation": 180, "texture": "#2"}
			}
		},
		{
			"from": [7.75, 1.45256, 8.2375],
			"to": [8.25, 5.07756, 8.3625],
			"rotation": {"angle": 0, "axis": "y", "origin": [16.125, 12.07756, 15.8625]},
			"faces": {
				"north": {"uv": [6.125, 0, 3.5, 14.5], "texture": "#2"},
				"east": {"uv": [0, 1.125, 16, 0], "rotation": 90, "texture": "#2"},
				"south": {"uv": [0, 5, 15.625, 3], "rotation": 270, "texture": "#2"},
				"west": {"uv": [0, 1.125, 16, 0], "rotation": 270, "texture": "#2"},
				"up": {"uv": [0, 0, 0, 0], "texture": "#2"},
				"down": {"uv": [5.5, 2.125, 10.125, 0.5], "rotation": 180, "texture": "#2"}
			}
		},
		{
			"from": [7.5, 1.32756, 8.0125],
			"to": [7.625, 5.07756, 8.2625],
			"rotation": {"angle": 0, "axis": "y", "origin": [15.625, 12.07756, 0.7625]},
			"faces": {
				"north": {"uv": [0, 2.5, 15.625, 5.5], "rotation": 270, "texture": "#2"},
				"east": {"uv": [0, 0, 16, 1.625], "rotation": 90, "texture": "#2"},
				"south": {"uv": [3.5, 0, 6.125, 14.5], "texture": "#2"},
				"west": {"uv": [0, 3.5, 16, 5.125], "rotation": 270, "texture": "#2"},
				"up": {"uv": [0, 0, 10.125, 9.125], "texture": "#2"},
				"down": {"uv": [1.5, 0.5, 14.125, 1.125], "rotation": 180, "texture": "#2"}
			}
		},
		{
			"from": [8.375, 1.32756, 8.0125],
			"to": [8.5, 5.07756, 8.2625],
			"rotation": {"angle": 0, "axis": "y", "origin": [16.625, 12.07756, 0.7625]},
			"faces": {
				"north": {"uv": [0, 2.5, 15.625, 5.5], "rotation": 270, "texture": "#2"},
				"east": {"uv": [0, 4, 16, 5.625], "rotation": 90, "texture": "#2"},
				"south": {"uv": [3.5, 0, 6.125, 14.5], "texture": "#2"},
				"west": {"uv": [0, 4.5, 16, 6.125], "rotation": 270, "texture": "#2"},
				"up": {"uv": [0, 0, 10.125, 9.125], "texture": "#2"},
				"down": {"uv": [0, 8, 12.625, 8.625], "rotation": 180, "texture": "#2"}
			}
		},
		{
			"from": [8.375, 1.07756, 7.625],
			"to": [8.625, 1.32756, 8.375],
			"rotation": {"angle": 0, "axis": "y", "origin": [15.875, 8.32756, 0.375]},
			"faces": {
				"north": {"uv": [0, 9.5, 9.125, 16], "rotation": 180, "texture": "#1"},
				"east": {"uv": [0, 9.5, 9.125, 16], "rotation": 90, "texture": "#1"},
				"south": {"uv": [0, 9.5, 9.125, 16], "texture": "#1"},
				"west": {"uv": [0, 9.5, 9.125, 16], "rotation": 270, "texture": "#1"},
				"up": {"uv": [0, 9.5, 9.125, 16], "texture": "#1"},
				"down": {"uv": [0, 9.5, 9.125, 16], "rotation": 180, "texture": "#1"}
			}
		},
		{
			"from": [7.625, 1.32756, 7.125],
			"to": [8.375, 1.57756, 8.875],
			"rotation": {"angle": 0, "axis": "y", "origin": [15.375, 8.57756, 0.375]},
			"faces": {
				"north": {"uv": [0, 9.5, 9.125, 16], "rotation": 180, "texture": "#1"},
				"east": {"uv": [0, 9.5, 9.125, 16], "rotation": 90, "texture": "#1"},
				"south": {"uv": [0, 9.5, 9.125, 16], "texture": "#1"},
				"west": {"uv": [0, 9.5, 9.125, 16], "rotation": 270, "texture": "#1"},
				"up": {"uv": [0, 9.5, 9.125, 16], "texture": "#1"},
				"down": {"uv": [0, 9.5, 9.125, 16], "rotation": 180, "texture": "#1"}
			}
		},
		{
			"from": [7.625, 1.07756, 7.375],
			"to": [8.375, 1.32756, 8.625],
			"rotation": {"angle": 0, "axis": "y", "origin": [15.375, 8.32756, 0.375]},
			"faces": {
				"north": {"uv": [0, 9.5, 9.125, 16], "rotation": 180, "texture": "#1"},
				"east": {"uv": [0, 9.5, 9.125, 16], "rotation": 90, "texture": "#1"},
				"south": {"uv": [0, 9.5, 9.125, 16], "texture": "#1"},
				"west": {"uv": [0, 9.5, 9.125, 16], "rotation": 270, "texture": "#1"},
				"up": {"uv": [0, 9.5, 9.125, 16], "texture": "#1"},
				"down": {"uv": [0, 9.5, 9.125, 16], "rotation": 180, "texture": "#1"}
			}
		},
		{
			"from": [7.125, 1.32756, 7.375],
			"to": [7.625, 1.57756, 8.625],
			"rotation": {"angle": 0, "axis": "y", "origin": [14.625, 8.57756, 0.375]},
			"faces": {
				"north": {"uv": [0, 9.5, 9.125, 16], "rotation": 180, "texture": "#1"},
				"east": {"uv": [0, 9.5, 9.125, 16], "rotation": 90, "texture": "#1"},
				"south": {"uv": [0, 9.5, 9.125, 16], "texture": "#1"},
				"west": {"uv": [0, 9.5, 9.125, 16], "rotation": 270, "texture": "#1"},
				"up": {"uv": [0, 9.5, 9.125, 16], "texture": "#1"},
				"down": {"uv": [0, 9.5, 9.125, 16], "rotation": 180, "texture": "#1"}
			}
		},
		{
			"from": [7.375, 1.07756, 7.625],
			"to": [7.625, 1.32756, 8.375],
			"rotation": {"angle": 0, "axis": "y", "origin": [14.625, 8.32756, 0.375]},
			"faces": {
				"north": {"uv": [0, 9.5, 9.125, 16], "rotation": 180, "texture": "#1"},
				"east": {"uv": [0, 9.5, 9.125, 16], "rotation": 90, "texture": "#1"},
				"south": {"uv": [0, 9.5, 9.125, 16], "texture": "#1"},
				"west": {"uv": [0, 9.5, 9.125, 16], "rotation": 270, "texture": "#1"},
				"up": {"uv": [0, 9.5, 9.125, 16], "texture": "#1"},
				"down": {"uv": [0, 9.5, 9.125, 16], "rotation": 180, "texture": "#1"}
			}
		},
		{
			"from": [8.375, 1.32756, 7.375],
			"to": [8.875, 1.57756, 8.625],
			"rotation": {"angle": 0, "axis": "y", "origin": [15.875, 8.57756, 0.375]},
			"faces": {
				"north": {"uv": [0, 9.5, 9.125, 16], "rotation": 180, "texture": "#1"},
				"east": {"uv": [0, 9.5, 9.125, 16], "rotation": 90, "texture": "#1"},
				"south": {"uv": [0, 9.5, 9.125, 16], "texture": "#1"},
				"west": {"uv": [0, 9.5, 9.125, 16], "rotation": 270, "texture": "#1"},
				"up": {"uv": [0, 9.5, 9.125, 16], "texture": "#1"},
				"down": {"uv": [0, 9.5, 9.125, 16], "rotation": 180, "texture": "#1"}
			}
		}
	],
	"gui_light": "front",
	"display": {
		"thirdperson_righthand": {
			"rotation": [76.25, -90, 55],
			"translation": [0, 5.5, 2.5],
			"scale": [1.31, 1.31, 1.31]
		},
		"thirdperson_lefthand": {
			"rotation": [76.25, 90, -55],
			"translation": [0, 5.5, 2.5],
			"scale": [1.31, 1.31, 1.31]
		},
		"firstperson_righthand": {
			"rotation": [54, -80, 25],
			"translation": [-0.37, 2.7, 1.13],
			"scale": [0.68, 0.68, 0.68]
		},
		"firstperson_lefthand": {
			"rotation": [46, 74, -25],
			"translation": [-0.37, 2.7, 1.38],
			"scale": [0.68, 0.68, 0.68]
		},
		"ground": {
			"rotation": [118, 0, 0],
			"translation": [0, 3.25, 0]
		},
		"gui": {
			"rotation": [17, 0, -40],
			"translation": [-1.25, -1.5, 0],
			"scale": [0.95, 0.98, 0.95]
		},
		"head": {
			"rotation": [162, 83, 0],
			"translation": [7.5, -28.75, 0.5],
			"scale": [1.31, 1.31, 1.31]
		},
		"fixed": {
			"rotation": [0, 0, 42],
			"translation": [1.25, -2, -0.75],
			"scale": [0.95, 0.95, 0.95]
		}
	},
	"groups": [
		{
			"name": "blade",
			"origin": [15.75, -4.75, 11.75],
			"children": [0, 1, 2, 3, 4, 5, 6, 7, 8, 9, 10, 11, 12, 13, 14, 15, 16, 17, 18, 19]
		},
		{
			"name": "Seperator",
			"origin": [15.75, 10.5, 10.75],
			"children": [20, 21, 22, 23, 24, 25, 26, 27, 28, 29, 30, 31]
		},
		{
			"name": "Handle",
			"origin": [8.55806, 2.875, 2.76517],
			"children": [32, 33, 34, 35, 36, 37]
		},
		{
			"name": "Seperator",
			"origin": [15.75, 10.5, 10.75],
			"children": [38, 39, 40, 41, 42, 43]
		}
	]
}