{
	"credit": "Made with Blockbench",
	"texture_size": [32, 32],
	"textures": {
		"1": "block/sword0",
		"3": "block/tugsten",
		"particle": "block/sword0",
		"1_1": "block/red_stained_glass"
	},
	"elements": [
		{
			"from": [8.4872, 19.82756, 7.5128],
			"to": [8.812, 20.07756, 8.4872],
			"rotation": {"angle": 0, "axis": "y", "origin": [18.2312, 27.07756, -1.9064]},
			"faces": {
				"north": {"uv": [0, 2.375, 2.28125, 4], "rotation": 180, "texture": "#1"},
				"east": {"uv": [0, 2.375, 2.28125, 4], "rotation": 90, "texture": "#1"},
				"south": {"uv": [0, 2.375, 2.28125, 4], "texture": "#1"},
				"west": {"uv": [0, 2.375, 2.28125, 4], "rotation": 270, "texture": "#1"},
				"up": {"uv": [0, 2.375, 2.28125, 4], "texture": "#1"},
				"down": {"uv": [0, 2.375, 2.28125, 4], "rotation": 180, "texture": "#1"}
			}
		},
		{
			"from": [7.5128, 20.07756, 6.8632],
			"to": [8.4872, 20.32756, 9.1368],
			"rotation": {"angle": 0, "axis": "y", "origin": [17.5816, 27.32756, -1.9064]},
			"faces": {
				"north": {"uv": [0, 2.375, 2.28125, 4], "rotation": 180, "texture": "#1"},
				"east": {"uv": [0, 2.375, 2.28125, 4], "rotation": 90, "texture": "#1"},
				"south": {"uv": [0, 2.375, 2.28125, 4], "texture": "#1"},
				"west": {"uv": [0, 2.375, 2.28125, 4], "rotation": 270, "texture": "#1"},
				"up": {"uv": [0, 2.375, 2.28125, 4], "texture": "#1"},
				"down": {"uv": [0, 2.375, 2.28125, 4], "rotation": 180, "texture": "#1"}
			}
		},
		{
			"from": [7.5128, 19.82756, 7.188],
			"to": [8.4872, 20.07756, 8.812],
			"rotation": {"angle": 0, "axis": "y", "origin": [17.5816, 27.07756, -1.9064]},
			"faces": {
				"north": {"uv": [0, 2.375, 2.28125, 4], "rotation": 180, "texture": "#1"},
				"east": {"uv": [0, 2.375, 2.28125, 4], "rotation": 90, "texture": "#1"},
				"south": {"uv": [0, 2.375, 2.28125, 4], "texture": "#1"},
				"west": {"uv": [0, 2.375, 2.28125, 4], "rotation": 270, "texture": "#1"},
				"up": {"uv": [0, 2.375, 2.28125, 4], "texture": "#1"},
				"down": {"uv": [0, 2.375, 2.28125, 4], "rotation": 180, "texture": "#1"}
			}
		},
		{
			"from": [6.8632, 20.07756, 7.188],
			"to": [7.5128, 20.32756, 8.812],
			"rotation": {"angle": 0, "axis": "y", "origin": [16.6072, 27.32756, -1.9064]},
			"faces": {
				"north": {"uv": [0, 2.375, 2.28125, 4], "rotation": 180, "texture": "#1"},
				"east": {"uv": [0, 2.375, 2.28125, 4], "rotation": 90, "texture": "#1"},
				"south": {"uv": [0, 2.375, 2.28125, 4], "texture": "#1"},
				"west": {"uv": [0, 2.375, 2.28125, 4], "rotation": 270, "texture": "#1"},
				"up": {"uv": [0, 2.375, 2.28125, 4], "texture": "#1"},
				"down": {"uv": [0, 2.375, 2.28125, 4], "rotation": 180, "texture": "#1"}
			}
		},
		{
			"from": [7.188, 19.82756, 7.5128],
			"to": [7.5128, 20.07756, 8.4872],
			"rotation": {"angle": 0, "axis": "y", "origin": [16.6072, 27.07756, -1.9064]},
			"faces": {
				"north": {"uv": [0, 2.375, 2.28125, 4], "rotation": 180, "texture": "#1"},
				"east": {"uv": [0, 2.375, 2.28125, 4], "rotation": 90, "texture": "#1"},
				"south": {"uv": [0, 2.375, 2.28125, 4], "texture": "#1"},
				"west": {"uv": [0, 2.375, 2.28125, 4], "rotation": 270, "texture": "#1"},
				"up": {"uv": [0, 2.375, 2.28125, 4], "texture": "#1"},
				"down": {"uv": [0, 2.375, 2.28125, 4], "rotation": 180, "texture": "#1"}
			}
		},
		{
			"from": [8.4872, 20.07756, 7.188],
			"to": [9.1368, 20.32756, 8.812],
			"rotation": {"angle": 0, "axis": "y", "origin": [18.2312, 27.32756, -1.9064]},
			"faces": {
				"north": {"uv": [0, 2.375, 2.28125, 4], "rotation": 180, "texture": "#1"},
				"east": {"uv": [0, 2.375, 2.28125, 4], "rotation": 90, "texture": "#1"},
				"south": {"uv": [0, 2.375, 2.28125, 4], "texture": "#1"},
				"west": {"uv": [0, 2.375, 2.28125, 4], "rotation": 270, "texture": "#1"},
				"up": {"uv": [0, 2.375, 2.28125, 4], "texture": "#1"},
				"down": {"uv": [0, 2.375, 2.28125, 4], "rotation": 180, "texture": "#1"}
			}
		},
		{
			"from": [7.625, 1.20256, 8.0125],
			"to": [8.375, 20.20256, 8.2625],
			"rotation": {"angle": 0, "axis": "y", "origin": [16.125, 12.07756, 0.5125]},
			"faces": {
				"north": {"uv": [0, 0.625, 3.90625, 1.375], "rotation": 270, "texture": "#3"},
				"east": {"uv": [0, 0, 4, 0.40625], "rotation": 90, "texture": "#3"},
				"south": {"uv": [0.875, 0, 1.53125, 3.625], "texture": "#3"},
				"west": {"uv": [0, 1.125, 4, 1.53125], "rotation": 270, "texture": "#3"},
				"up": {"uv": [0, 0, 0, 0], "texture": "#3"},
				"down": {"uv": [1.125, 0.875, 2.78125, 1.53125], "rotation": 180, "texture": "#3"}
			}
		},
		{
			"from": [7.625, 1.32756, 7.7625],
			"to": [8.375, 20.20256, 8.0125],
			"rotation": {"angle": 0, "axis": "y", "origin": [16.125, 12.07756, 0.2625]},
			"faces": {
				"north": {"uv": [0, 0.625, 3.90625, 1.5], "rotation": 270, "texture": "#3"},
				"east": {"uv": [0, 0.25, 0.125, 9.6875], "texture": "#3"},
				"south": {"uv": [0.875, 0, 1.53125, 3.625], "texture": "#3"},
				"west": {"uv": [0, 0.25, 0.125, 9.6875], "texture": "#3"},
				"up": {"uv": [0, 0, 0, 0], "texture": "#3"},
				"down": {"uv": [1.125, 0.5, 2.53125, 1.03125], "rotation": 180, "texture": "#3"}
			}
		},
		{
			"from": [7.75, 1.45256, 7.6375],
			"to": [8.25, 20.20256, 7.7625],
			"rotation": {"angle": 0, "axis": "y", "origin": [16.125, 12.07756, 0.1375]},
			"faces": {
				"north": {"uv": [2.5, 0, 4, 15], "rotation": 180, "texture": "#3"},
				"east": {"uv": [0, 0, 4, 0.28125], "rotation": 90, "texture": "#3"},
				"south": {"uv": [0.875, 0, 1.53125, 3.625], "texture": "#3"},
				"west": {"uv": [0, 0, 4, 0.28125], "rotation": 270, "texture": "#3"},
				"up": {"uv": [0, 0, 0, 0], "texture": "#3"},
				"down": {"uv": [1.375, 0.125, 2.53125, 0.53125], "rotation": 180, "texture": "#3"}
			}
		},
		{
			"from": [7.75, 1.45256, 8.2375],
			"to": [8.25, 20.20256, 8.3625],
			"rotation": {"angle": 0, "axis": "y", "origin": [16.125, 12.07756, 15.8625]},
			"faces": {
				"north": {"uv": [1.53125, 0, 0.875, 3.625], "texture": "#3"},
				"east": {"uv": [0, 0.28125, 4, 0], "rotation": 90, "texture": "#3"},
				"south": {"uv": [2.5, 0, 4, 15], "rotation": 180, "texture": "#3"},
				"west": {"uv": [0, 0.28125, 4, 0], "rotation": 270, "texture": "#3"},
				"up": {"uv": [0, 0, 0, 0], "texture": "#3"},
				"down": {"uv": [1.375, 0.53125, 2.53125, 0.125], "rotation": 180, "texture": "#3"}
			}
		},
		{
			"from": [7.5, 1.32756, 8.0125],
			"to": [7.625, 20.20256, 8.2625],
			"rotation": {"angle": 0, "axis": "y", "origin": [15.625, 12.07756, 0.7625]},
			"faces": {
				"north": {"uv": [0, 0.625, 3.90625, 1.375], "rotation": 270, "texture": "#3"},
				"east": {"uv": [0, 0, 4, 0.40625], "rotation": 90, "texture": "#3"},
				"south": {"uv": [0.875, 0, 1.53125, 3.625], "texture": "#3"},
				"west": {"uv": [0, 0.25, 0.125, 9.6875], "texture": "#3"},
				"up": {"uv": [0, 0, 2.53125, 2.28125], "texture": "#3"},
				"down": {"uv": [0.375, 0.125, 3.53125, 0.28125], "rotation": 180, "texture": "#3"}
			}
		},
		{
			"from": [8.375, 1.32756, 8.0125],
			"to": [8.5, 20.20256, 8.2625],
			"rotation": {"angle": 0, "axis": "y", "origin": [16.625, 12.07756, 0.7625]},
			"faces": {
				"north": {"uv": [0, 0.625, 3.90625, 1.375], "rotation": 270, "texture": "#3"},
				"east": {"uv": [0, 0.25, 0.125, 9.6875], "texture": "#3"},
				"south": {"uv": [0.875, 0, 1.53125, 3.625], "texture": "#3"},
				"west": {"uv": [0, 1.125, 4, 1.53125], "rotation": 270, "texture": "#3"},
				"up": {"uv": [0, 0, 2.53125, 2.28125], "texture": "#3"},
				"down": {"uv": [0, 2, 3.15625, 2.15625], "rotation": 180, "texture": "#3"}
			}
		},
		{
			"from": [8.375, 1.07756, 7.625],
			"to": [8.625, 1.32756, 8.375],
			"rotation": {"angle": 0, "axis": "y", "origin": [15.875, 8.32756, 0.375]},
			"faces": {
				"north": {"uv": [0, 2.375, 2.28125, 4], "rotation": 180, "texture": "#1"},
				"east": {"uv": [0, 2.375, 2.28125, 4], "rotation": 90, "texture": "#1"},
				"south": {"uv": [0, 2.375, 2.28125, 4], "texture": "#1"},
				"west": {"uv": [0, 2.375, 2.28125, 4], "rotation": 270, "texture": "#1"},
				"up": {"uv": [0, 2.375, 2.28125, 4], "texture": "#1"},
				"down": {"uv": [0, 2.375, 2.28125, 4], "rotation": 180, "texture": "#1"}
			}
		},
		{
			"from": [7.625, 1.32756, 7.125],
			"to": [8.375, 1.57756, 8.875],
			"rotation": {"angle": 0, "axis": "y", "origin": [15.375, 8.57756, 0.375]},
			"faces": {
				"north": {"uv": [0, 2.375, 2.28125, 4], "rotation": 180, "texture": "#1"},
				"east": {"uv": [0, 2.375, 2.28125, 4], "rotation": 90, "texture": "#1"},
				"south": {"uv": [0, 2.375, 2.28125, 4], "texture": "#1"},
				"west": {"uv": [0, 2.375, 2.28125, 4], "rotation": 270, "texture": "#1"},
				"up": {"uv": [0, 2.375, 2.28125, 4], "texture": "#1"},
				"down": {"uv": [0, 2.375, 2.28125, 4], "rotation": 180, "texture": "#1"}
			}
		},
		{
			"from": [7.625, 1.07756, 7.375],
			"to": [8.375, 1.32756, 8.625],
			"rotation": {"angle": 0, "axis": "y", "origin": [15.375, 8.32756, 0.375]},
			"faces": {
				"north": {"uv": [0, 2.375, 2.28125, 4], "rotation": 180, "texture": "#1"},
				"east": {"uv": [0, 2.375, 2.28125, 4], "rotation": 90, "texture": "#1"},
				"south": {"uv": [0, 2.375, 2.28125, 4], "texture": "#1"},
				"west": {"uv": [0, 2.375, 2.28125, 4], "rotation": 270, "texture": "#1"},
				"up": {"uv": [0, 2.375, 2.28125, 4], "texture": "#1"},
				"down": {"uv": [0, 2.375, 2.28125, 4], "rotation": 180, "texture": "#1"}
			}
		},
		{
			"from": [7.125, 1.32756, 7.375],
			"to": [7.625, 1.57756, 8.625],
			"rotation": {"angle": 0, "axis": "y", "origin": [14.625, 8.57756, 0.375]},
			"faces": {
				"north": {"uv": [0, 2.375, 2.28125, 4], "rotation": 180, "texture": "#1"},
				"east": {"uv": [0, 2.375, 2.28125, 4], "rotation": 90, "texture": "#1"},
				"south": {"uv": [0, 2.375, 2.28125, 4], "texture": "#1"},
				"west": {"uv": [0, 2.375, 2.28125, 4], "rotation": 270, "texture": "#1"},
				"up": {"uv": [0, 2.375, 2.28125, 4], "texture": "#1"},
				"down": {"uv": [0, 2.375, 2.28125, 4], "rotation": 180, "texture": "#1"}
			}
		},
		{
			"from": [7.375, 1.07756, 7.625],
			"to": [7.625, 1.32756, 8.375],
			"rotation": {"angle": 0, "axis": "y", "origin": [14.625, 8.32756, 0.375]},
			"faces": {
				"north": {"uv": [0, 2.375, 2.28125, 4], "rotation": 180, "texture": "#1"},
				"east": {"uv": [0, 2.375, 2.28125, 4], "rotation": 90, "texture": "#1"},
				"south": {"uv": [0, 2.375, 2.28125, 4], "texture": "#1"},
				"west": {"uv": [0, 2.375, 2.28125, 4], "rotation": 270, "texture": "#1"},
				"up": {"uv": [0, 2.375, 2.28125, 4], "texture": "#1"},
				"down": {"uv": [0, 2.375, 2.28125, 4], "rotation": 180, "texture": "#1"}
			}
		},
		{
			"from": [8.375, 1.32756, 7.375],
			"to": [8.875, 1.57756, 8.625],
			"rotation": {"angle": 0, "axis": "y", "origin": [15.875, 8.57756, 0.375]},
			"faces": {
				"north": {"uv": [0, 2.375, 2.28125, 4], "rotation": 180, "texture": "#1"},
				"east": {"uv": [0, 2.375, 2.28125, 4], "rotation": 90, "texture": "#1"},
				"south": {"uv": [0, 2.375, 2.28125, 4], "texture": "#1"},
				"west": {"uv": [0, 2.375, 2.28125, 4], "rotation": 270, "texture": "#1"},
				"up": {"uv": [0, 2.375, 2.28125, 4], "texture": "#1"},
				"down": {"uv": [0, 2.375, 2.28125, 4], "rotation": 180, "texture": "#1"}
			}
		},
		{
			"from": [7.61237, 20.21, 7.62152],
			"to": [8.37237, 20.21, 8.38152],
			"rotation": {"angle": 0, "axis": "y", "origin": [10.65237, 23.25, 10.66152]},
			"faces": {
				"north": {"uv": [0, 0, 16, 16], "texture": "#1_1", "cullface": "north"},
				"east": {"uv": [0, 0, 16, 16], "texture": "#1_1", "cullface": "east"},
				"south": {"uv": [0, 0, 16, 16], "texture": "#1_1", "cullface": "south"},
				"west": {"uv": [0, 0, 16, 16], "texture": "#1_1", "cullface": "west"},
				"up": {"uv": [0, 0, 16, 16], "texture": "#1_1", "cullface": "up"},
				"down": {"uv": [0, 0, 16, 16], "texture": "#1_1", "cullface": "down"}
			}
		},
		{
			"from": [7.61237, 20.35545, 6.8903],
			"to": [8.37237, 22.63545, 7.6503],
			"rotation": {"angle": 22.5, "axis": "x", "origin": [7.99237, 20.35545, 7.2703]},
			"faces": {
				"north": {"uv": [0, 0, 16, 16], "texture": "#1_1", "cullface": "north"},
				"east": {"uv": [0, 0, 16, 16], "texture": "#1_1", "cullface": "east"},
				"south": {"uv": [0, 0, 16, 16], "texture": "#1_1", "cullface": "south"},
				"west": {"uv": [0, 0, 16, 16], "texture": "#1_1", "cullface": "west"},
				"up": {"uv": [0, 0, 16, 16], "texture": "#1_1", "cullface": "up"},
				"down": {"uv": [0, 0, 16, 16], "texture": "#1_1", "cullface": "down"}
			}
		},
		{
			"from": [7.61237, 20.35545, 8.35274],
			"to": [8.37237, 21.87545, 9.11274],
			"rotation": {"angle": -22.5, "axis": "x", "origin": [7.99237, 20.35545, 8.73274]},
			"faces": {
				"north": {"uv": [0, 0, 16, 16], "texture": "#1_1", "cullface": "north"},
				"east": {"uv": [0, 0, 16, 16], "texture": "#1_1", "cullface": "east"},
				"south": {"uv": [0, 0, 16, 16], "texture": "#1_1", "cullface": "south"},
				"west": {"uv": [0, 0, 16, 16], "texture": "#1_1", "cullface": "west"},
				"up": {"uv": [0, 0, 16, 16], "texture": "#1_1", "cullface": "up"},
				"down": {"uv": [0, 0, 16, 16], "texture": "#1_1", "cullface": "down"}
			}
		},
		{
			"from": [7.61272, 21.22597, 6.89045],
			"to": [8.37272, 23.88597, 7.65045],
			"rotation": {"angle": -22.5, "axis": "x", "origin": [7.99272, 23.88597, 7.27045]},
			"faces": {
				"north": {"uv": [0, 0, 16, 16], "texture": "#1_1", "cullface": "north"},
				"east": {"uv": [0, 0, 16, 16], "texture": "#1_1", "cullface": "east"},
				"south": {"uv": [0, 0, 16, 16], "texture": "#1_1", "cullface": "south"},
				"west": {"uv": [0, 0, 16, 16], "texture": "#1_1", "cullface": "west"},
				"up": {"uv": [0, 0, 16, 16], "texture": "#1_1", "cullface": "up"},
				"down": {"uv": [0, 0, 16, 16], "texture": "#1_1", "cullface": "down"}
			}
		},
		{
			"from": [7.61202, 21.60597, 8.35259],
			"to": [8.37202, 23.88597, 9.11259],
			"rotation": {"angle": 22.5, "axis": "x", "origin": [7.99202, 23.88597, 8.73259]},
			"faces": {
				"north": {"uv": [0, 0, 16, 16], "texture": "#1_1", "cullface": "north"},
				"east": {"uv": [0, 0, 16, 16], "texture": "#1_1", "cullface": "east"},
				"south": {"uv": [0, 0, 16, 16], "texture": "#1_1", "cullface": "south"},
				"west": {"uv": [0, 0, 16, 16], "texture": "#1_1", "cullface": "west"},
				"up": {"uv": [0, 0, 16, 16], "texture": "#1_1", "cullface": "up"},
				"down": {"uv": [0, 0, 16, 16], "texture": "#1_1", "cullface": "down"}
			}
		},
		{
			"from": [7.61237, 20.76965, 6.2704],
			"to": [8.37237, 22.66965, 7.0304],
			"rotation": {"angle": 45, "axis": "x", "origin": [7.99237, 20.76965, 6.6504]},
			"faces": {
				"north": {"uv": [0, 0, 16, 16], "texture": "#1_1", "cullface": "north"},
				"east": {"uv": [0, 0, 16, 16], "texture": "#1_1", "cullface": "east"},
				"south": {"uv": [0, 0, 16, 16], "texture": "#1_1", "cullface": "south"},
				"west": {"uv": [0, 0, 16, 16], "texture": "#1_1", "cullface": "west"},
				"up": {"uv": [0, 0, 16, 16], "texture": "#1_1", "cullface": "up"},
				"down": {"uv": [0, 0, 16, 16], "texture": "#1_1", "cullface": "down"}
			}
		},
		{
			"from": [7.61237, 20.76965, 8.97264],
			"to": [8.37237, 22.28965, 9.73264],
			"rotation": {"angle": -45, "axis": "x", "origin": [7.99237, 20.76965, 9.35264]},
			"faces": {
				"north": {"uv": [0, 0, 16, 16], "texture": "#1_1", "cullface": "north"},
				"east": {"uv": [0, 0, 16, 16], "texture": "#1_1", "cullface": "east"},
				"south": {"uv": [0, 0, 16, 16], "texture": "#1_1", "cullface": "south"},
				"west": {"uv": [0, 0, 16, 16], "texture": "#1_1", "cullface": "west"},
				"up": {"uv": [0, 0, 16, 16], "texture": "#1_1", "cullface": "up"},
				"down": {"uv": [0, 0, 16, 16], "texture": "#1_1", "cullface": "down"}
			}
		},
		{
			"from": [7.61237, 20.81174, 6.27075],
			"to": [8.37237, 23.47174, 7.03075],
			"rotation": {"angle": -45, "axis": "x", "origin": [7.99237, 23.47174, 6.65075]},
			"faces": {
				"north": {"uv": [0, 0, 16, 16], "texture": "#1_1", "cullface": "north"},
				"east": {"uv": [0, 0, 16, 16], "texture": "#1_1", "cullface": "east"},
				"south": {"uv": [0, 0, 16, 16], "texture": "#1_1", "cullface": "south"},
				"west": {"uv": [0, 0, 16, 16], "texture": "#1_1", "cullface": "west"},
				"up": {"uv": [0, 0, 16, 16], "texture": "#1_1", "cullface": "up"},
				"down": {"uv": [0, 0, 16, 16], "texture": "#1_1", "cullface": "down"}
			}
		},
		{
			"from": [7.61237, 21.57174, 8.97229],
			"to": [8.37237, 23.47174, 9.73229],
			"rotation": {"angle": 45, "axis": "x", "origin": [7.99237, 23.47174, 9.35229]},
			"faces": {
				"north": {"uv": [0, 0, 16, 16], "texture": "#1_1", "cullface": "north"},
				"east": {"uv": [0, 0, 16, 16], "texture": "#1_1", "cullface": "east"},
				"south": {"uv": [0, 0, 16, 16], "texture": "#1_1", "cullface": "south"},
				"west": {"uv": [0, 0, 16, 16], "texture": "#1_1", "cullface": "west"},
				"up": {"uv": [0, 0, 16, 16], "texture": "#1_1", "cullface": "up"},
				"down": {"uv": [0, 0, 16, 16], "texture": "#1_1", "cullface": "down"}
			}
		},
		{
			"from": [7.61237, 21.00955, 6.2362],
			"to": [8.37237, 21.76955, 8.1362],
			"rotation": {"angle": -22.5, "axis": "x", "origin": [7.99237, 21.38955, 6.2362]},
			"faces": {
				"north": {"uv": [0, 0, 16, 16], "texture": "#1_1", "cullface": "north"},
				"east": {"uv": [0, 0, 16, 16], "texture": "#1_1", "cullface": "east"},
				"south": {"uv": [0, 0, 16, 16], "texture": "#1_1", "cullface": "south"},
				"west": {"uv": [0, 0, 16, 16], "texture": "#1_1", "cullface": "west"},
				"up": {"uv": [0, 0, 16, 16], "texture": "#1_1", "cullface": "up"},
				"down": {"uv": [0, 0, 16, 16], "texture": "#1_1", "cullface": "down"}
			}
		},
		{
			"from": [7.61237, 21.00955, 7.86684],
			"to": [8.37237, 21.76955, 9.76684],
			"rotation": {"angle": 22.5, "axis": "x", "origin": [7.99237, 21.38955, 9.76684]},
			"faces": {
				"north": {"uv": [0, 0, 16, 16], "texture": "#1_1", "cullface": "north"},
				"east": {"uv": [0, 0, 16, 16], "texture": "#1_1", "cullface": "east"},
				"south": {"uv": [0, 0, 16, 16], "rotation": 180, "texture": "#1_1", "cullface": "south"},
				"west": {"uv": [0, 0, 16, 16], "texture": "#1_1", "cullface": "west"},
				"up": {"uv": [0, 0, 16, 16], "texture": "#1_1", "cullface": "up"},
				"down": {"uv": [0, 0, 16, 16], "texture": "#1_1", "cullface": "down"}
			}
		},
		{
			"from": [7.61237, 22.47184, 6.23655],
			"to": [8.37237, 23.23184, 8.13655],
			"rotation": {"angle": 22.5, "axis": "x", "origin": [7.99237, 22.85184, 6.23655]},
			"faces": {
				"north": {"uv": [0, 0, 16, 16], "texture": "#1_1", "cullface": "north"},
				"east": {"uv": [0, 0, 16, 16], "texture": "#1_1", "cullface": "east"},
				"south": {"uv": [0, 0, 16, 16], "texture": "#1_1", "cullface": "south"},
				"west": {"uv": [0, 0, 16, 16], "texture": "#1_1", "cullface": "west"},
				"up": {"uv": [0, 0, 16, 16], "texture": "#1_1", "cullface": "up"},
				"down": {"uv": [0, 0, 16, 16], "texture": "#1_1", "cullface": "down"}
			}
		},
		{
			"from": [7.61237, 22.47184, 7.10649],
			"to": [8.37237, 23.23184, 9.76649],
			"rotation": {"angle": -22.5, "axis": "x", "origin": [7.99237, 22.85184, 9.76649]},
			"faces": {
				"north": {"uv": [0, 0, 16, 16], "texture": "#1_1", "cullface": "north"},
				"east": {"uv": [0, 0, 16, 16], "texture": "#1_1", "cullface": "east"},
				"south": {"uv": [0, 0, 16, 16], "rotation": 180, "texture": "#1_1", "cullface": "south"},
				"west": {"uv": [0, 0, 16, 16], "texture": "#1_1", "cullface": "west"},
				"up": {"uv": [0, 0, 16, 16], "texture": "#1_1", "cullface": "up"},
				"down": {"uv": [0, 0, 16, 16], "texture": "#1_1", "cullface": "down"}
			}
		},
		{
			"from": [7.61237, 21.74077, 6.09113],
			"to": [8.37237, 22.50077, 7.99113],
			"rotation": {"angle": 0, "axis": "x", "origin": [7.99237, 22.12077, 6.09113]},
			"faces": {
				"north": {"uv": [0, 0, 16, 16], "texture": "#1_1", "cullface": "north"},
				"east": {"uv": [0, 0, 16, 16], "texture": "#1_1", "cullface": "east"},
				"south": {"uv": [0, 0, 16, 16], "texture": "#1_1", "cullface": "south"},
				"west": {"uv": [0, 0, 16, 16], "texture": "#1_1", "cullface": "west"},
				"up": {"uv": [0, 0, 16, 16], "texture": "#1_1", "cullface": "up"},
				"down": {"uv": [0, 0, 16, 16], "texture": "#1_1", "cullface": "down"}
			}
		},
		{
			"from": [7.61237, 21.74077, 8.01191],
			"to": [8.37237, 22.50077, 9.91191],
			"rotation": {"angle": 0, "axis": "x", "origin": [7.99237, 22.12077, 9.91191]},
			"faces": {
				"north": {"uv": [0, 0, 16, 16], "texture": "#1_1", "cullface": "north"},
				"east": {"uv": [0, 0, 16, 16], "texture": "#1_1", "cullface": "east"},
				"south": {"uv": [0, 0, 16, 16], "rotation": 180, "texture": "#1_1", "cullface": "south"},
				"west": {"uv": [0, 0, 16, 16], "texture": "#1_1", "cullface": "west"},
				"up": {"uv": [0, 0, 16, 16], "texture": "#1_1", "cullface": "up"},
				"down": {"uv": [0, 0, 16, 16], "texture": "#1_1", "cullface": "down"}
			}
		},
		{
			"from": [7.61272, 24.03139, 7.62152],
			"to": [8.37272, 24.03139, 8.38152],
			"rotation": {"angle": 0, "axis": "y", "origin": [10.65272, 20.99139, 10.66152]},
			"faces": {
				"north": {"uv": [0, 0, 16, 16], "texture": "#1_1", "cullface": "north"},
				"east": {"uv": [0, 0, 16, 16], "texture": "#1_1", "cullface": "east"},
				"south": {"uv": [0, 0, 16, 16], "texture": "#1_1", "cullface": "south"},
				"west": {"uv": [0, 0, 16, 16], "texture": "#1_1", "cullface": "west"},
				"up": {"uv": [0, 0, 16, 16], "texture": "#1_1", "cullface": "up"},
				"down": {"uv": [0, 0, 16, 16], "texture": "#1_1", "cullface": "down"}
			}
		},
		{
			"from": [7.61272, 20.23139, 7.62152],
			"to": [8.37272, 23.99339, 8.38152],
			"rotation": {"angle": 0, "axis": "y", "origin": [10.65272, 20.95339, 10.66152]},
			"faces": {
				"north": {"uv": [0, 0, 16, 16], "texture": "#1_1", "cullface": "north"},
				"east": {"uv": [0, 0, 16, 16], "texture": "#1_1", "cullface": "east"},
				"south": {"uv": [0, 0, 16, 16], "texture": "#1_1", "cullface": "south"},
				"west": {"uv": [0, 0, 16, 16], "texture": "#1_1", "cullface": "west"},
				"up": {"uv": [0, 0, 16, 16], "texture": "#1_1", "cullface": "up"},
				"down": {"uv": [0, 0, 16, 16], "texture": "#1_1", "cullface": "down"}
			}
		},
		{
			"from": [8.37272, 21.71339, 7.62152],
			"to": [9.89272, 22.43539, 8.38152],
			"rotation": {"angle": 0, "axis": "y", "origin": [11.41272, 20.95339, 10.66152]},
			"faces": {
				"north": {"uv": [0, 0, 16, 16], "texture": "#1_1", "cullface": "north"},
				"east": {"uv": [0, 0, 16, 16], "texture": "#1_1", "cullface": "east"},
				"south": {"uv": [0, 0, 16, 16], "texture": "#1_1", "cullface": "south"},
				"west": {"uv": [0, 0, 16, 16], "texture": "#1_1", "cullface": "west"},
				"up": {"uv": [0, 0, 16, 16], "texture": "#1_1", "cullface": "up"},
				"down": {"uv": [0, 0, 16, 16], "texture": "#1_1", "cullface": "down"}
			}
		},
		{
			"from": [6.09272, 21.71339, 7.62152],
			"to": [7.61272, 22.43539, 8.38152],
			"rotation": {"angle": 0, "axis": "y", "origin": [9.13272, 20.95339, 10.66152]},
			"faces": {
				"north": {"uv": [0, 0, 16, 16], "texture": "#1_1", "cullface": "north"},
				"east": {"uv": [0, 0, 16, 16], "texture": "#1_1", "cullface": "east"},
				"south": {"uv": [0, 0, 16, 16], "texture": "#1_1", "cullface": "south"},
				"west": {"uv": [0, 0, 16, 16], "texture": "#1_1", "cullface": "west"},
				"up": {"uv": [0, 0, 16, 16], "texture": "#1_1", "cullface": "up"},
				"down": {"uv": [0, 0, 16, 16], "texture": "#1_1", "cullface": "down"}
			}
		},
		{
			"from": [6.88115, 20.35545, 7.62152],
			"to": [7.64115, 22.25545, 8.38152],
			"rotation": {"angle": -22.5, "axis": "z", "origin": [7.26115, 20.35545, 8.00152]},
			"faces": {
				"north": {"uv": [0, 0, 16, 16], "texture": "#1_1", "cullface": "north"},
				"east": {"uv": [0, 0, 16, 16], "texture": "#1_1", "cullface": "east"},
				"south": {"uv": [0, 0, 16, 16], "texture": "#1_1", "cullface": "south"},
				"west": {"uv": [0, 0, 16, 16], "texture": "#1_1", "cullface": "west"},
				"up": {"uv": [0, 0, 16, 16], "texture": "#1_1", "cullface": "up"},
				"down": {"uv": [0, 0, 16, 16], "texture": "#1_1", "cullface": "down"}
			}
		},
		{
			"from": [8.344, 20.35513, 7.62152],
			"to": [9.104, 21.87513, 8.38152],
			"rotation": {"angle": 22.5, "axis": "z", "origin": [8.724, 20.35513, 8.00152]},
			"faces": {
				"north": {"uv": [0, 0, 16, 16], "texture": "#1_1", "cullface": "north"},
				"east": {"uv": [0, 0, 16, 16], "texture": "#1_1", "cullface": "east"},
				"south": {"uv": [0, 0, 16, 16], "texture": "#1_1", "cullface": "south"},
				"west": {"uv": [0, 0, 16, 16], "texture": "#1_1", "cullface": "west"},
				"up": {"uv": [0, 0, 16, 16], "texture": "#1_1", "cullface": "up"},
				"down": {"uv": [0, 0, 16, 16], "texture": "#1_1", "cullface": "down"}
			}
		},
		{
			"from": [6.8815, 22.74595, 7.62152],
			"to": [7.6415, 23.88595, 8.38152],
			"rotation": {"angle": 22.5, "axis": "z", "origin": [7.2615, 23.88595, 8.00152]},
			"faces": {
				"north": {"uv": [0, 0, 16, 16], "texture": "#1_1", "cullface": "north"},
				"east": {"uv": [0, 0, 16, 16], "texture": "#1_1", "cullface": "east"},
				"south": {"uv": [0, 0, 16, 16], "texture": "#1_1", "cullface": "south"},
				"west": {"uv": [0, 0, 16, 16], "texture": "#1_1", "cullface": "west"},
				"up": {"uv": [0, 0, 16, 16], "texture": "#1_1", "cullface": "up"},
				"down": {"uv": [0, 0, 16, 16], "texture": "#1_1", "cullface": "down"}
			}
		},
		{
			"from": [8.34365, 22.74562, 7.62152],
			"to": [9.10365, 23.88562, 8.38152],
			"rotation": {"angle": -22.5, "axis": "z", "origin": [8.72365, 23.88562, 8.00152]},
			"faces": {
				"north": {"uv": [0, 0, 16, 16], "texture": "#1_1", "cullface": "north"},
				"east": {"uv": [0, 0, 16, 16], "texture": "#1_1", "cullface": "east"},
				"south": {"uv": [0, 0, 16, 16], "texture": "#1_1", "cullface": "south"},
				"west": {"uv": [0, 0, 16, 16], "texture": "#1_1", "cullface": "west"},
				"up": {"uv": [0, 0, 16, 16], "texture": "#1_1", "cullface": "up"},
				"down": {"uv": [0, 0, 16, 16], "texture": "#1_1", "cullface": "down"}
			}
		},
		{
			"from": [6.26125, 20.76965, 7.62152],
			"to": [7.02125, 22.28965, 8.38152],
			"rotation": {"angle": -45, "axis": "z", "origin": [6.64125, 20.76965, 8.00152]},
			"faces": {
				"north": {"uv": [0, 0, 16, 16], "texture": "#1_1", "cullface": "north"},
				"east": {"uv": [0, 0, 16, 16], "texture": "#1_1", "cullface": "east"},
				"south": {"uv": [0, 0, 16, 16], "texture": "#1_1", "cullface": "south"},
				"west": {"uv": [0, 0, 16, 16], "texture": "#1_1", "cullface": "west"},
				"up": {"uv": [0, 0, 16, 16], "texture": "#1_1", "cullface": "up"},
				"down": {"uv": [0, 0, 16, 16], "texture": "#1_1", "cullface": "down"}
			}
		},
		{
			"from": [8.9639, 20.76933, 7.62152],
			"to": [9.7239, 22.28933, 8.38152],
			"rotation": {"angle": 45, "axis": "z", "origin": [9.3439, 20.76933, 8.00152]},
			"faces": {
				"north": {"uv": [0, 0, 16, 16], "texture": "#1_1", "cullface": "north"},
				"east": {"uv": [0, 0, 16, 16], "texture": "#1_1", "cullface": "east"},
				"south": {"uv": [0, 0, 16, 16], "texture": "#1_1", "cullface": "south"},
				"west": {"uv": [0, 0, 16, 16], "texture": "#1_1", "cullface": "west"},
				"up": {"uv": [0, 0, 16, 16], "texture": "#1_1", "cullface": "up"},
				"down": {"uv": [0, 0, 16, 16], "texture": "#1_1", "cullface": "down"}
			}
		},
		{
			"from": [6.2616, 21.95174, 7.62152],
			"to": [7.0216, 23.47174, 8.38152],
			"rotation": {"angle": 45, "axis": "z", "origin": [6.6416, 23.47174, 8.00152]},
			"faces": {
				"north": {"uv": [0, 0, 16, 16], "texture": "#1_1", "cullface": "north"},
				"east": {"uv": [0, 0, 16, 16], "texture": "#1_1", "cullface": "east"},
				"south": {"uv": [0, 0, 16, 16], "texture": "#1_1", "cullface": "south"},
				"west": {"uv": [0, 0, 16, 16], "texture": "#1_1", "cullface": "west"},
				"up": {"uv": [0, 0, 16, 16], "texture": "#1_1", "cullface": "up"},
				"down": {"uv": [0, 0, 16, 16], "texture": "#1_1", "cullface": "down"}
			}
		},
		{
			"from": [8.96354, 21.95142, 7.62152],
			"to": [9.72354, 23.47142, 8.38152],
			"rotation": {"angle": -45, "axis": "z", "origin": [9.34354, 23.47142, 8.00152]},
			"faces": {
				"north": {"uv": [0, 0, 16, 16], "texture": "#1_1", "cullface": "north"},
				"east": {"uv": [0, 0, 16, 16], "texture": "#1_1", "cullface": "east"},
				"south": {"uv": [0, 0, 16, 16], "texture": "#1_1", "cullface": "south"},
				"west": {"uv": [0, 0, 16, 16], "texture": "#1_1", "cullface": "west"},
				"up": {"uv": [0, 0, 16, 16], "texture": "#1_1", "cullface": "up"},
				"down": {"uv": [0, 0, 16, 16], "texture": "#1_1", "cullface": "down"}
			}
		},
		{
			"from": [6.22705, 21.00955, 7.62152],
			"to": [8.50705, 21.76955, 8.38152],
			"rotation": {"angle": 22.5, "axis": "z", "origin": [6.22705, 21.38955, 8.00152]},
			"faces": {
				"north": {"uv": [0, 0, 16, 16], "texture": "#1_1", "cullface": "north"},
				"east": {"uv": [0, 0, 16, 16], "texture": "#1_1", "cullface": "east"},
				"south": {"uv": [0, 0, 16, 16], "rotation": 90, "texture": "#1_1", "cullface": "south"},
				"west": {"uv": [0, 0, 16, 16], "texture": "#1_1", "cullface": "west"},
				"up": {"uv": [0, 0, 16, 16], "texture": "#1_1", "cullface": "up"},
				"down": {"uv": [0, 0, 16, 16], "texture": "#1_1", "cullface": "down"}
			}
		},
		{
			"from": [8.2381, 21.00923, 7.62152],
			"to": [9.7581, 21.76923, 8.38152],
			"rotation": {"angle": -22.5, "axis": "z", "origin": [9.7581, 21.38923, 8.00152]},
			"faces": {
				"north": {"uv": [0, 0, 16, 16], "texture": "#1_1", "cullface": "north"},
				"east": {"uv": [0, 0, 16, 16], "texture": "#1_1", "cullface": "east"},
				"south": {"uv": [0, 0, 16, 16], "rotation": 90, "texture": "#1_1", "cullface": "south"},
				"west": {"uv": [0, 0, 16, 16], "texture": "#1_1", "cullface": "west"},
				"up": {"uv": [0, 0, 16, 16], "texture": "#1_1", "cullface": "up"},
				"down": {"uv": [0, 0, 16, 16], "texture": "#1_1", "cullface": "down"}
			}
		},
		{
			"from": [6.2274, 22.47184, 7.62152],
			"to": [7.7474, 23.23184, 8.38152],
			"rotation": {"angle": -22.5, "axis": "z", "origin": [6.2274, 22.85184, 8.00152]},
			"faces": {
				"north": {"uv": [0, 0, 16, 16], "texture": "#1_1", "cullface": "north"},
				"east": {"uv": [0, 0, 16, 16], "texture": "#1_1", "cullface": "east"},
				"south": {"uv": [0, 0, 16, 16], "rotation": 90, "texture": "#1_1", "cullface": "south"},
				"west": {"uv": [0, 0, 16, 16], "texture": "#1_1", "cullface": "west"},
				"up": {"uv": [0, 0, 16, 16], "texture": "#1_1", "cullface": "up"},
				"down": {"uv": [0, 0, 16, 16], "texture": "#1_1", "cullface": "down"}
			}
		},
		{
			"from": [7.85775, 22.47152, 7.62152],
			"to": [9.75775, 23.23152, 8.38152],
			"rotation": {"angle": 22.5, "axis": "z", "origin": [9.75775, 22.85152, 8.00152]},
			"faces": {
				"north": {"uv": [0, 0, 16, 16], "texture": "#1_1", "cullface": "north"},
				"east": {"uv": [0, 0, 16, 16], "texture": "#1_1", "cullface": "east"},
				"south": {"uv": [0, 0, 16, 16], "rotation": 90, "texture": "#1_1", "cullface": "south"},
				"west": {"uv": [0, 0, 16, 16], "texture": "#1_1", "cullface": "west"},
				"up": {"uv": [0, 0, 16, 16], "texture": "#1_1", "cullface": "up"},
				"down": {"uv": [0, 0, 16, 16], "texture": "#1_1", "cullface": "down"}
			}
		},
		{
			"from": [6.0816, 21.74077, 7.62152],
			"to": [6.0816, 22.50077, 8.38152],
			"rotation": {"angle": 0, "axis": "z", "origin": [6.0816, 22.12077, 8.00152]},
			"faces": {
				"north": {"uv": [0, 0, 16, 16], "texture": "#1_1", "cullface": "north"},
				"east": {"uv": [0, 0, 16, 16], "texture": "#1_1", "cullface": "east"},
				"south": {"uv": [0, 0, 16, 16], "rotation": 90, "texture": "#1_1", "cullface": "south"},
				"west": {"uv": [0, 0, 16, 16], "texture": "#1_1", "cullface": "west"},
				"up": {"uv": [0, 0, 16, 16], "texture": "#1_1", "cullface": "up"},
				"down": {"uv": [0, 0, 16, 16], "texture": "#1_1", "cullface": "down"}
			}
		},
		{
			"from": [6.2274, 21.74077, 8.35259],
			"to": [8.1274, 22.50077, 9.11259],
			"rotation": {"angle": 22.5, "axis": "y", "origin": [6.2274, 22.12077, 8.73259]},
			"faces": {
				"north": {"uv": [0, 0, 16, 16], "texture": "#1_1", "cullface": "north"},
				"east": {"uv": [0, 0, 16, 16], "texture": "#1_1", "cullface": "east"},
				"south": {"uv": [0, 0, 16, 16], "rotation": 90, "texture": "#1_1", "cullface": "south"},
				"west": {"uv": [0, 0, 16, 16], "texture": "#1_1", "cullface": "west"},
				"up": {"uv": [0, 0, 16, 16], "texture": "#1_1", "cullface": "up"},
				"down": {"uv": [0, 0, 16, 16], "texture": "#1_1", "cullface": "down"}
			}
		},
		{
			"from": [7.47734, 21.74077, 8.35259],
			"to": [9.75734, 22.50077, 9.11259],
			"rotation": {"angle": -22.5, "axis": "y", "origin": [9.75734, 22.12077, 8.73259]},
			"faces": {
				"north": {"uv": [0, 0, 16, 16], "texture": "#1_1", "cullface": "north"},
				"east": {"uv": [0, 0, 16, 16], "texture": "#1_1", "cullface": "east"},
				"south": {"uv": [0, 0, 16, 16], "rotation": 90, "texture": "#1_1", "cullface": "south"},
				"west": {"uv": [0, 0, 16, 16], "texture": "#1_1", "cullface": "west"},
				"up": {"uv": [0, 0, 16, 16], "texture": "#1_1", "cullface": "up"},
				"down": {"uv": [0, 0, 16, 16], "texture": "#1_1", "cullface": "down"}
			}
		},
		{
			"from": [7.47734, 21.74077, 6.89045],
			"to": [9.75734, 22.50077, 7.65045],
			"rotation": {"angle": 22.5, "axis": "y", "origin": [9.75734, 22.12077, 7.27045]},
			"faces": {
				"north": {"uv": [0, 0, 16, 16], "texture": "#1_1", "cullface": "north"},
				"east": {"uv": [0, 0, 16, 16], "texture": "#1_1", "cullface": "east"},
				"south": {"uv": [0, 0, 16, 16], "rotation": 270, "texture": "#1_1", "cullface": "south"},
				"west": {"uv": [0, 0, 16, 16], "texture": "#1_1", "cullface": "west"},
				"up": {"uv": [0, 0, 16, 16], "texture": "#1_1", "cullface": "up"},
				"down": {"uv": [0, 0, 16, 16], "texture": "#1_1", "cullface": "down"}
			}
		},
		{
			"from": [6.2274, 21.74077, 6.89045],
			"to": [9.2674, 22.50077, 7.65045],
			"rotation": {"angle": -22.5, "axis": "y", "origin": [6.2274, 22.12077, 7.27045]},
			"faces": {
				"north": {"uv": [0, 0, 16, 16], "texture": "#1_1", "cullface": "north"},
				"east": {"uv": [0, 0, 16, 16], "texture": "#1_1", "cullface": "east"},
				"south": {"uv": [0, 0, 16, 16], "rotation": 270, "texture": "#1_1", "cullface": "south"},
				"west": {"uv": [0, 0, 16, 16], "texture": "#1_1", "cullface": "west"},
				"up": {"uv": [0, 0, 16, 16], "texture": "#1_1", "cullface": "up"},
				"down": {"uv": [0, 0, 16, 16], "texture": "#1_1", "cullface": "down"}
			}
		},
		{
			"from": [6.64152, 21.74077, 8.97237],
			"to": [8.16152, 22.50077, 9.73237],
			"rotation": {"angle": 45, "axis": "y", "origin": [6.64152, 22.12077, 9.35237]},
			"faces": {
				"north": {"uv": [0, 0, 16, 16], "texture": "#1_1", "cullface": "north"},
				"east": {"uv": [0, 0, 16, 16], "texture": "#1_1", "cullface": "east"},
				"south": {"uv": [0, 0, 16, 16], "rotation": 90, "texture": "#1_1", "cullface": "south"},
				"west": {"uv": [0, 0, 16, 16], "texture": "#1_1", "cullface": "west"},
				"up": {"uv": [0, 0, 16, 16], "texture": "#1_1", "cullface": "up"},
				"down": {"uv": [0, 0, 16, 16], "texture": "#1_1", "cullface": "down"}
			}
		},
		{
			"from": [7.44322, 21.74077, 8.97237],
			"to": [9.34322, 22.50077, 9.73237],
			"rotation": {"angle": -45, "axis": "y", "origin": [9.34322, 22.12077, 9.35237]},
			"faces": {
				"north": {"uv": [0, 0, 16, 16], "texture": "#1_1", "cullface": "north"},
				"east": {"uv": [0, 0, 16, 16], "texture": "#1_1", "cullface": "east"},
				"south": {"uv": [0, 0, 16, 16], "rotation": 90, "texture": "#1_1", "cullface": "south"},
				"west": {"uv": [0, 0, 16, 16], "texture": "#1_1", "cullface": "west"},
				"up": {"uv": [0, 0, 16, 16], "texture": "#1_1", "cullface": "up"},
				"down": {"uv": [0, 0, 16, 16], "texture": "#1_1", "cullface": "down"}
			}
		},
		{
			"from": [7.06322, 21.74077, 6.27067],
			"to": [9.34322, 22.50077, 7.03067],
			"rotation": {"angle": 45, "axis": "y", "origin": [9.34322, 22.12077, 6.65067]},
			"faces": {
				"north": {"uv": [0, 0, 16, 16], "texture": "#1_1", "cullface": "north"},
				"east": {"uv": [0, 0, 16, 16], "texture": "#1_1", "cullface": "east"},
				"south": {"uv": [0, 0, 16, 16], "rotation": 270, "texture": "#1_1", "cullface": "south"},
				"west": {"uv": [0, 0, 16, 16], "texture": "#1_1", "cullface": "west"},
				"up": {"uv": [0, 0, 16, 16], "texture": "#1_1", "cullface": "up"},
				"down": {"uv": [0, 0, 16, 16], "texture": "#1_1", "cullface": "down"}
			}
		},
		{
			"from": [6.64152, 21.74077, 6.27067],
			"to": [10.44152, 22.50077, 7.03067],
			"rotation": {"angle": -45, "axis": "y", "origin": [6.64152, 22.12077, 6.65067]},
			"faces": {
				"north": {"uv": [0, 0, 16, 16], "texture": "#1_1", "cullface": "north"},
				"east": {"uv": [0, 0, 16, 16], "texture": "#1_1", "cullface": "east"},
				"south": {"uv": [0, 0, 16, 16], "rotation": 270, "texture": "#1_1", "cullface": "south"},
				"west": {"uv": [0, 0, 16, 16], "texture": "#1_1", "cullface": "west"},
				"up": {"uv": [0, 0, 16, 16], "texture": "#1_1", "cullface": "up"},
				"down": {"uv": [0, 0, 16, 16], "texture": "#1_1", "cullface": "down"}
			}
		},
		{
			"from": [6.88144, 21.74077, 7.86614],
			"to": [7.64144, 22.50077, 9.76614],
			"rotation": {"angle": -22.5, "axis": "y", "origin": [7.26144, 22.12077, 9.76614]},
			"faces": {
				"north": {"uv": [0, 0, 16, 16], "texture": "#1_1", "cullface": "north"},
				"east": {"uv": [0, 0, 16, 16], "texture": "#1_1", "cullface": "east"},
				"south": {"uv": [0, 0, 16, 16], "rotation": 90, "texture": "#1_1", "cullface": "south"},
				"west": {"uv": [0, 0, 16, 16], "texture": "#1_1", "cullface": "west"},
				"up": {"uv": [0, 0, 16, 16], "texture": "#1_1", "cullface": "up"},
				"down": {"uv": [0, 0, 16, 16], "texture": "#1_1", "cullface": "down"}
			}
		},
		{
			"from": [8.3433, 21.74077, 7.48614],
			"to": [9.1033, 22.50077, 9.76614],
			"rotation": {"angle": 22.5, "axis": "y", "origin": [8.7233, 22.12077, 9.76614]},
			"faces": {
				"north": {"uv": [0, 0, 16, 16], "texture": "#1_1", "cullface": "north"},
				"east": {"uv": [0, 0, 16, 16], "texture": "#1_1", "cullface": "east"},
				"south": {"uv": [0, 0, 16, 16], "rotation": 90, "texture": "#1_1", "cullface": "south"},
				"west": {"uv": [0, 0, 16, 16], "texture": "#1_1", "cullface": "west"},
				"up": {"uv": [0, 0, 16, 16], "texture": "#1_1", "cullface": "up"},
				"down": {"uv": [0, 0, 16, 16], "texture": "#1_1", "cullface": "down"}
			}
		},
		{
			"from": [8.3433, 21.74077, 6.2369],
			"to": [9.1033, 22.50077, 8.1369],
			"rotation": {"angle": -22.5, "axis": "y", "origin": [8.7233, 22.12077, 6.2369]},
			"faces": {
				"north": {"uv": [0, 0, 16, 16], "texture": "#1_1", "cullface": "north"},
				"east": {"uv": [0, 0, 16, 16], "texture": "#1_1", "cullface": "east"},
				"south": {"uv": [0, 0, 16, 16], "rotation": 90, "texture": "#1_1", "cullface": "south"},
				"west": {"uv": [0, 0, 16, 16], "texture": "#1_1", "cullface": "west"},
				"up": {"uv": [0, 0, 16, 16], "texture": "#1_1", "cullface": "up"},
				"down": {"uv": [0, 0, 16, 16], "texture": "#1_1", "cullface": "down"}
			}
		},
		{
			"from": [6.88144, 21.74077, 6.2369],
			"to": [7.64144, 22.50077, 8.8969],
			"rotation": {"angle": 22.5, "axis": "y", "origin": [7.26144, 22.12077, 6.2369]},
			"faces": {
				"north": {"uv": [0, 0, 16, 16], "texture": "#1_1", "cullface": "north"},
				"east": {"uv": [0, 0, 16, 16], "texture": "#1_1", "cullface": "east"},
				"south": {"uv": [0, 0, 16, 16], "rotation": 90, "texture": "#1_1", "cullface": "south"},
				"west": {"uv": [0, 0, 16, 16], "texture": "#1_1", "cullface": "west"},
				"up": {"uv": [0, 0, 16, 16], "texture": "#1_1", "cullface": "up"},
				"down": {"uv": [0, 0, 16, 16], "texture": "#1_1", "cullface": "down"}
			}
		},
		{
			"from": [9.90355, 21.74045, 7.62152],
			"to": [9.90355, 22.50045, 8.38152],
			"rotation": {"angle": 0, "axis": "z", "origin": [9.90355, 22.12045, 8.00152]},
			"faces": {
				"north": {"uv": [0, 0, 16, 16], "texture": "#1_1", "cullface": "north"},
				"east": {"uv": [0, 0, 16, 16], "texture": "#1_1", "cullface": "east"},
				"south": {"uv": [0, 0, 16, 16], "rotation": 90, "texture": "#1_1", "cullface": "south"},
				"west": {"uv": [0, 0, 16, 16], "texture": "#1_1", "cullface": "west"},
				"up": {"uv": [0, 0, 16, 16], "texture": "#1_1", "cullface": "up"},
				"down": {"uv": [0, 0, 16, 16], "texture": "#1_1", "cullface": "down"}
			}
		},
		{
			"from": [8.37237, 22.49, 8.38152],
			"to": [8.75237, 22.87, 9.74952],
			"rotation": {"angle": 0, "axis": "y", "origin": [11.41237, 25.53, 11.42152]},
			"faces": {
				"north": {"uv": [0, 0, 16, 16], "texture": "#1_1", "cullface": "north"},
				"east": {"uv": [0, 0, 16, 16], "texture": "#1_1", "cullface": "east"},
				"south": {"uv": [0, 0, 16, 16], "texture": "#1_1", "cullface": "south"},
				"west": {"uv": [0, 0, 16, 16], "texture": "#1_1", "cullface": "west"},
				"up": {"uv": [0, 0, 16, 16], "texture": "#1_1", "cullface": "up"},
				"down": {"uv": [0, 0, 16, 16], "texture": "#1_1", "cullface": "down"}
			}
		},
		{
			"from": [8.37237, 21.35, 8.38152],
			"to": [8.75237, 21.73, 9.74952],
			"rotation": {"angle": 0, "axis": "y", "origin": [11.41237, 18.69, 11.42152]},
			"faces": {
				"north": {"uv": [0, 0, 16, 16], "texture": "#1_1", "cullface": "north"},
				"east": {"uv": [0, 0, 16, 16], "texture": "#1_1", "cullface": "east"},
				"south": {"uv": [0, 0, 16, 16], "texture": "#1_1", "cullface": "south"},
				"west": {"uv": [0, 0, 16, 16], "texture": "#1_1", "cullface": "west"},
				"up": {"uv": [0, 0, 16, 16], "texture": "#1_1", "cullface": "up"},
				"down": {"uv": [0, 0, 16, 16], "texture": "#1_1", "cullface": "down"}
			}
		},
		{
			"from": [7.23237, 21.35, 8.38152],
			"to": [7.61237, 21.73, 9.74952],
			"rotation": {"angle": 0, "axis": "y", "origin": [4.57237, 18.69, 11.42152]},
			"faces": {
				"north": {"uv": [0, 0, 16, 16], "texture": "#1_1", "cullface": "north"},
				"east": {"uv": [0, 0, 16, 16], "texture": "#1_1", "cullface": "east"},
				"south": {"uv": [0, 0, 16, 16], "texture": "#1_1", "cullface": "south"},
				"west": {"uv": [0, 0, 16, 16], "texture": "#1_1", "cullface": "west"},
				"up": {"uv": [0, 0, 16, 16], "texture": "#1_1", "cullface": "up"},
				"down": {"uv": [0, 0, 16, 16], "texture": "#1_1", "cullface": "down"}
			}
		},
		{
			"from": [7.23237, 22.49, 8.38152],
			"to": [7.61237, 22.87, 9.74952],
			"rotation": {"angle": 0, "axis": "y", "origin": [4.57237, 25.53, 11.42152]},
			"faces": {
				"north": {"uv": [0, 0, 16, 16], "texture": "#1_1", "cullface": "north"},
				"east": {"uv": [0, 0, 16, 16], "texture": "#1_1", "cullface": "east"},
				"south": {"uv": [0, 0, 16, 16], "texture": "#1_1", "cullface": "south"},
				"west": {"uv": [0, 0, 16, 16], "texture": "#1_1", "cullface": "west"},
				"up": {"uv": [0, 0, 16, 16], "texture": "#1_1", "cullface": "up"},
				"down": {"uv": [0, 0, 16, 16], "texture": "#1_1", "cullface": "down"}
			}
		},
		{
			"from": [7.23237, 22.49, 6.25352],
			"to": [7.61237, 22.87, 7.62152],
			"rotation": {"angle": 0, "axis": "y", "origin": [4.57237, 25.53, 4.58152]},
			"faces": {
				"north": {"uv": [0, 0, 16, 16], "texture": "#1_1", "cullface": "north"},
				"east": {"uv": [0, 0, 16, 16], "texture": "#1_1", "cullface": "east"},
				"south": {"uv": [0, 0, 16, 16], "texture": "#1_1", "cullface": "south"},
				"west": {"uv": [0, 0, 16, 16], "texture": "#1_1", "cullface": "west"},
				"up": {"uv": [0, 0, 16, 16], "texture": "#1_1", "cullface": "up"},
				"down": {"uv": [0, 0, 16, 16], "texture": "#1_1", "cullface": "down"}
			}
		},
		{
			"from": [8.37237, 22.49, 6.25352],
			"to": [8.75237, 22.87, 7.62152],
			"rotation": {"angle": 0, "axis": "y", "origin": [11.41237, 25.53, 4.58152]},
			"faces": {
				"north": {"uv": [0, 0, 16, 16], "texture": "#1_1", "cullface": "north"},
				"east": {"uv": [0, 0, 16, 16], "texture": "#1_1", "cullface": "east"},
				"south": {"uv": [0, 0, 16, 16], "texture": "#1_1", "cullface": "south"},
				"west": {"uv": [0, 0, 16, 16], "texture": "#1_1", "cullface": "west"},
				"up": {"uv": [0, 0, 16, 16], "texture": "#1_1", "cullface": "up"},
				"down": {"uv": [0, 0, 16, 16], "texture": "#1_1", "cullface": "down"}
			}
		},
		{
			"from": [8.37237, 21.35, 6.25352],
			"to": [8.75237, 21.73, 7.62152],
			"rotation": {"angle": 0, "axis": "y", "origin": [11.41237, 18.69, 4.58152]},
			"faces": {
				"north": {"uv": [0, 0, 16, 16], "texture": "#1_1", "cullface": "north"},
				"east": {"uv": [0, 0, 16, 16], "texture": "#1_1", "cullface": "east"},
				"south": {"uv": [0, 0, 16, 16], "texture": "#1_1", "cullface": "south"},
				"west": {"uv": [0, 0, 16, 16], "texture": "#1_1", "cullface": "west"},
				"up": {"uv": [0, 0, 16, 16], "texture": "#1_1", "cullface": "up"},
				"down": {"uv": [0, 0, 16, 16], "texture": "#1_1", "cullface": "down"}
			}
		},
		{
			"from": [7.23237, 21.35, 6.25352],
			"to": [7.61237, 21.73, 7.62152],
			"rotation": {"angle": 0, "axis": "y", "origin": [4.57237, 18.69, 4.58152]},
			"faces": {
				"north": {"uv": [0, 0, 16, 16], "texture": "#1_1", "cullface": "north"},
				"east": {"uv": [0, 0, 16, 16], "texture": "#1_1", "cullface": "east"},
				"south": {"uv": [0, 0, 16, 16], "texture": "#1_1", "cullface": "south"},
				"west": {"uv": [0, 0, 16, 16], "texture": "#1_1", "cullface": "west"},
				"up": {"uv": [0, 0, 16, 16], "texture": "#1_1", "cullface": "up"},
				"down": {"uv": [0, 0, 16, 16], "texture": "#1_1", "cullface": "down"}
			}
		},
		{
			"from": [8.75237, 22.49, 8.38152],
			"to": [9.74037, 22.87, 8.76152],
			"rotation": {"angle": 0, "axis": "y", "origin": [11.79237, 25.53, 11.42152]},
			"faces": {
				"north": {"uv": [0, 0, 16, 16], "texture": "#1_1", "cullface": "north"},
				"east": {"uv": [0, 0, 16, 16], "texture": "#1_1", "cullface": "east"},
				"south": {"uv": [0, 0, 16, 16], "texture": "#1_1", "cullface": "south"},
				"west": {"uv": [0, 0, 16, 16], "texture": "#1_1", "cullface": "west"},
				"up": {"uv": [0, 0, 16, 16], "texture": "#1_1", "cullface": "up"},
				"down": {"uv": [0, 0, 16, 16], "texture": "#1_1", "cullface": "down"}
			}
		},
		{
			"from": [8.75237, 21.35, 8.38152],
			"to": [9.74037, 21.73, 8.76152],
			"rotation": {"angle": 0, "axis": "y", "origin": [11.79237, 18.69, 11.42152]},
			"faces": {
				"north": {"uv": [0, 0, 16, 16], "texture": "#1_1", "cullface": "north"},
				"east": {"uv": [0, 0, 16, 16], "texture": "#1_1", "cullface": "east"},
				"south": {"uv": [0, 0, 16, 16], "texture": "#1_1", "cullface": "south"},
				"west": {"uv": [0, 0, 16, 16], "texture": "#1_1", "cullface": "west"},
				"up": {"uv": [0, 0, 16, 16], "texture": "#1_1", "cullface": "up"},
				"down": {"uv": [0, 0, 16, 16], "texture": "#1_1", "cullface": "down"}
			}
		},
		{
			"from": [6.24437, 21.35, 8.38152],
			"to": [7.23237, 21.73, 8.76152],
			"rotation": {"angle": 0, "axis": "y", "origin": [4.19237, 18.69, 11.42152]},
			"faces": {
				"north": {"uv": [0, 0, 16, 16], "texture": "#1_1", "cullface": "north"},
				"east": {"uv": [0, 0, 16, 16], "texture": "#1_1", "cullface": "east"},
				"south": {"uv": [0, 0, 16, 16], "texture": "#1_1", "cullface": "south"},
				"west": {"uv": [0, 0, 16, 16], "texture": "#1_1", "cullface": "west"},
				"up": {"uv": [0, 0, 16, 16], "texture": "#1_1", "cullface": "up"},
				"down": {"uv": [0, 0, 16, 16], "texture": "#1_1", "cullface": "down"}
			}
		},
		{
			"from": [6.24437, 22.49, 8.38152],
			"to": [7.23237, 22.87, 8.76152],
			"rotation": {"angle": 0, "axis": "y", "origin": [4.19237, 25.53, 11.42152]},
			"faces": {
				"north": {"uv": [0, 0, 16, 16], "texture": "#1_1", "cullface": "north"},
				"east": {"uv": [0, 0, 16, 16], "texture": "#1_1", "cullface": "east"},
				"south": {"uv": [0, 0, 16, 16], "texture": "#1_1", "cullface": "south"},
				"west": {"uv": [0, 0, 16, 16], "texture": "#1_1", "cullface": "west"},
				"up": {"uv": [0, 0, 16, 16], "texture": "#1_1", "cullface": "up"},
				"down": {"uv": [0, 0, 16, 16], "texture": "#1_1", "cullface": "down"}
			}
		},
		{
			"from": [6.24437, 22.49, 7.24152],
			"to": [7.23237, 22.87, 7.62152],
			"rotation": {"angle": 0, "axis": "y", "origin": [4.19237, 25.53, 4.58152]},
			"faces": {
				"north": {"uv": [0, 0, 16, 16], "texture": "#1_1", "cullface": "north"},
				"east": {"uv": [0, 0, 16, 16], "texture": "#1_1", "cullface": "east"},
				"south": {"uv": [0, 0, 16, 16], "texture": "#1_1", "cullface": "south"},
				"west": {"uv": [0, 0, 16, 16], "texture": "#1_1", "cullface": "west"},
				"up": {"uv": [0, 0, 16, 16], "texture": "#1_1", "cullface": "up"},
				"down": {"uv": [0, 0, 16, 16], "texture": "#1_1", "cullface": "down"}
			}
		},
		{
			"from": [8.75237, 22.49, 7.24152],
			"to": [9.74037, 22.87, 7.62152],
			"rotation": {"angle": 0, "axis": "y", "origin": [11.79237, 25.53, 4.58152]},
			"faces": {
				"north": {"uv": [0, 0, 16, 16], "texture": "#1_1", "cullface": "north"},
				"east": {"uv": [0, 0, 16, 16], "texture": "#1_1", "cullface": "east"},
				"south": {"uv": [0, 0, 16, 16], "texture": "#1_1", "cullface": "south"},
				"west": {"uv": [0, 0, 16, 16], "texture": "#1_1", "cullface": "west"},
				"up": {"uv": [0, 0, 16, 16], "texture": "#1_1", "cullface": "up"},
				"down": {"uv": [0, 0, 16, 16], "texture": "#1_1", "cullface": "down"}
			}
		},
		{
			"from": [8.75237, 21.35, 7.24152],
			"to": [9.74037, 21.73, 7.62152],
			"rotation": {"angle": 0, "axis": "y", "origin": [11.79237, 18.69, 4.58152]},
			"faces": {
				"north": {"uv": [0, 0, 16, 16], "texture": "#1_1", "cullface": "north"},
				"east": {"uv": [0, 0, 16, 16], "texture": "#1_1", "cullface": "east"},
				"south": {"uv": [0, 0, 16, 16], "texture": "#1_1", "cullface": "south"},
				"west": {"uv": [0, 0, 16, 16], "texture": "#1_1", "cullface": "west"},
				"up": {"uv": [0, 0, 16, 16], "texture": "#1_1", "cullface": "up"},
				"down": {"uv": [0, 0, 16, 16], "texture": "#1_1", "cullface": "down"}
			}
		},
		{
			"from": [6.24437, 21.35, 7.24152],
			"to": [7.23237, 21.73, 7.62152],
			"rotation": {"angle": 0, "axis": "y", "origin": [4.19237, 18.69, 4.58152]},
			"faces": {
				"north": {"uv": [0, 0, 16, 16], "texture": "#1_1", "cullface": "north"},
				"east": {"uv": [0, 0, 16, 16], "texture": "#1_1", "cullface": "east"},
				"south": {"uv": [0, 0, 16, 16], "texture": "#1_1", "cullface": "south"},
				"west": {"uv": [0, 0, 16, 16], "texture": "#1_1", "cullface": "west"},
				"up": {"uv": [0, 0, 16, 16], "texture": "#1_1", "cullface": "up"},
				"down": {"uv": [0, 0, 16, 16], "texture": "#1_1", "cullface": "down"}
			}
		},
		{
			"from": [8.37237, 22.87, 8.38152],
			"to": [8.75237, 23.858, 8.76152],
			"rotation": {"angle": 0, "axis": "y", "origin": [11.41237, 25.91, 11.42152]},
			"faces": {
				"north": {"uv": [0, 0, 16, 16], "texture": "#1_1", "cullface": "north"},
				"east": {"uv": [0, 0, 16, 16], "texture": "#1_1", "cullface": "east"},
				"south": {"uv": [0, 0, 16, 16], "texture": "#1_1", "cullface": "south"},
				"west": {"uv": [0, 0, 16, 16], "texture": "#1_1", "cullface": "west"},
				"up": {"uv": [0, 0, 16, 16], "texture": "#1_1", "cullface": "up"},
				"down": {"uv": [0, 0, 16, 16], "texture": "#1_1", "cullface": "down"}
			}
		},
		{
			"from": [8.37237, 20.362, 8.38152],
			"to": [8.75237, 21.35, 8.76152],
			"rotation": {"angle": 0, "axis": "y", "origin": [11.41237, 18.31, 11.42152]},
			"faces": {
				"north": {"uv": [0, 0, 16, 16], "texture": "#1_1", "cullface": "north"},
				"east": {"uv": [0, 0, 16, 16], "texture": "#1_1", "cullface": "east"},
				"south": {"uv": [0, 0, 16, 16], "texture": "#1_1", "cullface": "south"},
				"west": {"uv": [0, 0, 16, 16], "texture": "#1_1", "cullface": "west"},
				"up": {"uv": [0, 0, 16, 16], "texture": "#1_1", "cullface": "up"},
				"down": {"uv": [0, 0, 16, 16], "texture": "#1_1", "cullface": "down"}
			}
		},
		{
			"from": [7.23237, 20.362, 8.38152],
			"to": [7.61237, 21.35, 8.76152],
			"rotation": {"angle": 0, "axis": "y", "origin": [4.57237, 18.31, 11.42152]},
			"faces": {
				"north": {"uv": [0, 0, 16, 16], "texture": "#1_1", "cullface": "north"},
				"east": {"uv": [0, 0, 16, 16], "texture": "#1_1", "cullface": "east"},
				"south": {"uv": [0, 0, 16, 16], "texture": "#1_1", "cullface": "south"},
				"west": {"uv": [0, 0, 16, 16], "texture": "#1_1", "cullface": "west"},
				"up": {"uv": [0, 0, 16, 16], "texture": "#1_1", "cullface": "up"},
				"down": {"uv": [0, 0, 16, 16], "texture": "#1_1", "cullface": "down"}
			}
		},
		{
			"from": [7.23237, 22.87, 8.38152],
			"to": [7.61237, 23.858, 8.76152],
			"rotation": {"angle": 0, "axis": "y", "origin": [4.57237, 25.91, 11.42152]},
			"faces": {
				"north": {"uv": [0, 0, 16, 16], "texture": "#1_1", "cullface": "north"},
				"east": {"uv": [0, 0, 16, 16], "texture": "#1_1", "cullface": "east"},
				"south": {"uv": [0, 0, 16, 16], "texture": "#1_1", "cullface": "south"},
				"west": {"uv": [0, 0, 16, 16], "texture": "#1_1", "cullface": "west"},
				"up": {"uv": [0, 0, 16, 16], "texture": "#1_1", "cullface": "up"},
				"down": {"uv": [0, 0, 16, 16], "texture": "#1_1", "cullface": "down"}
			}
		},
		{
			"from": [7.23237, 22.87, 7.24152],
			"to": [7.61237, 23.858, 7.62152],
			"rotation": {"angle": 0, "axis": "y", "origin": [4.57237, 25.91, 4.58152]},
			"faces": {
				"north": {"uv": [0, 0, 16, 16], "texture": "#1_1", "cullface": "north"},
				"east": {"uv": [0, 0, 16, 16], "texture": "#1_1", "cullface": "east"},
				"south": {"uv": [0, 0, 16, 16], "texture": "#1_1", "cullface": "south"},
				"west": {"uv": [0, 0, 16, 16], "texture": "#1_1", "cullface": "west"},
				"up": {"uv": [0, 0, 16, 16], "texture": "#1_1", "cullface": "up"},
				"down": {"uv": [0, 0, 16, 16], "texture": "#1_1", "cullface": "down"}
			}
		},
		{
			"from": [8.37237, 22.87, 7.24152],
			"to": [8.75237, 23.858, 7.62152],
			"rotation": {"angle": 0, "axis": "y", "origin": [11.41237, 25.91, 4.58152]},
			"faces": {
				"north": {"uv": [0, 0, 16, 16], "texture": "#1_1", "cullface": "north"},
				"east": {"uv": [0, 0, 16, 16], "texture": "#1_1", "cullface": "east"},
				"south": {"uv": [0, 0, 16, 16], "texture": "#1_1", "cullface": "south"},
				"west": {"uv": [0, 0, 16, 16], "texture": "#1_1", "cullface": "west"},
				"up": {"uv": [0, 0, 16, 16], "texture": "#1_1", "cullface": "up"},
				"down": {"uv": [0, 0, 16, 16], "texture": "#1_1", "cullface": "down"}
			}
		},
		{
			"from": [8.37237, 20.362, 7.24152],
			"to": [8.75237, 21.35, 7.62152],
			"rotation": {"angle": 0, "axis": "y", "origin": [11.41237, 18.31, 4.58152]},
			"faces": {
				"north": {"uv": [0, 0, 16, 16], "texture": "#1_1", "cullface": "north"},
				"east": {"uv": [0, 0, 16, 16], "texture": "#1_1", "cullface": "east"},
				"south": {"uv": [0, 0, 16, 16], "texture": "#1_1", "cullface": "south"},
				"west": {"uv": [0, 0, 16, 16], "texture": "#1_1", "cullface": "west"},
				"up": {"uv": [0, 0, 16, 16], "texture": "#1_1", "cullface": "up"},
				"down": {"uv": [0, 0, 16, 16], "texture": "#1_1", "cullface": "down"}
			}
		},
		{
			"from": [7.23237, 20.362, 7.24152],
			"to": [7.61237, 21.35, 7.62152],
			"rotation": {"angle": 0, "axis": "y", "origin": [4.57237, 18.31, 4.58152]},
			"faces": {
				"north": {"uv": [0, 0, 16, 16], "texture": "#1_1", "cullface": "north"},
				"east": {"uv": [0, 0, 16, 16], "texture": "#1_1", "cullface": "east"},
				"south": {"uv": [0, 0, 16, 16], "texture": "#1_1", "cullface": "south"},
				"west": {"uv": [0, 0, 16, 16], "texture": "#1_1", "cullface": "west"},
				"up": {"uv": [0, 0, 16, 16], "texture": "#1_1", "cullface": "up"},
				"down": {"uv": [0, 0, 16, 16], "texture": "#1_1", "cullface": "down"}
			}
		},
		{
			"from": [8.75237, 22.87, 8.38152],
			"to": [9.13237, 23.668, 8.76152],
			"rotation": {"angle": 0, "axis": "y", "origin": [11.79237, 25.91, 11.42152]},
			"faces": {
				"north": {"uv": [0, 0, 16, 16], "texture": "#1_1", "cullface": "north"},
				"east": {"uv": [0, 0, 16, 16], "texture": "#1_1", "cullface": "east"},
				"south": {"uv": [0, 0, 16, 16], "texture": "#1_1", "cullface": "south"},
				"west": {"uv": [0, 0, 16, 16], "texture": "#1_1", "cullface": "west"},
				"up": {"uv": [0, 0, 16, 16], "texture": "#1_1", "cullface": "up"},
				"down": {"uv": [0, 0, 16, 16], "texture": "#1_1", "cullface": "down"}
			}
		},
		{
			"from": [8.75237, 20.552, 8.38152],
			"to": [9.13237, 21.35, 8.76152],
			"rotation": {"angle": 0, "axis": "y", "origin": [11.79237, 18.31, 11.42152]},
			"faces": {
				"north": {"uv": [0, 0, 16, 16], "texture": "#1_1", "cullface": "north"},
				"east": {"uv": [0, 0, 16, 16], "texture": "#1_1", "cullface": "east"},
				"south": {"uv": [0, 0, 16, 16], "texture": "#1_1", "cullface": "south"},
				"west": {"uv": [0, 0, 16, 16], "texture": "#1_1", "cullface": "west"},
				"up": {"uv": [0, 0, 16, 16], "texture": "#1_1", "cullface": "up"},
				"down": {"uv": [0, 0, 16, 16], "texture": "#1_1", "cullface": "down"}
			}
		},
		{
			"from": [6.85237, 20.552, 8.38152],
			"to": [7.23237, 21.35, 8.76152],
			"rotation": {"angle": 0, "axis": "y", "origin": [4.19237, 18.31, 11.42152]},
			"faces": {
				"north": {"uv": [0, 0, 16, 16], "texture": "#1_1", "cullface": "north"},
				"east": {"uv": [0, 0, 16, 16], "texture": "#1_1", "cullface": "east"},
				"south": {"uv": [0, 0, 16, 16], "texture": "#1_1", "cullface": "south"},
				"west": {"uv": [0, 0, 16, 16], "texture": "#1_1", "cullface": "west"},
				"up": {"uv": [0, 0, 16, 16], "texture": "#1_1", "cullface": "up"},
				"down": {"uv": [0, 0, 16, 16], "texture": "#1_1", "cullface": "down"}
			}
		},
		{
			"from": [6.85237, 22.87, 8.38152],
			"to": [7.23237, 23.668, 8.76152],
			"rotation": {"angle": 0, "axis": "y", "origin": [4.19237, 25.91, 11.42152]},
			"faces": {
				"north": {"uv": [0, 0, 16, 16], "texture": "#1_1", "cullface": "north"},
				"east": {"uv": [0, 0, 16, 16], "texture": "#1_1", "cullface": "east"},
				"south": {"uv": [0, 0, 16, 16], "texture": "#1_1", "cullface": "south"},
				"west": {"uv": [0, 0, 16, 16], "texture": "#1_1", "cullface": "west"},
				"up": {"uv": [0, 0, 16, 16], "texture": "#1_1", "cullface": "up"},
				"down": {"uv": [0, 0, 16, 16], "texture": "#1_1", "cullface": "down"}
			}
		},
		{
			"from": [6.85237, 22.87, 7.24152],
			"to": [7.23237, 23.668, 7.62152],
			"rotation": {"angle": 0, "axis": "y", "origin": [4.19237, 25.91, 4.58152]},
			"faces": {
				"north": {"uv": [0, 0, 16, 16], "texture": "#1_1", "cullface": "north"},
				"east": {"uv": [0, 0, 16, 16], "texture": "#1_1", "cullface": "east"},
				"south": {"uv": [0, 0, 16, 16], "texture": "#1_1", "cullface": "south"},
				"west": {"uv": [0, 0, 16, 16], "texture": "#1_1", "cullface": "west"},
				"up": {"uv": [0, 0, 16, 16], "texture": "#1_1", "cullface": "up"},
				"down": {"uv": [0, 0, 16, 16], "texture": "#1_1", "cullface": "down"}
			}
		},
		{
			"from": [8.75237, 22.87, 7.24152],
			"to": [9.13237, 23.668, 7.62152],
			"rotation": {"angle": 0, "axis": "y", "origin": [11.79237, 25.91, 4.58152]},
			"faces": {
				"north": {"uv": [0, 0, 16, 16], "texture": "#1_1", "cullface": "north"},
				"east": {"uv": [0, 0, 16, 16], "texture": "#1_1", "cullface": "east"},
				"south": {"uv": [0, 0, 16, 16], "texture": "#1_1", "cullface": "south"},
				"west": {"uv": [0, 0, 16, 16], "texture": "#1_1", "cullface": "west"},
				"up": {"uv": [0, 0, 16, 16], "texture": "#1_1", "cullface": "up"},
				"down": {"uv": [0, 0, 16, 16], "texture": "#1_1", "cullface": "down"}
			}
		},
		{
			"from": [8.75237, 20.552, 7.24152],
			"to": [9.13237, 21.35, 7.62152],
			"rotation": {"angle": 0, "axis": "y", "origin": [11.79237, 18.31, 4.58152]},
			"faces": {
				"north": {"uv": [0, 0, 16, 16], "texture": "#1_1", "cullface": "north"},
				"east": {"uv": [0, 0, 16, 16], "texture": "#1_1", "cullface": "east"},
				"south": {"uv": [0, 0, 16, 16], "texture": "#1_1", "cullface": "south"},
				"west": {"uv": [0, 0, 16, 16], "texture": "#1_1", "cullface": "west"},
				"up": {"uv": [0, 0, 16, 16], "texture": "#1_1", "cullface": "up"},
				"down": {"uv": [0, 0, 16, 16], "texture": "#1_1", "cullface": "down"}
			}
		},
		{
			"from": [6.85237, 20.552, 7.24152],
			"to": [7.23237, 21.35, 7.62152],
			"rotation": {"angle": 0, "axis": "y", "origin": [4.19237, 18.31, 4.58152]},
			"faces": {
				"north": {"uv": [0, 0, 16, 16], "texture": "#1_1", "cullface": "north"},
				"east": {"uv": [0, 0, 16, 16], "texture": "#1_1", "cullface": "east"},
				"south": {"uv": [0, 0, 16, 16], "texture": "#1_1", "cullface": "south"},
				"west": {"uv": [0, 0, 16, 16], "texture": "#1_1", "cullface": "west"},
				"up": {"uv": [0, 0, 16, 16], "texture": "#1_1", "cullface": "up"},
				"down": {"uv": [0, 0, 16, 16], "texture": "#1_1", "cullface": "down"}
			}
		},
		{
			"from": [8.75237, 22.49, 8.76152],
			"to": [9.13237, 23.288, 9.14152],
			"rotation": {"angle": 0, "axis": "y", "origin": [11.79237, 25.53, 11.80152]},
			"faces": {
				"north": {"uv": [0, 0, 16, 16], "texture": "#1_1", "cullface": "north"},
				"east": {"uv": [0, 0, 16, 16], "texture": "#1_1", "cullface": "east"},
				"south": {"uv": [0, 0, 16, 16], "texture": "#1_1", "cullface": "south"},
				"west": {"uv": [0, 0, 16, 16], "texture": "#1_1", "cullface": "west"},
				"up": {"uv": [0, 0, 16, 16], "texture": "#1_1", "cullface": "up"},
				"down": {"uv": [0, 0, 16, 16], "texture": "#1_1", "cullface": "down"}
			}
		},
		{
			"from": [8.75237, 20.932, 8.76152],
			"to": [9.13237, 21.73, 9.14152],
			"rotation": {"angle": 0, "axis": "y", "origin": [11.79237, 18.69, 11.80152]},
			"faces": {
				"north": {"uv": [0, 0, 16, 16], "texture": "#1_1", "cullface": "north"},
				"east": {"uv": [0, 0, 16, 16], "texture": "#1_1", "cullface": "east"},
				"south": {"uv": [0, 0, 16, 16], "texture": "#1_1", "cullface": "south"},
				"west": {"uv": [0, 0, 16, 16], "texture": "#1_1", "cullface": "west"},
				"up": {"uv": [0, 0, 16, 16], "texture": "#1_1", "cullface": "up"},
				"down": {"uv": [0, 0, 16, 16], "texture": "#1_1", "cullface": "down"}
			}
		},
		{
			"from": [6.85237, 20.932, 8.76152],
			"to": [7.23237, 21.73, 9.14152],
			"rotation": {"angle": 0, "axis": "y", "origin": [4.19237, 18.69, 11.80152]},
			"faces": {
				"north": {"uv": [0, 0, 16, 16], "texture": "#1_1", "cullface": "north"},
				"east": {"uv": [0, 0, 16, 16], "texture": "#1_1", "cullface": "east"},
				"south": {"uv": [0, 0, 16, 16], "texture": "#1_1", "cullface": "south"},
				"west": {"uv": [0, 0, 16, 16], "texture": "#1_1", "cullface": "west"},
				"up": {"uv": [0, 0, 16, 16], "texture": "#1_1", "cullface": "up"},
				"down": {"uv": [0, 0, 16, 16], "texture": "#1_1", "cullface": "down"}
			}
		},
		{
			"from": [6.85237, 22.49, 8.76152],
			"to": [7.23237, 23.288, 9.14152],
			"rotation": {"angle": 0, "axis": "y", "origin": [4.19237, 25.53, 11.80152]},
			"faces": {
				"north": {"uv": [0, 0, 16, 16], "texture": "#1_1", "cullface": "north"},
				"east": {"uv": [0, 0, 16, 16], "texture": "#1_1", "cullface": "east"},
				"south": {"uv": [0, 0, 16, 16], "texture": "#1_1", "cullface": "south"},
				"west": {"uv": [0, 0, 16, 16], "texture": "#1_1", "cullface": "west"},
				"up": {"uv": [0, 0, 16, 16], "texture": "#1_1", "cullface": "up"},
				"down": {"uv": [0, 0, 16, 16], "texture": "#1_1", "cullface": "down"}
			}
		},
		{
			"from": [6.85237, 22.49, 6.86152],
			"to": [7.23237, 23.288, 7.24152],
			"rotation": {"angle": 0, "axis": "y", "origin": [4.19237, 25.53, 4.20152]},
			"faces": {
				"north": {"uv": [0, 0, 16, 16], "texture": "#1_1", "cullface": "north"},
				"east": {"uv": [0, 0, 16, 16], "texture": "#1_1", "cullface": "east"},
				"south": {"uv": [0, 0, 16, 16], "texture": "#1_1", "cullface": "south"},
				"west": {"uv": [0, 0, 16, 16], "texture": "#1_1", "cullface": "west"},
				"up": {"uv": [0, 0, 16, 16], "texture": "#1_1", "cullface": "up"},
				"down": {"uv": [0, 0, 16, 16], "texture": "#1_1", "cullface": "down"}
			}
		},
		{
			"from": [8.75237, 22.49, 6.86152],
			"to": [9.13237, 23.288, 7.24152],
			"rotation": {"angle": 0, "axis": "y", "origin": [11.79237, 25.53, 4.20152]},
			"faces": {
				"north": {"uv": [0, 0, 16, 16], "texture": "#1_1", "cullface": "north"},
				"east": {"uv": [0, 0, 16, 16], "texture": "#1_1", "cullface": "east"},
				"south": {"uv": [0, 0, 16, 16], "texture": "#1_1", "cullface": "south"},
				"west": {"uv": [0, 0, 16, 16], "texture": "#1_1", "cullface": "west"},
				"up": {"uv": [0, 0, 16, 16], "texture": "#1_1", "cullface": "up"},
				"down": {"uv": [0, 0, 16, 16], "texture": "#1_1", "cullface": "down"}
			}
		},
		{
			"from": [8.75237, 20.932, 6.86152],
			"to": [9.13237, 21.73, 7.24152],
			"rotation": {"angle": 0, "axis": "y", "origin": [11.79237, 18.69, 4.20152]},
			"faces": {
				"north": {"uv": [0, 0, 16, 16], "texture": "#1_1", "cullface": "north"},
				"east": {"uv": [0, 0, 16, 16], "texture": "#1_1", "cullface": "east"},
				"south": {"uv": [0, 0, 16, 16], "texture": "#1_1", "cullface": "south"},
				"west": {"uv": [0, 0, 16, 16], "texture": "#1_1", "cullface": "west"},
				"up": {"uv": [0, 0, 16, 16], "texture": "#1_1", "cullface": "up"},
				"down": {"uv": [0, 0, 16, 16], "texture": "#1_1", "cullface": "down"}
			}
		},
		{
			"from": [6.85237, 20.932, 6.86152],
			"to": [7.23237, 21.73, 7.24152],
			"rotation": {"angle": 0, "axis": "y", "origin": [4.19237, 18.69, 4.20152]},
			"faces": {
				"north": {"uv": [0, 0, 16, 16], "texture": "#1_1", "cullface": "north"},
				"east": {"uv": [0, 0, 16, 16], "texture": "#1_1", "cullface": "east"},
				"south": {"uv": [0, 0, 16, 16], "texture": "#1_1", "cullface": "south"},
				"west": {"uv": [0, 0, 16, 16], "texture": "#1_1", "cullface": "west"},
				"up": {"uv": [0, 0, 16, 16], "texture": "#1_1", "cullface": "up"},
				"down": {"uv": [0, 0, 16, 16], "texture": "#1_1", "cullface": "down"}
			}
		},
		{
			"from": [8.37237, 22.87, 8.76152],
			"to": [8.75237, 23.668, 9.14152],
			"rotation": {"angle": 0, "axis": "y", "origin": [11.41237, 25.91, 11.80152]},
			"faces": {
				"north": {"uv": [0, 0, 16, 16], "texture": "#1_1", "cullface": "north"},
				"east": {"uv": [0, 0, 16, 16], "texture": "#1_1", "cullface": "east"},
				"south": {"uv": [0, 0, 16, 16], "texture": "#1_1", "cullface": "south"},
				"west": {"uv": [0, 0, 16, 16], "texture": "#1_1", "cullface": "west"},
				"up": {"uv": [0, 0, 16, 16], "texture": "#1_1", "cullface": "up"},
				"down": {"uv": [0, 0, 16, 16], "texture": "#1_1", "cullface": "down"}
			}
		},
		{
			"from": [8.37237, 20.552, 8.76152],
			"to": [8.75237, 21.35, 9.14152],
			"rotation": {"angle": 0, "axis": "y", "origin": [11.41237, 18.31, 11.80152]},
			"faces": {
				"north": {"uv": [0, 0, 16, 16], "texture": "#1_1", "cullface": "north"},
				"east": {"uv": [0, 0, 16, 16], "texture": "#1_1", "cullface": "east"},
				"south": {"uv": [0, 0, 16, 16], "texture": "#1_1", "cullface": "south"},
				"west": {"uv": [0, 0, 16, 16], "texture": "#1_1", "cullface": "west"},
				"up": {"uv": [0, 0, 16, 16], "texture": "#1_1", "cullface": "up"},
				"down": {"uv": [0, 0, 16, 16], "texture": "#1_1", "cullface": "down"}
			}
		},
		{
			"from": [7.23237, 20.552, 8.76152],
			"to": [7.61237, 21.35, 9.14152],
			"rotation": {"angle": 0, "axis": "y", "origin": [4.57237, 18.31, 11.80152]},
			"faces": {
				"north": {"uv": [0, 0, 16, 16], "texture": "#1_1", "cullface": "north"},
				"east": {"uv": [0, 0, 16, 16], "texture": "#1_1", "cullface": "east"},
				"south": {"uv": [0, 0, 16, 16], "texture": "#1_1", "cullface": "south"},
				"west": {"uv": [0, 0, 16, 16], "texture": "#1_1", "cullface": "west"},
				"up": {"uv": [0, 0, 16, 16], "texture": "#1_1", "cullface": "up"},
				"down": {"uv": [0, 0, 16, 16], "texture": "#1_1", "cullface": "down"}
			}
		},
		{
			"from": [7.23237, 22.87, 8.76152],
			"to": [7.61237, 23.668, 9.14152],
			"rotation": {"angle": 0, "axis": "y", "origin": [4.57237, 25.91, 11.80152]},
			"faces": {
				"north": {"uv": [0, 0, 16, 16], "texture": "#1_1", "cullface": "north"},
				"east": {"uv": [0, 0, 16, 16], "texture": "#1_1", "cullface": "east"},
				"south": {"uv": [0, 0, 16, 16], "texture": "#1_1", "cullface": "south"},
				"west": {"uv": [0, 0, 16, 16], "texture": "#1_1", "cullface": "west"},
				"up": {"uv": [0, 0, 16, 16], "texture": "#1_1", "cullface": "up"},
				"down": {"uv": [0, 0, 16, 16], "texture": "#1_1", "cullface": "down"}
			}
		},
		{
			"from": [7.23237, 22.87, 6.86152],
			"to": [7.61237, 23.668, 7.24152],
			"rotation": {"angle": 0, "axis": "y", "origin": [4.57237, 25.91, 4.20152]},
			"faces": {
				"north": {"uv": [0, 0, 16, 16], "texture": "#1_1", "cullface": "north"},
				"east": {"uv": [0, 0, 16, 16], "texture": "#1_1", "cullface": "east"},
				"south": {"uv": [0, 0, 16, 16], "texture": "#1_1", "cullface": "south"},
				"west": {"uv": [0, 0, 16, 16], "texture": "#1_1", "cullface": "west"},
				"up": {"uv": [0, 0, 16, 16], "texture": "#1_1", "cullface": "up"},
				"down": {"uv": [0, 0, 16, 16], "texture": "#1_1", "cullface": "down"}
			}
		},
		{
			"from": [8.37237, 22.87, 6.86152],
			"to": [8.75237, 23.668, 7.24152],
			"rotation": {"angle": 0, "axis": "y", "origin": [11.41237, 25.91, 4.20152]},
			"faces": {
				"north": {"uv": [0, 0, 16, 16], "texture": "#1_1", "cullface": "north"},
				"east": {"uv": [0, 0, 16, 16], "texture": "#1_1", "cullface": "east"},
				"south": {"uv": [0, 0, 16, 16], "texture": "#1_1", "cullface": "south"},
				"west": {"uv": [0, 0, 16, 16], "texture": "#1_1", "cullface": "west"},
				"up": {"uv": [0, 0, 16, 16], "texture": "#1_1", "cullface": "up"},
				"down": {"uv": [0, 0, 16, 16], "texture": "#1_1", "cullface": "down"}
			}
		},
		{
			"from": [8.37237, 20.552, 6.86152],
			"to": [8.75237, 21.35, 7.24152],
			"rotation": {"angle": 0, "axis": "y", "origin": [11.41237, 18.31, 4.20152]},
			"faces": {
				"north": {"uv": [0, 0, 16, 16], "texture": "#1_1", "cullface": "north"},
				"east": {"uv": [0, 0, 16, 16], "texture": "#1_1", "cullface": "east"},
				"south": {"uv": [0, 0, 16, 16], "texture": "#1_1", "cullface": "south"},
				"west": {"uv": [0, 0, 16, 16], "texture": "#1_1", "cullface": "west"},
				"up": {"uv": [0, 0, 16, 16], "texture": "#1_1", "cullface": "up"},
				"down": {"uv": [0, 0, 16, 16], "texture": "#1_1", "cullface": "down"}
			}
		},
		{
			"from": [7.23237, 20.552, 6.86152],
			"to": [7.61237, 21.35, 7.24152],
			"rotation": {"angle": 0, "axis": "y", "origin": [4.57237, 18.31, 4.20152]},
			"faces": {
				"north": {"uv": [0, 0, 16, 16], "texture": "#1_1", "cullface": "north"},
				"east": {"uv": [0, 0, 16, 16], "texture": "#1_1", "cullface": "east"},
				"south": {"uv": [0, 0, 16, 16], "texture": "#1_1", "cullface": "south"},
				"west": {"uv": [0, 0, 16, 16], "texture": "#1_1", "cullface": "west"},
				"up": {"uv": [0, 0, 16, 16], "texture": "#1_1", "cullface": "up"},
				"down": {"uv": [0, 0, 16, 16], "texture": "#1_1", "cullface": "down"}
			}
		},
		{
			"from": [8.37237, 22.87, 9.14152],
			"to": [8.75237, 23.288, 9.52152],
			"rotation": {"angle": 0, "axis": "y", "origin": [11.41237, 25.91, 12.18152]},
			"faces": {
				"north": {"uv": [0, 0, 16, 16], "texture": "#1_1", "cullface": "north"},
				"east": {"uv": [0, 0, 16, 16], "texture": "#1_1", "cullface": "east"},
				"south": {"uv": [0, 0, 16, 16], "texture": "#1_1", "cullface": "south"},
				"west": {"uv": [0, 0, 16, 16], "texture": "#1_1", "cullface": "west"},
				"up": {"uv": [0, 0, 16, 16], "texture": "#1_1", "cullface": "up"},
				"down": {"uv": [0, 0, 16, 16], "texture": "#1_1", "cullface": "down"}
			}
		},
		{
			"from": [8.37237, 20.932, 9.14152],
			"to": [8.75237, 21.35, 9.52152],
			"rotation": {"angle": 0, "axis": "y", "origin": [11.41237, 18.31, 12.18152]},
			"faces": {
				"north": {"uv": [0, 0, 16, 16], "texture": "#1_1", "cullface": "north"},
				"east": {"uv": [0, 0, 16, 16], "texture": "#1_1", "cullface": "east"},
				"south": {"uv": [0, 0, 16, 16], "texture": "#1_1", "cullface": "south"},
				"west": {"uv": [0, 0, 16, 16], "texture": "#1_1", "cullface": "west"},
				"up": {"uv": [0, 0, 16, 16], "texture": "#1_1", "cullface": "up"},
				"down": {"uv": [0, 0, 16, 16], "texture": "#1_1", "cullface": "down"}
			}
		},
		{
			"from": [7.23237, 20.932, 9.14152],
			"to": [7.61237, 21.35, 9.52152],
			"rotation": {"angle": 0, "axis": "y", "origin": [4.57237, 18.31, 12.18152]},
			"faces": {
				"north": {"uv": [0, 0, 16, 16], "texture": "#1_1", "cullface": "north"},
				"east": {"uv": [0, 0, 16, 16], "texture": "#1_1", "cullface": "east"},
				"south": {"uv": [0, 0, 16, 16], "texture": "#1_1", "cullface": "south"},
				"west": {"uv": [0, 0, 16, 16], "texture": "#1_1", "cullface": "west"},
				"up": {"uv": [0, 0, 16, 16], "texture": "#1_1", "cullface": "up"},
				"down": {"uv": [0, 0, 16, 16], "texture": "#1_1", "cullface": "down"}
			}
		},
		{
			"from": [7.23237, 22.87, 9.14152],
			"to": [7.61237, 23.288, 9.52152],
			"rotation": {"angle": 0, "axis": "y", "origin": [4.57237, 25.91, 12.18152]},
			"faces": {
				"north": {"uv": [0, 0, 16, 16], "texture": "#1_1", "cullface": "north"},
				"east": {"uv": [0, 0, 16, 16], "texture": "#1_1", "cullface": "east"},
				"south": {"uv": [0, 0, 16, 16], "texture": "#1_1", "cullface": "south"},
				"west": {"uv": [0, 0, 16, 16], "texture": "#1_1", "cullface": "west"},
				"up": {"uv": [0, 0, 16, 16], "texture": "#1_1", "cullface": "up"},
				"down": {"uv": [0, 0, 16, 16], "texture": "#1_1", "cullface": "down"}
			}
		},
		{
			"from": [7.23237, 22.87, 6.48152],
			"to": [7.61237, 23.288, 6.86152],
			"rotation": {"angle": 0, "axis": "y", "origin": [4.57237, 25.91, 3.82152]},
			"faces": {
				"north": {"uv": [0, 0, 16, 16], "texture": "#1_1", "cullface": "north"},
				"east": {"uv": [0, 0, 16, 16], "texture": "#1_1", "cullface": "east"},
				"south": {"uv": [0, 0, 16, 16], "texture": "#1_1", "cullface": "south"},
				"west": {"uv": [0, 0, 16, 16], "texture": "#1_1", "cullface": "west"},
				"up": {"uv": [0, 0, 16, 16], "texture": "#1_1", "cullface": "up"},
				"down": {"uv": [0, 0, 16, 16], "texture": "#1_1", "cullface": "down"}
			}
		},
		{
			"from": [8.37237, 22.87, 6.48152],
			"to": [8.75237, 23.288, 6.86152],
			"rotation": {"angle": 0, "axis": "y", "origin": [11.41237, 25.91, 3.82152]},
			"faces": {
				"north": {"uv": [0, 0, 16, 16], "texture": "#1_1", "cullface": "north"},
				"east": {"uv": [0, 0, 16, 16], "texture": "#1_1", "cullface": "east"},
				"south": {"uv": [0, 0, 16, 16], "texture": "#1_1", "cullface": "south"},
				"west": {"uv": [0, 0, 16, 16], "texture": "#1_1", "cullface": "west"},
				"up": {"uv": [0, 0, 16, 16], "texture": "#1_1", "cullface": "up"},
				"down": {"uv": [0, 0, 16, 16], "texture": "#1_1", "cullface": "down"}
			}
		},
		{
			"from": [8.37237, 20.932, 6.48152],
			"to": [8.75237, 21.35, 6.86152],
			"rotation": {"angle": 0, "axis": "y", "origin": [11.41237, 18.31, 3.82152]},
			"faces": {
				"north": {"uv": [0, 0, 16, 16], "texture": "#1_1", "cullface": "north"},
				"east": {"uv": [0, 0, 16, 16], "texture": "#1_1", "cullface": "east"},
				"south": {"uv": [0, 0, 16, 16], "texture": "#1_1", "cullface": "south"},
				"west": {"uv": [0, 0, 16, 16], "texture": "#1_1", "cullface": "west"},
				"up": {"uv": [0, 0, 16, 16], "texture": "#1_1", "cullface": "up"},
				"down": {"uv": [0, 0, 16, 16], "texture": "#1_1", "cullface": "down"}
			}
		},
		{
			"from": [7.23237, 20.932, 6.48152],
			"to": [7.61237, 21.35, 6.86152],
			"rotation": {"angle": 0, "axis": "y", "origin": [4.57237, 18.31, 3.82152]},
			"faces": {
				"north": {"uv": [0, 0, 16, 16], "texture": "#1_1", "cullface": "north"},
				"east": {"uv": [0, 0, 16, 16], "texture": "#1_1", "cullface": "east"},
				"south": {"uv": [0, 0, 16, 16], "texture": "#1_1", "cullface": "south"},
				"west": {"uv": [0, 0, 16, 16], "texture": "#1_1", "cullface": "west"},
				"up": {"uv": [0, 0, 16, 16], "texture": "#1_1", "cullface": "up"},
				"down": {"uv": [0, 0, 16, 16], "texture": "#1_1", "cullface": "down"}
			}
		},
		{
			"from": [9.13237, 22.87, 8.38152],
			"to": [9.51237, 23.288, 8.76152],
			"rotation": {"angle": 0, "axis": "y", "origin": [12.17237, 25.53, 11.42152]},
			"faces": {
				"north": {"uv": [0, 0, 16, 16], "texture": "#1_1", "cullface": "north"},
				"east": {"uv": [0, 0, 16, 16], "texture": "#1_1", "cullface": "east"},
				"south": {"uv": [0, 0, 16, 16], "texture": "#1_1", "cullface": "south"},
				"west": {"uv": [0, 0, 16, 16], "texture": "#1_1", "cullface": "west"},
				"up": {"uv": [0, 0, 16, 16], "texture": "#1_1", "cullface": "up"},
				"down": {"uv": [0, 0, 16, 16], "texture": "#1_1", "cullface": "down"}
			}
		},
		{
			"from": [9.13237, 20.932, 8.38152],
			"to": [9.51237, 21.35, 8.76152],
			"rotation": {"angle": 0, "axis": "y", "origin": [12.17237, 18.69, 11.42152]},
			"faces": {
				"north": {"uv": [0, 0, 16, 16], "texture": "#1_1", "cullface": "north"},
				"east": {"uv": [0, 0, 16, 16], "texture": "#1_1", "cullface": "east"},
				"south": {"uv": [0, 0, 16, 16], "texture": "#1_1", "cullface": "south"},
				"west": {"uv": [0, 0, 16, 16], "texture": "#1_1", "cullface": "west"},
				"up": {"uv": [0, 0, 16, 16], "texture": "#1_1", "cullface": "up"},
				"down": {"uv": [0, 0, 16, 16], "texture": "#1_1", "cullface": "down"}
			}
		},
		{
			"from": [6.47237, 20.932, 8.38152],
			"to": [6.85237, 21.35, 8.76152],
			"rotation": {"angle": 0, "axis": "y", "origin": [3.81237, 18.69, 11.42152]},
			"faces": {
				"north": {"uv": [0, 0, 16, 16], "texture": "#1_1", "cullface": "north"},
				"east": {"uv": [0, 0, 16, 16], "texture": "#1_1", "cullface": "east"},
				"south": {"uv": [0, 0, 16, 16], "texture": "#1_1", "cullface": "south"},
				"west": {"uv": [0, 0, 16, 16], "texture": "#1_1", "cullface": "west"},
				"up": {"uv": [0, 0, 16, 16], "texture": "#1_1", "cullface": "up"},
				"down": {"uv": [0, 0, 16, 16], "texture": "#1_1", "cullface": "down"}
			}
		},
		{
			"from": [6.47237, 22.87, 8.38152],
			"to": [6.85237, 23.288, 8.76152],
			"rotation": {"angle": 0, "axis": "y", "origin": [3.81237, 25.53, 11.42152]},
			"faces": {
				"north": {"uv": [0, 0, 16, 16], "texture": "#1_1", "cullface": "north"},
				"east": {"uv": [0, 0, 16, 16], "texture": "#1_1", "cullface": "east"},
				"south": {"uv": [0, 0, 16, 16], "texture": "#1_1", "cullface": "south"},
				"west": {"uv": [0, 0, 16, 16], "texture": "#1_1", "cullface": "west"},
				"up": {"uv": [0, 0, 16, 16], "texture": "#1_1", "cullface": "up"},
				"down": {"uv": [0, 0, 16, 16], "texture": "#1_1", "cullface": "down"}
			}
		},
		{
			"from": [6.47237, 22.87, 7.24152],
			"to": [6.85237, 23.288, 7.62152],
			"rotation": {"angle": 0, "axis": "y", "origin": [3.81237, 25.53, 4.58152]},
			"faces": {
				"north": {"uv": [0, 0, 16, 16], "texture": "#1_1", "cullface": "north"},
				"east": {"uv": [0, 0, 16, 16], "texture": "#1_1", "cullface": "east"},
				"south": {"uv": [0, 0, 16, 16], "texture": "#1_1", "cullface": "south"},
				"west": {"uv": [0, 0, 16, 16], "texture": "#1_1", "cullface": "west"},
				"up": {"uv": [0, 0, 16, 16], "texture": "#1_1", "cullface": "up"},
				"down": {"uv": [0, 0, 16, 16], "texture": "#1_1", "cullface": "down"}
			}
		},
		{
			"from": [9.13237, 22.87, 7.24152],
			"to": [9.51237, 23.288, 7.62152],
			"rotation": {"angle": 0, "axis": "y", "origin": [12.17237, 25.53, 4.58152]},
			"faces": {
				"north": {"uv": [0, 0, 16, 16], "texture": "#1_1", "cullface": "north"},
				"east": {"uv": [0, 0, 16, 16], "texture": "#1_1", "cullface": "east"},
				"south": {"uv": [0, 0, 16, 16], "texture": "#1_1", "cullface": "south"},
				"west": {"uv": [0, 0, 16, 16], "texture": "#1_1", "cullface": "west"},
				"up": {"uv": [0, 0, 16, 16], "texture": "#1_1", "cullface": "up"},
				"down": {"uv": [0, 0, 16, 16], "texture": "#1_1", "cullface": "down"}
			}
		},
		{
			"from": [9.13237, 20.932, 7.24152],
			"to": [9.51237, 21.35, 7.62152],
			"rotation": {"angle": 0, "axis": "y", "origin": [12.17237, 18.69, 4.58152]},
			"faces": {
				"north": {"uv": [0, 0, 16, 16], "texture": "#1_1", "cullface": "north"},
				"east": {"uv": [0, 0, 16, 16], "texture": "#1_1", "cullface": "east"},
				"south": {"uv": [0, 0, 16, 16], "texture": "#1_1", "cullface": "south"},
				"west": {"uv": [0, 0, 16, 16], "texture": "#1_1", "cullface": "west"},
				"up": {"uv": [0, 0, 16, 16], "texture": "#1_1", "cullface": "up"},
				"down": {"uv": [0, 0, 16, 16], "texture": "#1_1", "cullface": "down"}
			}
		},
		{
			"from": [6.47237, 20.932, 7.24152],
			"to": [6.85237, 21.35, 7.62152],
			"rotation": {"angle": 0, "axis": "y", "origin": [3.81237, 18.69, 4.58152]},
			"faces": {
				"north": {"uv": [0, 0, 16, 16], "texture": "#1_1", "cullface": "north"},
				"east": {"uv": [0, 0, 16, 16], "texture": "#1_1", "cullface": "east"},
				"south": {"uv": [0, 0, 16, 16], "texture": "#1_1", "cullface": "south"},
				"west": {"uv": [0, 0, 16, 16], "texture": "#1_1", "cullface": "west"},
				"up": {"uv": [0, 0, 16, 16], "texture": "#1_1", "cullface": "up"},
				"down": {"uv": [0, 0, 16, 16], "texture": "#1_1", "cullface": "down"}
			}
		},
		{
			"from": [9.13237, 22.49, 8.76152],
			"to": [9.51237, 22.908, 9.14152],
			"rotation": {"angle": 0, "axis": "y", "origin": [12.17237, 25.15, 11.80152]},
			"faces": {
				"north": {"uv": [0, 0, 16, 16], "texture": "#1_1", "cullface": "north"},
				"east": {"uv": [0, 0, 16, 16], "texture": "#1_1", "cullface": "east"},
				"south": {"uv": [0, 0, 16, 16], "texture": "#1_1", "cullface": "south"},
				"west": {"uv": [0, 0, 16, 16], "texture": "#1_1", "cullface": "west"},
				"up": {"uv": [0, 0, 16, 16], "texture": "#1_1", "cullface": "up"},
				"down": {"uv": [0, 0, 16, 16], "texture": "#1_1", "cullface": "down"}
			}
		},
		{
			"from": [9.13237, 21.312, 8.76152],
			"to": [9.51237, 21.73, 9.14152],
			"rotation": {"angle": 0, "axis": "y", "origin": [12.17237, 19.07, 11.80152]},
			"faces": {
				"north": {"uv": [0, 0, 16, 16], "texture": "#1_1", "cullface": "north"},
				"east": {"uv": [0, 0, 16, 16], "texture": "#1_1", "cullface": "east"},
				"south": {"uv": [0, 0, 16, 16], "texture": "#1_1", "cullface": "south"},
				"west": {"uv": [0, 0, 16, 16], "texture": "#1_1", "cullface": "west"},
				"up": {"uv": [0, 0, 16, 16], "texture": "#1_1", "cullface": "up"},
				"down": {"uv": [0, 0, 16, 16], "texture": "#1_1", "cullface": "down"}
			}
		},
		{
			"from": [6.47237, 21.312, 8.76152],
			"to": [6.85237, 21.73, 9.14152],
			"rotation": {"angle": 0, "axis": "y", "origin": [3.81237, 19.07, 11.80152]},
			"faces": {
				"north": {"uv": [0, 0, 16, 16], "texture": "#1_1", "cullface": "north"},
				"east": {"uv": [0, 0, 16, 16], "texture": "#1_1", "cullface": "east"},
				"south": {"uv": [0, 0, 16, 16], "texture": "#1_1", "cullface": "south"},
				"west": {"uv": [0, 0, 16, 16], "texture": "#1_1", "cullface": "west"},
				"up": {"uv": [0, 0, 16, 16], "texture": "#1_1", "cullface": "up"},
				"down": {"uv": [0, 0, 16, 16], "texture": "#1_1", "cullface": "down"}
			}
		},
		{
			"from": [6.47237, 22.49, 8.76152],
			"to": [6.85237, 22.908, 9.14152],
			"rotation": {"angle": 0, "axis": "y", "origin": [3.81237, 25.15, 11.80152]},
			"faces": {
				"north": {"uv": [0, 0, 16, 16], "texture": "#1_1", "cullface": "north"},
				"east": {"uv": [0, 0, 16, 16], "texture": "#1_1", "cullface": "east"},
				"south": {"uv": [0, 0, 16, 16], "texture": "#1_1", "cullface": "south"},
				"west": {"uv": [0, 0, 16, 16], "texture": "#1_1", "cullface": "west"},
				"up": {"uv": [0, 0, 16, 16], "texture": "#1_1", "cullface": "up"},
				"down": {"uv": [0, 0, 16, 16], "texture": "#1_1", "cullface": "down"}
			}
		},
		{
			"from": [6.47237, 22.49, 6.86152],
			"to": [6.85237, 22.908, 7.24152],
			"rotation": {"angle": 0, "axis": "y", "origin": [3.81237, 25.15, 4.20152]},
			"faces": {
				"north": {"uv": [0, 0, 16, 16], "texture": "#1_1", "cullface": "north"},
				"east": {"uv": [0, 0, 16, 16], "texture": "#1_1", "cullface": "east"},
				"south": {"uv": [0, 0, 16, 16], "texture": "#1_1", "cullface": "south"},
				"west": {"uv": [0, 0, 16, 16], "texture": "#1_1", "cullface": "west"},
				"up": {"uv": [0, 0, 16, 16], "texture": "#1_1", "cullface": "up"},
				"down": {"uv": [0, 0, 16, 16], "texture": "#1_1", "cullface": "down"}
			}
		},
		{
			"from": [9.13237, 22.49, 6.86152],
			"to": [9.51237, 22.908, 7.24152],
			"rotation": {"angle": 0, "axis": "y", "origin": [12.17237, 25.15, 4.20152]},
			"faces": {
				"north": {"uv": [0, 0, 16, 16], "texture": "#1_1", "cullface": "north"},
				"east": {"uv": [0, 0, 16, 16], "texture": "#1_1", "cullface": "east"},
				"south": {"uv": [0, 0, 16, 16], "texture": "#1_1", "cullface": "south"},
				"west": {"uv": [0, 0, 16, 16], "texture": "#1_1", "cullface": "west"},
				"up": {"uv": [0, 0, 16, 16], "texture": "#1_1", "cullface": "up"},
				"down": {"uv": [0, 0, 16, 16], "texture": "#1_1", "cullface": "down"}
			}
		},
		{
			"from": [9.13237, 21.312, 6.86152],
			"to": [9.51237, 21.73, 7.24152],
			"rotation": {"angle": 0, "axis": "y", "origin": [12.17237, 19.07, 4.20152]},
			"faces": {
				"north": {"uv": [0, 0, 16, 16], "texture": "#1_1", "cullface": "north"},
				"east": {"uv": [0, 0, 16, 16], "texture": "#1_1", "cullface": "east"},
				"south": {"uv": [0, 0, 16, 16], "texture": "#1_1", "cullface": "south"},
				"west": {"uv": [0, 0, 16, 16], "texture": "#1_1", "cullface": "west"},
				"up": {"uv": [0, 0, 16, 16], "texture": "#1_1", "cullface": "up"},
				"down": {"uv": [0, 0, 16, 16], "texture": "#1_1", "cullface": "down"}
			}
		},
		{
			"from": [6.47237, 21.312, 6.86152],
			"to": [6.85237, 21.73, 7.24152],
			"rotation": {"angle": 0, "axis": "y", "origin": [3.81237, 19.07, 4.20152]},
			"faces": {
				"north": {"uv": [0, 0, 16, 16], "texture": "#1_1", "cullface": "north"},
				"east": {"uv": [0, 0, 16, 16], "texture": "#1_1", "cullface": "east"},
				"south": {"uv": [0, 0, 16, 16], "texture": "#1_1", "cullface": "south"},
				"west": {"uv": [0, 0, 16, 16], "texture": "#1_1", "cullface": "west"},
				"up": {"uv": [0, 0, 16, 16], "texture": "#1_1", "cullface": "up"},
				"down": {"uv": [0, 0, 16, 16], "texture": "#1_1", "cullface": "down"}
			}
		},
		{
			"from": [8.75237, 22.49, 9.14152],
			"to": [9.13237, 22.908, 9.52152],
			"rotation": {"angle": 0, "axis": "y", "origin": [11.79237, 25.15, 12.18152]},
			"faces": {
				"north": {"uv": [0, 0, 16, 16], "texture": "#1_1", "cullface": "north"},
				"east": {"uv": [0, 0, 16, 16], "texture": "#1_1", "cullface": "east"},
				"south": {"uv": [0, 0, 16, 16], "texture": "#1_1", "cullface": "south"},
				"west": {"uv": [0, 0, 16, 16], "texture": "#1_1", "cullface": "west"},
				"up": {"uv": [0, 0, 16, 16], "texture": "#1_1", "cullface": "up"},
				"down": {"uv": [0, 0, 16, 16], "texture": "#1_1", "cullface": "down"}
			}
		},
		{
			"from": [8.75237, 21.312, 9.14152],
			"to": [9.13237, 21.73, 9.52152],
			"rotation": {"angle": 0, "axis": "y", "origin": [11.79237, 19.07, 12.18152]},
			"faces": {
				"north": {"uv": [0, 0, 16, 16], "texture": "#1_1", "cullface": "north"},
				"east": {"uv": [0, 0, 16, 16], "texture": "#1_1", "cullface": "east"},
				"south": {"uv": [0, 0, 16, 16], "texture": "#1_1", "cullface": "south"},
				"west": {"uv": [0, 0, 16, 16], "texture": "#1_1", "cullface": "west"},
				"up": {"uv": [0, 0, 16, 16], "texture": "#1_1", "cullface": "up"},
				"down": {"uv": [0, 0, 16, 16], "texture": "#1_1", "cullface": "down"}
			}
		},
		{
			"from": [6.85237, 21.312, 9.14152],
			"to": [7.23237, 21.73, 9.52152],
			"rotation": {"angle": 0, "axis": "y", "origin": [4.19237, 19.07, 12.18152]},
			"faces": {
				"north": {"uv": [0, 0, 16, 16], "texture": "#1_1", "cullface": "north"},
				"east": {"uv": [0, 0, 16, 16], "texture": "#1_1", "cullface": "east"},
				"south": {"uv": [0, 0, 16, 16], "texture": "#1_1", "cullface": "south"},
				"west": {"uv": [0, 0, 16, 16], "texture": "#1_1", "cullface": "west"},
				"up": {"uv": [0, 0, 16, 16], "texture": "#1_1", "cullface": "up"},
				"down": {"uv": [0, 0, 16, 16], "texture": "#1_1", "cullface": "down"}
			}
		},
		{
			"from": [6.85237, 22.49, 9.14152],
			"to": [7.23237, 22.908, 9.52152],
			"rotation": {"angle": 0, "axis": "y", "origin": [4.19237, 25.15, 12.18152]},
			"faces": {
				"north": {"uv": [0, 0, 16, 16], "texture": "#1_1", "cullface": "north"},
				"east": {"uv": [0, 0, 16, 16], "texture": "#1_1", "cullface": "east"},
				"south": {"uv": [0, 0, 16, 16], "texture": "#1_1", "cullface": "south"},
				"west": {"uv": [0, 0, 16, 16], "texture": "#1_1", "cullface": "west"},
				"up": {"uv": [0, 0, 16, 16], "texture": "#1_1", "cullface": "up"},
				"down": {"uv": [0, 0, 16, 16], "texture": "#1_1", "cullface": "down"}
			}
		},
		{
			"from": [6.85237, 22.49, 6.48152],
			"to": [7.23237, 22.908, 6.86152],
			"rotation": {"angle": 0, "axis": "y", "origin": [4.19237, 25.15, 3.82152]},
			"faces": {
				"north": {"uv": [0, 0, 16, 16], "texture": "#1_1", "cullface": "north"},
				"east": {"uv": [0, 0, 16, 16], "texture": "#1_1", "cullface": "east"},
				"south": {"uv": [0, 0, 16, 16], "texture": "#1_1", "cullface": "south"},
				"west": {"uv": [0, 0, 16, 16], "texture": "#1_1", "cullface": "west"},
				"up": {"uv": [0, 0, 16, 16], "texture": "#1_1", "cullface": "up"},
				"down": {"uv": [0, 0, 16, 16], "texture": "#1_1", "cullface": "down"}
			}
		},
		{
			"from": [8.75237, 22.49, 6.48152],
			"to": [9.13237, 22.908, 6.86152],
			"rotation": {"angle": 0, "axis": "y", "origin": [11.79237, 25.15, 3.82152]},
			"faces": {
				"north": {"uv": [0, 0, 16, 16], "texture": "#1_1", "cullface": "north"},
				"east": {"uv": [0, 0, 16, 16], "texture": "#1_1", "cullface": "east"},
				"south": {"uv": [0, 0, 16, 16], "texture": "#1_1", "cullface": "south"},
				"west": {"uv": [0, 0, 16, 16], "texture": "#1_1", "cullface": "west"},
				"up": {"uv": [0, 0, 16, 16], "texture": "#1_1", "cullface": "up"},
				"down": {"uv": [0, 0, 16, 16], "texture": "#1_1", "cullface": "down"}
			}
		},
		{
			"from": [8.75237, 21.312, 6.48152],
			"to": [9.13237, 21.73, 6.86152],
			"rotation": {"angle": 0, "axis": "y", "origin": [11.79237, 19.07, 3.82152]},
			"faces": {
				"north": {"uv": [0, 0, 16, 16], "texture": "#1_1", "cullface": "north"},
				"east": {"uv": [0, 0, 16, 16], "texture": "#1_1", "cullface": "east"},
				"south": {"uv": [0, 0, 16, 16], "texture": "#1_1", "cullface": "south"},
				"west": {"uv": [0, 0, 16, 16], "texture": "#1_1", "cullface": "west"},
				"up": {"uv": [0, 0, 16, 16], "texture": "#1_1", "cullface": "up"},
				"down": {"uv": [0, 0, 16, 16], "texture": "#1_1", "cullface": "down"}
			}
		},
		{
			"from": [6.85237, 21.312, 6.48152],
			"to": [7.23237, 21.73, 6.86152],
			"rotation": {"angle": 0, "axis": "y", "origin": [4.19237, 19.07, 3.82152]},
			"faces": {
				"north": {"uv": [0, 0, 16, 16], "texture": "#1_1", "cullface": "north"},
				"east": {"uv": [0, 0, 16, 16], "texture": "#1_1", "cullface": "east"},
				"south": {"uv": [0, 0, 16, 16], "texture": "#1_1", "cullface": "south"},
				"west": {"uv": [0, 0, 16, 16], "texture": "#1_1", "cullface": "west"},
				"up": {"uv": [0, 0, 16, 16], "texture": "#1_1", "cullface": "up"},
				"down": {"uv": [0, 0, 16, 16], "texture": "#1_1", "cullface": "down"}
			}
		}
	],
	"display": {
		"thirdperson_righthand": {
			"rotation": [66, 0, 0],
			"translation": [0.25, -1.25, -1.75],
			"scale": [1.15, 1.15, 1.15]
		},
		"thirdperson_lefthand": {
			"rotation": [66, 0, 0],
			"translation": [0.25, -1.25, -1.75],
			"scale": [1.15, 1.15, 1.15]
		},
		"firstperson_righthand": {
			"rotation": [-14, -22, 0],
			"translation": [-1, 0.25, 1.25],
			"scale": [0.66, 0.66, 0.66]
		},
		"firstperson_lefthand": {
			"rotation": [-14, -22, 0],
			"translation": [0.25, 0.5, 0.25],
			"scale": [0.66, 0.66, 0.66]
		},
		"ground": {
			"translation": [0, 3.75, 0],
			"scale": [0.72, 0.72, 0.72]
		},
		"gui": {
			"rotation": [0, 0, -38],
			"translation": [-2.5, -2.25, 0],
			"scale": [0.92, 0.78, 1]
		},
		"head": {
			"rotation": [11, 0, 0],
			"translation": [7.5, -36, 1.25],
			"scale": [1.15, 1.15, 1.15]
		},
		"fixed": {
			"translation": [0, -3.5, -1.5],
			"scale": [1, 0.7, 1]
		}
	},
	"groups": [
		{
			"name": "Seperator",
			"origin": [15.75, 10.5, 10.75],
			"children": [0, 1, 2, 3, 4, 5]
		},
		{
			"name": "Handle",
			"origin": [8.55806, 2.875, 2.76517],
			"children": [6, 7, 8, 9, 10, 11]
		},
		{
			"name": "Seperator",
			"origin": [15.75, 10.5, 10.75],
			"children": [12, 13, 14, 15, 16, 17]
		},
		{
			"name": "orb",
			"origin": [8, 8, 8],
			"children": [18, 19, 20, 21, 22, 23, 24, 25, 26, 27, 28, 29, 30, 31, 32, 33, 34, 35, 36, 37, 38, 39, 40, 41, 42, 43, 44, 45, 46, 47, 48, 49, 50, 51, 52, 53, 54, 55, 56, 57, 58, 59, 60, 61, 62, 63, 64, 65, 66, 67, 68, 69, 70, 71, 72, 73, 74, 75, 76, 77, 78, 79, 80, 81, 82, 83, 84, 85, 86, 87, 88, 89, 90, 91, 92, 93, 94, 95, 96, 97, 98, 99, 100, 101, 102, 103, 104, 105, 106, 107, 108, 109, 110, 111, 112, 113, 114, 115, 116, 117, 118, 119, 120, 121, 122, 123, 124, 125, 126, 127, 128, 129, 130, 131, 132, 133, 134, 135, 136, 137, 138, 139, 140, 141, 142]
		}
	]
}