{
	"credit": "Made with Blockbench",
	"texture_size": [2, 2],
	"textures": {
		"0": "block/bucket2",
		"1": "block/bucket0",
		"particle": "block/bucket2"
	},
	"elements": [
		{
			"name": "bottom",
			"from": [4.92299, 1.2155, 4.84831],
			"to": [11.56699, 1.2155, 11.22531],
			"rotation": {"angle": 0, "axis": "y", "origin": [7.68899, 4.1855, 8.12181]},
			"faces": {
				"north": {"uv": [0, 0, 16, 0], "rotation": 90, "texture": "#0"},
				"east": {"uv": [0, 0, 16, 0], "rotation": 90, "texture": "#0"},
				"south": {"uv": [0, 0, 16, 0], "rotation": 90, "texture": "#0"},
				"west": {"uv": [0, 0, 16, 0], "rotation": 90, "texture": "#0"},
				"up": {"uv": [0.94118, 0.47059, 16, 15.05882], "texture": "#1"},
				"down": {"uv": [0.94118, 0.47059, 16, 15.05882], "texture": "#1"}
			}
		},
		{
			"from": [7.4661, 1.2325, 10.18891],
			"to": [8.5711, 7.103, 10.78891],
			"rotation": {"angle": 0, "axis": "y", "origin": [8.0186, 3.9015, 10.94591]},
			"faces": {
				"north": {"uv": [6.5, 0, 3.25, 8.075], "rotation": 90, "texture": "#0"},
				"east": {"uv": [8.8, 0, 4, 8.075], "rotation": 90, "texture": "#0"},
				"south": {"uv": [11, 0, 7.75, 8], "rotation": 90, "texture": "#0"},
				"west": {"uv": [9.05, 0, 4.25, 8.075], "rotation": 90, "texture": "#0"},
				"up": {"uv": [10, 0.5, 15, 9.5], "rotation": 270, "texture": "#0"},
				"down": {"uv": [4.8, 0, 0, 3.25], "rotation": 270, "texture": "#0"}
			}
		},
		{
			"from": [5.24099, 1.2325, 7.45881],
			"to": [5.84099, 7.103, 8.56381],
			"rotation": {"angle": 0, "axis": "y", "origin": [7.67199, 3.8505, 7.66281]},
			"faces": {
				"north": {"uv": [4, 0, 8, 8.075], "rotation": 90, "texture": "#0"},
				"east": {"uv": [3.25, 0, 6.5, 8.075], "rotation": 90, "texture": "#0"},
				"south": {"uv": [10.5, 0, 6.5, 8.075], "rotation": 90, "texture": "#0"},
				"west": {"uv": [13, 0, 9.75, 8.075], "rotation": 90, "texture": "#0"},
				"up": {"uv": [10, 0.5, 15, 9.5], "texture": "#0"},
				"down": {"uv": [0, 0, 4, 3.25], "texture": "#0"}
			}
		},
		{
			"from": [10.1962, 1.2325, 7.45881],
			"to": [10.7962, 7.103, 8.56381],
			"rotation": {"angle": 0, "axis": "y", "origin": [8.4102, 3.7255, 7.66281]},
			"faces": {
				"north": {"uv": [7, 0, 4, 8.075], "rotation": 90, "texture": "#0"},
				"east": {"uv": [8, 1.25, 4.75, 9.25], "rotation": 90, "texture": "#0"},
				"south": {"uv": [9.5, 0, 6.5, 8.075], "rotation": 90, "texture": "#0"},
				"west": {"uv": [7.5, 0, 4.25, 8.075], "rotation": 90, "texture": "#0"},
				"up": {"uv": [10, 0.5, 15, 9.5], "rotation": 180, "texture": "#0"},
				"down": {"uv": [3, 0, 0, 3.25], "texture": "#0"}
			}
		},
		{
			"from": [5.45243, 1.2325, 6.39587],
			"to": [6.05243, 7.103, 7.50087],
			"rotation": {"angle": -22.5, "axis": "y", "origin": [5.45243, 3.9015, 6.94837]},
			"faces": {
				"north": {"uv": [4, 0, 8, 8.075], "rotation": 90, "texture": "#0"},
				"east": {"uv": [2, 0.5, 6, 8.5], "rotation": 90, "texture": "#0"},
				"south": {"uv": [15, 0.5, 11.5, 8.5], "rotation": 90, "texture": "#0"},
				"west": {"uv": [15.25, 0, 12, 8.075], "rotation": 90, "texture": "#0"},
				"up": {"uv": [10, 0.5, 15, 9.5], "texture": "#0"},
				"down": {"uv": [0, 0, 4, 3.25], "texture": "#0"}
			}
		},
		{
			"from": [5.45243, 1.2325, 8.52175],
			"to": [6.05243, 7.103, 9.62675],
			"rotation": {"angle": 22.5, "axis": "y", "origin": [5.45243, 3.9015, 9.07425]},
			"faces": {
				"north": {"uv": [4, 0, 0, 8.075], "rotation": 90, "texture": "#0"},
				"east": {"uv": [6.5, 0, 3.25, 8.075], "rotation": 90, "texture": "#0"},
				"south": {"uv": [10.5, 0, 6.5, 8.075], "rotation": 90, "texture": "#0"},
				"west": {"uv": [3.25, 0, 0, 8.075], "rotation": 90, "texture": "#0"},
				"up": {"uv": [10, 0.5, 15, 9.5], "texture": "#0"},
				"down": {"uv": [0, 3.25, 4, 0], "texture": "#0"}
			}
		},
		{
			"from": [9.98134, 1.3575, 6.37865],
			"to": [10.58134, 7.103, 7.48365],
			"rotation": {"angle": 22.5, "axis": "y", "origin": [10.62634, 4.0265, 6.93115]},
			"faces": {
				"north": {"uv": [7, 0, 4, 8.075], "rotation": 90, "texture": "#0"},
				"east": {"uv": [12.25, 0, 9, 8], "rotation": 90, "texture": "#0"},
				"south": {"uv": [9.5, 0, 6.5, 8.075], "rotation": 90, "texture": "#0"},
				"west": {"uv": [7.5, 0, 4.25, 8.075], "rotation": 90, "texture": "#0"},
				"up": {"uv": [10, 0.5, 15, 9.5], "rotation": 180, "texture": "#0"},
				"down": {"uv": [3, 0, 0, 3.25], "texture": "#0"}
			}
		},
		{
			"from": [9.98134, 1.2325, 8.53897],
			"to": [10.58134, 7.103, 9.64397],
			"rotation": {"angle": -22.5, "axis": "y", "origin": [10.62634, 3.9015, 9.09147]},
			"faces": {
				"north": {"uv": [0, 0, 3, 8.075], "rotation": 90, "texture": "#0"},
				"east": {"uv": [3, 0, 6.25, 8.075], "rotation": 90, "texture": "#0"},
				"south": {"uv": [9.5, 0, 6.5, 8.075], "rotation": 90, "texture": "#0"},
				"west": {"uv": [7.5, 0, 4.25, 8.075], "rotation": 90, "texture": "#0"},
				"up": {"uv": [10, 0.5, 15, 9.5], "rotation": 180, "texture": "#0"},
				"down": {"uv": [3, 3.25, 0, 0], "texture": "#0"}
			}
		},
		{
			"from": [5.50228, 1.2325, 6.04749],
			"to": [6.60728, 7.103, 6.64749],
			"rotation": {"angle": 45, "axis": "y", "origin": [6.05478, 3.9015, 6.04749]},
			"faces": {
				"north": {"uv": [9.5, 0, 12.75, 8.075], "rotation": 90, "texture": "#0"},
				"east": {"uv": [4, 0, 8, 8.075], "rotation": 90, "texture": "#0"},
				"south": {"uv": [15, 0.5, 11.5, 8.5], "rotation": 90, "texture": "#0"},
				"west": {"uv": [8.25, 0, 4.25, 8.075], "rotation": 90, "texture": "#0"},
				"up": {"uv": [10, 0.5, 15, 9.5], "rotation": 90, "texture": "#0"},
				"down": {"uv": [0, 0, 4, 3.25], "rotation": 270, "texture": "#0"}
			}
		},
		{
			"from": [4.96463, 1.2325, 9.15277],
			"to": [6.06963, 7.103, 9.75277],
			"rotation": {"angle": -45, "axis": "y", "origin": [5.51713, 3.9015, 10.51277]},
			"faces": {
				"north": {"uv": [6.5, 0, 3.25, 8.075], "rotation": 90, "texture": "#0"},
				"east": {"uv": [8, 0, 4, 8.075], "rotation": 90, "texture": "#0"},
				"south": {"uv": [6.25, 0, 3, 8.075], "rotation": 90, "texture": "#0"},
				"west": {"uv": [8.25, 0, 4.25, 8.075], "rotation": 90, "texture": "#0"},
				"up": {"uv": [10, 0.5, 15, 9.5], "rotation": 270, "texture": "#0"},
				"down": {"uv": [4, 0, 0, 3.25], "rotation": 270, "texture": "#0"}
			}
		},
		{
			"from": [9.60694, 1.2325, 6.12047],
			"to": [10.71194, 7.103, 6.72047],
			"rotation": {"angle": -45, "axis": "y", "origin": [10.15944, 3.9015, 5.87047]},
			"faces": {
				"north": {"uv": [14.25, 0.25, 11, 8.25], "rotation": 90, "texture": "#0"},
				"east": {"uv": [2, 0.5, 6, 8.5], "rotation": 90, "texture": "#0"},
				"south": {"uv": [15, 0.5, 11.5, 8.5], "rotation": 90, "texture": "#0"},
				"west": {"uv": [8.25, 0, 4.25, 8.075], "rotation": 90, "texture": "#0"},
				"up": {"uv": [10, 0.5, 15, 9.5], "rotation": 90, "texture": "#0"},
				"down": {"uv": [0, 3.25, 4, 0], "rotation": 270, "texture": "#0"}
			}
		},
		{
			"from": [9.52562, 1.2325, 9.33583],
			"to": [10.63062, 7.103, 9.93583],
			"rotation": {"angle": 45, "axis": "y", "origin": [10.07812, 3.9015, 10.07083]},
			"faces": {
				"north": {"uv": [3.25, 0, 6.5, 8.075], "rotation": 90, "texture": "#0"},
				"east": {"uv": [0, 0, 4, 8.075], "rotation": 90, "texture": "#0"},
				"south": {"uv": [3.5, 5.75, 0.25, 13.75], "rotation": 90, "texture": "#0"},
				"west": {"uv": [8.25, 0, 4.25, 8.075], "rotation": 90, "texture": "#0"},
				"up": {"uv": [10, 0.5, 15, 9.5], "rotation": 270, "texture": "#0"},
				"down": {"uv": [4, 3.25, 0, 0], "rotation": 270, "texture": "#0"}
			}
		},
		{
			"from": [6.40329, 1.2325, 5.44545],
			"to": [7.50829, 7.103, 6.04545],
			"rotation": {"angle": 22.5, "axis": "y", "origin": [6.95579, 3.9015, 5.44545]},
			"faces": {
				"north": {"uv": [3, 4.5, 6.5, 12.5], "rotation": 90, "texture": "#0"},
				"east": {"uv": [2, 0.5, 6, 8.5], "rotation": 90, "texture": "#0"},
				"south": {"uv": [15, 0.5, 11.5, 8.5], "rotation": 90, "texture": "#0"},
				"west": {"uv": [8.25, 0, 4.25, 8.075], "rotation": 90, "texture": "#0"},
				"up": {"uv": [10, 0.5, 15, 9.5], "rotation": 90, "texture": "#0"},
				"down": {"uv": [0, 0, 4, 3.25], "rotation": 270, "texture": "#0"}
			}
		},
		{
			"from": [6.31705, 1.2325, 9.96035],
			"to": [7.42205, 7.103, 10.56035],
			"rotation": {"angle": -22.5, "axis": "y", "origin": [6.86955, 3.9015, 10.78535]},
			"faces": {
				"north": {"uv": [6.5, 0, 3.25, 8.075], "rotation": 90, "texture": "#0"},
				"east": {"uv": [9, 0, 4, 8.075], "rotation": 90, "texture": "#0"},
				"south": {"uv": [3, 2, 6.5, 10], "rotation": 90, "texture": "#0"},
				"west": {"uv": [9.25, 0, 4.25, 8.075], "rotation": 90, "texture": "#0"},
				"up": {"uv": [10, 0.5, 15, 9.5], "rotation": 270, "texture": "#0"},
				"down": {"uv": [5, 0, 0, 3.25], "rotation": 270, "texture": "#0"}
			}
		},
		{
			"from": [8.52904, 1.2325, 5.44514],
			"to": [9.63404, 7.103, 6.04514],
			"rotation": {"angle": -22.5, "axis": "y", "origin": [9.08154, 3.9015, 5.44514]},
			"faces": {
				"north": {"uv": [3.25, 0, 0, 8.075], "rotation": 90, "texture": "#0"},
				"east": {"uv": [2, 0.5, 6, 8.5], "rotation": 90, "texture": "#0"},
				"south": {"uv": [15, 0.5, 11.5, 8.5], "rotation": 90, "texture": "#0"},
				"west": {"uv": [8.05, 0, 4.25, 8.075], "rotation": 90, "texture": "#0"},
				"up": {"uv": [10, 0.5, 15, 9.5], "rotation": 90, "texture": "#0"},
				"down": {"uv": [0, 3.25, 3.8, 0], "rotation": 270, "texture": "#0"}
			}
		},
		{
			"from": [8.5941, 1.2325, 9.96454],
			"to": [9.6991, 7.103, 10.56454],
			"rotation": {"angle": 22.5, "axis": "y", "origin": [9.1466, 3.9015, 10.73454]},
			"faces": {
				"north": {"uv": [3.25, 0, 6.5, 8.075], "rotation": 90, "texture": "#0"},
				"east": {"uv": [0, 0, 3, 8.075], "rotation": 90, "texture": "#0"},
				"south": {"uv": [5, 1.5, 1.5, 9.5], "rotation": 90, "texture": "#0"},
				"west": {"uv": [7.25, 0, 4.25, 8.075], "rotation": 90, "texture": "#0"},
				"up": {"uv": [10, 0.5, 15, 9.5], "rotation": 270, "texture": "#0"},
				"down": {"uv": [3, 3.25, 0, 0], "rotation": 270, "texture": "#0"}
			}
		},
		{
			"from": [7.46623, 1.2325, 5.23436],
			"to": [8.57123, 7.103, 5.83436],
			"rotation": {"angle": 0, "axis": "y", "origin": [8.01873, 3.9015, 5.23436]},
			"faces": {
				"north": {"uv": [3.25, 0, 6.5, 8.075], "rotation": 90, "texture": "#0"},
				"east": {"uv": [2, 0.5, 6, 8.5], "rotation": 90, "texture": "#0"},
				"south": {"uv": [15, 0.5, 11.5, 8.5], "rotation": 90, "texture": "#0"},
				"west": {"uv": [8.25, 0, 4.25, 8.075], "rotation": 90, "texture": "#0"},
				"up": {"uv": [10, 0.5, 15, 9.5], "rotation": 90, "texture": "#0"},
				"down": {"uv": [0, 0, 4, 3.25], "rotation": 270, "texture": "#0"}
			}
		},
		{
			"from": [7.42305, 4.82993, 10.36651],
			"to": [8.61645, 6.04507, 11.01451],
			"rotation": {"angle": 0, "axis": "y", "origin": [8.01975, 7.71245, 11.18407]},
			"faces": {
				"north": {"uv": [6.5, 0, 3.25, 8.075], "rotation": 90, "texture": "#0"},
				"east": {"uv": [8.8, 0, 4, 8.075], "rotation": 90, "texture": "#0"},
				"south": {"uv": [11, 0, 7.75, 8], "rotation": 90, "texture": "#0"},
				"west": {"uv": [9.05, 0, 4.25, 8.075], "rotation": 90, "texture": "#0"},
				"up": {"uv": [4.5, 3.5, 5.5, 4], "rotation": 90, "texture": "#0"},
				"down": {"uv": [4.8, 0, 0, 3.25], "rotation": 270, "texture": "#0"}
			}
		},
		{
			"from": [5.24828, 4.82993, 6.27002],
			"to": [5.89628, 6.04507, 7.46342],
			"rotation": {"angle": -22.5, "axis": "y", "origin": [5.24828, 7.71245, 6.86672]},
			"faces": {
				"north": {"uv": [4, 0, 8, 8.075], "rotation": 90, "texture": "#0"},
				"east": {"uv": [3.25, 0, 6.5, 8.075], "rotation": 90, "texture": "#0"},
				"south": {"uv": [10.5, 0, 6.5, 8.075], "rotation": 90, "texture": "#0"},
				"west": {"uv": [15.25, 0, 12, 8.075], "rotation": 90, "texture": "#0"},
				"up": {"uv": [4.5, 3.5, 5.5, 4], "rotation": 90, "texture": "#0"},
				"down": {"uv": [0, 0, 4, 3.25], "texture": "#0"}
			}
		},
		{
			"from": [5.24828, 4.82993, 8.56598],
			"to": [5.89628, 6.04507, 9.75938],
			"rotation": {"angle": 22.5, "axis": "y", "origin": [5.24828, 7.71245, 9.16268]},
			"faces": {
				"north": {"uv": [4, 0, 0, 8.075], "rotation": 90, "texture": "#0"},
				"east": {"uv": [6.5, 0, 3.25, 8.075], "rotation": 90, "texture": "#0"},
				"south": {"uv": [10.5, 0, 6.5, 8.075], "rotation": 90, "texture": "#0"},
				"west": {"uv": [3.25, 0, 0, 8.075], "rotation": 90, "texture": "#0"},
				"up": {"uv": [4.5, 3.5, 5.5, 4], "rotation": 90, "texture": "#0"},
				"down": {"uv": [0, 3.25, 4, 0], "texture": "#0"}
			}
		},
		{
			"from": [10.13951, 4.96493, 6.25142],
			"to": [10.78751, 6.04507, 7.44482],
			"rotation": {"angle": 22.5, "axis": "y", "origin": [10.83611, 7.84745, 6.84812]},
			"faces": {
				"north": {"uv": [7, 0, 4, 8.075], "rotation": 90, "texture": "#0"},
				"east": {"uv": [12.25, 0, 9, 8], "rotation": 90, "texture": "#0"},
				"south": {"uv": [9.5, 0, 6.5, 8.075], "rotation": 90, "texture": "#0"},
				"west": {"uv": [7.5, 0, 4.25, 8.075], "rotation": 90, "texture": "#0"},
				"up": {"uv": [4.5, 3.5, 5.5, 4], "rotation": 90, "texture": "#0"},
				"down": {"uv": [3, 0, 0, 3.25], "texture": "#0"}
			}
		},
		{
			"from": [10.13951, 4.82993, 8.58458],
			"to": [10.78751, 6.04507, 9.77798],
			"rotation": {"angle": -22.5, "axis": "y", "origin": [10.83611, 7.71245, 9.18128]},
			"faces": {
				"north": {"uv": [0, 0, 3, 8.075], "rotation": 90, "texture": "#0"},
				"east": {"uv": [3, 0, 6.25, 8.075], "rotation": 90, "texture": "#0"},
				"south": {"uv": [9.5, 0, 6.5, 8.075], "rotation": 90, "texture": "#0"},
				"west": {"uv": [7.5, 0, 4.25, 8.075], "rotation": 90, "texture": "#0"},
				"up": {"uv": [4.5, 3.5, 5.5, 4], "rotation": 90, "texture": "#0"},
				"down": {"uv": [3, 3.25, 0, 0], "texture": "#0"}
			}
		},
		{
			"from": [5.30212, 4.82993, 5.89377],
			"to": [6.49552, 6.04507, 6.54177],
			"rotation": {"angle": 45, "axis": "y", "origin": [5.89882, 7.71245, 5.89377]},
			"faces": {
				"north": {"uv": [9.5, 0, 12.75, 8.075], "rotation": 90, "texture": "#0"},
				"east": {"uv": [4, 0, 8, 8.075], "rotation": 90, "texture": "#0"},
				"south": {"uv": [9.75, 0, 6.5, 8.075], "rotation": 90, "texture": "#0"},
				"west": {"uv": [8.25, 0, 4.25, 8.075], "rotation": 90, "texture": "#0"},
				"up": {"uv": [4.5, 3.5, 5.5, 4], "rotation": 90, "texture": "#0"},
				"down": {"uv": [0, 0, 4, 3.25], "rotation": 270, "texture": "#0"}
			}
		},
		{
			"from": [4.72147, 4.82993, 9.24748],
			"to": [5.91487, 6.04507, 9.89548],
			"rotation": {"angle": -45, "axis": "y", "origin": [5.31817, 7.71245, 10.71628]},
			"faces": {
				"north": {"uv": [6.5, 0, 3.25, 8.075], "rotation": 90, "texture": "#0"},
				"east": {"uv": [8, 0, 4, 8.075], "rotation": 90, "texture": "#0"},
				"south": {"uv": [6.25, 0, 3, 8.075], "rotation": 90, "texture": "#0"},
				"west": {"uv": [8.25, 0, 4.25, 8.075], "rotation": 90, "texture": "#0"},
				"up": {"uv": [4.5, 3.5, 5.5, 4], "rotation": 90, "texture": "#0"},
				"down": {"uv": [4, 0, 0, 3.25], "rotation": 270, "texture": "#0"}
			}
		},
		{
			"from": [9.73516, 4.82993, 5.97259],
			"to": [10.92856, 6.04507, 6.62059],
			"rotation": {"angle": -45, "axis": "y", "origin": [10.33186, 7.71245, 5.70259]},
			"faces": {
				"north": {"uv": [14.25, 0.25, 11, 8.25], "rotation": 90, "texture": "#0"},
				"east": {"uv": [4, 0, 0, 8.075], "rotation": 90, "texture": "#0"},
				"south": {"uv": [9.75, 0, 6.5, 8.075], "rotation": 90, "texture": "#0"},
				"west": {"uv": [8.25, 0, 4.25, 8.075], "rotation": 90, "texture": "#0"},
				"up": {"uv": [4.5, 3.5, 5.5, 4], "rotation": 90, "texture": "#0"},
				"down": {"uv": [0, 3.25, 4, 0], "rotation": 270, "texture": "#0"}
			}
		},
		{
			"from": [9.64733, 4.82993, 9.44518],
			"to": [10.84073, 6.04507, 10.09318],
			"rotation": {"angle": 45, "axis": "y", "origin": [10.24403, 7.71245, 10.23898]},
			"faces": {
				"north": {"uv": [3.25, 0, 6.5, 8.075], "rotation": 90, "texture": "#0"},
				"east": {"uv": [0, 0, 4, 8.075], "rotation": 90, "texture": "#0"},
				"south": {"uv": [3.5, 5.75, 0.25, 13.75], "rotation": 90, "texture": "#0"},
				"west": {"uv": [8.25, 0, 4.25, 8.075], "rotation": 90, "texture": "#0"},
				"up": {"uv": [4.5, 3.5, 5.5, 4], "rotation": 90, "texture": "#0"},
				"down": {"uv": [4, 3.25, 0, 0], "rotation": 270, "texture": "#0"}
			}
		},
		{
			"from": [6.27521, 4.82993, 5.24357],
			"to": [7.46861, 6.04507, 5.89157],
			"rotation": {"angle": 22.5, "axis": "y", "origin": [6.87191, 7.71245, 5.24357]},
			"faces": {
				"north": {"uv": [3.5, 4.5, 7, 12.5], "rotation": 90, "texture": "#0"},
				"east": {"uv": [4, 0, 8, 8.075], "rotation": 90, "texture": "#0"},
				"south": {"uv": [9.75, 0, 6.5, 8.075], "rotation": 90, "texture": "#0"},
				"west": {"uv": [8.25, 0, 4.25, 8.075], "rotation": 90, "texture": "#0"},
				"up": {"uv": [4.5, 3.5, 5.5, 4], "rotation": 90, "texture": "#0"},
				"down": {"uv": [0, 0, 4, 3.25], "rotation": 270, "texture": "#0"}
			}
		},
		{
			"from": [6.18208, 4.82993, 10.11967],
			"to": [7.37548, 6.04507, 10.76767],
			"rotation": {"angle": -22.5, "axis": "y", "origin": [6.77878, 7.71245, 11.01067]},
			"faces": {
				"north": {"uv": [6.5, 0, 3.25, 8.075], "rotation": 90, "texture": "#0"},
				"east": {"uv": [9, 0, 4, 8.075], "rotation": 90, "texture": "#0"},
				"south": {"uv": [10, 1.5, 13.5, 9.5], "rotation": 90, "texture": "#0"},
				"west": {"uv": [9.25, 0, 4.25, 8.075], "rotation": 90, "texture": "#0"},
				"up": {"uv": [4.5, 3.5, 5.5, 4], "rotation": 90, "texture": "#0"},
				"down": {"uv": [5, 0, 0, 3.25], "rotation": 270, "texture": "#0"}
			}
		},
		{
			"from": [8.57103, 4.82993, 5.24323],
			"to": [9.76443, 6.04507, 5.89123],
			"rotation": {"angle": -22.5, "axis": "y", "origin": [9.16773, 7.71245, 5.24323]},
			"faces": {
				"north": {"uv": [3.25, 0, 0, 8.075], "rotation": 90, "texture": "#0"},
				"east": {"uv": [3.8, 0, 0, 8.075], "rotation": 90, "texture": "#0"},
				"south": {"uv": [9.75, 0, 6.5, 8.075], "rotation": 90, "texture": "#0"},
				"west": {"uv": [8.05, 0, 4.25, 8.075], "rotation": 90, "texture": "#0"},
				"up": {"uv": [4.5, 3.5, 5.5, 4], "rotation": 90, "texture": "#0"},
				"down": {"uv": [0, 3.25, 3.8, 0], "rotation": 270, "texture": "#0"}
			}
		},
		{
			"from": [10.62156, 4.06993, 7.418],
			"to": [11.01956, 8.42007, 8.6114],
			"rotation": {"angle": 0, "axis": "y", "origin": [8.44268, 7.52237, 7.63832]},
			"faces": {
				"north": {"uv": [20, 0, 4, 3.184], "rotation": 90, "texture": "#0"},
				"east": {"uv": [16, 11.5, 0, 16], "rotation": 90, "texture": "#0"},
				"south": {"uv": [22.5, 0, 6.5, 3.184], "rotation": 90, "texture": "#0"},
				"west": {"uv": [16, 11.5, 0, 16], "rotation": 90, "texture": "#0"},
				"up": {"uv": [4.5, 3.5, 14.0472, 6.684], "rotation": 90, "texture": "#0"},
				"down": {"uv": [3.184, 0, 0, 9.5472], "texture": "#0"}
			}
		},
		{
			"from": [4.89493, 3.95493, 7.418],
			"to": [5.29293, 8.54507, 8.6114],
			"rotation": {"angle": 0, "axis": "y", "origin": [7.64541, 7.65737, 7.63832]},
			"faces": {
				"north": {"uv": [4, 0, 20, 3.184], "rotation": 90, "texture": "#0"},
				"east": {"uv": [16, 11.5, 0, 16], "rotation": 90, "texture": "#0"},
				"south": {"uv": [22.5, 0, 6.5, 3.184], "rotation": 90, "texture": "#0"},
				"west": {"uv": [16, 11.5, 0, 16], "rotation": 90, "texture": "#0"},
				"up": {"uv": [4.5, 3.5, 14.0472, 6.684], "rotation": 90, "texture": "#0"},
				"down": {"uv": [0, 0, 3.184, 9.5472], "texture": "#0"}
			}
		},
		{
			"from": [5.01993, 1.20493, 7.418],
			"to": [5.66793, 3.92007, 8.6114],
			"rotation": {"angle": 0, "axis": "y", "origin": [7.77041, 5.03237, 7.63832]},
			"faces": {
				"north": {"uv": [4, 0, 20, 3.184], "rotation": 90, "texture": "#0"},
				"east": {"uv": [16, 0, 0, 9.5], "rotation": 90, "texture": "#0"},
				"south": {"uv": [22.5, 0, 6.5, 3.184], "rotation": 90, "texture": "#0"},
				"west": {"uv": [16, 0, 0, 9.5472], "rotation": 90, "texture": "#0"},
				"up": {"uv": [4.5, 3.5, 14.0472, 6.684], "rotation": 90, "texture": "#0"},
				"down": {"uv": [0, 0, 3.184, 9.5472], "texture": "#0"}
			}
		},
		{
			"from": [10.33207, 1.20493, 7.418],
			"to": [10.98007, 4.17007, 8.6114],
			"rotation": {"angle": 0, "axis": "y", "origin": [8.22959, 5.03237, 7.63832]},
			"faces": {
				"north": {"uv": [4, 3.184, 20, 0], "rotation": 90, "texture": "#0"},
				"east": {"uv": [16, 0, 0, 9.5], "rotation": 90, "texture": "#0"},
				"south": {"uv": [22.5, 3.184, 6.5, 0], "rotation": 90, "texture": "#0"},
				"west": {"uv": [16, 21.0472, 0, 11.5], "rotation": 90, "texture": "#0"},
				"up": {"uv": [4.5, 6.684, 14.0472, 3.5], "rotation": 90, "texture": "#0"},
				"down": {"uv": [3.184, 0, 0, 9.5472], "texture": "#0"}
			}
		},
		{
			"from": [8.64129, 4.82993, 10.12419],
			"to": [9.83469, 6.04507, 10.77219],
			"rotation": {"angle": 22.5, "axis": "y", "origin": [9.23799, 7.71245, 10.95579]},
			"faces": {
				"north": {"uv": [3.25, 0, 6.5, 8.075], "rotation": 90, "texture": "#0"},
				"east": {"uv": [0, 0, 3, 8.075], "rotation": 90, "texture": "#0"},
				"south": {"uv": [13.5, 2, 10, 10], "rotation": 90, "texture": "#0"},
				"west": {"uv": [7.25, 0, 4.25, 8.075], "rotation": 90, "texture": "#0"},
				"up": {"uv": [4.5, 3.5, 5.5, 4], "rotation": 90, "texture": "#0"},
				"down": {"uv": [3, 3.25, 0, 0], "rotation": 270, "texture": "#0"}
			}
		},
		{
			"from": [7.42319, 4.82993, 5.01559],
			"to": [8.61659, 6.04507, 5.66359],
			"rotation": {"angle": 0, "axis": "y", "origin": [8.01989, 7.71245, 5.01559]},
			"faces": {
				"north": {"uv": [3.25, 0, 6.5, 8.075], "rotation": 90, "texture": "#0"},
				"east": {"uv": [4, 0, 8, 8.075], "rotation": 90, "texture": "#0"},
				"south": {"uv": [9.75, 0, 6.5, 8.075], "rotation": 90, "texture": "#0"},
				"west": {"uv": [8.25, 0, 4.25, 8.075], "rotation": 90, "texture": "#0"},
				"up": {"uv": [4.5, 3.5, 5.5, 4], "rotation": 90, "texture": "#0"},
				"down": {"uv": [0, 0, 4, 3.25], "rotation": 270, "texture": "#0"}
			}
		},
		{
			"from": [7.42305, 1.20493, 10.36651],
			"to": [8.61645, 2.42007, 11.01451],
			"rotation": {"angle": 0, "axis": "y", "origin": [8.01975, 4.08745, 11.18407]},
			"faces": {
				"north": {"uv": [6.5, 0, 3.25, 8.075], "rotation": 90, "texture": "#0"},
				"east": {"uv": [8.8, 0, 4, 8.075], "rotation": 90, "texture": "#0"},
				"south": {"uv": [11, 0, 7.75, 8], "rotation": 90, "texture": "#0"},
				"west": {"uv": [9.05, 0, 4.25, 8.075], "rotation": 90, "texture": "#0"},
				"up": {"uv": [4.5, 3.5, 5.5, 4], "rotation": 90, "texture": "#0"},
				"down": {"uv": [4.8, 0, 0, 3.25], "rotation": 270, "texture": "#0"}
			}
		},
		{
			"from": [5.24828, 1.20493, 6.27002],
			"to": [5.89628, 2.42007, 7.46342],
			"rotation": {"angle": -22.5, "axis": "y", "origin": [5.24828, 4.08745, 6.86672]},
			"faces": {
				"north": {"uv": [4, 0, 8, 8.075], "rotation": 90, "texture": "#0"},
				"east": {"uv": [3.25, 0, 6.5, 8.075], "rotation": 90, "texture": "#0"},
				"south": {"uv": [10.5, 0, 6.5, 8.075], "rotation": 90, "texture": "#0"},
				"west": {"uv": [15.25, 0, 12, 8.075], "rotation": 90, "texture": "#0"},
				"up": {"uv": [4.5, 3.5, 5.5, 4], "rotation": 90, "texture": "#0"},
				"down": {"uv": [0, 0, 4, 3.25], "texture": "#0"}
			}
		},
		{
			"from": [5.24828, 1.20493, 8.56598],
			"to": [5.89628, 2.42007, 9.75938],
			"rotation": {"angle": 22.5, "axis": "y", "origin": [5.24828, 4.08745, 9.16268]},
			"faces": {
				"north": {"uv": [4, 0, 0, 8.075], "rotation": 90, "texture": "#0"},
				"east": {"uv": [6.5, 0, 3.25, 8.075], "rotation": 90, "texture": "#0"},
				"south": {"uv": [10.5, 0, 6.5, 8.075], "rotation": 90, "texture": "#0"},
				"west": {"uv": [3.25, 0, 0, 8.075], "rotation": 90, "texture": "#0"},
				"up": {"uv": [4.5, 3.5, 5.5, 4], "rotation": 90, "texture": "#0"},
				"down": {"uv": [0, 3.25, 4, 0], "texture": "#0"}
			}
		},
		{
			"from": [10.13951, 1.21493, 6.25142],
			"to": [10.78751, 2.42007, 7.44482],
			"rotation": {"angle": 22.5, "axis": "y", "origin": [10.83611, 4.22245, 6.84812]},
			"faces": {
				"north": {"uv": [7, 0, 4, 8.075], "rotation": 90, "texture": "#0"},
				"east": {"uv": [12.25, 0, 9, 8], "rotation": 90, "texture": "#0"},
				"south": {"uv": [9.5, 0, 6.5, 8.075], "rotation": 90, "texture": "#0"},
				"west": {"uv": [7.5, 0, 4.25, 8.075], "rotation": 90, "texture": "#0"},
				"up": {"uv": [4.5, 3.5, 5.5, 4], "rotation": 90, "texture": "#0"},
				"down": {"uv": [3, 0, 0, 3.25], "texture": "#0"}
			}
		},
		{
			"from": [10.13951, 1.20493, 8.58458],
			"to": [10.78751, 2.42007, 9.77798],
			"rotation": {"angle": -22.5, "axis": "y", "origin": [10.83611, 4.08745, 9.18128]},
			"faces": {
				"north": {"uv": [0, 0, 3, 8.075], "rotation": 90, "texture": "#0"},
				"east": {"uv": [3, 0, 6.25, 8.075], "rotation": 90, "texture": "#0"},
				"south": {"uv": [9.5, 0, 6.5, 8.075], "rotation": 90, "texture": "#0"},
				"west": {"uv": [7.5, 0, 4.25, 8.075], "rotation": 90, "texture": "#0"},
				"up": {"uv": [4.5, 3.5, 5.5, 4], "rotation": 90, "texture": "#0"},
				"down": {"uv": [3, 3.25, 0, 0], "texture": "#0"}
			}
		},
		{
			"from": [5.30212, 1.20493, 5.89377],
			"to": [6.49552, 2.42007, 6.54177],
			"rotation": {"angle": 45, "axis": "y", "origin": [5.89882, 4.08745, 5.89377]},
			"faces": {
				"north": {"uv": [9.5, 0, 12.75, 8.075], "rotation": 90, "texture": "#0"},
				"east": {"uv": [4, 0, 8, 8.075], "rotation": 90, "texture": "#0"},
				"south": {"uv": [9.75, 0, 6.5, 8.075], "rotation": 90, "texture": "#0"},
				"west": {"uv": [8.25, 0, 4.25, 8.075], "rotation": 90, "texture": "#0"},
				"up": {"uv": [4.5, 3.5, 5.5, 4], "rotation": 90, "texture": "#0"},
				"down": {"uv": [0, 0, 4, 3.25], "rotation": 270, "texture": "#0"}
			}
		},
		{
			"from": [4.72147, 1.20493, 9.24748],
			"to": [5.91487, 2.42007, 9.89548],
			"rotation": {"angle": -45, "axis": "y", "origin": [5.31817, 4.08745, 10.71628]},
			"faces": {
				"north": {"uv": [6.5, 0, 3.25, 8.075], "rotation": 90, "texture": "#0"},
				"east": {"uv": [8, 0, 4, 8.075], "rotation": 90, "texture": "#0"},
				"south": {"uv": [6.25, 0, 3, 8.075], "rotation": 90, "texture": "#0"},
				"west": {"uv": [8.25, 0, 4.25, 8.075], "rotation": 90, "texture": "#0"},
				"up": {"uv": [4.5, 3.5, 5.5, 4], "rotation": 90, "texture": "#0"},
				"down": {"uv": [4, 0, 0, 3.25], "rotation": 270, "texture": "#0"}
			}
		},
		{
			"from": [9.73516, 1.20493, 5.97259],
			"to": [10.92856, 2.42007, 6.62059],
			"rotation": {"angle": -45, "axis": "y", "origin": [10.33186, 4.08745, 5.70259]},
			"faces": {
				"north": {"uv": [14.25, 0.25, 11, 8.25], "rotation": 90, "texture": "#0"},
				"east": {"uv": [4, 0, 0, 8.075], "rotation": 90, "texture": "#0"},
				"south": {"uv": [9.75, 0, 6.5, 8.075], "rotation": 90, "texture": "#0"},
				"west": {"uv": [8.25, 0, 4.25, 8.075], "rotation": 90, "texture": "#0"},
				"up": {"uv": [4.5, 3.5, 5.5, 4], "rotation": 90, "texture": "#0"},
				"down": {"uv": [0, 3.25, 4, 0], "rotation": 270, "texture": "#0"}
			}
		},
		{
			"from": [9.64733, 1.20493, 9.44518],
			"to": [10.84073, 2.42007, 10.09318],
			"rotation": {"angle": 45, "axis": "y", "origin": [10.24403, 4.08745, 10.23898]},
			"faces": {
				"north": {"uv": [3.25, 0, 6.5, 8.075], "rotation": 90, "texture": "#0"},
				"east": {"uv": [0, 0, 4, 8.075], "rotation": 90, "texture": "#0"},
				"south": {"uv": [3.5, 5.75, 0.25, 13.75], "rotation": 90, "texture": "#0"},
				"west": {"uv": [8.25, 0, 4.25, 8.075], "rotation": 90, "texture": "#0"},
				"up": {"uv": [4.5, 3.5, 5.5, 4], "rotation": 90, "texture": "#0"},
				"down": {"uv": [4, 3.25, 0, 0], "rotation": 270, "texture": "#0"}
			}
		},
		{
			"from": [6.27521, 1.20493, 5.24357],
			"to": [7.46861, 2.42007, 5.89157],
			"rotation": {"angle": 22.5, "axis": "y", "origin": [6.87191, 4.08745, 5.24357]},
			"faces": {
				"north": {"uv": [1, 0, 4.5, 8], "rotation": 90, "texture": "#0"},
				"east": {"uv": [4, 0, 8, 8.075], "rotation": 90, "texture": "#0"},
				"south": {"uv": [9.75, 0, 6.5, 8.075], "rotation": 90, "texture": "#0"},
				"west": {"uv": [8.25, 0, 4.25, 8.075], "rotation": 90, "texture": "#0"},
				"up": {"uv": [4.5, 3.5, 5.5, 4], "rotation": 90, "texture": "#0"},
				"down": {"uv": [0, 0, 4, 3.25], "rotation": 270, "texture": "#0"}
			}
		},
		{
			"from": [6.18208, 1.20493, 10.11967],
			"to": [7.37548, 2.42007, 10.76767],
			"rotation": {"angle": -22.5, "axis": "y", "origin": [6.77878, 4.08745, 11.01067]},
			"faces": {
				"north": {"uv": [6.5, 0, 3.25, 8.075], "rotation": 90, "texture": "#0"},
				"east": {"uv": [9, 0, 4, 8.075], "rotation": 90, "texture": "#0"},
				"south": {"uv": [2, 6.5, 5.5, 14.5], "rotation": 90, "texture": "#0"},
				"west": {"uv": [9.25, 0, 4.25, 8.075], "rotation": 90, "texture": "#0"},
				"up": {"uv": [4.5, 3.5, 5.5, 4], "rotation": 90, "texture": "#0"},
				"down": {"uv": [5, 0, 0, 3.25], "rotation": 270, "texture": "#0"}
			}
		},
		{
			"from": [8.57103, 1.20493, 5.24323],
			"to": [9.76443, 2.42007, 5.89123],
			"rotation": {"angle": -22.5, "axis": "y", "origin": [9.16773, 4.08745, 5.24323]},
			"faces": {
				"north": {"uv": [3.25, 0, 0, 8.075], "rotation": 90, "texture": "#0"},
				"east": {"uv": [3.8, 0, 0, 8.075], "rotation": 90, "texture": "#0"},
				"south": {"uv": [9.75, 0, 6.5, 8.075], "rotation": 90, "texture": "#0"},
				"west": {"uv": [8.05, 0, 4.25, 8.075], "rotation": 90, "texture": "#0"},
				"up": {"uv": [4.5, 3.5, 5.5, 4], "rotation": 90, "texture": "#0"},
				"down": {"uv": [0, 3.25, 3.8, 0], "rotation": 270, "texture": "#0"}
			}
		},
		{
			"from": [8.64129, 1.20493, 10.12419],
			"to": [9.83469, 2.42007, 10.77219],
			"rotation": {"angle": 22.5, "axis": "y", "origin": [9.23799, 4.08745, 10.95579]},
			"faces": {
				"north": {"uv": [3.25, 0, 6.5, 8.075], "rotation": 90, "texture": "#0"},
				"east": {"uv": [0, 0, 3, 8.075], "rotation": 90, "texture": "#0"},
				"south": {"uv": [15, 0.5, 11.5, 8.5], "rotation": 90, "texture": "#0"},
				"west": {"uv": [7.25, 0, 4.25, 8.075], "rotation": 90, "texture": "#0"},
				"up": {"uv": [4.5, 3.5, 5.5, 4], "rotation": 90, "texture": "#0"},
				"down": {"uv": [3, 3.25, 0, 0], "rotation": 270, "texture": "#0"}
			}
		},
		{
			"from": [7.42319, 1.20493, 5.01559],
			"to": [8.61659, 2.42007, 5.66359],
			"rotation": {"angle": 0, "axis": "y", "origin": [8.01989, 4.08745, 5.01559]},
			"faces": {
				"north": {"uv": [3.25, 0, 6.5, 8.075], "rotation": 90, "texture": "#0"},
				"east": {"uv": [4, 0, 8, 8.075], "rotation": 90, "texture": "#0"},
				"south": {"uv": [9.75, 0, 6.5, 8.075], "rotation": 90, "texture": "#0"},
				"west": {"uv": [8.25, 0, 4.25, 8.075], "rotation": 90, "texture": "#0"},
				"up": {"uv": [4.5, 3.5, 5.5, 4], "rotation": 90, "texture": "#0"},
				"down": {"uv": [0, 0, 4, 3.25], "rotation": 270, "texture": "#0"}
			}
		}
	],
	"display": {
		"thirdperson_righthand": {
			"rotation": [60, 0, 0],
			"translation": [0, 1.5, 0.25]
		},
		"thirdperson_lefthand": {
			"rotation": [60, 0, 0],
			"translation": [0, 1.5, 0.25]
		},
		"firstperson_righthand": {
			"translation": [0, 3, 0]
		},
		"firstperson_lefthand": {
			"translation": [0, 3, 0]
		},
		"ground": {
			"translation": [0, 5.25, 0]
		},
		"gui": {
			"rotation": [32, 0, 0],
			"translation": [0, 4.75, 0],
			"scale": [1.4, 1.4, 1.4]
		},
		"head": {
			"translation": [0, -28, 0.25],
			"scale": [2, 2, 2]
		},
		"fixed": {
			"rotation": [-22, 0, 0],
			"translation": [0, 2.5, -3]
		}
	},
	"groups": [
		{
			"name": "group",
			"origin": [8.34674, 3.9015, 5.19755],
			"children": [0, 1, 2, 3, 4, 5, 6, 7, 8, 9, 10, 11, 12, 13, 14, 15, 16]
		},
		{
			"name": "group",
			"origin": [8.34674, 3.9015, 5.19755],
			"children": [17, 18, 19, 20, 21, 22, 23, 24, 25, 26, 27, 28, 29, 30, 31, 32, 33, 34]
		},
		{
			"name": "group",
			"origin": [8.34674, 3.9015, 5.19755],
			"children": [35, 36, 37, 38, 39, 40, 41, 42, 43, 44, 45, 46, 47, 48]
		}
	]
}