{
	"credit": "Made with Blockbench",
	"textures": {
		"1": "block/sword0",
		"2": "block/sword1",
		"3": "block/iron",
		"particle": "block/sword0"
	},
	"elements": [
		{
			"from": [7.4348, 13.8917, 7.70824],
			"to": [8.5652, 21.49204, 8.32824],
			"rotation": {"angle": 0, "axis": "y", "origin": [33.9718, 21.49204, -10.27176]},
			"faces": {
				"north": {"uv": [7, 0, 7.25, 16], "rotation": 180, "texture": "#3"},
				"east": {"uv": [0, 9, 16, 9], "rotation": 90, "texture": "#3"},
				"south": {"uv": [4, 0, 4, 16], "texture": "#3"},
				"west": {"uv": [10, 11, 14.5, 15.125], "rotation": 270, "texture": "#3"},
				"up": {"uv": [8, 10, 8, 10], "texture": "#3"},
				"down": {"uv": [8, 11, 8, 11], "rotation": 180, "texture": "#3"}
			}
		},
		{
			"from": [7.8098, 14.50019, 7.39824],
			"to": [8.1902, 21.81836, 8.45824],
			"rotation": {"angle": 0, "axis": "y", "origin": [33.9718, 21.49204, -10.89176]},
			"faces": {
				"north": {"uv": [7, 0, 7.25, 2.4], "rotation": 180, "texture": "#3"},
				"east": {"uv": [0, 9, 16, 9], "rotation": 90, "texture": "#3"},
				"south": {"uv": [4, 0, 4, 16], "texture": "#3"},
				"west": {"uv": [10, 11, 14.5, 15.125], "rotation": 270, "texture": "#3"},
				"up": {"uv": [8, 10, 8, 10], "texture": "#3"},
				"down": {"uv": [8, 11, 8, 11], "rotation": 180, "texture": "#3"}
			}
		},
		{
			"from": [6.4294, 14.17781, 7.39824],
			"to": [7.5598, 14.67146, 7.70824],
			"rotation": {"angle": 0, "axis": "y", "origin": [33.0914, 15.99204, -10.89176]},
			"faces": {
				"north": {"uv": [7, 0, 7.25, 2.76], "rotation": 180, "texture": "#3"},
				"east": {"uv": [0, 9, 16, 9], "rotation": 90, "texture": "#3"},
				"south": {"uv": [4, 0, 4, 16], "texture": "#3"},
				"west": {"uv": [10, 11, 14.5, 15.125], "rotation": 270, "texture": "#3"},
				"up": {"uv": [8, 10, 8, 10], "texture": "#3"},
				"down": {"uv": [8, 11, 8, 11], "rotation": 180, "texture": "#3"}
			}
		},
		{
			"from": [6.4294, 14.17781, 8.29176],
			"to": [7.5598, 14.67146, 8.60176],
			"rotation": {"angle": 0, "axis": "y", "origin": [33.0914, 15.99204, 26.89176]},
			"faces": {
				"north": {"uv": [4, 0, 4, 16], "texture": "#3"},
				"east": {"uv": [0, 9, 16, 9], "rotation": 90, "texture": "#3"},
				"south": {"uv": [7.25, 0, 7, 2.76], "rotation": 180, "texture": "#3"},
				"west": {"uv": [10, 15.125, 14.5, 11], "rotation": 270, "texture": "#3"},
				"up": {"uv": [8, 10, 8, 10], "texture": "#3"},
				"down": {"uv": [8, 11, 8, 11], "rotation": 180, "texture": "#3"}
			}
		},
		{
			"from": [7.5544, 14.17781, 7.27324],
			"to": [8.4348, 14.67146, 7.70824],
			"rotation": {"angle": 0, "axis": "y", "origin": [33.9664, 15.99204, -10.89176]},
			"faces": {
				"north": {"uv": [7, 0, 7.25, 2.76], "rotation": 180, "texture": "#3"},
				"east": {"uv": [0, 9, 16, 9], "rotation": 90, "texture": "#3"},
				"south": {"uv": [4, 0, 4, 16], "texture": "#3"},
				"west": {"uv": [10, 11, 14.5, 15.125], "rotation": 270, "texture": "#3"},
				"up": {"uv": [8, 10, 8, 10], "texture": "#3"},
				"down": {"uv": [8, 11, 8, 11], "rotation": 180, "texture": "#3"}
			}
		},
		{
			"from": [7.5544, 14.17781, 8.29176],
			"to": [8.4348, 14.67146, 8.72676],
			"rotation": {"angle": 0, "axis": "y", "origin": [33.9664, 15.99204, 26.89176]},
			"faces": {
				"north": {"uv": [4, 0, 4, 16], "texture": "#3"},
				"east": {"uv": [0, 9, 16, 9], "rotation": 90, "texture": "#3"},
				"south": {"uv": [7.25, 0, 7, 2.76], "rotation": 180, "texture": "#3"},
				"west": {"uv": [10, 15.125, 14.5, 11], "rotation": 270, "texture": "#3"},
				"up": {"uv": [8, 10, 8, 10], "texture": "#3"},
				"down": {"uv": [8, 11, 8, 11], "rotation": 180, "texture": "#3"}
			}
		},
		{
			"from": [8.4402, 14.16571, 7.39824],
			"to": [9.6956, 14.67146, 7.70824],
			"rotation": {"angle": 0, "axis": "y", "origin": [-17.0914, 15.86704, -10.89176]},
			"faces": {
				"north": {"uv": [7, 0, 7.25, 2.46], "rotation": 180, "texture": "#3"},
				"east": {"uv": [0, 9, 16, 9], "rotation": 90, "texture": "#3"},
				"south": {"uv": [4, 0, 4, 16], "texture": "#3"},
				"west": {"uv": [10, 11, 14.5, 15.125], "rotation": 270, "texture": "#3"},
				"up": {"uv": [8, 10, 8, 10], "texture": "#3"},
				"down": {"uv": [8, 11, 8, 11], "rotation": 180, "texture": "#3"}
			}
		},
		{
			"from": [8.4402, 14.16571, 8.29176],
			"to": [9.6956, 14.67146, 8.60176],
			"rotation": {"angle": 0, "axis": "y", "origin": [-17.0914, 15.86704, 26.89176]},
			"faces": {
				"north": {"uv": [4, 0, 4, 16], "texture": "#3"},
				"east": {"uv": [0, 9, 16, 9], "rotation": 90, "texture": "#3"},
				"south": {"uv": [7.25, 0, 7, 2.46], "rotation": 180, "texture": "#3"},
				"west": {"uv": [10, 15.125, 14.5, 11], "rotation": 270, "texture": "#3"},
				"up": {"uv": [8, 10, 8, 10], "texture": "#3"},
				"down": {"uv": [8, 11, 8, 11], "rotation": 180, "texture": "#3"}
			}
		},
		{
			"from": [6.6794, 13.83492, 7.82824],
			"to": [8.4348, 15.00903, 8.13824],
			"rotation": {"angle": 0, "axis": "y", "origin": [33.0914, 15.99204, 26.42824]},
			"faces": {
				"north": {"uv": [7, 0, 7.25, 3.12], "rotation": 180, "texture": "#3"},
				"east": {"uv": [0, 9, 16, 9], "rotation": 90, "texture": "#3"},
				"south": {"uv": [4, 0, 4, 16], "texture": "#3"},
				"west": {"uv": [10, 11, 14.5, 15.125], "rotation": 270, "texture": "#3"},
				"up": {"uv": [8, 10, 8, 10], "texture": "#3"},
				"down": {"uv": [8, 11, 8, 11], "rotation": 180, "texture": "#3"}
			}
		},
		{
			"from": [8.4402, 14.08492, 7.82824],
			"to": [9.3206, 15.00903, 8.13824],
			"rotation": {"angle": 0, "axis": "y", "origin": [-17.0914, 16.11704, 26.42824]},
			"faces": {
				"north": {"uv": [7, 0, 7.25, 3.12], "rotation": 180, "texture": "#3"},
				"east": {"uv": [0, 9, 16, 9], "rotation": 90, "texture": "#3"},
				"south": {"uv": [4, 0, 4, 16], "texture": "#3"},
				"west": {"uv": [10, 11, 14.5, 15.125], "rotation": 270, "texture": "#3"},
				"up": {"uv": [8, 10, 8, 10], "texture": "#3"},
				"down": {"uv": [8, 11, 8, 11], "rotation": 180, "texture": "#3"}
			}
		},
		{
			"from": [5.799, 14.0167, 7.70824],
			"to": [6.6794, 20.36308, 8.32824],
			"rotation": {"angle": 0, "axis": "y", "origin": [32.211, 21.49204, -10.27176]},
			"faces": {
				"north": {"uv": [7, 0, 7.25, 16], "rotation": 180, "texture": "#3"},
				"east": {"uv": [0, 9, 16, 9], "rotation": 90, "texture": "#3"},
				"south": {"uv": [4, 0, 4, 16], "texture": "#3"},
				"west": {"uv": [10, 11, 14.5, 15.125], "rotation": 270, "texture": "#3"},
				"up": {"uv": [8, 10, 8, 10], "texture": "#3"},
				"down": {"uv": [8, 11, 8, 11], "rotation": 180, "texture": "#3"}
			}
		},
		{
			"from": [5.6088, 14.1417, 7.83324],
			"to": [6.2392, 20.0244, 8.14324],
			"rotation": {"angle": 0, "axis": "y", "origin": [31.7708, 21.49204, -10.27176]},
			"faces": {
				"north": {"uv": [7, 0, 7.25, 15.3], "rotation": 180, "texture": "#3"},
				"east": {"uv": [0, 9, 16, 9], "rotation": 90, "texture": "#3"},
				"south": {"uv": [4, 0, 4, 16], "texture": "#3"},
				"west": {"uv": [10, 11, 14.5, 15.125], "rotation": 270, "texture": "#3"},
				"up": {"uv": [8, 10, 8, 10], "texture": "#3"},
				"down": {"uv": [8, 11, 8, 11], "rotation": 180, "texture": "#3"}
			}
		},
		{
			"from": [9.7608, 14.1417, 7.83324],
			"to": [10.3912, 20.0244, 8.14324],
			"rotation": {"angle": 0, "axis": "y", "origin": [36.1728, 21.49204, -10.27176]},
			"faces": {
				"north": {"uv": [7, 0, 7.25, 15.3], "rotation": 180, "texture": "#3"},
				"east": {"uv": [0, 9, 16, 9], "rotation": 90, "texture": "#3"},
				"south": {"uv": [4, 0, 4, 16], "texture": "#3"},
				"west": {"uv": [10, 11, 14.5, 15.125], "rotation": 270, "texture": "#3"},
				"up": {"uv": [8, 10, 8, 10], "texture": "#3"},
				"down": {"uv": [8, 11, 8, 11], "rotation": 180, "texture": "#3"}
			}
		},
		{
			"from": [9.3206, 14.0167, 7.70824],
			"to": [10.201, 20.36308, 8.32824],
			"rotation": {"angle": 0, "axis": "y", "origin": [-16.211, 21.49204, -10.27176]},
			"faces": {
				"north": {"uv": [7, 0, 7.25, 16], "rotation": 180, "texture": "#3"},
				"east": {"uv": [0, 9, 16, 9], "rotation": 90, "texture": "#3"},
				"south": {"uv": [4, 0, 4, 16], "texture": "#3"},
				"west": {"uv": [10, 11, 14.5, 15.125], "rotation": 270, "texture": "#3"},
				"up": {"uv": [8, 10, 8, 10], "texture": "#3"},
				"down": {"uv": [8, 11, 8, 11], "rotation": 180, "texture": "#3"}
			}
		},
		{
			"from": [6.174, 14.1417, 7.45324],
			"to": [6.4294, 20.59213, 8.63824],
			"rotation": {"angle": 0, "axis": "y", "origin": [32.211, 21.49204, 26.92824]},
			"faces": {
				"north": {"uv": [7, 0, 7.25, 15.48], "rotation": 180, "texture": "#3"},
				"east": {"uv": [0, 9, 16, 9], "rotation": 90, "texture": "#3"},
				"south": {"uv": [4, 0, 4, 16], "texture": "#3"},
				"west": {"uv": [10, 11, 14.5, 15.125], "rotation": 270, "texture": "#3"},
				"up": {"uv": [8, 10, 8, 10], "texture": "#3"},
				"down": {"uv": [8, 11, 8, 11], "rotation": 180, "texture": "#3"}
			}
		},
		{
			"from": [9.6956, 14.1417, 7.45324],
			"to": [9.951, 20.59213, 8.63824],
			"rotation": {"angle": 0, "axis": "y", "origin": [-16.211, 21.49204, 26.92824]},
			"faces": {
				"north": {"uv": [7, 0, 7.25, 15.48], "rotation": 180, "texture": "#3"},
				"east": {"uv": [0, 9, 16, 9], "rotation": 90, "texture": "#3"},
				"south": {"uv": [4, 0, 4, 16], "texture": "#3"},
				"west": {"uv": [10, 11, 14.5, 15.125], "rotation": 270, "texture": "#3"},
				"up": {"uv": [8, 10, 8, 10], "texture": "#3"},
				"down": {"uv": [8, 11, 8, 11], "rotation": 180, "texture": "#3"}
			}
		},
		{
			"from": [8.4872, 13.57756, 7.5128],
			"to": [8.812, 13.82756, 8.4872],
			"rotation": {"angle": 0, "axis": "y", "origin": [18.2312, 20.82756, -1.9064]},
			"faces": {
				"north": {"uv": [0, 9.5, 9.125, 16], "rotation": 180, "texture": "#1"},
				"east": {"uv": [0, 9.5, 9.125, 16], "rotation": 90, "texture": "#1"},
				"south": {"uv": [0, 9.5, 9.125, 16], "texture": "#1"},
				"west": {"uv": [0, 9.5, 9.125, 16], "rotation": 270, "texture": "#1"},
				"up": {"uv": [0, 9.5, 9.125, 16], "texture": "#1"},
				"down": {"uv": [0, 9.5, 9.125, 16], "rotation": 180, "texture": "#1"}
			}
		},
		{
			"from": [7.5128, 13.82756, 6.8632],
			"to": [8.4872, 14.07756, 9.1368],
			"rotation": {"angle": 0, "axis": "y", "origin": [17.5816, 21.07756, -1.9064]},
			"faces": {
				"north": {"uv": [0, 9.5, 9.125, 16], "rotation": 180, "texture": "#1"},
				"east": {"uv": [0, 9.5, 9.125, 16], "rotation": 90, "texture": "#1"},
				"south": {"uv": [0, 9.5, 9.125, 16], "texture": "#1"},
				"west": {"uv": [0, 9.5, 9.125, 16], "rotation": 270, "texture": "#1"},
				"up": {"uv": [0, 9.5, 9.125, 16], "texture": "#1"},
				"down": {"uv": [0, 9.5, 9.125, 16], "rotation": 180, "texture": "#1"}
			}
		},
		{
			"from": [7.5128, 13.57756, 7.188],
			"to": [8.4872, 13.82756, 8.812],
			"rotation": {"angle": 0, "axis": "y", "origin": [17.5816, 20.82756, -1.9064]},
			"faces": {
				"north": {"uv": [0, 9.5, 9.125, 16], "rotation": 180, "texture": "#1"},
				"east": {"uv": [0, 9.5, 9.125, 16], "rotation": 90, "texture": "#1"},
				"south": {"uv": [0, 9.5, 9.125, 16], "texture": "#1"},
				"west": {"uv": [0, 9.5, 9.125, 16], "rotation": 270, "texture": "#1"},
				"up": {"uv": [0, 9.5, 9.125, 16], "texture": "#1"},
				"down": {"uv": [0, 9.5, 9.125, 16], "rotation": 180, "texture": "#1"}
			}
		},
		{
			"from": [6.8632, 13.82756, 7.188],
			"to": [7.5128, 14.07756, 8.812],
			"rotation": {"angle": 0, "axis": "y", "origin": [16.6072, 21.07756, -1.9064]},
			"faces": {
				"north": {"uv": [0, 9.5, 9.125, 16], "rotation": 180, "texture": "#1"},
				"east": {"uv": [0, 9.5, 9.125, 16], "rotation": 90, "texture": "#1"},
				"south": {"uv": [0, 9.5, 9.125, 16], "texture": "#1"},
				"west": {"uv": [0, 9.5, 9.125, 16], "rotation": 270, "texture": "#1"},
				"up": {"uv": [0, 9.5, 9.125, 16], "texture": "#1"},
				"down": {"uv": [0, 9.5, 9.125, 16], "rotation": 180, "texture": "#1"}
			}
		},
		{
			"from": [4.9144, 13.82756, 7.5128],
			"to": [6.8632, 14.07756, 8.4872],
			"rotation": {"angle": 0, "axis": "y", "origin": [15.9576, 21.07756, -1.9064]},
			"faces": {
				"north": {"uv": [0, 9.5, 9.125, 16], "rotation": 180, "texture": "#1"},
				"east": {"uv": [0, 9.5, 9.125, 16], "rotation": 90, "texture": "#1"},
				"south": {"uv": [0, 9.5, 9.125, 16], "texture": "#1"},
				"west": {"uv": [0, 9.5, 9.125, 16], "rotation": 270, "texture": "#1"},
				"up": {"uv": [0, 9.5, 9.125, 16], "texture": "#1"},
				"down": {"uv": [0, 9.5, 9.125, 16], "rotation": 180, "texture": "#1"}
			}
		},
		{
			"from": [9.1368, 13.82756, 7.5128],
			"to": [11.0856, 14.07756, 8.4872],
			"rotation": {"angle": 0, "axis": "y", "origin": [0.0424, 21.07756, -1.9064]},
			"faces": {
				"north": {"uv": [9.125, 9.5, 0, 16], "rotation": 180, "texture": "#1"},
				"east": {"uv": [9.125, 9.5, 0, 16], "rotation": 90, "texture": "#1"},
				"south": {"uv": [9.125, 9.5, 0, 16], "texture": "#1"},
				"west": {"uv": [9.125, 9.5, 0, 16], "rotation": 270, "texture": "#1"},
				"up": {"uv": [9.125, 9.5, 0, 16], "texture": "#1"},
				"down": {"uv": [9.125, 9.5, 0, 16], "rotation": 180, "texture": "#1"}
			}
		},
		{
			"from": [4.9144, 13.70256, 7.6752],
			"to": [6.8632, 14.20256, 8.3248],
			"rotation": {"angle": 0, "axis": "y", "origin": [15.9576, 21.07756, -1.9064]},
			"faces": {
				"north": {"uv": [0, 9.5, 9.125, 16], "rotation": 180, "texture": "#1"},
				"east": {"uv": [0, 9.5, 9.125, 16], "rotation": 90, "texture": "#1"},
				"south": {"uv": [0, 9.5, 9.125, 16], "texture": "#1"},
				"west": {"uv": [0, 9.5, 9.125, 16], "rotation": 270, "texture": "#1"},
				"up": {"uv": [0, 9.5, 9.125, 16], "texture": "#1"},
				"down": {"uv": [0, 9.5, 9.125, 16], "rotation": 180, "texture": "#1"}
			}
		},
		{
			"from": [9.1368, 13.70256, 7.6752],
			"to": [11.0856, 14.20256, 8.3248],
			"rotation": {"angle": 0, "axis": "y", "origin": [0.0424, 21.07756, -1.9064]},
			"faces": {
				"north": {"uv": [9.125, 9.5, 0, 16], "rotation": 180, "texture": "#1"},
				"east": {"uv": [9.125, 9.5, 0, 16], "rotation": 90, "texture": "#1"},
				"south": {"uv": [9.125, 9.5, 0, 16], "texture": "#1"},
				"west": {"uv": [9.125, 9.5, 0, 16], "rotation": 270, "texture": "#1"},
				"up": {"uv": [9.125, 9.5, 0, 16], "texture": "#1"},
				"down": {"uv": [9.125, 9.5, 0, 16], "rotation": 180, "texture": "#1"}
			}
		},
		{
			"from": [4.5896, 13.82756, 7.6752],
			"to": [4.9144, 14.07756, 8.3248],
			"rotation": {"angle": 0, "axis": "y", "origin": [15.9576, 21.07756, -1.9064]},
			"faces": {
				"north": {"uv": [0, 9.5, 9.125, 16], "rotation": 180, "texture": "#1"},
				"east": {"uv": [0, 9.5, 9.125, 16], "rotation": 90, "texture": "#1"},
				"south": {"uv": [0, 9.5, 9.125, 16], "texture": "#1"},
				"west": {"uv": [0, 9.5, 9.125, 16], "rotation": 270, "texture": "#1"},
				"up": {"uv": [0, 9.5, 9.125, 16], "texture": "#1"},
				"down": {"uv": [0, 9.5, 9.125, 16], "rotation": 180, "texture": "#1"}
			}
		},
		{
			"from": [11.0856, 13.82756, 7.6752],
			"to": [11.4104, 14.07756, 8.3248],
			"rotation": {"angle": 0, "axis": "y", "origin": [0.0424, 21.07756, -1.9064]},
			"faces": {
				"north": {"uv": [9.125, 9.5, 0, 16], "rotation": 180, "texture": "#1"},
				"east": {"uv": [9.125, 9.5, 0, 16], "rotation": 90, "texture": "#1"},
				"south": {"uv": [9.125, 9.5, 0, 16], "texture": "#1"},
				"west": {"uv": [9.125, 9.5, 0, 16], "rotation": 270, "texture": "#1"},
				"up": {"uv": [9.125, 9.5, 0, 16], "texture": "#1"},
				"down": {"uv": [9.125, 9.5, 0, 16], "rotation": 180, "texture": "#1"}
			}
		},
		{
			"from": [7.188, 13.57756, 7.5128],
			"to": [7.5128, 13.82756, 8.4872],
			"rotation": {"angle": 0, "axis": "y", "origin": [16.6072, 20.82756, -1.9064]},
			"faces": {
				"north": {"uv": [0, 9.5, 9.125, 16], "rotation": 180, "texture": "#1"},
				"east": {"uv": [0, 9.5, 9.125, 16], "rotation": 90, "texture": "#1"},
				"south": {"uv": [0, 9.5, 9.125, 16], "texture": "#1"},
				"west": {"uv": [0, 9.5, 9.125, 16], "rotation": 270, "texture": "#1"},
				"up": {"uv": [0, 9.5, 9.125, 16], "texture": "#1"},
				"down": {"uv": [0, 9.5, 9.125, 16], "rotation": 180, "texture": "#1"}
			}
		},
		{
			"from": [8.4872, 13.82756, 7.188],
			"to": [9.1368, 14.07756, 8.812],
			"rotation": {"angle": 0, "axis": "y", "origin": [18.2312, 21.07756, -1.9064]},
			"faces": {
				"north": {"uv": [0, 9.5, 9.125, 16], "rotation": 180, "texture": "#1"},
				"east": {"uv": [0, 9.5, 9.125, 16], "rotation": 90, "texture": "#1"},
				"south": {"uv": [0, 9.5, 9.125, 16], "texture": "#1"},
				"west": {"uv": [0, 9.5, 9.125, 16], "rotation": 270, "texture": "#1"},
				"up": {"uv": [0, 9.5, 9.125, 16], "texture": "#1"},
				"down": {"uv": [0, 9.5, 9.125, 16], "rotation": 180, "texture": "#1"}
			}
		},
		{
			"from": [7.625, 1.20256, 8.0125],
			"to": [8.375, 13.95256, 8.2625],
			"rotation": {"angle": 0, "axis": "y", "origin": [16.125, 12.07756, 0.5125]},
			"faces": {
				"north": {"uv": [0, 2.5, 15.625, 5.5], "rotation": 270, "texture": "#2"},
				"east": {"uv": [0, 0, 16, 1.625], "rotation": 90, "texture": "#2"},
				"south": {"uv": [3.5, 0, 6.125, 14.5], "texture": "#2"},
				"west": {"uv": [0, 4.5, 16, 6.125], "rotation": 270, "texture": "#2"},
				"up": {"uv": [0, 0, 0, 0], "texture": "#2"},
				"down": {"uv": [4.5, 3.5, 11.125, 6.125], "rotation": 180, "texture": "#2"}
			}
		},
		{
			"from": [7.625, 1.32756, 7.7625],
			"to": [8.375, 13.95256, 8.0125],
			"rotation": {"angle": 0, "axis": "y", "origin": [16.125, 12.07756, 0.2625]},
			"faces": {
				"north": {"uv": [0, 2.5, 15.625, 6], "rotation": 270, "texture": "#2"},
				"east": {"uv": [0, 1, 16, 2.625], "rotation": 90, "texture": "#2"},
				"south": {"uv": [3.5, 0, 6.125, 14.5], "texture": "#2"},
				"west": {"uv": [0, 1.5, 16, 3.125], "rotation": 270, "texture": "#2"},
				"up": {"uv": [0, 0, 0, 0], "texture": "#2"},
				"down": {"uv": [4.5, 2, 10.125, 4.125], "rotation": 180, "texture": "#2"}
			}
		},
		{
			"from": [7.75, 1.45256, 7.6375],
			"to": [8.25, 13.95256, 7.7625],
			"rotation": {"angle": 0, "axis": "y", "origin": [16.125, 12.07756, 0.1375]},
			"faces": {
				"north": {"uv": [0, 3, 15.625, 5], "rotation": 270, "texture": "#2"},
				"east": {"uv": [0, 0, 16, 1.125], "rotation": 90, "texture": "#2"},
				"south": {"uv": [3.5, 0, 6.125, 14.5], "texture": "#2"},
				"west": {"uv": [0, 0, 16, 1.125], "rotation": 270, "texture": "#2"},
				"up": {"uv": [0, 0, 0, 0], "texture": "#2"},
				"down": {"uv": [5.5, 0.5, 10.125, 2.125], "rotation": 180, "texture": "#2"}
			}
		},
		{
			"from": [7.75, 1.45256, 8.2375],
			"to": [8.25, 13.95256, 8.3625],
			"rotation": {"angle": 0, "axis": "y", "origin": [16.125, 12.07756, 15.8625]},
			"faces": {
				"north": {"uv": [6.125, 0, 3.5, 14.5], "texture": "#2"},
				"east": {"uv": [0, 1.125, 16, 0], "rotation": 90, "texture": "#2"},
				"south": {"uv": [0, 5, 15.625, 3], "rotation": 270, "texture": "#2"},
				"west": {"uv": [0, 1.125, 16, 0], "rotation": 270, "texture": "#2"},
				"up": {"uv": [0, 0, 0, 0], "texture": "#2"},
				"down": {"uv": [5.5, 2.125, 10.125, 0.5], "rotation": 180, "texture": "#2"}
			}
		},
		{
			"from": [7.5, 1.32756, 8.0125],
			"to": [7.625, 13.95256, 8.2625],
			"rotation": {"angle": 0, "axis": "y", "origin": [15.625, 12.07756, 0.7625]},
			"faces": {
				"north": {"uv": [0, 2.5, 15.625, 5.5], "rotation": 270, "texture": "#2"},
				"east": {"uv": [0, 0, 16, 1.625], "rotation": 90, "texture": "#2"},
				"south": {"uv": [3.5, 0, 6.125, 14.5], "texture": "#2"},
				"west": {"uv": [0, 3.5, 16, 5.125], "rotation": 270, "texture": "#2"},
				"up": {"uv": [0, 0, 10.125, 9.125], "texture": "#2"},
				"down": {"uv": [1.5, 0.5, 14.125, 1.125], "rotation": 180, "texture": "#2"}
			}
		},
		{
			"from": [8.375, 1.32756, 8.0125],
			"to": [8.5, 13.95256, 8.2625],
			"rotation": {"angle": 0, "axis": "y", "origin": [16.625, 12.07756, 0.7625]},
			"faces": {
				"north": {"uv": [0, 2.5, 15.625, 5.5], "rotation": 270, "texture": "#2"},
				"east": {"uv": [0, 4, 16, 5.625], "rotation": 90, "texture": "#2"},
				"south": {"uv": [3.5, 0, 6.125, 14.5], "texture": "#2"},
				"west": {"uv": [0, 4.5, 16, 6.125], "rotation": 270, "texture": "#2"},
				"up": {"uv": [0, 0, 10.125, 9.125], "texture": "#2"},
				"down": {"uv": [0, 8, 12.625, 8.625], "rotation": 180, "texture": "#2"}
			}
		},
		{
			"from": [8.375, 1.07756, 7.625],
			"to": [8.625, 1.32756, 8.375],
			"rotation": {"angle": 0, "axis": "y", "origin": [15.875, 8.32756, 0.375]},
			"faces": {
				"north": {"uv": [0, 9.5, 9.125, 16], "rotation": 180, "texture": "#1"},
				"east": {"uv": [0, 9.5, 9.125, 16], "rotation": 90, "texture": "#1"},
				"south": {"uv": [0, 9.5, 9.125, 16], "texture": "#1"},
				"west": {"uv": [0, 9.5, 9.125, 16], "rotation": 270, "texture": "#1"},
				"up": {"uv": [0, 9.5, 9.125, 16], "texture": "#1"},
				"down": {"uv": [0, 9.5, 9.125, 16], "rotation": 180, "texture": "#1"}
			}
		},
		{
			"from": [7.625, 1.32756, 7.125],
			"to": [8.375, 1.57756, 8.875],
			"rotation": {"angle": 0, "axis": "y", "origin": [15.375, 8.57756, 0.375]},
			"faces": {
				"north": {"uv": [0, 9.5, 9.125, 16], "rotation": 180, "texture": "#1"},
				"east": {"uv": [0, 9.5, 9.125, 16], "rotation": 90, "texture": "#1"},
				"south": {"uv": [0, 9.5, 9.125, 16], "texture": "#1"},
				"west": {"uv": [0, 9.5, 9.125, 16], "rotation": 270, "texture": "#1"},
				"up": {"uv": [0, 9.5, 9.125, 16], "texture": "#1"},
				"down": {"uv": [0, 9.5, 9.125, 16], "rotation": 180, "texture": "#1"}
			}
		},
		{
			"from": [7.625, 1.07756, 7.375],
			"to": [8.375, 1.32756, 8.625],
			"rotation": {"angle": 0, "axis": "y", "origin": [15.375, 8.32756, 0.375]},
			"faces": {
				"north": {"uv": [0, 9.5, 9.125, 16], "rotation": 180, "texture": "#1"},
				"east": {"uv": [0, 9.5, 9.125, 16], "rotation": 90, "texture": "#1"},
				"south": {"uv": [0, 9.5, 9.125, 16], "texture": "#1"},
				"west": {"uv": [0, 9.5, 9.125, 16], "rotation": 270, "texture": "#1"},
				"up": {"uv": [0, 9.5, 9.125, 16], "texture": "#1"},
				"down": {"uv": [0, 9.5, 9.125, 16], "rotation": 180, "texture": "#1"}
			}
		},
		{
			"from": [7.125, 1.32756, 7.375],
			"to": [7.625, 1.57756, 8.625],
			"rotation": {"angle": 0, "axis": "y", "origin": [14.625, 8.57756, 0.375]},
			"faces": {
				"north": {"uv": [0, 9.5, 9.125, 16], "rotation": 180, "texture": "#1"},
				"east": {"uv": [0, 9.5, 9.125, 16], "rotation": 90, "texture": "#1"},
				"south": {"uv": [0, 9.5, 9.125, 16], "texture": "#1"},
				"west": {"uv": [0, 9.5, 9.125, 16], "rotation": 270, "texture": "#1"},
				"up": {"uv": [0, 9.5, 9.125, 16], "texture": "#1"},
				"down": {"uv": [0, 9.5, 9.125, 16], "rotation": 180, "texture": "#1"}
			}
		},
		{
			"from": [7.375, 1.07756, 7.625],
			"to": [7.625, 1.32756, 8.375],
			"rotation": {"angle": 0, "axis": "y", "origin": [14.625, 8.32756, 0.375]},
			"faces": {
				"north": {"uv": [0, 9.5, 9.125, 16], "rotation": 180, "texture": "#1"},
				"east": {"uv": [0, 9.5, 9.125, 16], "rotation": 90, "texture": "#1"},
				"south": {"uv": [0, 9.5, 9.125, 16], "texture": "#1"},
				"west": {"uv": [0, 9.5, 9.125, 16], "rotation": 270, "texture": "#1"},
				"up": {"uv": [0, 9.5, 9.125, 16], "texture": "#1"},
				"down": {"uv": [0, 9.5, 9.125, 16], "rotation": 180, "texture": "#1"}
			}
		},
		{
			"from": [8.375, 1.32756, 7.375],
			"to": [8.875, 1.57756, 8.625],
			"rotation": {"angle": 0, "axis": "y", "origin": [15.875, 8.57756, 0.375]},
			"faces": {
				"north": {"uv": [0, 9.5, 9.125, 16], "rotation": 180, "texture": "#1"},
				"east": {"uv": [0, 9.5, 9.125, 16], "rotation": 90, "texture": "#1"},
				"south": {"uv": [0, 9.5, 9.125, 16], "texture": "#1"},
				"west": {"uv": [0, 9.5, 9.125, 16], "rotation": 270, "texture": "#1"},
				"up": {"uv": [0, 9.5, 9.125, 16], "texture": "#1"},
				"down": {"uv": [0, 9.5, 9.125, 16], "rotation": 180, "texture": "#1"}
			}
		}
	],
	"display": {
		"thirdperson_righthand": {
			"rotation": [62, 0, 0],
			"translation": [0, -0.75, -0.5],
			"scale": [1.18, 1.18, 1.18]
		},
		"thirdperson_lefthand": {
			"rotation": [60, 0, 0],
			"translation": [0, -0.75, -0.5],
			"scale": [1.18, 1.18, 1.18]
		},
		"firstperson_righthand": {
			"rotation": [-149, 117, 25],
			"translation": [-0.12, 3.45, 2.88],
			"scale": [0.68, 0.68, 0.68]
		},
		"firstperson_lefthand": {
			"rotation": [-77, 100, -49],
			"translation": [0.13, 2.7, 1.38],
			"scale": [0.68, 0.68, 0.68]
		},
		"ground": {
			"rotation": [118, 0, 0],
			"translation": [0, 3.25, 0]
		},
		"gui": {
			"rotation": [-12, -180, 42],
			"translation": [-1.25, -1.75, 0],
			"scale": [0.87, 0.87, 0.87]
		},
		"head": {
			"rotation": [162, 83, 0],
			"translation": [7.5, -28.75, 0.5]
		},
		"fixed": {
			"rotation": [0, 0, 42],
			"translation": [1.25, -2, -0.75],
			"scale": [0.95, 0.95, 0.95]
		}
	},
	"groups": [
		{
			"name": "blade",
			"origin": [15.75, -4.75, 11.75],
			"children": [0, 1, 2, 3, 4, 5, 6, 7, 8, 9, 10, 11, 12, 13, 14, 15]
		},
		{
			"name": "Seperator",
			"origin": [15.75, 10.5, 10.75],
			"children": [16, 17, 18, 19, 20, 21, 22, 23, 24, 25, 26, 27]
		},
		{
			"name": "Handle",
			"origin": [8.55806, 2.875, 2.76517],
			"children": [28, 29, 30, 31, 32, 33]
		},
		{
			"name": "Seperator",
			"origin": [15.75, 10.5, 10.75],
			"children": [34, 35, 36, 37, 38, 39]
		}
	]
}
