{
	"credit": "Made with Blockbench",
	"parent": "minecraft:block/tinted_cross",
	"texture_size": [64, 64],
	"textures": {
		"0": "block/rice0",
		"1": "block/rice1",
		"particle": "block/rice0"
	},
	"elements": [
		{
			"from": [-0.25, 0, 7.8],
			"to": [13.45, 14.25, 7.8],
			"rotation": {"angle": 0, "axis": "y", "origin": [8.25, 9.625, 7.8]},
			"faces": {
				"north": {"uv": [0, 0, 16, 15.25], "texture": "#1"},
				"east": {"uv": [0, 0, 1, 1], "texture": "#missing"},
				"south": {"uv": [0, 0, 16, 15.25], "texture": "#0"},
				"west": {"uv": [0, 0, 15.971, 16], "texture": "#missing"},
				"up": {"uv": [0, 0, 1, 1], "rotation": 90, "texture": "#missing"},
				"down": {"uv": [0, 0, 1, 1], "rotation": 270, "texture": "#missing"}
			}
		},
		{
			"from": [-5.25, 0, 1.55],
			"to": [8.45, 14.25, 1.55],
			"rotation": {"angle": -45, "axis": "y", "origin": [1.9, 7.125, 1.55]},
			"faces": {
				"north": {"uv": [0, 0, 16, 15.25], "texture": "#1"},
				"east": {"uv": [0, 0, 1, 1], "texture": "#missing"},
				"south": {"uv": [0, 0, 16, 15.25], "texture": "#0"},
				"west": {"uv": [0, 0, 15.971, 16], "texture": "#missing"},
				"up": {"uv": [0, 0, 1, 1], "rotation": 90, "texture": "#missing"},
				"down": {"uv": [0, 0, 1, 1], "rotation": 270, "texture": "#missing"}
			}
		},
		{
			"from": [12.4, 0, 8.4],
			"to": [12.4, 14.25, 22.1],
			"rotation": {"angle": 22.5, "axis": "y", "origin": [12.4, 7.125, 15.55]},
			"faces": {
				"north": {"uv": [0, 0, 15.971, 16], "texture": "#missing"},
				"east": {"uv": [0, 0, 16, 15.25], "texture": "#1"},
				"south": {"uv": [0, 0, 1, 1], "texture": "#missing"},
				"west": {"uv": [0, 0, 16, 15.25], "texture": "#0"},
				"up": {"uv": [0, 0, 1, 1], "rotation": 180, "texture": "#missing"},
				"down": {"uv": [0, 0, 1, 1], "rotation": 180, "texture": "#missing"}
			}
		},
		{
			"from": [14.65, 0, -2],
			"to": [14.65, 14.25, 11.7],
			"rotation": {"angle": 22.5, "axis": "y", "origin": [14.65, 7.125, 4.55]},
			"faces": {
				"north": {"uv": [0, 0, 1, 1], "texture": "#missing"},
				"east": {"uv": [0, 0, 16, 15.25], "texture": "#0"},
				"south": {"uv": [0, 0, 15.971, 16], "texture": "#missing"},
				"west": {"uv": [0, 0, 16, 15.25], "texture": "#1"},
				"up": {"uv": [0, 0, 1, 1], "texture": "#missing"},
				"down": {"uv": [0, 0, 1, 1], "texture": "#missing"}
			}
		},
		{
			"from": [-0.1, 0, 5.75],
			"to": [-0.1, 14.25, 19.45],
			"rotation": {"angle": 22.5, "axis": "y", "origin": [-0.1, 7.125, 12.3]},
			"faces": {
				"north": {"uv": [0, 0, 1, 1], "texture": "#missing"},
				"east": {"uv": [0, 0, 16, 15.25], "texture": "#0"},
				"south": {"uv": [0, 0, 15.971, 16], "texture": "#missing"},
				"west": {"uv": [0, 0, 16, 15.25], "texture": "#1"},
				"up": {"uv": [0, 0, 1, 1], "texture": "#missing"},
				"down": {"uv": [0, 0, 1, 1], "texture": "#missing"}
			}
		},
		{
			"from": [7.2, 0, 0.95],
			"to": [7.2, 14.25, 14.65],
			"rotation": {"angle": 0, "axis": "y", "origin": [7.2, 7.125, 7.8]},
			"faces": {
				"north": {"uv": [1, 0, 0, 1], "texture": "#missing"},
				"east": {"uv": [16, 0, 0, 15.25], "texture": "#1"},
				"south": {"uv": [15.971, 0, 0, 16], "texture": "#missing"},
				"west": {"uv": [16, 0, 0, 15.25], "texture": "#0"},
				"up": {"uv": [1, 0, 0, 1], "texture": "#missing"},
				"down": {"uv": [1, 0, 0, 1], "texture": "#missing"}
			}
		},
		{
			"from": [2.2, 0, -5.3],
			"to": [2.2, 14.25, 8.4],
			"rotation": {"angle": -45, "axis": "y", "origin": [1.9, 7.125, 1.55]},
			"faces": {
				"north": {"uv": [1, 0, 0, 1], "texture": "#missing"},
				"east": {"uv": [16, 0, 0, 15.25], "texture": "#1"},
				"south": {"uv": [15.971, 0, 0, 16], "texture": "#missing"},
				"west": {"uv": [16, 0, 0, 15.25], "texture": "#0"},
				"up": {"uv": [1, 0, 0, 1], "texture": "#missing"},
				"down": {"uv": [1, 0, 0, 1], "texture": "#missing"}
			}
		},
		{
			"from": [5.55, 0, 15.85],
			"to": [19.25, 14.25, 15.85],
			"rotation": {"angle": 22.5, "axis": "y", "origin": [12.4, 7.125, 15.55]},
			"faces": {
				"north": {"uv": [16, 0, 0, 15.25], "texture": "#0"},
				"east": {"uv": [1, 0, 0, 1], "texture": "#missing"},
				"south": {"uv": [16, 0, 0, 15.25], "texture": "#1"},
				"west": {"uv": [15.971, 0, 0, 16], "texture": "#missing"},
				"up": {"uv": [1, 0, 0, 1], "rotation": 90, "texture": "#missing"},
				"down": {"uv": [1, 0, 0, 1], "rotation": 270, "texture": "#missing"}
			}
		},
		{
			"from": [7.8, 0, 4.25],
			"to": [21.5, 14.25, 4.25],
			"rotation": {"angle": 22.5, "axis": "y", "origin": [14.65, 7.125, 4.55]},
			"faces": {
				"north": {"uv": [16, 0, 0, 15.25], "texture": "#1"},
				"east": {"uv": [15.971, 0, 0, 16], "texture": "#missing"},
				"south": {"uv": [16, 0, 0, 15.25], "texture": "#0"},
				"west": {"uv": [1, 0, 0, 1], "texture": "#missing"},
				"up": {"uv": [1, 0, 0, 1], "rotation": 270, "texture": "#missing"},
				"down": {"uv": [1, 0, 0, 1], "rotation": 90, "texture": "#missing"}
			}
		},
		{
			"from": [-6.95, 0, 12],
			"to": [6.75, 14.25, 12],
			"rotation": {"angle": 22.5, "axis": "y", "origin": [-0.1, 7.125, 12.3]},
			"faces": {
				"north": {"uv": [16, 0, 0, 15.25], "texture": "#1"},
				"east": {"uv": [15.971, 0, 0, 16], "texture": "#missing"},
				"south": {"uv": [16, 0, 0, 15.25], "texture": "#0"},
				"west": {"uv": [1, 0, 0, 1], "texture": "#missing"},
				"up": {"uv": [1, 0, 0, 1], "rotation": 270, "texture": "#missing"},
				"down": {"uv": [1, 0, 0, 1], "rotation": 90, "texture": "#missing"}
			}
		}
	],
	"display": {
		"thirdperson_righthand": {
			"rotation": [35, 39, 0],
			"translation": [-0.5, 1, 1],
			"scale": [0.3, 0.3, 0.3]
		},
		"thirdperson_lefthand": {
			"rotation": [49, 32, 0],
			"translation": [0, 0.25, 1],
			"scale": [0.3, 0.3, 0.3]
		},
		"firstperson_righthand": {
			"rotation": [-2, 20, 14],
			"translation": [1.25, 1.5, -1.25],
			"scale": [0.59, 0.59, 0.59]
		},
		"firstperson_lefthand": {
			"rotation": [27, -82, 45],
			"translation": [1.25, 1.5, -1.25],
			"scale": [0.59, 0.59, 0.59]
		},
		"ground": {
			"translation": [0.75, 5.25, 0],
			"scale": [0.7, 0.7, 0.7]
		},
		"gui": {
			"rotation": [4, 0, 2],
			"translation": [1, 1, 21.5],
			"scale": [0.65, 0.65, 0.64]
		},
		"head": {
			"rotation": [0, -51, 0],
			"translation": [-1.25, -36.75, 0]
		},
		"fixed": {
			"rotation": [-1, -4, 2],
			"translation": [0, -1, -0.5],
			"scale": [0.81, 0.81, 0.81]
		}
	}
}