{
	"credit": "Made with Blockbench",
	"textures": {
		"0": "block/seeds0",
		"particle": "block/seeds0"
	},
	"elements": [
		{
			"from": [6.0425, 0, 6.58625],
			"to": [9.9575, 0.87, 9.41375],
			"rotation": {"angle": 0, "axis": "y", "origin": [19.9625, 13.92, 20.72375]},
			"faces": {
				"north": {"uv": [0.5, 7.5, 13.5, 10.5], "texture": "#0"},
				"east": {"uv": [0.5, 7.5, 13.5, 12], "texture": "#0"},
				"south": {"uv": [0.5, 7.5, 13.5, 10.5], "texture": "#0"},
				"west": {"uv": [0.5, 7.5, 13.5, 12], "texture": "#0"},
				"up": {"uv": [0.5, 6, 13.5, 14], "texture": "#0"},
				"down": {"uv": [0.5, 7.5, 13.5, 10.5], "texture": "#0"}
			}
		},
		{
			"from": [6.26, 0, 6.36875],
			"to": [9.74, 0.435, 9.63125],
			"rotation": {"angle": 0, "axis": "y", "origin": [19.9625, 13.92, 20.72375]},
			"faces": {
				"north": {"uv": [0.5, 7.5, 13.5, 10.5], "texture": "#0"},
				"east": {"uv": [0.5, 7.5, 13.5, 12], "texture": "#0"},
				"south": {"uv": [0.5, 7.5, 13.5, 10.5], "texture": "#0"},
				"west": {"uv": [0.5, 7.5, 13.5, 12], "texture": "#0"},
				"up": {"uv": [0.5, 6, 13.5, 14], "texture": "#0"},
				"down": {"uv": [0.5, 7.5, 13.5, 10.5], "texture": "#0"}
			}
		},
		{
			"from": [5.825, 0, 6.80375],
			"to": [10.3925, 0.435, 9.19625],
			"rotation": {"angle": 0, "axis": "y", "origin": [19.9625, 13.92, 20.72375]},
			"faces": {
				"north": {"uv": [0.5, 7.5, 13.5, 10.5], "texture": "#0"},
				"east": {"uv": [0.5, 7.5, 13.5, 12], "texture": "#0"},
				"south": {"uv": [0.5, 7.5, 13.5, 10.5], "texture": "#0"},
				"west": {"uv": [0.5, 7.5, 13.5, 12], "texture": "#0"},
				"up": {"uv": [0.5, 6, 13.5, 14], "texture": "#0"},
				"down": {"uv": [0.5, 7.5, 13.5, 10.5], "texture": "#0"}
			}
		},
		{
			"from": [6.58625, 0.87, 7.02125],
			"to": [9.41375, 1.305, 8.97875],
			"rotation": {"angle": 0, "axis": "y", "origin": [19.85375, 14.79, 20.28875]},
			"faces": {
				"north": {"uv": [0.5, 7.5, 13.5, 10.5], "texture": "#0"},
				"east": {"uv": [0.5, 7.5, 12, 9.5], "texture": "#0"},
				"south": {"uv": [0.5, 7.5, 13.5, 10.5], "texture": "#0"},
				"west": {"uv": [0.5, 7.5, 12, 9.5], "texture": "#0"},
				"up": {"uv": [0.5, 6, 13.5, 14], "texture": "#0"},
				"down": {"uv": [0.5, 7.5, 13.5, 10.5], "texture": "#0"}
			}
		}
	],
	"display": {
		"thirdperson_righthand": {
			"rotation": [0, 0, 45],
			"translation": [-4.25, 4.75, 0.5],
			"scale": [0.85, 0.85, 0.85]
		},
		"thirdperson_lefthand": {
			"rotation": [0, 0, 45],
			"translation": [-4.25, 4.75, 0.5]
		},
		"firstperson_righthand": {
			"rotation": [22, 89, 25],
			"translation": [1.13, 8.2, 6.25],
			"scale": [1.77, 1.77, 1.77]
		},
		"firstperson_lefthand": {
			"rotation": [22, 89, 25],
			"translation": [-0.12, 8.2, 6.25],
			"scale": [1.77, 1.77, 1.77]
		},
		"ground": {
			"translation": [0, 5.25, 0]
		},
		"gui": {
			"rotation": [37, 5, 0],
			"translation": [0, 14, 0],
			"scale": [2.32, 2.32, 2.32]
		},
		"head": {
			"translation": [0, -24.25, 0],
			"scale": [2.16, 2.16, 2.16]
		},
		"fixed": {
			"rotation": [-90, 0, 0],
			"translation": [0, 0, -19],
			"scale": [2.32, 2.32, 2.32]
		}
	}
}