{
	"credit": "Made with Blockbench",
	"texture_size": [64, 64],
	"textures": {
		"1": "block/statue0"
	},
	"elements": [
		{
			"from": [3, 0, 3],
			"to": [13, 1, 13],
			"rotation": {"angle": 0, "axis": "y", "origin": [11, 8, 11]},
			"faces": {
				"north": {"uv": [2, 2, 15, 15], "texture": "#1"},
				"east": {"uv": [2, 2, 15, 15], "texture": "#1"},
				"south": {"uv": [2, 2, 15, 15], "texture": "#1"},
				"west": {"uv": [2, 2, 15, 15], "texture": "#1"},
				"up": {"uv": [2, 2, 15, 15], "texture": "#1"},
				"down": {"uv": [2, 2, 15, 15], "texture": "#1"}
			}
		},
		{
			"from": [6, 7.5, 6],
			"to": [10, 14.25, 10],
			"rotation": {"angle": 0, "axis": "y", "origin": [11, 9.25, 11]},
			"faces": {
				"north": {"uv": [1, 1, 15, 15], "texture": "#1"},
				"east": {"uv": [2, 2, 15, 15], "texture": "#1"},
				"south": {"uv": [2, 2, 15, 15], "texture": "#1"},
				"west": {"uv": [2, 2, 15, 15], "texture": "#1"},
				"up": {"uv": [2, 2, 15, 15], "texture": "#1"},
				"down": {"uv": [2, 2, 15, 15], "texture": "#1"}
			}
		},
		{
			"from": [8, 0.75, 6.5],
			"to": [10, 7.5, 9.5],
			"rotation": {"angle": 0, "axis": "y", "origin": [11, 2.5, 11]},
			"faces": {
				"north": {"uv": [2, 2, 15, 15], "texture": "#1"},
				"east": {"uv": [2, 2, 15, 15], "texture": "#1"},
				"south": {"uv": [2, 2, 15, 15], "texture": "#1"},
				"west": {"uv": [2, 2, 15, 15], "texture": "#1"},
				"up": {"uv": [2, 2, 15, 15], "texture": "#1"},
				"down": {"uv": [2, 2, 15, 15], "texture": "#1"}
			}
		},
		{
			"from": [6, 0.75, 6.5],
			"to": [8, 7.5, 9.5],
			"rotation": {"angle": 0, "axis": "y", "origin": [9, 2.5, 11]},
			"faces": {
				"north": {"uv": [2, 2, 15, 15], "texture": "#1"},
				"east": {"uv": [2, 2, 15, 15], "texture": "#1"},
				"south": {"uv": [2, 2, 15, 15], "texture": "#1"},
				"west": {"uv": [2, 2, 15, 15], "texture": "#1"},
				"up": {"uv": [2, 2, 15, 15], "texture": "#1"},
				"down": {"uv": [2, 2, 15, 15], "texture": "#1"}
			}
		},
		{
			"from": [4, 6.5, 6.5],
			"to": [6, 13.25, 9.5],
			"rotation": {"angle": 0, "axis": "y", "origin": [7, 8.25, 11]},
			"faces": {
				"north": {"uv": [2, 2, 15, 15], "texture": "#1"},
				"east": {"uv": [2, 2, 15, 15], "texture": "#1"},
				"south": {"uv": [2, 2, 15, 15], "texture": "#1"},
				"west": {"uv": [2, 2, 15, 15], "texture": "#1"},
				"up": {"uv": [2, 2, 15, 15], "texture": "#1"},
				"down": {"uv": [2, 2, 15, 15], "texture": "#1"}
			}
		},
		{
			"from": [10, 6.5, 6.5],
			"to": [12, 13.25, 9.5],
			"rotation": {"angle": 0, "axis": "y", "origin": [13, 8.25, 11]},
			"faces": {
				"north": {"uv": [2, 2, 15, 15], "texture": "#1"},
				"east": {"uv": [2, 2, 15, 15], "texture": "#1"},
				"south": {"uv": [2, 2, 15, 15], "texture": "#1"},
				"west": {"uv": [2, 2, 15, 15], "texture": "#1"},
				"up": {"uv": [2, 2, 15, 15], "texture": "#1"},
				"down": {"uv": [2, 2, 15, 15], "texture": "#1"}
			}
		},
		{
			"from": [5.5, 14.25, 5.75],
			"to": [10.5, 18.75, 10.5],
			"rotation": {"angle": 0, "axis": "y", "origin": [11, 22.25, 11]},
			"faces": {
				"north": {"uv": [1, 1, 15, 15], "texture": "#1"},
				"east": {"uv": [2, 2, 15, 15], "texture": "#1"},
				"south": {"uv": [2, 2, 15, 15], "texture": "#1"},
				"west": {"uv": [2, 2, 15, 15], "texture": "#1"},
				"up": {"uv": [2, 2, 15, 15], "texture": "#1"},
				"down": {"uv": [2, 2, 15, 15], "texture": "#1"}
			}
		},
		{
			"from": [7.6, 15.35, 5.25],
			"to": [8.3, 16.15, 5.7],
			"rotation": {"angle": 0, "axis": "y", "origin": [11.6, 22.15, 6.2]},
			"faces": {
				"north": {"uv": [2, 2, 15, 15], "texture": "#1"},
				"east": {"uv": [2, 2, 15, 15], "texture": "#1"},
				"south": {"uv": [2, 2, 15, 15], "texture": "#1"},
				"west": {"uv": [2, 2, 15, 15], "texture": "#1"},
				"up": {"uv": [2, 2, 15, 15], "texture": "#1"},
				"down": {"uv": [2, 2, 15, 15], "texture": "#1"}
			}
		},
		{
			"from": [8.8, 15.95, 5.45],
			"to": [10, 17.35, 5.7],
			"rotation": {"angle": 0, "axis": "y", "origin": [12.8, 22.75, 6.2]},
			"faces": {
				"north": {"uv": [2, 2, 15, 15], "texture": "#1"},
				"east": {"uv": [2, 2, 15, 15], "texture": "#1"},
				"south": {"uv": [2, 2, 15, 15], "texture": "#1"},
				"west": {"uv": [2, 2, 15, 15], "texture": "#1"},
				"up": {"uv": [2, 2, 15, 15], "texture": "#1"},
				"down": {"uv": [2, 2, 15, 15], "texture": "#1"}
			}
		},
		{
			"from": [6, 15.95, 5.45],
			"to": [7.2, 17.35, 5.7],
			"rotation": {"angle": 0, "axis": "y", "origin": [10, 22.75, 6.2]},
			"faces": {
				"north": {"uv": [2, 2, 15, 15], "texture": "#1"},
				"east": {"uv": [2, 2, 15, 15], "texture": "#1"},
				"south": {"uv": [2, 2, 15, 15], "texture": "#1"},
				"west": {"uv": [2, 2, 15, 15], "texture": "#1"},
				"up": {"uv": [2, 2, 15, 15], "texture": "#1"},
				"down": {"uv": [2, 2, 15, 15], "texture": "#1"}
			}
		},
		{
			"from": [13, 0, 4],
			"to": [14, 1, 12],
			"rotation": {"angle": 0, "axis": "y", "origin": [21, 8, 11]},
			"faces": {
				"north": {"uv": [2, 2, 15, 15], "texture": "#1"},
				"east": {"uv": [2, 2, 15, 15], "texture": "#1"},
				"south": {"uv": [2, 2, 15, 15], "texture": "#1"},
				"west": {"uv": [2, 2, 15, 15], "texture": "#1"},
				"up": {"uv": [2, 2, 15, 15], "texture": "#1"},
				"down": {"uv": [2, 2, 15, 15], "texture": "#1"}
			}
		},
		{
			"from": [2, 0, 4],
			"to": [3, 1, 12],
			"rotation": {"angle": 0, "axis": "y", "origin": [10, 8, 11]},
			"faces": {
				"north": {"uv": [2, 2, 15, 15], "texture": "#1"},
				"east": {"uv": [2, 2, 15, 15], "texture": "#1"},
				"south": {"uv": [2, 2, 15, 15], "texture": "#1"},
				"west": {"uv": [2, 2, 15, 15], "texture": "#1"},
				"up": {"uv": [2, 2, 15, 15], "texture": "#1"},
				"down": {"uv": [2, 2, 15, 15], "texture": "#1"}
			}
		},
		{
			"from": [4, 0, 2],
			"to": [12, 1, 3],
			"rotation": {"angle": 0, "axis": "y", "origin": [11, 8, 1]},
			"faces": {
				"north": {"uv": [2, 2, 15, 15], "texture": "#1"},
				"east": {"uv": [2, 2, 15, 15], "texture": "#1"},
				"south": {"uv": [2, 2, 15, 15], "texture": "#1"},
				"west": {"uv": [2, 2, 15, 15], "texture": "#1"},
				"up": {"uv": [2, 2, 15, 15], "texture": "#1"},
				"down": {"uv": [2, 2, 15, 15], "texture": "#1"}
			}
		},
		{
			"from": [4, 0, 13],
			"to": [12, 1, 14],
			"rotation": {"angle": 0, "axis": "y", "origin": [11, 8, 12]},
			"faces": {
				"north": {"uv": [2, 2, 15, 15], "texture": "#1"},
				"east": {"uv": [2, 2, 15, 15], "texture": "#1"},
				"south": {"uv": [2, 2, 15, 15], "texture": "#1"},
				"west": {"uv": [2, 2, 15, 15], "texture": "#1"},
				"up": {"uv": [2, 2, 15, 15], "texture": "#1"},
				"down": {"uv": [2, 2, 15, 15], "texture": "#1"}
			}
		}
	],
	"display": {
		"thirdperson_righthand": {
			"rotation": [48, 15, 0],
			"translation": [1.25, -1, 0],
			"scale": [0.57, 0.57, 0.57]
		},
		"thirdperson_lefthand": {
			"rotation": [48, 15, 0],
			"translation": [1.25, -1, 0],
			"scale": [0.57, 0.57, 0.57]
		},
		"firstperson_righthand": {
			"rotation": [-27, 111, 0],
			"translation": [0, 1.25, 0],
			"scale": [0.55, 0.55, 0.55]
		},
		"firstperson_lefthand": {
			"rotation": [-27, 117, 0],
			"scale": [0.55, 0.55, 0.55]
		},
		"ground": {
			"translation": [0, 1.25, 0],
			"scale": [0.64, 0.64, 0.64]
		},
		"gui": {
			"translation": [0, -1, 0],
			"scale": [0.66, 0.66, 0.66]
		},
		"head": {
			"translation": [0, -36.25, -0.5],
			"scale": [0.82, 0.82, 0.82]
		},
		"fixed": {
			"scale": [0.6, 0.6, 0.58]
		}
	}
}