{
  "file_name": "head",
  "texture_size": [
    4,
    4
  ],
  "textures": {
    "layer0": "modelengine:entity/frog"
  },
  "elements": [
    {
      "name": "head_0",
      "from": [
        7.8125,
        7.94405,
        7.373282
      ],
      "to": [
        8.1875,
        8.094049,
        7.5232816
      ],
      "rotation": {
        "angle": 22.5,
        "axis": "x",
        "origin": [
          7.925,
          7.990142,
          7.924142
        ]
      },
      "faces": {
        "down": {
          "uv": [
            6.128,
            6.8760004,
            0.6279998,
            13.876
          ],
          "texture": "#layer0",
          "tintindex": 0
        },
        "east": {
          "uv": [
            1.5,
            2.252,
            3.0,
            3.252
          ],
          "texture": "#layer0",
          "tintindex": 0
        },
        "north": {
          "uv": [
            1.628,
            4.0,
            4.1280003,
            5.5
          ],
          "texture": "#layer0",
          "tintindex": 0
        },
        "south": {
          "uv": [
            1.628,
            2.752,
            4.1280003,
            4.252
          ],
          "texture": "#layer0",
          "tintindex": 0
        },
        "up": {
          "uv": [
            4.0,
            5.0,
            6.5,
            6.0
          ],
          "texture": "#layer0",
          "tintindex": 0
        },
        "west": {
          "uv": [
            7.0,
            5.375,
            8.5,
            6.375
          ],
          "texture": "#layer0",
          "tintindex": 0
        }
      }
    },
    {
      "name": "head_1",
      "from": [
        7.7375,
        7.86905,
        7.448282
      ],
      "to": [
        8.2625,
        8.16905,
        7.973282
      ],
      "rotation": {
        "angle": 22.5,
        "axis": "x",
        "origin": [
          7.925,
          7.990142,
          7.924142
        ]
      },
      "faces": {
        "down": {
          "uv": [
            8.0,
            4.0,
            4.0,
            8.0
          ],
          "texture": "#layer0",
          "tintindex": 0
        },
        "east": {
          "uv": [
            1.5,
            2.252,
            4.0,
            5.752
          ],
          "texture": "#layer0",
          "tintindex": 0
        },
        "north": {
          "uv": [
            1.628,
            4.0,
            5.1280003,
            6.5
          ],
          "texture": "#layer0",
          "tintindex": 0
        },
        "south": {
          "uv": [
            1.628,
            2.752,
            5.1280003,
            5.252
          ],
          "texture": "#layer0",
          "tintindex": 0
        },
        "up": {
          "uv": [
            4.0,
            5.0,
            7.5,
            8.5
          ],
          "texture": "#layer0",
          "tintindex": 0
        },
        "west": {
          "uv": [
            7.0,
            5.375,
            9.5,
            8.875
          ],
          "texture": "#layer0",
          "tintindex": 0
        }
      }
    },
    {
      "name": "head_2",
      "from": [
        7.8125,
        7.7940497,
        7.5232816
      ],
      "to": [
        8.1875,
        8.24405,
        8.048282
      ],
      "rotation": {
        "angle": 22.5,
        "axis": "x",
        "origin": [
          7.925,
          7.990142,
          7.924142
        ]
      },
      "faces": {
        "down": {
          "uv": [
            8.0,
            8.0,
            4.0,
            12.0
          ],
          "texture": "#layer0",
          "tintindex": 0
        },
        "east": {
          "uv": [
            4.0,
            4.0,
            8.0,
            8.0
          ],
          "texture": "#layer0",
          "tintindex": 0
        },
        "north": {
          "uv": [
            1.628,
            4.0,
            4.1280003,
            7.5
          ],
          "texture": "#layer0",
          "tintindex": 0
        },
        "south": {
          "uv": [
            1.628,
            2.752,
            4.1280003,
            6.252
          ],
          "texture": "#layer0",
          "tintindex": 0
        },
        "up": {
          "uv": [
            4.0,
            5.0,
            6.5,
            8.5
          ],
          "texture": "#layer0",
          "tintindex": 0
        },
        "west": {
          "uv": [
            7.0,
            5.375,
            10.5,
            8.875
          ],
          "texture": "#layer0",
          "tintindex": 0
        }
      }
    },
    {
      "name": "head_3",
      "from": [
        8.3105,
        7.94405,
        7.5232816
      ],
      "to": [
        8.3645,
        8.094049,
        8.048282
      ],
      "rotation": {
        "angle": 22.5,
        "axis": "x",
        "origin": [
          7.925,
          7.990142,
          7.924142
        ]
      },
      "faces": {
        "down": {
          "uv": [
            6.0,
            8.0,
            4.0,
            12.0
          ],
          "texture": "#layer0",
          "tintindex": 0
        },
        "east": {
          "uv": [
            11.252,
            4.876,
            12.752,
            8.375999
          ],
          "texture": "#layer0",
          "tintindex": 0
        },
        "north": {
          "uv": [
            12.128,
            10.628,
            12.628,
            12.128
          ],
          "texture": "#layer0",
          "tintindex": 0
        },
        "south": {
          "uv": [
            1.628,
            2.752,
            2.128,
            4.252
          ],
          "texture": "#layer0",
          "tintindex": 0
        },
        "up": {
          "uv": [
            4.0,
            5.0,
            4.5,
            8.5
          ],
          "texture": "#layer0",
          "tintindex": 0
        },
        "west": {
          "uv": [
            7.0,
            5.375,
            8.5,
            8.875
          ],
          "texture": "#layer0",
          "tintindex": 0
        }
      }
    },
    {
      "name": "head_4",
      "from": [
        8.1875,
        8.088344,
        7.6445775
      ],
      "to": [
        8.3375,
        8.238344,
        7.7945776
      ],
      "rotation": {
        "angle": 22.5,
        "axis": "x",
        "origin": [
          7.925,
          7.990142,
          7.924142
        ]
      },
      "faces": {
        "down": {
          "uv": [
            1.5,
            4.876,
            2.5,
            7.876
          ],
          "texture": "#layer0",
          "tintindex": 0
        },
        "east": {
          "uv": [
            12.0,
            4.0,
            14.0,
            6.0
          ],
          "texture": "#layer0",
          "tintindex": 0
        },
        "north": {
          "uv": [
            8.0,
            4.0,
            8.0,
            4.0
          ],
          "texture": "#layer0",
          "tintindex": 0
        },
        "south": {
          "uv": [
            3.376,
            9.628,
            4.376,
            10.628
          ],
          "texture": "#layer0",
          "tintindex": 0
        },
        "up": {
          "uv": [
            3.376,
            9.628,
            4.376,
            10.628
          ],
          "texture": "#layer0",
          "tintindex": 0
        },
        "west": {
          "uv": [
            1.5,
            5.252,
            4.5,
            2.2519999
          ],
          "texture": "#layer0",
          "tintindex": 0
        }
      }
    },
    {
      "name": "head_5",
      "from": [
        7.6625,
        8.088344,
        7.6445775
      ],
      "to": [
        7.8125,
        8.238344,
        7.7945776
      ],
      "rotation": {
        "angle": 22.5,
        "axis": "x",
        "origin": [
          7.925,
          7.990142,
          7.924142
        ]
      },
      "faces": {
        "down": {
          "uv": [
            2.5,
            4.876,
            1.5,
            7.876
          ],
          "texture": "#layer0",
          "tintindex": 0
        },
        "east": {
          "uv": [
            1.5,
            2.252,
            4.5,
            5.252
          ],
          "texture": "#layer0",
          "tintindex": 0
        },
        "north": {
          "uv": [
            8.0,
            4.0,
            8.0,
            4.0
          ],
          "texture": "#layer0",
          "tintindex": 0
        },
        "south": {
          "uv": [
            3.376,
            9.628,
            4.376,
            10.628
          ],
          "texture": "#layer0",
          "tintindex": 0
        },
        "up": {
          "uv": [
            3.376,
            9.628,
            4.376,
            10.628
          ],
          "texture": "#layer0",
          "tintindex": 0
        },
        "west": {
          "uv": [
            14.0,
            4.0,
            12.0,
            6.0
          ],
          "texture": "#layer0",
          "tintindex": 0
        }
      }
    },
    {
      "name": "head_6",
      "from": [
        7.6355,
        7.94405,
        7.5232816
      ],
      "to": [
        7.7375,
        8.094049,
        8.048282
      ],
      "rotation": {
        "angle": 22.5,
        "axis": "x",
        "origin": [
          7.925,
          7.990142,
          7.924142
        ]
      },
      "faces": {
        "down": {
          "uv": [
            6.0,
            8.0,
            4.0,
            12.0
          ],
          "texture": "#layer0",
          "tintindex": 0
        },
        "east": {
          "uv": [
            1.5,
            2.252,
            4.5,
            5.252
          ],
          "texture": "#layer0",
          "tintindex": 0
        },
        "north": {
          "uv": [
            1.628,
            4.0,
            2.128,
            5.5
          ],
          "texture": "#layer0",
          "tintindex": 0
        },
        "south": {
          "uv": [
            1.628,
            2.752,
            2.628,
            5.752
          ],
          "texture": "#layer0",
          "tintindex": 0
        },
        "up": {
          "uv": [
            4.0,
            5.0,
            5.0,
            8.0
          ],
          "texture": "#layer0",
          "tintindex": 0
        },
        "west": {
          "uv": [
            10.5,
            8.876,
            12.0,
            5.3760004
          ],
          "texture": "#layer0",
          "tintindex": 0
        }
      }
    }
  ],
  "display": {
    "head": {
      "translation": [
        0.0,
        -6.4,
        0.0
      ],
      "rotation": [
        0.0,
        0.0,
        0.0
      ],
      "scale": [
        3.8095,
        3.8095,
        3.8095
      ]
    },
    "gui": {
      "translation": [
        0.0,
        0.0,
        0.0
      ],
      "rotation": [
        35.0,
        225.0,
        0.0
      ],
      "scale": [
        0.625,
        0.625,
        0.625
      ]
    }
  }
}