{
  "file_name": "lb",
  "texture_size": [
    4,
    4
  ],
  "textures": {
    "layer0": "modelengine:entity/frog"
  },
  "elements": [
    {
      "name": "lb_0",
      "from": [
        6.762332,
        7.8875,
        8.189983
      ],
      "to": [
        6.9123316,
        8.1875,
        8.264984
      ],
      "rotation": {
        "angle": 0.0,
        "axis": "z",
        "origin": [
          8.0,
          8.0,
          8.0
        ]
      },
      "faces": {
        "down": {
          "uv": [
            6.128,
            6.8760004,
            0.6279998,
            13.876
          ],
          "texture": "#layer0",
          "tintindex": 0
        },
        "east": {
          "uv": [
            1.5,
            2.252,
            2.0,
            4.252
          ],
          "texture": "#layer0",
          "tintindex": 0
        },
        "north": {
          "uv": [
            1.628,
            4.0,
            2.628,
            6.0
          ],
          "texture": "#layer0",
          "tintindex": 0
        },
        "south": {
          "uv": [
            1.628,
            2.752,
            2.628,
            4.752
          ],
          "texture": "#layer0",
          "tintindex": 0
        },
        "up": {
          "uv": [
            4.0,
            5.0,
            5.0,
            5.5
          ],
          "texture": "#layer0",
          "tintindex": 0
        },
        "west": {
          "uv": [
            7.0,
            5.375,
            7.5,
            7.375
          ],
          "texture": "#layer0",
          "tintindex": 0
        }
      }
    },
    {
      "name": "lb_1",
      "from": [
        6.762332,
        7.8125,
        7.739984
      ],
      "to": [
        6.9123316,
        8.2625,
        8.189983
      ],
      "rotation": {
        "angle": 0.0,
        "axis": "z",
        "origin": [
          8.0,
          8.0,
          8.0
        ]
      },
      "faces": {
        "down": {
          "uv": [
            6.128,
            6.8760004,
            0.6279998,
            13.876
          ],
          "texture": "#layer0",
          "tintindex": 0
        },
        "east": {
          "uv": [
            1.5,
            2.252,
            4.5,
            5.252
          ],
          "texture": "#layer0",
          "tintindex": 0
        },
        "north": {
          "uv": [
            1.628,
            4.0,
            2.628,
            7.0
          ],
          "texture": "#layer0",
          "tintindex": 0
        },
        "south": {
          "uv": [
            1.628,
            2.752,
            2.628,
            5.752
          ],
          "texture": "#layer0",
          "tintindex": 0
        },
        "up": {
          "uv": [
            4.0,
            5.0,
            5.0,
            8.0
          ],
          "texture": "#layer0",
          "tintindex": 0
        },
        "west": {
          "uv": [
            7.0,
            5.375,
            10.0,
            8.375
          ],
          "texture": "#layer0",
          "tintindex": 0
        }
      }
    },
    {
      "name": "lb_2",
      "from": [
        6.6873317,
        7.8875,
        7.814984
      ],
      "to": [
        6.9873314,
        8.1875,
        8.1149845
      ],
      "rotation": {
        "angle": 0.0,
        "axis": "z",
        "origin": [
          8.0,
          8.0,
          8.0
        ]
      },
      "faces": {
        "down": {
          "uv": [
            6.128,
            6.8760004,
            0.6279998,
            13.876
          ],
          "texture": "#layer0",
          "tintindex": 0
        },
        "east": {
          "uv": [
            1.5,
            2.252,
            3.5,
            4.252
          ],
          "texture": "#layer0",
          "tintindex": 0
        },
        "north": {
          "uv": [
            1.628,
            4.0,
            3.628,
            6.0
          ],
          "texture": "#layer0",
          "tintindex": 0
        },
        "south": {
          "uv": [
            1.628,
            2.752,
            3.628,
            4.752
          ],
          "texture": "#layer0",
          "tintindex": 0
        },
        "up": {
          "uv": [
            4.0,
            5.0,
            6.0,
            7.0
          ],
          "texture": "#layer0",
          "tintindex": 0
        },
        "west": {
          "uv": [
            7.0,
            5.375,
            9.0,
            7.375
          ],
          "texture": "#layer0",
          "tintindex": 0
        }
      }
    },
    {
      "name": "lb_3",
      "from": [
        6.762332,
        7.8125,
        7.6649837
      ],
      "to": [
        6.9123316,
        7.9625,
        7.739984
      ],
      "rotation": {
        "angle": 0.0,
        "axis": "z",
        "origin": [
          8.0,
          8.0,
          8.0
        ]
      },
      "faces": {
        "down": {
          "uv": [
            6.128,
            6.8760004,
            0.6279998,
            13.876
          ],
          "texture": "#layer0",
          "tintindex": 0
        },
        "east": {
          "uv": [
            1.5,
            2.252,
            2.0,
            3.252
          ],
          "texture": "#layer0",
          "tintindex": 0
        },
        "north": {
          "uv": [
            1.628,
            4.0,
            2.628,
            5.0
          ],
          "texture": "#layer0",
          "tintindex": 0
        },
        "south": {
          "uv": [
            1.628,
            2.752,
            2.628,
            3.752
          ],
          "texture": "#layer0",
          "tintindex": 0
        },
        "up": {
          "uv": [
            4.0,
            5.0,
            5.0,
            5.5
          ],
          "texture": "#layer0",
          "tintindex": 0
        },
        "west": {
          "uv": [
            7.0,
            5.375,
            7.5,
            6.375
          ],
          "texture": "#layer0",
          "tintindex": 0
        }
      }
    }
  ],
  "display": {
    "head": {
      "translation": [
        0.0,
        -6.4,
        0.0
      ],
      "rotation": [
        0.0,
        0.0,
        0.0
      ],
      "scale": [
        3.8095,
        3.8095,
        3.8095
      ]
    },
    "gui": {
      "translation": [
        0.0,
        0.0,
        0.0
      ],
      "rotation": [
        35.0,
        225.0,
        0.0
      ],
      "scale": [
        0.625,
        0.625,
        0.625
      ]
    }
  }
}