{
	"credit": "Made with Blockbench",
	"texture_size": [32, 32],
	"textures": {
		"2": "block/chalice0",
		"3": "block/chalice1",
		"particle": "block/chalice0"
	},
	"elements": [
		{
			"from": [8, 0, 8.25],
			"to": [8.25, 4, 8.5],
			"rotation": {"angle": 0, "axis": "y", "origin": [16, 8, 16.25]},
			"faces": {
				"north": {"uv": [15, 1, 1, 15], "texture": "#2"},
				"east": {"uv": [1, 1, 15, 15], "texture": "#2"},
				"south": {"uv": [15, 1, 1, 15], "texture": "#2"},
				"west": {"uv": [1, 1, 15, 15], "texture": "#2"},
				"up": {"uv": [1, 1, 15, 15], "texture": "#2"},
				"down": {"uv": [1, 1, 15, 15], "texture": "#2"}
			}
		},
		{
			"from": [7.5, 4, 7.75],
			"to": [8.75, 4.25, 9],
			"rotation": {"angle": 0, "axis": "y", "origin": [14.5, 12, 15.25]},
			"faces": {
				"north": {"uv": [15, 1, 1, 15], "texture": "#2"},
				"east": {"uv": [1, 1, 15, 15], "texture": "#2"},
				"south": {"uv": [15, 1, 1, 15], "texture": "#2"},
				"west": {"uv": [1, 1, 15, 15], "texture": "#2"},
				"up": {"uv": [1, 1, 15, 15], "texture": "#2"},
				"down": {"uv": [1, 1, 15, 15], "texture": "#2"}
			}
		},
		{
			"from": [7.5, 0.2, 7.75],
			"to": [8.75, 0.45, 9],
			"rotation": {"angle": 0, "axis": "y", "origin": [14.5, 8.2, 15.25]},
			"faces": {
				"north": {"uv": [15, 1, 1, 15], "texture": "#2"},
				"east": {"uv": [1, 1, 15, 15], "texture": "#2"},
				"south": {"uv": [15, 1, 1, 15], "texture": "#2"},
				"west": {"uv": [1, 1, 15, 15], "texture": "#2"},
				"up": {"uv": [1, 1, 15, 15], "texture": "#2"},
				"down": {"uv": [1, 1, 15, 15], "texture": "#2"}
			}
		},
		{
			"from": [7.25, 4.25, 7.5],
			"to": [9, 4.5, 9.25],
			"rotation": {"angle": 0, "axis": "y", "origin": [14.5, 12.25, 15.25]},
			"faces": {
				"north": {"uv": [15, 1, 1, 15], "texture": "#2"},
				"east": {"uv": [1, 1, 15, 15], "texture": "#2"},
				"south": {"uv": [15, 1, 1, 15], "texture": "#2"},
				"west": {"uv": [1, 1, 15, 15], "texture": "#2"},
				"up": {"uv": [1, 1, 15, 15], "texture": "#2"},
				"down": {"uv": [1, 1, 15, 15], "texture": "#2"}
			}
		},
		{
			"from": [7, 0.05, 7.25],
			"to": [9.25, 0.2, 9.45],
			"rotation": {"angle": 0, "axis": "y", "origin": [14.5, 8.05, 15.25]},
			"faces": {
				"north": {"uv": [15, 1, 1, 15], "texture": "#2"},
				"east": {"uv": [1, 1, 15, 15], "texture": "#2"},
				"south": {"uv": [15, 1, 1, 15], "texture": "#2"},
				"west": {"uv": [1, 1, 15, 15], "texture": "#2"},
				"up": {"uv": [1, 1, 15, 15], "texture": "#2"},
				"down": {"uv": [1, 1, 15, 15], "texture": "#2"}
			}
		},
		{
			"from": [6.55, 6, 6.6],
			"to": [9.7, 6.35, 10.15],
			"rotation": {"angle": 0, "axis": "y", "origin": [14.5, 14.25, 15.25]},
			"faces": {
				"north": {"uv": [15, 1, 1, 15], "texture": "#2"},
				"east": {"uv": [1, 1, 15, 15], "texture": "#2"},
				"south": {"uv": [15, 1, 1, 15], "texture": "#2"},
				"west": {"uv": [1, 1, 15, 15], "texture": "#2"},
				"up": {"uv": [1, 1, 15, 15], "texture": "#2"},
				"down": {"uv": [1, 1, 15, 15], "texture": "#2"}
			}
		},
		{
			"from": [6.35, 6.3, 6.4],
			"to": [9.9, 6.65, 10.35],
			"rotation": {"angle": 0, "axis": "y", "origin": [14.5, 14.55, 15.25]},
			"faces": {
				"north": {"uv": [15, 1, 1, 15], "texture": "#2"},
				"east": {"uv": [1, 1, 15, 15], "texture": "#2"},
				"south": {"uv": [15, 1, 1, 15], "texture": "#2"},
				"west": {"uv": [1, 1, 15, 15], "texture": "#2"},
				"up": {"uv": [1, 1, 15, 15], "texture": "#2"},
				"down": {"uv": [1, 1, 15, 15], "texture": "#2"}
			}
		},
		{
			"from": [6.65, 6.7, 6.8],
			"to": [9.7, 6.95, 10.05],
			"rotation": {"angle": 0, "axis": "y", "origin": [14.5, 14.95, 15.25]},
			"faces": {
				"north": {"uv": [15, 1, 1, 15], "texture": "#2"},
				"east": {"uv": [1, 1, 15, 15], "texture": "#2"},
				"south": {"uv": [15, 1, 1, 15], "texture": "#2"},
				"west": {"uv": [1, 1, 15, 15], "texture": "#2"},
				"up": {"uv": [1, 1, 15, 15], "texture": "#3"},
				"down": {"uv": [1, 1, 15, 15], "texture": "#2"}
			}
		},
		{
			"from": [8.09436, 4.48123, 7.5],
			"to": [9.34436, 6.23123, 9.25],
			"rotation": {"angle": -22.5, "axis": "z", "origin": [9.21936, 5.35623, 8.375]},
			"faces": {
				"north": {"uv": [15, 1, 1, 15], "texture": "#2"},
				"east": {"uv": [1, 1, 15, 15], "texture": "#2"},
				"south": {"uv": [15, 1, 1, 15], "texture": "#2"},
				"west": {"uv": [1, 1, 15, 15], "texture": "#2"},
				"up": {"uv": [1, 1, 15, 15], "texture": "#2"},
				"down": {"uv": [1, 1, 15, 15], "texture": "#2"}
			}
		},
		{
			"from": [6.90564, 4.48123, 7.5],
			"to": [8.15564, 6.23123, 9.25],
			"rotation": {"angle": 22.5, "axis": "z", "origin": [7.03064, 5.35623, 8.375]},
			"faces": {
				"north": {"uv": [15, 1, 1, 15], "texture": "#2"},
				"east": {"uv": [1, 1, 15, 15], "texture": "#2"},
				"south": {"uv": [15, 1, 1, 15], "texture": "#2"},
				"west": {"uv": [1, 1, 15, 15], "texture": "#2"},
				"up": {"uv": [1, 1, 15, 15], "texture": "#2"},
				"down": {"uv": [1, 1, 15, 15], "texture": "#2"}
			}
		},
		{
			"from": [7.25, 4.67257, 6.86758],
			"to": [9, 6.42257, 8.11758],
			"rotation": {"angle": -22.5, "axis": "x", "origin": [7.275, 5.54757, 7.74258]},
			"faces": {
				"north": {"uv": [15, 1, 1, 15], "texture": "#2"},
				"east": {"uv": [1, 1, 15, 15], "texture": "#2"},
				"south": {"uv": [15, 1, 1, 15], "texture": "#2"},
				"west": {"uv": [1, 1, 15, 15], "texture": "#2"},
				"up": {"uv": [1, 1, 15, 15], "texture": "#2"},
				"down": {"uv": [1, 1, 15, 15], "texture": "#2"}
			}
		},
		{
			"from": [7.25, 4.67257, 8.63242],
			"to": [9, 6.42257, 9.88242],
			"rotation": {"angle": 22.5, "axis": "x", "origin": [7.275, 5.54757, 9.00742]},
			"faces": {
				"north": {"uv": [15, 1, 1, 15], "texture": "#2"},
				"east": {"uv": [1, 1, 15, 15], "texture": "#2"},
				"south": {"uv": [15, 1, 1, 15], "texture": "#2"},
				"west": {"uv": [1, 1, 15, 15], "texture": "#2"},
				"up": {"uv": [1, 1, 15, 15], "texture": "#2"},
				"down": {"uv": [1, 1, 15, 15], "texture": "#2"}
			}
		}
	],
	"display": {
		"thirdperson_righthand": {
			"rotation": [37, 0, -14],
			"translation": [0, 3.25, 2.5],
			"scale": [0.65, 0.65, 0.65]
		},
		"thirdperson_lefthand": {
			"rotation": [35, -13, -14],
			"translation": [0, 2.5, 2.25],
			"scale": [0.65, 0.65, 0.65]
		},
		"firstperson_righthand": {
			"rotation": [-19, -50, 0],
			"translation": [0, 5.25, -1.75],
			"scale": [1.06, 1.06, 1.06]
		},
		"firstperson_lefthand": {
			"rotation": [-26, -54, 0],
			"translation": [0, 4.5, -2.25],
			"scale": [1.06, 1.06, 1.06]
		},
		"ground": {
			"translation": [0, 1.75, 0],
			"scale": [0.62, 0.62, 0.62]
		},
		"gui": {
			"rotation": [19, 8, 0],
			"translation": [-0.25, 7, 0],
			"scale": [1.48, 1.48, 1.48]
		},
		"head": {
			"rotation": [97, -4, -180],
			"translation": [1.75, -40.5, -6.25],
			"scale": [1.24, 1.24, 1.24]
		},
		"fixed": {
			"rotation": [-8, 0, 0],
			"translation": [0, 4.25, -2.5],
			"scale": [1.22, 1.22, 1.24]
		}
	}
}