{
	"credit": "Made with Blockbench",
	"texture_size": [64, 64],
	"textures": {
		"0": "block/tablet0",
		"particle": "block/tablet0"
	},
	"elements": [
		{
			"from": [5, 0, 8],
			"to": [13, 12, 9],
			"rotation": {"angle": 0, "axis": "y", "origin": [15, 8, 16]},
			"faces": {
				"north": {"uv": [8.25, 0.5, 15.75, 14.5], "texture": "#0"},
				"east": {"uv": [15.5, 2.5, 16, 14], "texture": "#0"},
				"south": {"uv": [0.5, 0.5, 8, 14.5], "texture": "#0"},
				"west": {"uv": [15.5, 2.5, 16, 14], "texture": "#0"},
				"up": {"uv": [0, 0.5, 0.75, 14], "rotation": 90, "texture": "#0"}
			}
		},
		{
			"from": [4.5, 1, 8],
			"to": [5, 11, 9],
			"rotation": {"angle": 0, "axis": "y", "origin": [16, 8, 16]},
			"faces": {
				"north": {"uv": [15.5, 2.5, 16, 14], "texture": "#0"},
				"south": {"uv": [0, 1.75, 0.5, 13.25], "texture": "#0"},
				"west": {"uv": [15.5, 2.5, 16, 14], "texture": "#0"},
				"up": {"uv": [0, 0.5, 0.75, 1.5], "texture": "#0"},
				"down": {"uv": [0, 0.5, 0.75, 1.5], "texture": "#0"}
			}
		},
		{
			"from": [13, 1, 8],
			"to": [13.5, 11, 9],
			"rotation": {"angle": 0, "axis": "y", "origin": [25, 8, 16]},
			"faces": {
				"north": {"uv": [7.75, 0.5, 8.5, 11.5], "texture": "#0"},
				"east": {"uv": [7.75, 0.5, 8.5, 11.5], "texture": "#0"},
				"south": {"uv": [7.75, 0.5, 8.5, 11.5], "texture": "#0"},
				"west": {"uv": [0, 0, 0.25, 0.25], "texture": "#missing"},
				"up": {"uv": [15.5, 2.5, 16, 4], "texture": "#0"},
				"down": {"uv": [0, 0, 0.25, 0.25], "texture": "#missing"}
			}
		},
		{
			"from": [6, 12, 8],
			"to": [12, 12.5, 9],
			"rotation": {"angle": 0, "axis": "y", "origin": [15, 20, 16]},
			"faces": {
				"north": {"uv": [8.25, 15, 15.75, 15.5], "texture": "#0"},
				"east": {"uv": [15.5, 2.5, 16, 4], "texture": "#0"},
				"south": {"uv": [0, 0.25, 7.5, 0.75], "texture": "#0"},
				"west": {"uv": [15.5, 2.5, 16, 4], "texture": "#0"},
				"up": {"uv": [8.25, 15, 15.75, 15.5], "texture": "#0"}
			}
		},
		{
			"from": [6, -0.45, 8],
			"to": [12, 0.05, 9],
			"rotation": {"angle": 0, "axis": "y", "origin": [15, 7.55, 16]},
			"faces": {
				"north": {"uv": [8.25, 15, 15.75, 15.5], "texture": "#0"},
				"east": {"uv": [15.5, 2.5, 16, 4], "texture": "#0"},
				"south": {"uv": [8.25, 15, 15.75, 15.5], "texture": "#0"},
				"west": {"uv": [15.5, 2.5, 16, 4], "texture": "#0"},
				"down": {"uv": [8.25, 15, 15.75, 15.5], "texture": "#0"}
			}
		},
		{
			"from": [7, 12.5, 8],
			"to": [11, 12.8, 9],
			"rotation": {"angle": 0, "axis": "y", "origin": [15, 20.5, 16]},
			"faces": {
				"north": {"uv": [12.5, 15, 15.75, 15.5], "rotation": 180, "texture": "#0"},
				"east": {"uv": [15.5, 2.5, 16, 4], "texture": "#0"},
				"south": {"uv": [0, 0.25, 3.25, 0.5], "texture": "#0"},
				"west": {"uv": [15.5, 2.5, 16, 4], "texture": "#0"},
				"up": {"uv": [12.5, 15, 15.75, 15.5], "rotation": 180, "texture": "#0"},
				"down": {"uv": [0, 0, 0.25, 0.25], "texture": "#missing"}
			}
		},
		{
			"from": [7, -0.7, 8],
			"to": [11, -0.4, 9],
			"rotation": {"angle": 0, "axis": "y", "origin": [15, 7.3, 16]},
			"faces": {
				"north": {"uv": [12.5, 15, 15.75, 15.5], "rotation": 180, "texture": "#0"},
				"east": {"uv": [15.5, 2.5, 16, 4], "texture": "#0"},
				"south": {"uv": [12.5, 15, 15.75, 15.5], "rotation": 180, "texture": "#0"},
				"west": {"uv": [15.5, 2.5, 16, 4], "texture": "#0"},
				"down": {"uv": [8.25, 15, 15.75, 15.5], "texture": "#0"}
			}
		}
	],
	"display": {
		"thirdperson_righthand": {
			"rotation": [56, 132, 0],
			"translation": [-1.75, 1.5, 1.25],
			"scale": [0.67, 0.67, 0.67]
		},
		"thirdperson_lefthand": {
			"rotation": [56, 132, 0],
			"translation": [-2.25, 1.5, 1.25],
			"scale": [0.67, 0.67, 0.67]
		},
		"firstperson_righthand": {
			"rotation": [-25, -89, 0],
			"translation": [0, 4.5, 0],
			"scale": [0.65, 0.65, 0.65]
		},
		"firstperson_lefthand": {
			"rotation": [-25, -89, 0],
			"translation": [0, 4.5, 0],
			"scale": [0.65, 0.65, 0.65]
		},
		"ground": {
			"translation": [0, 8, 0],
			"scale": [0.76, 0.76, 0.76]
		},
		"gui": {
			"translation": [-1.5, 2.25, 0]
		},
		"head": {
			"rotation": [-89, 0, 0],
			"translation": [-0.25, -43.5, -2.75]
		},
		"fixed": {
			"translation": [-1, 1.75, -1]
		}
	}
}