{
	"credit": "Made with Blockbench",
	"textures": {
		"0": "block/chest0",
		"1": "block/chest1",
		"2": "block/chest2",
		"3": "Relics:block/tome0",
		"particle": "block/chest0"
	},
	"elements": [
		{
			"from": [1.7504, 5.2376, 2.3552],
			"to": [14.6528, 11.9912, 15.2576],
			"rotation": {"angle": 0, "axis": "y", "origin": [4.976, 8.4632, 5.5808]},
			"faces": {
				"north": {"uv": [0, 0, 16, 16], "texture": "#0"},
				"east": {"uv": [16, 0, 0, 16], "texture": "#0"},
				"south": {"uv": [0, 0, 16, 16], "texture": "#0"},
				"west": {"uv": [16, 0, 0, 16], "texture": "#0"},
				"up": {"uv": [0, 0, 16, 16], "texture": "#2"},
				"down": {"uv": [16, 0, 0, 16], "texture": "#0"}
			}
		},
		{
			"from": [1.7504, 11.9408, 2.5568],
			"to": [1.952, 14.3096, 15.056],
			"rotation": {"angle": 0, "axis": "y", "origin": [5.0264, 17.132, 5.732]},
			"faces": {
				"north": {"uv": [0, 0, 16, 16], "texture": "#3"},
				"east": {"uv": [16, 0, 2.75, 6], "texture": "#3"},
				"south": {"uv": [16, 7, 1.75, 13], "texture": "#3"},
				"west": {"uv": [2.25, 0, 16, 3.75], "texture": "#3"},
				"up": {"uv": [16, 0, 2.75, 6], "texture": "#3"},
				"down": {"uv": [8.75, 13.25, 8.625, 17.25], "texture": "#0"}
			}
		},
		{
			"from": [14.4512, 11.9408, 2.5568],
			"to": [14.6528, 14.3096, 15.056],
			"rotation": {"angle": 0, "axis": "y", "origin": [17.6768, 17.132, 5.5808]},
			"faces": {
				"north": {"uv": [3.5, 10, 4, 16], "texture": "#3"},
				"east": {"uv": [2.25, 0, 16, 3.75], "texture": "#3"},
				"south": {"uv": [3.25, 9.25, 3.75, 15.25], "texture": "#3"},
				"west": {"uv": [16, 0, 2.75, 6], "texture": "#3"},
				"up": {"uv": [3.5, 10, 4, 16], "texture": "#3"},
				"down": {"uv": [3.5, 10, 4, 16], "texture": "#3"}
			}
		},
		{
			"from": [1.7504, 11.9408, 2.3552],
			"to": [14.6528, 14.3096, 2.5568],
			"rotation": {"angle": 0, "axis": "y", "origin": [4.976, 17.132, 5.5808]},
			"faces": {
				"north": {"uv": [2.25, 0, 16, 3.75], "texture": "#3"},
				"east": {"uv": [3.5, 10, 4, 16], "texture": "#3"},
				"south": {"uv": [16, 0, 2.75, 6], "texture": "#3"},
				"west": {"uv": [3.5, 10, 4, 16], "texture": "#3"},
				"up": {"uv": [3.5, 10, 4, 16], "texture": "#3"},
				"down": {"uv": [3.5, 10, 4, 16], "texture": "#3"}
			}
		},
		{
			"from": [1.448, 12.9992, 2.204],
			"to": [14.8544, 13.3016, 2.4056],
			"rotation": {"angle": 0, "axis": "y", "origin": [4.976, 16.9304, 5.5808]},
			"faces": {
				"north": {"uv": [2.25, 0, 16, 3.75], "texture": "#3"},
				"east": {"uv": [3.5, 10, 4, 16], "texture": "#3"},
				"south": {"uv": [16, 7, 1.75, 13], "texture": "#3"},
				"west": {"uv": [3.5, 10, 4, 16], "texture": "#3"},
				"up": {"uv": [3.5, 10, 4, 16], "texture": "#3"},
				"down": {"uv": [3.5, 10, 4, 16], "texture": "#3"}
			}
		},
		{
			"from": [1.7504, 12.9488, 15.308],
			"to": [14.6528, 13.3016, 15.4592],
			"rotation": {"angle": 0, "axis": "y", "origin": [4.976, 16.9304, 12.1328]},
			"faces": {
				"north": {"uv": [1.75, 7, 16, 13], "texture": "#3"},
				"east": {"uv": [4, 10, 3.5, 16], "texture": "#3"},
				"south": {"uv": [16, 0, 2.25, 3.75], "texture": "#3"},
				"west": {"uv": [4, 10, 3.5, 16], "texture": "#3"},
				"up": {"uv": [3.5, 16, 4, 10], "texture": "#3"},
				"down": {"uv": [3.5, 16, 4, 10], "texture": "#3"}
			}
		},
		{
			"from": [14.6528, 12.974, 2.2544],
			"to": [14.8544, 13.3268, 15.4592],
			"rotation": {"angle": 0, "axis": "y", "origin": [11.024, 16.4516, 5.732]},
			"faces": {
				"north": {"uv": [4, 10, 3.5, 16], "rotation": 90, "texture": "#3"},
				"east": {"uv": [3.5, 16, 4, 10], "rotation": 180, "texture": "#3"},
				"south": {"uv": [4, 10, 3.5, 16], "rotation": 270, "texture": "#3"},
				"west": {"uv": [3.5, 16, 4, 10], "texture": "#3"},
				"up": {"uv": [1.75, 7, 16, 13], "rotation": 270, "texture": "#3"},
				"down": {"uv": [16, 0, 2.25, 3.75], "rotation": 270, "texture": "#3"}
			}
		},
		{
			"from": [1.448, 13.0244, 2.3048],
			"to": [1.7, 13.3268, 15.4592],
			"rotation": {"angle": 0, "axis": "y", "origin": [-2.1808, 16.4516, 5.732]},
			"faces": {
				"north": {"uv": [4, 10, 3.5, 16], "rotation": 90, "texture": "#3"},
				"east": {"uv": [3.5, 16, 4, 10], "rotation": 180, "texture": "#3"},
				"south": {"uv": [4, 10, 3.5, 16], "rotation": 270, "texture": "#3"},
				"west": {"uv": [3.5, 16, 4, 10], "texture": "#3"},
				"up": {"uv": [1.75, 7, 16, 13], "rotation": 270, "texture": "#3"},
				"down": {"uv": [16, 0, 2.25, 3.75], "rotation": 270, "texture": "#3"}
			}
		},
		{
			"from": [1.7504, 11.9408, 15.056],
			"to": [14.6528, 14.3096, 15.2576],
			"rotation": {"angle": 0, "axis": "y", "origin": [4.976, 17.132, 18.2816]},
			"faces": {
				"north": {"uv": [16, 0, 2.75, 6], "texture": "#3"},
				"east": {"uv": [3.5, 10, 4, 16], "texture": "#3"},
				"south": {"uv": [2.25, 0, 16, 3.75], "texture": "#3"},
				"west": {"uv": [3.5, 10, 4, 16], "texture": "#3"},
				"up": {"uv": [3.5, 10, 4, 16], "texture": "#3"},
				"down": {"uv": [3.5, 10, 4, 16], "texture": "#3"}
			}
		},
		{
			"from": [7.496, 27.3452, 13.706],
			"to": [9.1088, 27.5468, 16.478],
			"rotation": {"angle": -45, "axis": "x", "origin": [8.2484, 14.3204, 15.1784]},
			"faces": {
				"north": {"uv": [10, 2.5, 7, 2], "rotation": 180, "texture": "#1"},
				"east": {"uv": [5, 3.5, 5.5, 12], "rotation": 270, "texture": "#1"},
				"south": {"uv": [10, 2.5, 7, 2], "texture": "#1"},
				"west": {"uv": [5, 3.5, 5.5, 12], "rotation": 90, "texture": "#1"},
				"up": {"uv": [5.5, 2.5, 11, 12], "rotation": 180, "texture": "#1"},
				"down": {"uv": [4.5, 1.5, 12, 13], "texture": "#1"}
			}
		},
		{
			"from": [7.1936, 27.1436, 13.3532],
			"to": [9.4112, 27.3452, 16.7804],
			"rotation": {"angle": -45, "axis": "x", "origin": [8.2484, 14.3204, 15.1784]},
			"faces": {
				"north": {"uv": [10, 2.5, 7, 2], "rotation": 180, "texture": "#1"},
				"east": {"uv": [5, 3.5, 5.5, 12], "rotation": 270, "texture": "#1"},
				"south": {"uv": [10, 2.5, 7, 2], "texture": "#1"},
				"west": {"uv": [5, 3.5, 5.5, 12], "rotation": 90, "texture": "#1"},
				"up": {"uv": [4.5, 1.5, 12, 13], "rotation": 180, "texture": "#1"},
				"down": {"uv": [4.5, 1.5, 12, 13], "texture": "#1"}
			}
		},
		{
			"from": [1.7504, 26.942, 15.1676],
			"to": [14.6528, 27.1436, 18.3932],
			"rotation": {"angle": -45, "axis": "x", "origin": [8.2484, 14.3204, 15.1784]},
			"faces": {
				"north": {"uv": [16.75, 8.5, 12.75, 8.625], "rotation": 180, "texture": "#0"},
				"east": {"uv": [11, 13.25, 11.125, 14.25], "rotation": 270, "texture": "#0"},
				"south": {"uv": [16.75, 8.5, 12.75, 8.375], "texture": "#0"},
				"west": {"uv": [11.125, 13.25, 11.25, 14.25], "rotation": 90, "texture": "#0"},
				"up": {"uv": [0, 0, 16, 8], "rotation": 180, "texture": "#0"},
				"down": {"uv": [0, 4.5, 16, 12.5], "texture": "#0"}
			}
		},
		{
			"from": [1.7504, 14.2412, 18.3932],
			"to": [14.6528, 27.1436, 18.5948],
			"rotation": {"angle": -45, "axis": "x", "origin": [8.2484, 14.3204, 15.1784]},
			"faces": {
				"north": {"uv": [20, 8, 4, 24], "rotation": 180, "texture": "#0"},
				"east": {"uv": [12.75, 9.5, 16.75, 9.625], "rotation": 270, "texture": "#0"},
				"south": {"uv": [12.5, 16, 0, 0], "texture": "#0"},
				"west": {"uv": [12.75, 9.75, 16.75, 9.875], "rotation": 90, "texture": "#0"},
				"up": {"uv": [0, 0, 16, 0.5], "rotation": 180, "texture": "#0"},
				"down": {"uv": [32, 8, 16, 8.5], "texture": "#0"}
			}
		},
		{
			"from": [1.7504, 14.2412, 15.1676],
			"to": [1.952, 27.0428, 18.3932],
			"rotation": {"angle": -45, "axis": "x", "origin": [8.2484, 14.3204, 15.1784]},
			"faces": {
				"north": {"uv": [9.25, 13.25, 9.125, 17.25], "rotation": 180, "texture": "#0"},
				"east": {"uv": [16, 3.5, 0, 11.5], "rotation": 270, "texture": "#0"},
				"south": {"uv": [9.125, 17.25, 9, 13.25], "texture": "#0"},
				"west": {"uv": [0, 2.5, 16, 10.5], "rotation": 90, "texture": "#0"},
				"up": {"uv": [0, 0, 16, 16], "rotation": 180, "texture": "#0"},
				"down": {"uv": [0, 8, 0.5, 16], "texture": "#0"}
			}
		},
		{
			"from": [1.952, 14.2412, 15.1676],
			"to": [14.7032, 14.4428, 18.3932],
			"rotation": {"angle": -45, "axis": "x", "origin": [8.2484, 14.3204, 15.1784]},
			"faces": {
				"north": {"uv": [16.75, 8.75, 12.75, 8.875], "rotation": 180, "texture": "#0"},
				"east": {"uv": [11.25, 13.25, 11.375, 14.25], "rotation": 270, "texture": "#0"},
				"south": {"uv": [16.75, 8.75, 12.75, 8.625], "texture": "#0"},
				"west": {"uv": [11.375, 13.25, 11.5, 14.25], "rotation": 90, "texture": "#0"},
				"up": {"uv": [0, 0, 16, 16], "rotation": 180, "texture": "#0"},
				"down": {"uv": [0, 4, 16, 12], "texture": "#0"}
			}
		},
		{
			"from": [14.4512, 14.4428, 15.1676],
			"to": [14.6528, 26.942, 18.3932],
			"rotation": {"angle": -45, "axis": "x", "origin": [8.2484, 14.3204, 15.1784]},
			"faces": {
				"north": {"uv": [9.5, 13.25, 9.375, 17.25], "rotation": 180, "texture": "#0"},
				"east": {"uv": [16, 2.5, 0, 10.5], "rotation": 270, "texture": "#0"},
				"south": {"uv": [9.375, 17.25, 9.25, 13.25], "texture": "#0"},
				"west": {"uv": [16, 3, 0, 11], "rotation": 90, "texture": "#0"},
				"up": {"uv": [0, 0, 16, 16], "rotation": 180, "texture": "#0"},
				"down": {"uv": [15.5, 8, 16, 16], "texture": "#0"}
			}
		}
	],
	"display": {
		"gui": {
			"rotation": [0, -180, 0],
			"translation": [0, -5.25, 0],
			"scale": [0.68, 0.68, 0.68]
		},
		"head": {
			"translation": [0, -32.5, 0],
			"scale": [3.23, 3.23, 3.23]
		},
		"fixed": {
			"translation": [0, -5.5, -8.75]
		}
	},
	"groups": [
		{
			"name": "group",
			"origin": [8, 8, 8],
			"children": [0, 1, 2, 3, 4, 5, 6, 7, 8,
				{
					"name": "group",
					"origin": [32, 18.75, 8],
					"children": [9, 10, 11, 12, 13, 14, 15]
				}
			]
		}
	]
}