{
	"format_version": "1.8.0",
	"animations": {
		"animation.arcticwolf.idle": {
			"animation_length": 4.68,
			"bones": {
				"jaw": {
					"rotation": {
						"1.04": [-20, 0, 0],
						"1.64": [-20, -27.5, 0],
						"2.76": [-20, 0, 0],
						"3.8": [-20, 17.5, 0]
					},
					"position": {
						"0.0": [0, -0.2, -0.9],
						"1.04": [0, 0.4, -1.1],
						"1.64": [1, 0.3, -1.1],
						"2.4": [0, 0, -1.1],
						"2.76": [0, 0.4, -1.1],
						"3.8": [-2.9, 1.6, -1.6],
						"4.68": [0, -0.2, -0.9]
					}
				},
				"head": {
					"rotation": {
						"0.0": [0, 0, 0],
						"0.52": [-5, 0, 0],
						"0.76": [-14.58, 0, 0],
						"1.0": [0, 0, 0],
						"1.08": [0, 0, 0],
						"1.64": [-7.31, -17.5, 0],
						"2.16": [0, 0, 0],
						"2.24": [0, 0, 0],
						"2.76": [-5, 0, 0],
						"3.8": [-15, 15, 0],
						"4.68": [0, 0, 0]
					},
					"position": {
						"0.0": [0, -0.2, 0],
						"0.52": [0, 0.1, 0],
						"0.76": [0, 0.98, 0],
						"1.0": [0, -0.2, 0],
						"1.08": [0, -0.2, 0],
						"2.16": [0, -0.2, 0],
						"2.24": [0, -0.2, 0],
						"2.76": [0, 0.1, 0],
						"3.8": [-2.3, 1.2, 0],
						"4.68": [0, -0.2, 0]
					}
				},
				"body": {
					"position": {
						"0.0": [0, -0.2, 0],
						"0.52": [0, 0.3, 0],
						"1.0": [0, -0.2, 0],
						"1.08": [0, -0.2, 0],
						"1.6": [0, 0.3, 0],
						"1.68": [0, 0.3, 0],
						"2.16": [0, -0.2, 0],
						"2.24": [0, -0.2, 0],
						"2.76": [0, 0.3, 0],
						"4.68": [0, -0.2, 0]
					}
				},
				"tail": {
					"rotation": {
						"0.0": [-2.5, 0, 0],
						"0.52": [5, 0, 0],
						"1.0": [-2.5, 0, 0],
						"1.08": [-2.5, 0, 0],
						"1.6": [5, 0, 0],
						"1.68": [5, 0, 0],
						"2.16": [-2.5, 0, 0],
						"2.24": [-2.5, 0, 0],
						"2.76": [5, 0, 0],
						"4.68": [-2.5, 0, 0]
					},
					"position": {
						"0.0": [0, 0.2, 0],
						"0.52": [0, 0.5, 0],
						"1.0": [0, 0.2, 0],
						"1.08": [0, 0.2, 0],
						"1.6": [0, 0.5, 0],
						"1.68": [0, 0.5, 0],
						"2.16": [0, 0.2, 0],
						"2.24": [0, 0.2, 0],
						"2.76": [0, 0.5, 0],
						"4.68": [0, 0.2, 0]
					}
				}
			}
		},
		"animation.arcticwolf.walk": {
			"animation_length": 3.12,
			"bones": {
				"lefthand": {
					"rotation": {
						"0.4": [7.5, 0, 0],
						"0.8": [50, 0, 0],
						"1.2": [7.5, 0, 0],
						"1.84": [7.5, 0, 0],
						"2.24": [50, 0, 0],
						"2.64": [2.5, 0, 0]
					},
					"position": {
						"0.0": [0, 0, -1.1],
						"0.4": [0, -0.2, -0.4],
						"0.8": [0, 1.3, -3.6],
						"1.16": [0, -0.41, -7.11],
						"1.56": [0, 0, -1.1],
						"1.84": [0, -0.2, -0.4],
						"2.24": [0, 1.3, -3.6],
						"2.64": [0, -0.3, -7.5],
						"3.0": [0, 0, -1.1]
					}
				},
				"jaw": {
					"rotation": [-5, 0, 0],
					"position": {
						"0.0": [0, 0, -0.4],
						"0.4": [0, -0.1, -1.1],
						"0.8": [0, 0, -0.4],
						"1.2": [0, -0.1, -1.1],
						"1.52": [0, 0, -0.4],
						"1.92": [0, -0.1, -1.1],
						"2.28": [0, 0, -0.4],
						"2.44": [0, 0, -0.01],
						"2.84": [0, 0, -0.71],
						"3.12": [0, 0, -0.4]
					}
				},
				"head": {
					"rotation": {
						"0.0": [2.5, 0, 0],
						"0.4": [-5, 0, 0],
						"0.8": [2.5, 0, 0],
						"1.2": [-5, 0, 0],
						"1.56": [2.5, 0, 0],
						"1.96": [-5, 0, 0],
						"2.44": [2.5, 0, 0],
						"2.84": [-5, 0, 0],
						"3.12": [2.5, 0, 0]
					},
					"position": {
						"0.0": [0, 0, -0.2],
						"0.4": [0, 0, -0.8],
						"0.8": [0, 0, -0.2],
						"1.2": [0, 0, -0.8],
						"1.56": [0, 0, -0.2],
						"1.96": [0, 0, -0.8],
						"2.44": [0, 0, -0.2],
						"2.84": [0, 0, -0.8],
						"3.12": [0, 0, -0.2]
					}
				},
				"body": {
					"position": {
						"0.04": [0, -0.4, 0],
						"0.4": [0, 0.3, 0],
						"0.8": [0, -0.1, 0],
						"1.24": [0, 0.2, 0],
						"1.76": [0, -0.1, 0],
						"2.28": [0, 0.4, 0],
						"2.76": [0, 0, 0],
						"3.0": [0, -0.4, 0]
					}
				},
				"leftforearm": {
					"rotation": {
						"0.0": [-5, 0, 0],
						"0.8": [-37.5, 0, 0],
						"1.16": [-32.11, 0, 0],
						"1.56": [-5, 0, 0],
						"2.24": [-37.5, 0, 0],
						"2.64": [-42.89, 0, 0],
						"3.0": [-5, 0, 0]
					},
					"position": {
						"0.0": [0, 0, 0.1],
						"0.4": [0, 0, 1.5],
						"0.8": [0, 0, 0.2],
						"1.16": [0, -1.61, -3.94],
						"1.56": [0, 0, 0.1],
						"1.84": [0, 0, 1.5],
						"2.24": [0, 0, 0.2],
						"2.64": [0, -2.9, -4.4],
						"3.0": [0, 0, 0.1]
					}
				},
				"leftforeleg": {
					"rotation": {
						"0.0": [-7.5, 0, 0],
						"0.4": [-17.5, 0, 0],
						"0.8": [-45, 0, 0],
						"1.16": [-22.5, 0, 0],
						"1.56": [-7.5, 0, 0],
						"1.84": [-17.5, 0, 0],
						"2.24": [-45, 0, 0],
						"2.6": [-22.5, 0, 0],
						"3.0": [-7.5, 0, 0]
					},
					"position": {
						"0.0": [0, 0, 1.3],
						"0.4": [0, 0, -1.5],
						"0.8": [0, -2.4, -4.7],
						"1.16": [0, -2, -1.3],
						"1.56": [0, 0, 1.3],
						"1.84": [0, 0, -1.5],
						"2.24": [0, -2.4, -4.7],
						"2.6": [0, -2, -1.3],
						"3.0": [0, 0, 1.3]
					}
				},
				"leftfoot": {
					"rotation": {
						"0.0": [10, 0, 0],
						"0.4": [30, 0, 0],
						"0.8": [10, 0, 0],
						"1.16": [0, 0, 0],
						"1.56": [10, 0, 0],
						"1.84": [30, 0, 0],
						"2.24": [10, 0, 0],
						"2.6": [0, 0, 0],
						"3.0": [10, 0, 0]
					},
					"position": {
						"0.0": [0, 0.4, 0.5],
						"0.4": [0, 1.7, -2.8],
						"0.8": [0, -0.5, -7.6],
						"1.16": [0, -1.6, -2.5],
						"1.56": [0, 0.4, 0.5],
						"1.84": [0, 1.7, -2.8],
						"2.24": [0, -0.5, -7.6],
						"2.6": [0, -1.6, -2.5],
						"3.0": [0, 0.4, 0.5]
					}
				},
				"leftleg": {
					"rotation": {
						"0.0": [5, 0, 0],
						"0.8": [-15, 0, 0],
						"1.16": [-10, 0, 0],
						"1.56": [5, 0, 0],
						"2.24": [-15, 0, 0],
						"2.6": [-10, 0, 0],
						"3.0": [5, 0, 0]
					},
					"position": {
						"0.0": [0, 0, 0.8],
						"0.4": [0, 0.9, -1],
						"0.8": [0, 0.1, -1.8],
						"1.16": [0, -0.3, -1.1],
						"1.56": [0, 0, 0.8],
						"1.84": [0, 0.9, -1],
						"2.24": [0, 0.1, -1.8],
						"2.6": [0, -0.3, -1.1],
						"3.0": [0, 0, 0.8]
					}
				},
				"tail": {
					"rotation": {
						"0.0": [-7.5, 0, 0],
						"0.52": [0, 0, 0],
						"1.08": [-7.5, 0, 0],
						"1.52": [0, 0, 0],
						"2.08": [-7.5, 0, 0],
						"2.56": [0, 0, 0],
						"3.12": [-7.5, 0, 0]
					},
					"position": {
						"0.0": [0, -0.7, 0],
						"0.52": [0, -0.2, 0],
						"1.08": [0, -1.1, 0],
						"1.52": [0, -0.2, 0],
						"2.08": [0, -1.1, 0],
						"2.56": [0, -0.2, 0],
						"3.12": [0, -1.1, 0]
					}
				},
				"rightleg": {
					"rotation": {
						"0.0": [-32.5, 0, 0],
						"0.4": [-12.5, 0, 0],
						"0.88": [-62.16, 0, 0],
						"1.56": [-32.5, 0, 0],
						"1.84": [-12.5, 0, 0],
						"2.4": [-62.16, 0, 0],
						"3.0": [-32.5, 0, 0]
					},
					"position": {
						"0.0": [0, 0, 0],
						"0.4": [0, 0, 0.5],
						"1.56": [0, 0, 0],
						"1.84": [0, 0, 0.5],
						"3.0": [0, 0, 0]
					}
				},
				"rightforeleg": {
					"rotation": {
						"0.0": [-12.5, 0, 0],
						"0.4": [15, 0, 0],
						"0.88": [-25.78, 0, 0],
						"1.56": [-12.5, 0, 0],
						"1.84": [15, 0, 0],
						"2.4": [-25.78, 0, 0],
						"3.0": [-12.5, 0, 0]
					},
					"position": {
						"0.0": [0, -0.3, -1.7],
						"0.4": [0, -0.3, 0],
						"0.88": [0, 0.2, -3.42],
						"1.56": [0, -0.3, -1.7],
						"1.84": [0, -0.3, 0],
						"2.4": [0, 0.2, -3.42],
						"3.0": [0, -0.3, -1.7]
					}
				},
				"rightfoot": {
					"rotation": {
						"0.88": [27.5, 0, 0],
						"1.12": [10, 0, 0],
						"2.4": [27.5, 0, 0]
					},
					"position": {
						"0.0": [0, 0, -3.2],
						"0.4": [0, 0, 0.7],
						"0.88": [0, 1.3, -5.48],
						"1.56": [0, 0, -3.2],
						"1.84": [0, 0, 0.7],
						"2.4": [0, 1.3, -5.48],
						"3.0": [0, 0, -3.2]
					}
				},
				"rightforearm": {
					"rotation": {
						"0.0": [-65, 0, 0],
						"0.4": [-42.5, 0, 0],
						"1.2": [7.5, 0, 0],
						"1.56": [-65, 0, 0],
						"1.84": [-42.5, 0, 0],
						"2.64": [7.5, 0, 0],
						"3.0": [-65, 0, 0]
					},
					"position": {
						"0.0": [0, -0.3, -2.3],
						"0.4": [0, -1, -4.7],
						"1.2": [0, -0.6, 1.2],
						"1.56": [0, -0.3, -2.3],
						"1.84": [0, -1, -4.7],
						"2.64": [0, -0.6, 1.2],
						"3.0": [0, -0.3, -2.3]
					}
				},
				"righthand": {
					"rotation": {
						"0.0": [27.5, 0, 0],
						"0.4": [0, 0, 0],
						"1.12": [7.07, 0, 0],
						"1.56": [27.5, 0, 0],
						"1.84": [0, 0, 0],
						"3.0": [27.5, 0, 0]
					},
					"position": {
						"0.0": [0, 1.4, -5],
						"0.4": [0, 0.1, -7.4],
						"1.2": [0, 0.1, 0.8],
						"1.56": [0, 1.4, -5],
						"1.84": [0, 0.1, -7.4],
						"2.64": [0, 0.1, 0.8],
						"3.0": [0, 1.4, -5]
					}
				},
				"leftarm": {
					"rotation": {
						"0.0": [-27.5, 0, 0],
						"0.4": [-62.5, 0, 0],
						"1.2": [-10, 0, 0],
						"1.56": [-27.5, 0, 0],
						"1.84": [-62.5, 0, 0],
						"2.64": [-10, 0, 0],
						"3.0": [-27.5, 0, 0]
					},
					"position": {
						"0.4": [0, -0.4, -1.2],
						"1.2": [0, -0.4, 1.8],
						"1.84": [0, -0.4, -1.2],
						"2.64": [0, -0.4, 1.8]
					}
				},
				"rightarm": {
					"rotation": {
						"0.0": [0, 0, 0],
						"0.4": [12.5, 0, 0],
						"0.8": [-2.5, 0, 0],
						"1.56": [0, 0, 0],
						"1.84": [12.5, 0, 0],
						"2.24": [-2.5, 0, 0],
						"3.0": [0, 0, 0]
					},
					"position": {
						"0.0": [0, 0, 1.3],
						"0.4": [0, 0, 3.1],
						"1.2": [0, -1.7, -0.2],
						"1.56": [0, 0, 1.3],
						"1.84": [0, 0, 3.1],
						"2.64": [0, -1.7, -0.2],
						"3.0": [0, 0, 1.3]
					}
				}
			}
		},
		"animation.arcticwolf.attack": {
			"loop": true,
			"animation_length": 2.08,
			"bones": {
				"arcticwolf": {
					"position": [0, 0, -0.3]
				},
				"lefthand": {
					"rotation": [5, 0, 0],
					"position": {
						"0.0": [0, 0.3, -1.7],
						"0.36": [0, 3.2, -6.9],
						"0.76": [0, -0.7, -6.9],
						"1.92": [0, -0.2, -2.5],
						"2.08": [0, -0.2, -1.1]
					}
				},
				"jaw": {
					"rotation": {
						"0.0": [-45, 0, 0],
						"0.76": [-5, 5, 0],
						"1.0": [-3.42, 7.11, 0],
						"1.16": [-2.37, 3.77, 0],
						"1.52": [0, -20, 0],
						"1.76": [-32.5, -20, 0],
						"2.08": [-45, -22.5, 0]
					},
					"position": {
						"0.0": [0, 1.5, -1.4],
						"0.32": [0, 6.8, -1.4],
						"0.76": [0, 0.2, -2.6],
						"1.0": [-0.5, 1, -2.3],
						"1.16": [-0.5, 3.1, -2.5],
						"1.52": [0.6, 0.7, -0.4],
						"1.76": [0.6, 1.1, -1.1],
						"2.08": [0.8, 1.1, -1.4]
					}
				},
				"head": {
					"rotation": {
						"0.32": [-20, 0, 0],
						"0.76": [-17.5, 0, 0],
						"1.0": [-10, 10, 0],
						"1.16": [-30, 6.87, 0],
						"1.52": [-10, -15, 0]
					},
					"position": {
						"0.0": [0, 0.6, 0],
						"0.32": [0, 5.3, 0],
						"0.76": [0, 0.2, -1.4],
						"1.16": [0, 1.9, -1.4],
						"1.76": [0, 0.6, 0],
						"2.08": [0, 0.6, 0]
					}
				},
				"body": {
					"rotation": {
						"0.0": [0, 0, 0],
						"0.32": [-17.5, 0, 0],
						"0.76": [5, 0, 0]
					},
					"position": [0, 0.6, 0]
				},
				"leftforearm": {
					"rotation": {
						"0.0": [-22.5, 0, 0],
						"0.36": [-45, 0, 0],
						"2.08": [-22.5, 0, 0]
					},
					"position": {
						"0.0": [0, 0, 0.3],
						"0.36": [0, 1.6, -3.8],
						"0.76": [0, -1.8, -3.8],
						"2.08": [0, 0, 0.3]
					}
				},
				"leftforeleg": {
					"rotation": {
						"0.0": [-12.5, 0, 0],
						"2.08": [-12.5, 0, 0]
					},
					"position": {
						"0.0": [0, -0.5, -1.2],
						"2.08": [0, -0.5, -1.2]
					}
				},
				"leftfoot": {
					"position": {
						"0.0": [0, 0, -2.1],
						"2.08": [0, 0, -2.1]
					}
				},
				"leftleg": {
					"rotation": {
						"0.0": [-5, 0, 0],
						"2.08": [-5, 0, 0]
					}
				},
				"tail": {
					"rotation": {
						"0.0": [5, 0, -2.5],
						"0.76": [-10, 0, -2.5],
						"2.08": [5, 0, -2.5]
					},
					"position": {
						"0.0": [0, 0.2, -0.3],
						"0.32": [0, -0.01, -1.28],
						"0.76": [0, -0.3, -0.5],
						"2.08": [0, 0.2, -0.3]
					}
				},
				"rightleg": {
					"position": {
						"0.0": [0, 0, -0.4],
						"2.08": [0, 0, -0.4]
					}
				},
				"rightforeleg": {
					"position": {
						"0.0": [0, 0, -0.6],
						"2.08": [0, 0, -0.6]
					}
				},
				"rightfoot": {
					"position": {
						"0.0": [0, 0, -0.7],
						"2.08": [0, 0, -0.7]
					}
				},
				"rightforearm": {
					"rotation": {
						"0.0": [-37.5, 0, 0],
						"2.08": [-37.5, 0, 0]
					},
					"position": {
						"0.0": [0, 0, 0.2],
						"0.32": [0, 1.2, -4.1],
						"0.76": [0, -1.3, -4.1],
						"2.08": [0, 0, 0.2]
					}
				},
				"righthand": {
					"position": {
						"0.0": [0, 0.4, -2.1],
						"0.32": [0, 2.2, -6.1],
						"0.76": [0, -0.2, -6.1],
						"2.08": [0, 0.4, -2.1]
					}
				},
				"leftarm": {
					"rotation": {
						"0.0": [-45, 0, 0],
						"2.08": [-45, 0, 0]
					},
					"position": {
						"0.0": [0, -0.2, -0.2],
						"0.32": [0, 2.4, -1.3],
						"0.76": [0, -0.6, -1.3],
						"2.08": [0, -0.2, -0.2]
					}
				},
				"rightarm": {
					"rotation": {
						"0.0": [-27.5, 0, 0],
						"2.08": [-27.5, 0, 0]
					},
					"position": {
						"0.0": [0, -0.5, 0.2],
						"0.36": [0, 1.6, -0.2],
						"0.76": [0, -1.3, -0.2],
						"2.08": [0, -0.5, 0.2]
					}
				}
			}
		},
		"animation.arcticwolf.fall": {
			"loop": true,
			"animation_length": 0.52,
			"bones": {
				"body": {
					"position": [0, 0.5, 0]
				}
			}
		},
		"animation.arcticwolf.death": {
			"animation_length": 1.68,
			"bones": {
				"lefthand": {
					"position": {
						"0.0": [0, 0.3, -3.8],
						"0.52": [0, 0.3, -6.7]
					}
				},
				"jaw": {
					"rotation": {
						"0.0": [-5, 0, 0],
						"0.48": [-27.5, 0, 0]
					},
					"position": {
						"0.0": [0, 1.6, 0],
						"0.48": [0, 2.7, -1.2],
						"1.04": [0, 1.3, -1.9],
						"1.4": [0, -2.8, -0.8]
					}
				},
				"head": {
					"rotation": {
						"0.0": [10, 0, 0],
						"0.48": [-15, 0, 0],
						"1.04": [-37.5, 0, 0],
						"1.4": [2.5, 0, 0]
					},
					"position": {
						"0.48": [0, 2.3, 0],
						"1.04": [0, 0.3, -0.4],
						"1.4": [0, -2.1, -0.4]
					}
				},
				"body": {
					"rotation": {
						"0.0": [0, 0, 0],
						"0.16": [-7.5, 0, 0],
						"0.52": [-15, 0, 0],
						"1.4": [-5, 0, 0]
					},
					"position": {
						"0.0": [0, 0.9, 0],
						"0.16": [0, -1, 0],
						"0.52": [0, -1.4, 0],
						"1.04": [0, -3.1, 0],
						"1.4": [0, -5.1, 0]
					}
				},
				"leftforearm": {
					"rotation": {
						"0.0": [-32.5, 0, 0],
						"0.52": [-52.5, 0, 0]
					},
					"position": {
						"0.0": [0, -1.2, -1.1],
						"0.52": [0, -1.2, -3.6]
					}
				},
				"leftforeleg": {
					"rotation": {
						"0.0": [-30, 0, 0],
						"1.04": [42.5, 0, 0]
					},
					"position": [0, 0, -1.7]
				},
				"leftfoot": {
					"rotation": {
						"0.0": [7.5, 0, 0],
						"1.04": [120, 0, 0]
					},
					"position": {
						"0.0": [0, 0.9, -3.5],
						"1.04": [0, 1.2, 0.6]
					}
				},
				"leftleg": {
					"rotation": [-17.5, 0, 0],
					"position": {
						"0.0": [0, 1.7, -0.7],
						"1.04": [0, -2.2, 0]
					}
				},
				"tail": {
					"rotation": {
						"0.0": [-5, 0, 0],
						"0.4": [17.5, 0, 0],
						"0.52": [25, 0, 0],
						"1.04": [-30, 0, 0]
					},
					"position": {
						"0.52": [0, -1.5, 0],
						"1.04": [0, -5.5, 0]
					}
				},
				"rightleg": {
					"rotation": {
						"0.0": [-50, 0, 0],
						"1.04": [5, 0, 0]
					},
					"position": {
						"0.0": [0, 1.2, 0],
						"1.04": [0, -1.7, 0]
					}
				},
				"rightforeleg": {
					"rotation": {
						"0.0": [-25, 0, 0],
						"1.04": [57.5, 0, 0]
					},
					"position": {
						"0.0": [0, 0.3, -2.7],
						"1.04": [0, -2, 0]
					}
				},
				"rightfoot": {
					"rotation": {
						"0.0": [5, 0, 0],
						"1.04": [135, 0, 0]
					},
					"position": {
						"0.0": [0, 0.3, -4.4],
						"1.04": [0, 2, 2.6]
					}
				},
				"rightforearm": {
					"rotation": {
						"0.0": [-30, 0, 0],
						"0.52": [-57.5, 0, 0]
					},
					"position": {
						"0.0": [0, -1.4, -1.2],
						"0.52": [0, -2.5, -3.6]
					}
				},
				"righthand": {
					"position": {
						"0.0": [0, -0.2, -3.3],
						"0.52": [0, -0.2, -6.7]
					}
				},
				"leftarm": {
					"rotation": [-20, 0, 0],
					"position": {
						"0.0": [0, -0.6, -0.4],
						"0.52": [0, -1.9, -1.1],
						"1.4": [0, -4, -1.1]
					}
				},
				"rightarm": {
					"rotation": [-25, 0, 0],
					"position": {
						"0.0": [0, 0.3, 0],
						"0.52": [0, -1.6, 0],
						"1.4": [0, -3.3, 0]
					}
				}
			}
		}
	}
}