{
	"format_version": "1.8.0",
	"animations": {
		"idle": {
			"loop": true,
			"animation_length": 4.68,
			"bones": {
				"body": {
					"rotation": {
						"0.0": [0, 0, 0],
						"0.52": [-7.5, 0, 0],
						"1.04": [7.5, 0, 0],
						"1.56": [-7.5, 0, 0],
						"2.08": [7.5, 0, 0],
						"2.6": [-7.5, 0, 0],
						"3.12": [7.5, 0, 0],
						"3.64": [-7.5, 0, 0],
						"4.16": [7.5, 0, 0],
						"4.68": [-7.5, 0, 0]
					},
					"position": {
						"0.0": [0, 0, 0],
						"0.52": [0, 1.5, 0],
						"1.04": [0, 0, 0],
						"1.56": [0, 1.5, 0],
						"2.08": [0, 0, 0],
						"2.6": [0, 1.5, 0],
						"3.12": [0, 0, 0],
						"3.64": [0, 1.5, 0],
						"4.16": [0, 0, 0],
						"4.68": [0, 1.5, 0]
					}
				},
				"head": {
					"rotation": {
						"0.0": [0, 0, 0],
						"0.52": [-7.5, 0, 0],
						"1.04": [7.5, 0, 0],
						"1.56": [-7.5, 0, 0],
						"2.08": [7.5, 0, 0],
						"2.6": [-7.5, 0, 0],
						"3.12": [7.5, 0, 0],
						"3.64": [-7.5, 0, 0],
						"4.16": [7.5, 0, 0],
						"4.68": [-7.5, 0, 0]
					}
				},
				"mouth": {
					"rotation": [-22.5, 0, 0]
				},
				"tail": {
					"rotation": {
						"0.0": [0, 0, 0],
						"0.52": [15, 0, 0],
						"1.04": [0, 0, 0],
						"1.56": [15, 0, 0],
						"2.08": [0, 0, 0],
						"2.6": [15, 0, 0],
						"3.12": [0, 0, 0],
						"3.64": [15, 0, 0],
						"4.16": [0, 0, 0],
						"4.68": [15, 0, 0]
					}
				},
				"bottomtail": {
					"rotation": {
						"0.0": [0, 0, 0],
						"0.52": [27.5, 0, 0],
						"1.04": [0, 0, 0],
						"1.56": [30, 0, 0],
						"2.08": [0, 0, 0],
						"2.6": [30, 0, 0],
						"3.12": [0, 0, 0],
						"3.64": [32.5, 0, 0],
						"4.16": [0, 0, 0],
						"4.68": [25, 0, 0]
					}
				},
				"hitbox": {
					"position": [0, 0, 0]
				}
			}
		},
		"walk": {
			"loop": true,
			"animation_length": 4.68,
			"bones": {
				"body": {
					"rotation": {
						"0.0": [0, 0, 0],
						"0.52": [-7.5, 0, 0],
						"1.04": [7.5, 0, 0],
						"1.56": [-7.5, 0, 0],
						"2.08": [7.5, 0, 0],
						"2.6": [-7.5, 0, 0],
						"3.12": [7.5, 0, 0],
						"3.64": [-7.5, 0, 0],
						"4.16": [7.5, 0, 0],
						"4.68": [-7.5, 0, 0]
					},
					"position": {
						"0.0": [0, 0, 0],
						"0.52": [0, 1.5, 0],
						"1.04": [0, 0, 0],
						"1.56": [0, 1.5, 0],
						"2.08": [0, 0, 0],
						"2.6": [0, 1.5, 0],
						"3.12": [0, 0, 0],
						"3.64": [0, 1.5, 0],
						"4.16": [0, 0, 0],
						"4.68": [0, 1.5, 0]
					}
				},
				"head": {
					"rotation": {
						"0.0": [0, 0, 0],
						"0.52": [-7.5, 0, 0],
						"1.04": [7.5, 0, 0],
						"1.56": [-7.5, 0, 0],
						"2.08": [7.5, 0, 0],
						"2.6": [-7.5, 0, 0],
						"3.12": [7.5, 0, 0],
						"3.64": [-7.5, 0, 0],
						"4.16": [7.5, 0, 0],
						"4.68": [-7.5, 0, 0]
					}
				},
				"tail": {
					"rotation": {
						"0.0": [0, 0, 0],
						"0.52": [15, 0, 0],
						"1.04": [0, 0, 0],
						"1.56": [15, 0, 0],
						"2.08": [0, 0, 0],
						"2.6": [15, 0, 0],
						"3.12": [0, 0, 0],
						"3.64": [15, 0, 0],
						"4.16": [0, 0, 0],
						"4.68": [15, 0, 0]
					}
				},
				"bottomtail": {
					"rotation": {
						"0.0": [0, 0, 0],
						"0.52": [17.5, 0, 0],
						"1.04": [0, 0, 0],
						"1.56": [17.5, 0, 0],
						"2.08": [0, 0, 0],
						"2.6": [17.5, 0, 0],
						"3.12": [0, 0, 0],
						"3.64": [17.5, 0, 0],
						"4.16": [0, 0, 0],
						"4.68": [17.5, 0, 0]
					}
				},
				"BRLeg": {
					"rotation": {
						"0.0": [30, 0, 0],
						"0.52": [-20, 0, 0],
						"1.04": [0, 0, 0],
						"1.56": [30, 0, 0],
						"2.08": [-20, 0, 0],
						"2.6": [0, 0, 0],
						"3.12": [30, 0, 0],
						"3.64": [-20, 0, 0],
						"4.16": [0, 0, 0],
						"4.68": [30, 0, 0]
					},
					"position": {
						"0.0": [0, 1.25, 0],
						"0.52": [0, 0.875, 0],
						"1.04": [0, 0, 0],
						"1.56": [0, 1.25, 0],
						"2.08": [0, 0.875, 0],
						"2.6": [0, 0, 0],
						"3.12": [0, 1.25, 0],
						"3.64": [0, 0.875, 0],
						"4.16": [0, 0, 0],
						"4.68": [0, 1.25, 0]
					}
				},
				"mouth": {
					"rotation": {
						"0.0": [-20, 0, 0],
						"0.52": [-15, 0, 0],
						"1.04": [-22.5, 0, 0],
						"3.12": [-15, 0, 0],
						"3.64": [-20, 0, 0],
						"4.68": [-17.5, 0, 0]
					}
				},
				"FRLeg": {
					"rotation": {
						"0.0": [0, 0, 0],
						"0.52": [30, 0, 0],
						"1.04": [-22.5, 0, 0],
						"1.56": [0, 0, 0],
						"2.08": [30, 0, 0],
						"2.6": [-22.5, 0, 0],
						"3.12": [0, 0, 0],
						"3.64": [30, 0, 0],
						"4.16": [-22.5, 0, 0],
						"4.68": [0, 0, 0]
					},
					"position": {
						"0.0": [0, 0, 0],
						"0.52": [0, 1.375, 0],
						"1.04": [0, 0.25, 0],
						"1.56": [0, 0, 0],
						"2.08": [0, 1.375, 0],
						"2.6": [0, 0.25, 0],
						"3.12": [0, 0, 0],
						"3.64": [0, 1.375, 0],
						"4.16": [0, 0.25, 0],
						"4.68": [0, 0, 0]
					}
				},
				"FLLeg": {
					"rotation": {
						"0.0": [30, 0, 0],
						"0.52": [-22.5, 0, 0],
						"1.04": [0, 0, 0],
						"1.56": [30, 0, 0],
						"2.08": [-22.5, 0, 0],
						"2.6": [0, 0, 0],
						"3.12": [30, 0, 0],
						"3.64": [-22.5, 0, 0],
						"4.16": [0, 0, 0],
						"4.68": [30, 0, 0]
					},
					"position": {
						"0.0": [0, 1.375, 0],
						"0.52": [0, 0.25, 0],
						"1.04": [0, 0, 0],
						"1.56": [0, 1.375, 0],
						"2.08": [0, 0.25, 0],
						"2.6": [0, 0, 0],
						"3.12": [0, 1.375, 0],
						"3.64": [0, 0.25, 0],
						"4.16": [0, 0, 0],
						"4.68": [0, 1.375, 0]
					}
				},
				"BLLeg": {
					"rotation": {
						"0.0": [-20, 0, 0],
						"0.52": [0, 0, 0],
						"1.04": [30, 0, 0],
						"1.56": [-20, 0, 0],
						"2.08": [0, 0, 0],
						"2.6": [30, 0, 0],
						"3.12": [-20, 0, 0],
						"3.64": [0, 0, 0],
						"4.16": [30, 0, 0],
						"4.68": [-20, 0, 0]
					},
					"position": {
						"0.0": [0, 0.875, 0],
						"0.52": [0, 0, 0],
						"1.04": [0, 1.25, 0],
						"1.56": [0, 0.875, 0],
						"2.08": [0, 0, 0],
						"2.6": [0, 1.25, 0],
						"3.12": [0, 0.875, 0],
						"3.64": [0, 0, 0],
						"4.16": [0, 1.25, 0],
						"4.68": [0, 0.875, 0]
					}
				},
				"hitbox": {
					"position": [0.125, 0, 0]
				}
			}
		},
		"attack": {
			"loop": true,
			"animation_length": 5.2,
			"bones": {
				"body": {
					"rotation": {
						"0.0": [0, 0, 0],
						"0.52": [-40, 0, 0],
						"1.08": [-55.62, 0, 0],
						"3.12": [-0.85, 0, 0],
						"3.64": [-30.57, 0, 0],
						"4.68": [0, 0, 0]
					},
					"position": {
						"0.0": [0, 0, 0],
						"0.52": [0, 1.5, 0],
						"4.68": [0, 0, 0]
					}
				},
				"head": {
					"rotation": {
						"0.0": [0, 0, 0],
						"0.52": [-52.5, 0, 0],
						"1.04": [-75, 0, 0],
						"1.56": [-6.25, 0, 0],
						"2.08": [14.79, 0, 0],
						"2.6": [-33.17, 0, 0],
						"3.12": [5.12, 0, 0],
						"3.64": [13.41, 0, 0],
						"4.16": [1.71, 0, 0],
						"4.68": [25, 0, 0],
						"5.2": [0, 0, 0]
					},
					"position": {
						"0.0": [0, 0, 0],
						"0.52": [0, 6.375, 0.75],
						"3.64": [0, 7.845, 0],
						"4.68": [0, 0, 0]
					}
				},
				"tail": {
					"rotation": {
						"0.0": [0, 0, 0],
						"0.52": [15, 0, 0],
						"1.04": [0, 0, 0],
						"1.56": [15, 0, 0],
						"2.08": [0, 0, 0],
						"2.6": [35, 0, 0],
						"3.12": [0, 0, 0],
						"3.64": [27.5, 0, 0],
						"4.16": [0, 0, 0],
						"4.68": [30, 0, 0],
						"5.2": [0, 0, 0]
					}
				},
				"bottomtail": {
					"rotation": {
						"0.0": [0, 0, 0],
						"0.52": [15, 0, 0],
						"1.04": [12.5, 0, 0],
						"1.56": [-22.5, 0, 0],
						"2.08": [40, 0, 0],
						"2.6": [-55, 0, 0],
						"3.12": [30, 0, 0],
						"3.64": [-42.5, 0, 0],
						"4.16": [27.5, 0, 0],
						"4.68": [-40, 0, 0],
						"5.2": [0, 0, 0]
					}
				},
				"BRLeg": {
					"rotation": {
						"0.0": [30, 0, 0],
						"0.52": [-20, 0, 0],
						"1.04": [0, 0, 0],
						"1.56": [30, 0, 0],
						"2.08": [-20, 0, 0],
						"2.6": [0, 0, 0],
						"3.12": [30, 0, 0],
						"3.64": [-20, 0, 0],
						"4.16": [0, 0, 0],
						"4.68": [30, 0, 0]
					},
					"position": {
						"0.0": [0, 1.25, 0],
						"0.52": [0, 0.875, 0],
						"1.04": [0, 0, 0],
						"1.56": [0, 1.25, 0],
						"2.08": [0, 0.875, 0],
						"2.6": [0, 0, 0],
						"3.12": [0, 1.25, 0],
						"3.64": [0, 0.875, 0],
						"4.16": [0, 0, 0],
						"4.68": [0, 1.25, 0]
					}
				},
				"mouth": {
					"rotation": {
						"0.0": [-20, 0, 0],
						"0.52": [5, 0, 0],
						"1.04": [30, 0, 0],
						"1.56": [-13.75, 0, 0],
						"2.6": [15.42, 0, 0],
						"3.12": [-15, 0, 0],
						"3.64": [-20, 0, 0],
						"4.68": [-17.5, 0, 0]
					}
				},
				"FRLeg": {
					"rotation": {
						"0.0": [0, 0, 0],
						"0.52": [10, 0, 0],
						"1.04": [-112.5, 0, 0],
						"1.56": [-15, 0, 0],
						"3.12": [0, 0, 0],
						"3.64": [12.5, 0, 0],
						"4.68": [0, 0, 0]
					},
					"position": {
						"0.0": [0, 0, 0],
						"0.52": [0, 5.375, -6.875],
						"1.56": [0, 4.505, -6.87],
						"3.12": [0, 0, 0],
						"3.64": [0, 1.625, -5.125],
						"4.68": [0, 0, 0]
					}
				},
				"FLLeg": {
					"rotation": {
						"0.0": [0, 0, 0],
						"0.52": [10, 0, 0],
						"1.04": [-112.5, 0, 0],
						"1.56": [-15, 0, 0],
						"3.12": [0, 0, 0],
						"3.64": [12.5, 0, 0],
						"4.68": [0, 0, 0]
					},
					"position": {
						"0.0": [0, 0, 0],
						"0.52": [0, 5.375, -6.875],
						"1.56": [0, 4.505, -6.87],
						"3.12": [0, 0, 0],
						"3.64": [0, 1.625, -5.125],
						"4.68": [0, 0, 0]
					}
				},
				"BLLeg": {
					"rotation": {
						"0.0": [-20, 0, 0],
						"0.52": [0, 0, 0],
						"1.04": [30, 0, 0],
						"1.56": [-20, 0, 0],
						"2.08": [0, 0, 0],
						"2.6": [30, 0, 0],
						"3.12": [-20, 0, 0],
						"3.64": [0, 0, 0],
						"4.16": [30, 0, 0],
						"4.68": [-20, 0, 0]
					},
					"position": {
						"0.0": [0, 0.875, 0],
						"0.52": [0, 0, 0],
						"1.04": [0, 1.25, 0],
						"1.56": [0, 0.875, 0],
						"2.08": [0, 0, 0],
						"2.6": [0, 1.25, 0],
						"3.12": [0, 0.875, 0],
						"3.64": [0, 0, 0],
						"4.16": [0, 1.25, 0],
						"4.68": [0, 0.875, 0]
					}
				},
				"hitbox": {
					"position": [0.125, 0, 0]
				},
				"Full": {
					"rotation": [0, 0, 0],
					"position": {
						"0.0": [0, 0, 0],
						"4.16": [0, 0, 0],
						"4.72": [0, 0, -9.25],
						"5.2": [0, 0, -1.875]
					}
				}
			},
			"sound_effects": {}
		},
		"death": {
			"loop": "hold_on_last_frame",
			"animation_length": 1.56,
			"bones": {
				"head": {
					"rotation": {
						"0.0": [0, 0, 0],
						"1.56": [17.5, 0, 0]
					},
					"position": {
						"0.0": [0, 0, 0],
						"1.56": [0, -1.75, 12.75]
					}
				},
				"mouth": {
					"rotation": {
						"0.0": [0, 0, 0],
						"0.52": [-20, 0, 0]
					}
				},
				"body": {
					"position": {
						"0.0": [0, 0, 0],
						"0.52": [0, -2.875, 0]
					}
				},
				"tail": {
					"position": {
						"0.0": [0, 0, 0],
						"1.56": [0, 0, -15.125]
					}
				},
				"bottomtail": {
					"position": {
						"0.0": [0, 0, 0],
						"1.56": [0, 0, -9.125]
					}
				}
			}
		}
	}
}