{
	"format_version": "1.8.0",
	"animations": {
		"death": {
			"loop": "hold_on_last_frame",
			"animation_length": 1.56,
			"override_previous_animation": true,
			"bones": {
				"BRLeg": {
					"rotation": {
						"0.0": [0, 0, 0],
						"1.56": [0, 0, 77.5]
					}
				},
				"BLLeg": {
					"rotation": {
						"0.0": [0, 0, 0],
						"1.56": [0, 0, -77.5]
					}
				},
				"FLLeg": {
					"rotation": {
						"0.0": [0, 0, 0],
						"1.56": [0, 0, -77.5]
					}
				},
				"head": {
					"rotation": {
						"0.0": [0, 0, 0],
						"1.56": [65, 0, 0]
					}
				},
				"FRLeg": {
					"rotation": {
						"0.0": [0, 0, 0],
						"1.56": [0, 0, 77.5]
					}
				},
				"Full": {
					"position": {
						"0.0": [0, 0, 0],
						"1.56": [0, -2.1, 0]
					}
				},
				"mouth": {
					"rotation": {
						"0.0": [0, 0, 0],
						"1.04": [-25, -2.5, 0]
					}
				},
				"tail": {
					"rotation": {
						"0.0": [0, 0, 0],
						"1.56": [10, 0, 0]
					}
				},
				"bottomtail": {
					"rotation": {
						"0.0": [0, 0, 0],
						"1.56": [-10, 0, 0]
					}
				}
			}
		},
		"fall": {
			"loop": "hold_on_last_frame",
			"animation_length": 0.52,
			"override_previous_animation": true,
			"bones": {
				"BRLeg": {
					"rotation": {
						"0.0": [0, 0, 0],
						"0.52": [0, 0, 77.5]
					}
				},
				"BLLeg": {
					"rotation": {
						"0.0": [0, 0, 0],
						"0.52": [0, 0, -77.5]
					}
				},
				"FLLeg": {
					"rotation": {
						"0.0": [0, 0, 0],
						"0.52": [0, 0, -77.5]
					}
				},
				"head": {
					"rotation": {
						"0.0": [0, 0, 0],
						"0.52": [-45, 0, 0]
					}
				},
				"FRLeg": {
					"rotation": {
						"0.0": [0, 0, 0],
						"0.52": [0, 0, 77.5]
					}
				},
				"mouth": {
					"rotation": {
						"0.0": [0, 0, 0],
						"0.52": [22.5, 0, 0]
					}
				}
			}
		},
		"Walk": {
			"animation_length": 3.64,
			"bones": {
				"hitbox": {
					"rotation": [2.5, 0, 0]
				},
				"Full": {
					"position": {
						"0.0": [0, 0, 0],
						"0.52": [0, 1, 0],
						"1.04": [0, 0, 0],
						"1.56": [0, 1, 0],
						"2.08": [0, 0, 0],
						"2.6": [0, 1, 0],
						"3.12": [0, 0, 0],
						"3.64": [0, 1, 0]
					}
				},
				"FLLeg": {
					"rotation": {
						"0.0": [-12.5, 0, 0],
						"0.52": [12.5, 0, 0],
						"1.04": [-12.5, 0, 0],
						"1.56": [12.5, 0, 0],
						"2.04": [-12.5, 0, 0],
						"2.56": [12.5, 0, 0],
						"3.12": [-12.5, 0, 0],
						"3.64": [12.5, 0, 0]
					}
				},
				"head": {
					"rotation": {
						"0.0": [-7.5, 0, 0],
						"0.52": [5, 0, 0],
						"1.04": [-7.5, 0, 0],
						"1.56": [5, 0, 0],
						"2.08": [-7.5, 0, 0],
						"2.6": [5, 0, 0],
						"3.12": [-7.5, 0, 0],
						"3.64": [5, 0, 0]
					},
					"position": [0, 0, 0]
				},
				"mouth": {
					"rotation": {
						"0.0": [-20, 0, 0],
						"0.52": [-7.5, 0, 0],
						"1.04": [-20, 0, 0],
						"1.56": [-7.5, 0, 0],
						"2.08": [-20, 0, 0],
						"2.6": [-7.5, 0, 0],
						"3.12": [-20, 0, 0],
						"3.64": [-7.5, 0, 0]
					}
				},
				"FRLeg": {
					"rotation": {
						"0.0": [12.5, 0, 0],
						"0.52": [-12.5, 0, 0],
						"1.04": [12.5, 0, 0],
						"1.56": [-12.5, 0, 0],
						"2.08": [12.5, 0, 0],
						"2.6": [-12.5, 0, 0],
						"3.12": [12.5, 0, 0],
						"3.64": [-12.5, 0, 0]
					}
				},
				"BLLeg": {
					"rotation": {
						"0.0": [12.5, 0, 0],
						"0.52": [-12.5, 0, 0],
						"1.04": [12.5, 0, 0],
						"1.56": [-12.5, 0, 0],
						"2.08": [12.5, 0, 0],
						"2.6": [-12.5, 0, 0],
						"3.12": [12.5, 0, 0],
						"3.64": [-12.5, 0, 0]
					}
				},
				"BRLeg": {
					"rotation": {
						"0.0": [-12.5, 0, 0],
						"0.52": [12.5, 0, 0],
						"1.04": [-12.5, 0, 0],
						"1.56": [12.5, 0, 0],
						"2.08": [-12.5, 0, 0],
						"2.6": [12.5, 0, 0],
						"3.12": [-12.5, 0, 0],
						"3.64": [12.5, 0, 0]
					}
				}
			}
		},
		"attack": {
			"loop": true,
			"animation_length": 3.64,
			"override_previous_animation": true,
			"bones": {
				"hitbox": {
					"rotation": [2.5, 0, 0]
				},
				"Full": {
					"rotation": {
						"0.0": [0, 0, 0],
						"1.04": [-37.5, 0, 0],
						"1.56": [0, 0, 0]
					},
					"position": {
						"0.0": [0, 0, 0],
						"1.04": [0, 0, 0],
						"1.56": [0, 1, 0],
						"2.08": [0, 0, 0],
						"2.6": [0, 1, 0],
						"3.12": [0, 0, 0],
						"3.64": [0, 1, 0]
					}
				},
				"FLLeg": {
					"rotation": {
						"0.0": [-12.5, 0, 0],
						"0.52": [12.5, 0, 0],
						"1.04": [-32.5, 0, 0],
						"1.56": [12.5, 0, 0],
						"2.04": [-12.5, 0, 0],
						"2.6": [40, 0, 0],
						"3.12": [-12.5, 0, 0],
						"3.64": [12.5, 0, 0]
					}
				},
				"head": {
					"rotation": {
						"0.0": [-7.5, 0, 0],
						"0.52": [5, 0, 0],
						"1.04": [-7.5, 0, 0],
						"1.56": [42.5, 0, 0]
					},
					"position": [0, 0, 0]
				},
				"mouth": {
					"rotation": {
						"0.0": [-20, 0, 0],
						"0.52": [-7.5, 0, 0],
						"1.04": [17.5, 0, 0],
						"1.56": [-7.5, 0, 0],
						"2.08": [-20, 0, 0],
						"2.6": [-7.5, 0, 0],
						"3.12": [-20, 0, 0],
						"3.64": [-7.5, 0, 0]
					}
				},
				"FRLeg": {
					"rotation": {
						"0.0": [12.5, 0, 0],
						"0.52": [-12.5, 0, 0],
						"1.04": [-37.5, 0, 0],
						"1.56": [-12.5, 0, 0],
						"2.08": [40, 0, 0],
						"2.6": [-12.5, 0, 0],
						"3.12": [40, 0, 0],
						"3.64": [-12.5, 0, 0]
					}
				},
				"BLLeg": {
					"rotation": {
						"0.0": [0, 0, 0],
						"1.04": [35, 0, 0],
						"1.56": [-12.5, 0, 0],
						"2.08": [12.5, 0, 0],
						"2.6": [-12.5, 0, 0],
						"3.12": [12.5, 0, 0],
						"3.64": [-12.5, 0, 0]
					}
				},
				"BRLeg": {
					"rotation": {
						"0.0": [0, 0, 0],
						"1.04": [35, 0, 0],
						"1.56": [12.5, 0, 0],
						"2.08": [-12.5, 0, 0],
						"2.6": [12.5, 0, 0],
						"3.12": [-12.5, 0, 0],
						"3.64": [12.5, 0, 0]
					}
				},
				"tail": {
					"rotation": {
						"0.0": [0, 0, 0],
						"1.04": [50, 0, 0],
						"1.56": [0, 0, 0]
					}
				},
				"bottomtail": {
					"rotation": {
						"0.0": [0, 0, 0],
						"1.04": [15, 0, 0]
					}
				}
			}
		},
		"walk": {
			"loop": true,
			"animation_length": 3.64,
			"bones": {
				"hitbox": {
					"rotation": [2.5, 0, 0]
				},
				"Full": {
					"position": {
						"0.0": [0, 0, 0],
						"0.52": [0, 1, 0],
						"1.04": [0, 0, 0],
						"1.56": [0, 1, 0],
						"2.08": [0, 0, 0],
						"2.6": [0, 1, 0],
						"3.12": [0, 0, 0],
						"3.64": [0, 1, 0]
					}
				},
				"FLLeg": {
					"rotation": {
						"0.0": [-12.5, 0, 0],
						"0.52": [12.5, 0, 0],
						"1.04": [-12.5, 0, 0],
						"1.56": [12.5, 0, 0],
						"2.04": [-12.5, 0, 0],
						"2.56": [12.5, 0, 0],
						"3.12": [-12.5, 0, 0],
						"3.64": [12.5, 0, 0]
					}
				},
				"head": {
					"rotation": {
						"0.0": [-7.5, 0, 0],
						"0.52": [5, 0, 0],
						"1.04": [-7.5, 0, 0],
						"1.56": [5, 0, 0],
						"2.08": [-7.5, 0, 0],
						"2.6": [5, 0, 0],
						"3.12": [-7.5, 0, 0],
						"3.64": [5, 0, 0]
					},
					"position": [0, 0, 0]
				},
				"mouth": {
					"rotation": {
						"0.0": [-20, 0, 0],
						"0.52": [-7.5, 0, 0],
						"1.04": [-20, 0, 0],
						"1.56": [-7.5, 0, 0],
						"2.08": [-20, 0, 0],
						"2.6": [-7.5, 0, 0],
						"3.12": [-20, 0, 0],
						"3.64": [-7.5, 0, 0]
					}
				},
				"FRLeg": {
					"rotation": {
						"0.0": [12.5, 0, 0],
						"0.52": [-12.5, 0, 0],
						"1.04": [12.5, 0, 0],
						"1.56": [-12.5, 0, 0],
						"2.08": [12.5, 0, 0],
						"2.6": [-12.5, 0, 0],
						"3.12": [12.5, 0, 0],
						"3.64": [-12.5, 0, 0]
					}
				},
				"BLLeg": {
					"rotation": {
						"0.0": [12.5, 0, 0],
						"0.52": [-12.5, 0, 0],
						"1.04": [12.5, 0, 0],
						"1.56": [-12.5, 0, 0],
						"2.08": [12.5, 0, 0],
						"2.6": [-12.5, 0, 0],
						"3.12": [12.5, 0, 0],
						"3.64": [-12.5, 0, 0]
					}
				},
				"BRLeg": {
					"rotation": {
						"0.0": [-12.5, 0, 0],
						"0.52": [12.5, 0, 0],
						"1.04": [-12.5, 0, 0],
						"1.56": [12.5, 0, 0],
						"2.08": [-12.5, 0, 0],
						"2.6": [12.5, 0, 0],
						"3.12": [-12.5, 0, 0],
						"3.64": [12.5, 0, 0]
					}
				}
			}
		},
		"idle": {
			"loop": true,
			"animation_length": 3.64,
			"bones": {
				"Full": {
					"rotation": {
						"0.0": [0, 0, 0],
						"0.52": [-5, 0, 0],
						"1.04": [0, 0, 0],
						"1.56": [-5, 0, 0],
						"2.08": [0, 0, 0],
						"2.6": [-5, 0, 0],
						"3.12": [0, 0, 0],
						"3.64": [-5, 0, 0]
					}
				},
				"FLLeg": {
					"rotation": {
						"0.0": [0, 0, 0],
						"0.52": [22.5, 0, 0],
						"1.04": [0, 0, 0],
						"1.56": [22.5, 0, 0],
						"2.08": [0, 0, 0],
						"2.6": [22.5, 0, 0],
						"3.12": [0, 0, 0],
						"3.64": [22.5, 0, 0]
					}
				},
				"mouth": {
					"rotation": {
						"0.0": [0, 0, 0],
						"0.52": [-12.5, 0, 0],
						"1.04": [0, 0, 0],
						"1.56": [-12.5, 0, 0],
						"2.08": [0, 0, 0],
						"2.6": [-12.5, 0, 0],
						"3.12": [0, 0, 0],
						"3.64": [-12.5, 0, 0]
					}
				},
				"FRLeg": {
					"rotation": {
						"0.0": [0, 0, 0],
						"0.52": [22.5, 0, 0],
						"1.04": [0, 0, 0],
						"1.56": [22.5, 0, 0],
						"2.08": [0, 0, 0],
						"2.6": [22.5, 0, 0],
						"3.12": [0, 0, 0],
						"3.64": [22.5, 0, 0]
					}
				},
				"tail": {
					"rotation": {
						"0.0": [0, 0, 0],
						"0.52": [10, 0, 0],
						"1.04": [0, 0, 0],
						"1.56": [10, 0, 0],
						"2.08": [0, 0, 0],
						"2.6": [10, 0, 0],
						"3.12": [0, 0, 0],
						"3.64": [10, 0, 0]
					}
				},
				"bottomtail": {
					"rotation": {
						"0.0": [0, 0, 0],
						"0.52": [22.5, 0, 0],
						"1.04": [0, 0, 0],
						"1.56": [22.5, 0, 0],
						"2.08": [0, 0, 0],
						"2.6": [22.5, 0, 0],
						"3.12": [0, 0, 0],
						"3.64": [22.5, 0, 0]
					}
				},
				"BLLeg": {
					"rotation": {
						"0.0": [0, 0, 0],
						"0.52": [5, 0, 0],
						"1.04": [0, 0, 0],
						"1.56": [5, 0, 0],
						"2.08": [0, 0, 0],
						"2.6": [5, 0, 0],
						"3.12": [0, 0, 0],
						"3.64": [5, 0, 0]
					}
				},
				"BRLeg": {
					"rotation": {
						"0.0": [0, 0, 0],
						"0.52": [5, 0, 0],
						"1.04": [0, 0, 0],
						"1.56": [5, 0, 0],
						"2.08": [0, 0, 0],
						"2.6": [5, 0, 0],
						"3.12": [0, 0, 0],
						"3.64": [5, 0, 0]
					}
				}
			}
		}
	}
}