{
	"format_version": "1.8.0",
	"animations": {
		"idle": {
			"loop": true,
			"animation_length": 5.2,
			"bones": {
				"Leg_FrontRight": {
					"rotation": {
						"0.0": [0, 0, 0],
						"2.6": [17.5, 0, 0],
						"5.2": [0, 0, 0]
					}
				},
				"Leg_FrontLeft": {
					"rotation": {
						"0.0": [0, 0, 0],
						"3.12": [20, 0, 0],
						"5.2": [0, 0, 0]
					}
				},
				"BodyFull": {
					"rotation": {
						"0.0": [0, 0, 0],
						"3.12": [15, 0, 0],
						"5.2": [0, 0, 0]
					}
				},
				"Tail": {
					"rotation": {
						"0.0": [0, 0, 0],
						"0.52": [25, 0, 0],
						"1.04": [0, 0, 0],
						"1.56": [25, 0, 0],
						"2.08": [0, 0, 0],
						"2.6": [25, 0, 0],
						"3.12": [0, 0, 0],
						"3.64": [25, 0, 0],
						"4.16": [0, 0, 0],
						"4.68": [25, 0, 0],
						"5.2": [0, 0, 0]
					}
				},
				"HeadFull": {
					"rotation": {
						"0.0": [0, 0, 0],
						"0.52": [22.5, 0, 0],
						"1.04": [10, 5, 0],
						"1.56": [10, -12.5, 0],
						"2.08": [10, 37.5, 0],
						"2.6": [10, -12.5, 0],
						"3.12": [10, 37.5, 0],
						"3.64": [40, 37.5, -10],
						"4.16": [0, 0, 0],
						"4.68": [45, -37.5, 12.5],
						"5.2": [0, 0, 0]
					},
					"position": {
						"0.0": [0, 0, 0],
						"3.12": [0, -5.75, 0],
						"5.2": [0, 0, 0]
					}
				},
				"Ear_Left": {
					"rotation": {
						"1.56": [0, 0, 20],
						"2.08": [0, 0, 20],
						"2.6": [0, 0, -5],
						"3.12": [0, 0, 15],
						"3.64": [-25, 0, 15],
						"4.16": [-25, 0, 7.5],
						"4.68": [-55, 0, 7.5],
						"5.2": [0, 0, 20]
					}
				},
				"Ear_Right": {
					"rotation": {
						"0.0": [0, 0, 0],
						"0.52": [0, 0, -22.5],
						"1.04": [0, 0, 0],
						"1.56": [0, 0, -17.5],
						"2.08": [0, 0, 5],
						"3.64": [-25, 0, 5],
						"4.16": [12.5, 0, -17.5],
						"4.68": [-72.5, 0, -2.5],
						"5.2": [0, 0, 0]
					}
				}
			}
		},
		"walk": {
			"loop": true,
			"animation_length": 2.6,
			"bones": {
				"Leg_BackLeft": {
					"rotation": {
						"0.0": [0, 0, 0],
						"0.52": [-17.5, 0, 0],
						"1.04": [12.5, 0, 0],
						"1.56": [-20, 0, 0],
						"2.08": [12.5, 0, 0],
						"2.6": [-12.5, 0, 0]
					}
				},
				"Leg_BackRight": {
					"rotation": {
						"0.0": [0, 0, 0],
						"0.52": [17.5, 0, 0],
						"1.04": [-12.5, 0, 0],
						"1.56": [20, 0, 0],
						"2.08": [-12.5, 0, 0],
						"2.6": [12.5, 0, 0]
					}
				},
				"Leg_FrontRight": {
					"rotation": {
						"0.0": [0, 0, 0],
						"0.52": [-17.5, 0, 0],
						"1.04": [12.5, 0, 0],
						"1.56": [-20, 0, 0],
						"2.08": [12.5, 0, 0],
						"2.6": [-12.5, 0, 0]
					}
				},
				"Leg_FrontLeft": {
					"rotation": {
						"0.0": [0, 0, 0],
						"0.52": [17.5, 0, 0],
						"1.04": [-12.5, 0, 0],
						"1.56": [20, 0, 0],
						"2.08": [-12.5, 0, 0],
						"2.6": [12.5, 0, 0]
					}
				},
				"Tail": {
					"rotation": {
						"0.0": [0, 0, 0],
						"0.52": [47.5, 0, 0],
						"1.04": [27.5, 0, 0],
						"1.56": [87.5, 0, 0],
						"2.08": [37.5, 0, 0],
						"2.6": [140, 0, 0]
					},
					"position": [0, 0, 0]
				},
				"HeadFull": {
					"rotation": {
						"0.0": [0, 0, 0],
						"0.52": [7.5, 0, 0],
						"1.04": [0, 0, 0],
						"1.56": [12.5, 0, 0],
						"2.04": [2.5, 0, 0],
						"2.6": [15, 0, 0]
					}
				}
			}
		},
		"death": {
			"loop": "hold_on_last_frame",
			"animation_length": 3.64,
			"bones": {
				"Leg_BackLeft": {
					"rotation": {
						"0.0": [0, 0, 0],
						"0.52": [-17.5, 0, 0],
						"1.04": [12.5, 0, 0],
						"1.56": [-20, 0, 0],
						"2.08": [12.5, 0, 0],
						"2.6": [-12.5, 0, 0]
					}
				},
				"Leg_BackRight": {
					"rotation": {
						"0.0": [0, 0, 0],
						"0.52": [17.5, 0, 0],
						"1.04": [-12.5, 0, 0],
						"1.56": [20, 0, 0],
						"2.08": [-12.5, 0, 0],
						"2.6": [12.5, 0, 0]
					}
				},
				"Leg_FrontRight": {
					"rotation": {
						"0.0": [0, 0, 0],
						"0.52": [-17.5, 0, 0],
						"1.04": [12.5, 0, 0],
						"1.56": [-20, 0, 0],
						"2.08": [12.5, 0, 0],
						"2.6": [-12.5, 0, 0]
					}
				},
				"Leg_FrontLeft": {
					"rotation": {
						"0.0": [0, 0, 0],
						"0.52": [17.5, 0, 0],
						"1.04": [-12.5, 0, 0],
						"1.56": [20, 0, 0],
						"2.08": [-12.5, 0, 0],
						"2.6": [12.5, 0, 0]
					}
				},
				"Tail": {
					"rotation": {
						"0.0": [0, 0, 0],
						"0.52": [47.5, 0, 0],
						"1.04": [27.5, 0, 0],
						"1.56": [87.5, 0, 0],
						"2.08": [37.5, 0, 0],
						"2.6": [140, 0, 0]
					},
					"position": [0, 0, 0]
				},
				"HeadFull": {
					"rotation": {
						"0.0": [0, 0, 0],
						"0.52": [7.5, 0, 0],
						"1.04": [0, 0, 0],
						"1.56": [12.5, 0, 0],
						"2.04": [2.5, 0, 0],
						"2.6": [15, 0, 0]
					}
				},
				"Deer": {
					"rotation": {
						"0.0": [0, 0, -2.5],
						"3.12": [0, 0, -2.5],
						"3.64": [0, 0, 90]
					},
					"position": {
						"0.0": [0, 0, 0],
						"3.12": [0, 0, 0],
						"3.64": [0, -7.875, 0]
					}
				},
				"hitbox": {
					"rotation": {
						"0.0": [0, 0, 0],
						"3.12": [0, 0, 0],
						"3.64": [0, 0, 90]
					},
					"position": [0, -4.625, 0],
					"scale": 1
				}
			}
		}
	}
}