{
	"format_version": "1.8.0",
	"animations": {
		"idle": {
			"loop": true,
			"animation_length": 2.08,
			"bones": {
				"ARM_L": {
					"rotation": {
						"0.0": [0, 0, 0],
						"0.52": [0, 7.5, 0],
						"1.04": [0, 2.5, 0],
						"1.56": [0, 12.5, 0],
						"2.08": [0, 0, 0]
					}
				},
				"lower_AL": {
					"rotation": {
						"0.0": [0, 0, 0],
						"0.52": [-5, -7.5, 0],
						"1.04": [7.5, 2.5, 0],
						"1.56": [2.5, -5, 0],
						"2.08": [7.5, 5, 0]
					}
				},
				"ARM_R": {
					"rotation": {
						"0.0": [0, 0, 0],
						"0.52": [0, 7.5, 0],
						"1.04": [0, -2.5, 0],
						"1.56": [0, 7.5, 0],
						"2.08": [0, 0, 0]
					}
				},
				"Lower_AR": {
					"rotation": {
						"0.0": [0, 0, 0],
						"0.52": [5, 12.5, 0],
						"1.04": [-5, -5, 0],
						"1.56": [10, 7.5, 0],
						"2.08": [-2.5, -15, 0]
					}
				},
				"head": {
					"rotation": {
						"0.0": [0, 0, 0],
						"0.52": [0, 20, 0],
						"1.04": [0, -7.5, 0],
						"1.56": [0, 25, 0],
						"2.08": [0, -5, 0]
					},
					"position": [0, 0, 0]
				},
				"EAR_L": {
					"rotation": {
						"0.0": [0, 0, 0],
						"0.52": [0, 0, 0],
						"1.04": [-15, 12.5, 0],
						"1.56": [0, 0, 0],
						"2.08": [-15, 12.5, 0]
					}
				},
				"EAR_R": {
					"rotation": {
						"0.0": [0, 0, 0],
						"0.52": [-17.5, -10, 0],
						"1.04": [0, 0, 0],
						"1.56": [-17.5, -10, 0],
						"2.08": [0, 0, 0]
					}
				}
			}
		},
		"walk": {
			"loop": true,
			"animation_length": 4.68,
			"bones": {
				"goblin": {
					"rotation": [0, 0, 0]
				},
				"body": {
					"rotation": {
						"0.0": [2.5, -5, -2.5],
						"0.52": [2.5, 5, 2.5],
						"1.04": [2.5, -5, -2.5],
						"1.56": [2.5, 5, 2.5],
						"2.08": [2.5, -5, -2.5],
						"2.6": [2.5, 5, 2.5],
						"3.12": [2.5, -5, -2.5],
						"3.64": [2.5, 5, 2.5],
						"4.16": [2.5, -5, -2.5],
						"4.68": [2.5, 5, 2.5]
					}
				},
				"ARM_L": {
					"rotation": {
						"0.0": [0, 0, 0],
						"0.52": [15, 0, 7.5],
						"1.04": [0, 0, 0],
						"1.56": [15, 0, 7.5],
						"2.08": [0, 0, 0],
						"2.6": [15, 0, 7.5],
						"3.12": [0, 0, 0],
						"3.64": [15, 0, 7.5],
						"4.16": [0, 0, 0],
						"4.68": [15, 0, 7.5]
					}
				},
				"ARM_R": {
					"rotation": {
						"0.0": [15, 0, 7.5],
						"0.52": [0, 0, 0],
						"1.04": [15, 0, 7.5],
						"1.56": [0, 0, 0],
						"2.08": [15, 0, 7.5],
						"2.6": [0, 0, 0],
						"3.12": [15, 0, 7.5],
						"3.64": [0, 0, 0],
						"4.16": [15, 0, 7.5],
						"4.68": [0, 0, 0]
					}
				},
				"Leg_R": {
					"rotation": {
						"0.0": [-17.5, -5, 0],
						"0.52": [7.5, 5, 0],
						"1.04": [-17.5, -5, 0],
						"1.56": [7.5, 5, 0],
						"2.08": [-17.5, -5, 0],
						"2.6": [7.5, 5, 0],
						"3.12": [-17.5, -5, 0],
						"3.64": [7.5, 5, 0],
						"4.16": [-17.5, -5, 0],
						"4.68": [7.5, 5, 0]
					}
				},
				"Leg_L": {
					"rotation": {
						"0.0": [7.5, 5, 0],
						"0.52": [-17.5, -5, 0],
						"1.04": [7.5, 5, 0],
						"1.56": [-17.5, -5, 0],
						"2.08": [7.5, 5, 0],
						"2.6": [-17.5, -5, 0],
						"3.12": [7.5, 5, 0],
						"3.64": [-17.5, -5, 0],
						"4.16": [7.5, 5, 0],
						"4.68": [-17.5, -5, 0]
					}
				},
				"head": {
					"rotation": {
						"0.0": [5, 5, 0],
						"0.52": [5, -7.5, 0],
						"1.04": [5, 5, 0],
						"1.56": [5, -7.5, 0],
						"2.08": [5, 5, 0],
						"2.6": [5, -7.5, 0],
						"3.12": [5, 5, 0],
						"3.64": [5, -7.5, 0],
						"4.16": [5, 5, 0],
						"4.68": [5, -7.5, 0]
					}
				},
				"EAR_L": {
					"rotation": {
						"0.0": [25, -20, 0],
						"0.52": [7.5, 7.5, 0],
						"1.04": [25, -20, 0],
						"1.56": [7.5, 7.5, 0],
						"2.08": [25, -20, 0],
						"2.6": [7.5, 7.5, 0],
						"3.12": [25, -20, 0],
						"3.64": [7.5, 7.5, 0],
						"4.16": [25, -20, 0],
						"4.68": [7.5, 7.5, 0]
					}
				},
				"EAR_R": {
					"rotation": {
						"0.0": [7.5, -7.5, 0],
						"0.52": [25, 20, 0],
						"1.04": [7.5, -7.5, 0],
						"1.56": [25, 20, 0],
						"2.08": [7.5, -7.5, 0],
						"2.6": [25, 20, 0],
						"3.12": [7.5, -7.5, 0],
						"3.64": [25, 20, 0],
						"4.16": [7.5, -7.5, 0],
						"4.68": [25, 20, 0]
					}
				}
			}
		},
		"attack": {
			"loop": true,
			"animation_length": 2.08,
			"bones": {
				"goblin": {
					"position": [0, 0, 0]
				},
				"body": {
					"rotation": {
						"0.0": [0, 0, 0],
						"0.52": [-5, 10, 0],
						"1.04": [-1.25, -1.25, 0],
						"1.56": [2.5, -12.5, 0],
						"2.08": [0, 0, 0]
					},
					"position": {
						"0.0": [0, 0, 0],
						"1.04": [0, 0, 0],
						"1.56": [0, -0.25, 0],
						"2.08": [0, 0, 0]
					}
				},
				"ARM_R": {
					"rotation": {
						"0.0": [0, 0, 0],
						"0.52": [-197.5, 25, -30],
						"1.04": [-123.75, 56.25, -22.5],
						"1.56": [-35, -55, 17.5],
						"2.08": [0, 0, 0]
					}
				},
				"Lower_AR": {
					"rotation": {
						"0.0": [0, 0, 0],
						"0.52": [-10, 0, 0],
						"1.04": [-57.5, 7.5, -8.75],
						"1.56": [5, 0, -17.5],
						"2.08": [0, 0, 0]
					}
				},
				"hand_AR": {
					"rotation": {
						"0.0": [0, 0, 0],
						"0.52": [0, 0, 0],
						"1.56": [22.5, 55, -12.5],
						"2.08": [0, 0, 0]
					}
				},
				"club": {
					"rotation": {
						"0.0": [0, 0, 0],
						"0.52": [0, 0, 0],
						"1.04": [27.5, 0, 0],
						"1.56": [12.5, -25, 22.5],
						"2.08": [0, 0, 0]
					}
				},
				"Leg_R": {
					"rotation": {
						"0.0": [0, 0, 0],
						"0.52": [17.5, 0, 0],
						"1.04": [7.5, 0, 0],
						"1.56": [-12.5, 0, 0],
						"2.08": [0, 0, 0]
					}
				},
				"Lower_LR": {
					"rotation": {
						"0.0": [0, 0, 0],
						"1.04": [0, 0, 0],
						"1.56": [40, 0, 0],
						"2.08": [0, 0, 0]
					}
				},
				"Leg_L": {
					"rotation": {
						"0.0": [0, 0, 0],
						"0.52": [-12.5, 0, 0],
						"1.04": [5, 0, 0],
						"1.56": [-17.5, 0, 0],
						"2.08": [0, 0, 0]
					}
				},
				"lower_LL": {
					"rotation": {
						"0.0": [0, 0, 0],
						"1.04": [0, 0, 0],
						"1.56": [35, 0, 0],
						"2.08": [0, 0, 0]
					}
				},
				"head": {
					"rotation": {
						"0.0": [0, 0, 0],
						"0.52": [-22.5, 0, 0],
						"1.56": [20, 0, 0],
						"2.08": [0, 0, 0]
					}
				},
				"mouth": {
					"rotation": {
						"0.0": [0, 0, 0],
						"0.52": [35, 0, 0],
						"1.04": [35, 0, 0],
						"1.56": [0, 0, 0],
						"2.08": [0, 0, 0]
					}
				},
				"EAR_L": {
					"rotation": {
						"0.0": [0, 0, 0],
						"0.52": [0, 12.5, 17.5],
						"1.04": [0, 0, 17.5],
						"1.56": [12.5, -17.5, 5]
					}
				},
				"EAR_R": {
					"rotation": {
						"0.0": [0, 0, 0],
						"0.52": [0, -12.5, -17.5],
						"1.04": [0, 0, -17.5],
						"1.56": [12.5, 17.5, -5]
					}
				}
			}
		},
		"fall": {
			"loop": "hold_on_last_frame",
			"animation_length": 1.56,
			"bones": {
				"goblin": {
					"rotation": {
						"0.0": [-82.5, 0, 0],
						"0.52": [-82.5, 0, -5],
						"1.04": [-82.5, 0, 2.5],
						"1.56": [-82.5, 0, -7.5]
					}
				},
				"ARM_L": {
					"rotation": {
						"0.0": [0, 0, 0],
						"0.48": [-50, -40, 0]
					}
				},
				"ARM_R": {
					"rotation": {
						"0.0": [0, 0, 0],
						"0.52": [-50, 40, 0]
					}
				},
				"club": {
					"rotation": {
						"0.0": [0, 0, 0],
						"0.52": [50, 50, 30]
					}
				},
				"Leg_R": {
					"rotation": {
						"0.0": [0, 0, 0],
						"0.52": [-45, 20, 0]
					}
				},
				"Leg_L": {
					"rotation": {
						"0.0": [0, 0, 0],
						"0.52": [-45, -20, 0]
					}
				},
				"mouth": {
					"rotation": {
						"0.0": [0, 0, 0],
						"0.52": [25, 0, 0]
					}
				},
				"hitbox": {
					"rotation": [-90, 0, 2.5],
					"position": [0, 0.75, 3.75]
				}
			}
		},
		"death": {
			"loop": "hold_on_last_frame",
			"animation_length": 1.08,
			"bones": {
				"goblin": {
					"rotation": {
						"0.0": [0, 0, 0],
						"0.52": [-82.5, 0, 0]
					},
					"position": {
						"0.0": [0, 0, 0],
						"1.04": [0, -6.375, 0]
					}
				},
				"ARM_L": {
					"rotation": {
						"0.0": [0, 0, 0],
						"0.52": [-50, -40, 0],
						"1.04": [-50, -72.5, 0]
					}
				},
				"ARM_R": {
					"rotation": {
						"0.0": [0, 0, 0],
						"0.52": [-50, 40, 0],
						"1.04": [-50, 72.5, 0]
					}
				},
				"club": {
					"rotation": {
						"0.0": [0, 0, 0],
						"0.52": [50, 50, 30],
						"1.04": [50, 10, 30]
					},
					"position": {
						"0.0": [0, 0, 0],
						"0.52": [0, 0, 0]
					}
				},
				"Leg_R": {
					"rotation": {
						"0.0": [0, 0, 0],
						"0.52": [-45, 20, 0],
						"1.0": [-5, 47.5, 0]
					}
				},
				"Leg_L": {
					"rotation": {
						"0.0": [0, 0, 0],
						"0.52": [-45, -20, 0],
						"1.0": [-5, -47.5, 0]
					}
				},
				"lower_AL": {
					"rotation": {
						"0.48": [0, 0, 0],
						"1.04": [22.5, -55, 0]
					}
				},
				"Lower_AR": {
					"rotation": {
						"0.52": [0, 0, 0],
						"1.08": [22.5, 55, 0]
					}
				},
				"head": {
					"rotation": {
						"0.0": [0, 0, 0],
						"0.52": [0, 0, 0],
						"1.0": [-7.5, 0, 0]
					},
					"position": {
						"0.0": [0, 0, 0],
						"0.52": [0, 0, 0]
					}
				},
				"EAR_L": {
					"rotation": {
						"0.0": [0, 0, 0],
						"0.52": [0, 0, 0],
						"1.04": [0, 20, 0]
					}
				},
				"EAR_R": {
					"rotation": {
						"0.0": [0, 0, 0],
						"0.52": [0, 0, 0],
						"1.04": [0, -20, 0]
					}
				},
				"hitbox": {
					"rotation": {
						"0.0": [0, 0, 0],
						"0.52": [-90, 0, 0]
					},
					"position": [0, -0.375, 3.375]
				}
			}
		}
	}
}