{
	"format_version": "1.8.0",
	"animations": {
		"Idle": {
			"loop": true,
			"animation_length": 5.72,
			"bones": {
				"ArmRight": {
					"rotation": {
						"0.0": [5, 0, 0],
						"0.52": [-12.5, 0, 5],
						"1.04": [5, 0, 0],
						"1.56": [-12.5, 0, 5],
						"2.08": [5, 0, 0],
						"2.6": [-12.5, 0, 5],
						"3.12": [5, 0, 0],
						"3.64": [-12.5, 0, 5],
						"4.16": [5, 0, 0],
						"4.68": [-12.5, 0, 5],
						"5.2": [5, 0, 0],
						"5.72": [-12.5, 0, 5]
					}
				},
				"ArmLeft": {
					"rotation": {
						"0.0": [-5, 0, 0],
						"0.52": [12.5, 0, -5],
						"1.04": [-5, 0, 0],
						"1.56": [12.5, 0, -5],
						"2.08": [-5, 0, 0],
						"2.6": [12.5, 0, -5],
						"3.12": [-5, 0, 0],
						"3.64": [12.5, 0, -5],
						"4.16": [-5, 0, 0],
						"4.68": [12.5, 0, -5],
						"5.2": [-5, 0, 0],
						"5.72": [12.5, 0, -5]
					}
				},
				"Head": {
					"rotation": {
						"0.0": [0, 15, 0],
						"0.52": [0, 12.5, 0],
						"1.04": [15, -22.5, 0],
						"1.56": [15, 32.5, 0],
						"2.08": [-7.5, 32.5, 0],
						"2.6": [-7.5, -25, 0],
						"3.12": [12.5, -25, 0],
						"3.64": [12.5, 30, 0],
						"4.16": [12.5, -37.5, 0],
						"4.68": [-5, -37.5, 0],
						"5.2": [-5, 25, 0],
						"5.72": [-5, -27.5, 0]
					}
				}
			}
		},
		"walk": {
			"loop": true,
			"animation_length": 6.24,
			"bones": {
				"ArmRight": {
					"rotation": {
						"0.0": [5, 0, 0],
						"0.52": [-12.5, 0, 5],
						"1.04": [5, 0, 0],
						"1.56": [-12.5, 0, 5],
						"2.08": [5, 0, 0],
						"2.6": [-12.5, 0, 5],
						"3.12": [5, 0, 0],
						"3.64": [-12.5, 0, 5],
						"4.16": [5, 0, 0],
						"4.68": [-12.5, 0, 5],
						"5.2": [5, 0, 0],
						"5.72": [-12.5, 0, 5]
					}
				},
				"ArmLeft": {
					"rotation": {
						"0.0": [-5, 0, 0],
						"0.52": [12.5, 0, -5],
						"1.04": [-5, 0, 0],
						"1.56": [12.5, 0, -5],
						"2.08": [-5, 0, 0],
						"2.6": [12.5, 0, -5],
						"3.12": [-5, 0, 0],
						"3.64": [12.5, 0, -5],
						"4.16": [-5, 0, 0],
						"4.68": [12.5, 0, -5],
						"5.2": [-5, 0, 0],
						"5.72": [12.5, 0, -5]
					}
				},
				"Head": {
					"rotation": {
						"0.0": [0, 15, 0],
						"0.52": [0, 12.5, 0],
						"1.04": [15, 32.5, 0],
						"1.56": [15, -22.5, 0],
						"2.08": [-7.5, 32.5, 0],
						"2.6": [-7.5, -25, 0],
						"3.12": [12.5, 30, 0],
						"3.64": [12.5, -25, 0],
						"4.16": [12.5, 20, 0],
						"4.68": [-5, -37.5, 0],
						"5.2": [-5, 25, 0],
						"5.72": [-5, -27.5, 0]
					}
				},
				"LegRight": {
					"rotation": {
						"0.0": [0, 0, 0],
						"0.52": [22.5, 0, 0],
						"1.04": [0, 0, 0],
						"1.56": [22.5, 0, 0],
						"2.08": [0, 0, 0],
						"2.6": [22.5, 0, 0],
						"3.12": [0, 0, 0],
						"3.64": [22.5, 0, 0],
						"4.16": [0, 0, 0],
						"4.68": [22.5, 0, 0],
						"5.2": [0, 0, 0],
						"5.72": [22.5, 0, 0]
					}
				},
				"LegLeft": {
					"rotation": {
						"0.0": [22.5, 0, 0],
						"0.52": [0, 0, 0],
						"1.04": [22.5, 0, 0],
						"1.56": [0, 0, 0],
						"2.08": [22.5, 0, 0],
						"2.6": [0, 0, 0],
						"3.12": [22.5, 0, 0],
						"3.64": [0, 0, 0],
						"4.16": [22.5, 0, 0],
						"4.68": [0, 0, 0],
						"5.2": [22.5, 0, 0],
						"5.72": [0, 0, 0]
					}
				},
				"Ifrit": {
					"rotation": {
						"0.0": [0, 0, -2.5],
						"0.52": [0, 0, 2.5],
						"1.04": [0, 0, -2.5],
						"1.56": [0, 0, 2.5],
						"2.08": [0, 0, -2.5],
						"2.6": [0, 0, 2.5],
						"3.12": [0, 0, -2.5],
						"3.64": [0, 0, 2.5],
						"4.16": [0, 0, -2.5],
						"4.68": [0, 0, 2.5],
						"5.2": [0, 0, -2.5],
						"5.72": [0, 0, 2.5]
					}
				},
				"ShoulderLA": {
					"rotation": {
						"0.0": [0, 12.5, 0],
						"0.52": [0, 0, 0],
						"1.04": [0, 12.5, 0],
						"1.56": [0, 0, 0],
						"2.08": [0, 12.5, 0],
						"2.6": [0, 0, 0],
						"3.12": [0, 12.5, 0],
						"3.64": [0, 0, 0],
						"4.16": [0, 12.5, 0],
						"4.68": [0, 0, 0],
						"5.2": [0, 12.5, 0],
						"5.72": [0, 0, 0]
					}
				},
				"shoulderRA": {
					"rotation": {
						"0.0": [0, 0, 0],
						"0.52": [0, -15, 0],
						"1.04": [0, 0, 0],
						"1.56": [0, -15, 0],
						"2.08": [0, 0, 0],
						"2.6": [0, -15, 0],
						"3.12": [0, 0, 0],
						"3.64": [0, -15, 0],
						"4.16": [0, 0, 0],
						"4.68": [0, -15, 0],
						"5.2": [0, 0, 0],
						"5.72": [0, -15, 0]
					}
				},
				"RLbottom": {
					"rotation": {
						"0.0": [-2.5, 0, 0],
						"0.52": [17.5, 0, 0],
						"1.04": [-2.5, 0, 0],
						"1.56": [17.5, 0, 0],
						"2.08": [-2.5, 0, 0],
						"2.6": [17.5, 0, 0],
						"3.12": [-2.5, 0, 0],
						"3.64": [17.5, 0, 0],
						"4.16": [-2.5, 0, 0],
						"4.68": [17.5, 0, 0],
						"5.2": [-2.5, 0, 0],
						"5.72": [17.5, 0, 0]
					}
				},
				"LLBottom": {
					"rotation": {
						"0.0": [17.5, 0, 0],
						"0.52": [-2.5, 0, 0],
						"1.04": [17.5, 0, 0],
						"1.56": [-2.5, 0, 0],
						"2.08": [17.5, 0, 0],
						"2.6": [-2.5, 0, 0],
						"3.12": [17.5, 0, 0],
						"3.64": [-2.5, 0, 0],
						"4.16": [17.5, 0, 0],
						"4.68": [-2.5, 0, 0]
					}
				}
			}
		},
		"attack": {
			"loop": true,
			"animation_length": 5.2,
			"bones": {
				"body": {
					"rotation": {
						"1.04": [0, 0, 0],
						"1.56": [47.5, 0, -7.5],
						"2.08": [55, 0, 10],
						"2.6": [55, 0, 10],
						"3.12": [50, 0, -15],
						"3.64": [15, 0, 0],
						"4.16": [0, 0, 0],
						"4.68": [0, 0, 0],
						"5.2": [0, 0, 0]
					}
				},
				"middlebody": {
					"rotation": {
						"0.0": [0, 0, 0],
						"0.52": [-37.5, 0, 0],
						"1.04": [-37.5, 0, 0],
						"1.56": [-12.5, -5, 0],
						"3.64": [-12.5, 0, 0],
						"4.16": [-37.5, 0, 0],
						"4.68": [-37.5, 0, 0],
						"5.2": [0, 0, 0]
					}
				},
				"upperbody": {
					"rotation": {
						"0.0": [0, 0, 0],
						"0.52": [-7.5, 0, 0],
						"1.04": [-7.5, 0, 0],
						"1.56": [27.5, -5, 0],
						"2.08": [50, 0, 0],
						"3.64": [50, 0, 0],
						"4.68": [50, 0, 0],
						"5.2": [0, 0, 0]
					}
				},
				"ArmRight": {
					"rotation": {
						"0.0": [0, 0, 0],
						"0.52": [-40, 42.5, 0],
						"1.04": [-40, 42.5, 0],
						"1.56": [-32.5, 0, 27.5],
						"2.08": [-75, 32.5, 25],
						"2.6": [-60, 92.5, 15],
						"3.12": [-67.5, 12.5, 15],
						"3.64": [-85, 47.5, 15],
						"4.16": [-85, 47.5, 15],
						"4.68": [-85, 47.5, 15],
						"5.2": [0, 0, 0]
					}
				},
				"ARBottom": {
					"rotation": {
						"0.0": [0, 0, 0],
						"0.52": [0, 105, -10],
						"1.04": [0, 105, -45],
						"1.56": [0, 105, -32.5],
						"2.08": [0, 105, -45],
						"2.6": [0, 105, -97.5],
						"3.12": [0, 105, 22.5],
						"3.64": [0, 105, -27.5],
						"4.16": [22.5, 117.5, -47.5],
						"4.68": [22.5, 117.5, -47.5],
						"5.2": [0, 0, 0]
					}
				},
				"ARHand": {
					"rotation": {
						"0.0": [0, 0, 0],
						"0.52": [-15, 0, 0],
						"1.04": [47.5, 0, 0],
						"2.08": [47.5, 0, 0],
						"2.6": [62.5, 0, 0],
						"3.12": [27.5, 0, 0],
						"3.64": [27.5, 0, 0],
						"4.68": [27.5, 0, 0],
						"5.2": [0, 0, 0]
					}
				},
				"ARF1": {
					"rotation": {
						"0.0": [0, 0, 0],
						"0.52": [-32.5, 0, 0],
						"1.04": [-2.5, 0, 0],
						"2.6": [-2.5, 0, 0],
						"3.12": [32.5, 0, 0],
						"3.64": [32.5, 0, 0],
						"4.16": [15, 0, 0],
						"4.68": [15, 0, 0],
						"5.2": [0, 0, 0]
					}
				},
				"ArmLeft": {
					"rotation": {
						"0.0": [0, 0, 0],
						"0.52": [-40, -42.5, 0],
						"1.04": [-40, -42.5, 0],
						"1.56": [-82.5, -77.5, -7.5],
						"2.08": [-100, -5, 0],
						"2.6": [-100, -5, 0],
						"3.12": [-100, -27.5, 0],
						"3.64": [-85, -47.5, -15],
						"4.16": [-85, -47.5, -15],
						"4.68": [-85, -47.5, -15],
						"5.2": [0, 0, 0]
					}
				},
				"ALBottom": {
					"rotation": {
						"0.0": [0, 0, 0],
						"0.52": [0, -105, 10],
						"1.04": [0, -105, 47.5],
						"1.56": [0, -105, 57.5],
						"2.08": [7.5, -87.5, -27.5],
						"2.6": [7.5, -87.5, -27.5],
						"3.12": [7.5, -87.5, 20],
						"3.64": [7.5, -87.5, 20],
						"4.16": [22.5, -117.5, 47.5],
						"4.68": [22.5, -117.5, 47.5],
						"5.2": [0, 0, 0]
					}
				},
				"ALHand": {
					"rotation": {
						"0.0": [0, 0, 0],
						"0.52": [-15, 0, 0],
						"1.04": [47.5, 0, 0],
						"2.08": [12.5, 0, 0],
						"2.6": [12.5, 0, 0],
						"3.12": [12.5, 0, 0],
						"3.64": [12.5, 0, 0],
						"4.68": [12.5, 0, 0],
						"5.2": [0, 0, 0]
					}
				},
				"ALF1": {
					"rotation": {
						"0.0": [0, 0, 0],
						"0.52": [-32.5, 0, 0],
						"1.04": [-2.5, 0, 0],
						"2.08": [30, 0, 0],
						"3.64": [30, 0, 0],
						"4.16": [7.5, 0, 0],
						"4.68": [7.5, 0, 0],
						"5.2": [0, 0, 0]
					}
				},
				"ALF4": {
					"rotation": {
						"0.52": [0, 0, 0],
						"1.04": [-27.5, 0, 0],
						"3.64": [-27.5, 0, 0],
						"4.68": [-27.5, 0, 0],
						"5.2": [0, 0, 0]
					}
				},
				"ALF3": {
					"rotation": {
						"0.0": [0, 0, 0],
						"0.52": [-12.5, 0, 22.5],
						"1.04": [-12.5, 0, -17.5],
						"3.64": [-12.5, 0, -17.5],
						"4.16": [-12.5, 0, 2.5],
						"4.68": [-12.5, 0, 2.5],
						"5.2": [0, 0, 0]
					}
				},
				"ALF2": {
					"rotation": {
						"0.0": [0, 0, 0],
						"0.52": [-25, 0, -27.5],
						"1.04": [-5, 0, 12.5],
						"3.64": [-5, 0, 12.5],
						"4.16": [-5, 0, 0],
						"4.68": [-5, 0, 0],
						"5.2": [0, 0, 0]
					}
				},
				"Head": {
					"rotation": {
						"0.0": [0, 0, 0],
						"0.52": [-27.5, 0, 0],
						"1.04": [-27.5, 0, 0],
						"1.56": [-52.5, 0, 0],
						"2.08": [-42.5, 0, 0],
						"2.6": [-82.5, 0, 0],
						"3.12": [-45, 0, 0],
						"3.64": [-55, 0, 0],
						"4.68": [-55, 0, 0],
						"5.2": [0, 0, 0]
					}
				},
				"mouth": {
					"rotation": {
						"0.0": [0, 0, 0],
						"0.52": [50, 0, 0],
						"1.04": [0, 0, 0],
						"1.56": [0, 0, 0],
						"2.08": [30, 0, 0],
						"3.12": [2.5, 0, 0],
						"3.64": [2.5, 0, 0],
						"4.16": [2.5, 0, 0],
						"4.68": [60, 0, 0],
						"5.2": [0, 0, 0]
					}
				},
				"LegRight": {
					"rotation": {
						"1.04": [0, 0, 0],
						"1.56": [20, 0, -7.5],
						"2.08": [0, 0, 0],
						"2.6": [0, 0, 0],
						"3.12": [20, 0, -7.5],
						"3.64": [0, 0, 0]
					}
				},
				"RLbottom": {
					"rotation": {
						"1.04": [0, 0, 0],
						"1.56": [20, 0, 0],
						"2.08": [0, 0, 0]
					}
				},
				"LegLeft": {
					"rotation": {
						"1.56": [0, 0, 0],
						"2.08": [20, 0, 7.5],
						"2.6": [0, 0, 0]
					}
				},
				"ARF2": {
					"rotation": {
						"0.0": [0, 0, 0],
						"0.52": [-25, 0, 27.5],
						"1.04": [-5, 0, -12.5],
						"2.6": [-5, 0, -12.5],
						"3.12": [-5, 0, -40],
						"3.64": [-5, 0, -40],
						"4.16": [-5, 0, -2.5],
						"4.68": [-5, 0, -2.5],
						"5.2": [0, 0, 0]
					}
				},
				"ARF3": {
					"rotation": {
						"0.0": [0, 0, 0],
						"0.52": [-12.5, 0, -22.5],
						"1.04": [-12.5, 0, 17.5],
						"2.6": [-12.5, 0, 17.5],
						"3.12": [-12.5, 0, 52.5],
						"3.64": [-12.5, 0, 52.5],
						"4.16": [-12.5, 0, 7.5],
						"4.68": [-12.5, 0, 7.5],
						"5.2": [0, 0, 0]
					}
				},
				"ARF4": {
					"rotation": {
						"0.52": [0, 0, 0],
						"1.04": [-27.5, 0, 0],
						"2.6": [-27.5, 0, 0],
						"3.12": [-32.5, 0, 0],
						"3.64": [-32.5, 0, 0],
						"4.68": [-32.5, 0, 0],
						"5.2": [0, 0, 0]
					}
				},
				"ShoulderLA": {
					"rotation": {
						"1.04": [0, 0, 0],
						"1.56": [0, -17.5, 0],
						"2.08": [2.5, 22.5, 0],
						"2.6": [2.5, 22.5, 0],
						"3.12": [-10, 5, 0],
						"3.64": [-27.5, 27.5, 0],
						"4.68": [-27.5, 27.5, 0],
						"5.2": [0, 0, -15]
					}
				},
				"shoulderRA": {
					"rotation": {
						"1.56": [0, 0, 0],
						"2.6": [-12.5, 20, 0],
						"3.12": [-27.5, -27.5, 0],
						"3.64": [-27.5, -27.5, 0],
						"4.68": [-27.5, -27.5, 0],
						"5.2": [0, 0, 10]
					}
				}
			}
		},
		"fall": {
			"loop": "hold_on_last_frame",
			"animation_length": 2.08,
			"bones": {
				"Ifrit": {
					"rotation": {
						"0.0": [0, 0, 0],
						"1.04": [-92.5, 0, 0]
					},
					"position": {
						"0.52": [0, 0, 0],
						"1.04": [0, -28.5, 0]
					}
				},
				"ArmRight": {
					"rotation": {
						"1.04": [0, 0, 0],
						"1.56": [-25, 12.5, 0]
					}
				},
				"ARBottom": {
					"rotation": [0, 0, 0]
				},
				"ArmLeft": {
					"rotation": {
						"1.04": [0, 0, 0],
						"1.56": [-25, -12.5, 0]
					}
				},
				"ALBottom": {
					"rotation": {
						"1.04": [0, 0, 0],
						"2.08": [0, 0, -22.5]
					}
				},
				"LegRight": {
					"rotation": {
						"1.04": [2.5, 0, 0],
						"2.08": [15, 0, 0]
					}
				},
				"LegLeft": {
					"rotation": {
						"1.04": [2.5, 0, 0],
						"2.08": [15, 0, 0]
					}
				},
				"hitbox": {
					"rotation": {
						"0.0": [0, 0, 0],
						"1.04": [-90, 0, 0]
					},
					"position": {
						"0.0": [0, 0, 0],
						"1.04": [0, 6.125, 9.375]
					}
				}
			}
		},
		"death": {
			"loop": "hold_on_last_frame",
			"animation_length": 2.08,
			"bones": {
				"Ifrit": {
					"rotation": {
						"0.0": [0, 0, 0],
						"1.04": [-92.5, 0, 0]
					},
					"position": {
						"0.52": [0, 0, 0],
						"1.04": [0, -28.5, 0]
					}
				},
				"ArmRight": {
					"rotation": {
						"1.04": [0, 0, 0],
						"2.08": [0, 72.5, 0]
					}
				},
				"ARBottom": {
					"rotation": {
						"1.04": [0, 0, 0],
						"2.08": [0, 0, 22.5]
					}
				},
				"ArmLeft": {
					"rotation": {
						"1.04": [0, 0, 0],
						"2.08": [0, -72.5, 0]
					}
				},
				"ALBottom": {
					"rotation": {
						"1.04": [0, 0, 0],
						"2.08": [0, 0, -22.5]
					}
				},
				"LegRight": {
					"rotation": {
						"1.04": [2.5, 0, 0],
						"2.08": [15, 0, 0]
					}
				},
				"LegLeft": {
					"rotation": {
						"1.04": [2.5, 0, 0],
						"2.08": [15, 0, 0]
					}
				},
				"hitbox": {
					"rotation": {
						"0.0": [0, 0, 0],
						"1.04": [-90, 0, 0]
					},
					"position": {
						"0.0": [0, 0, 0],
						"1.04": [0, 5.125, -1.25]
					}
				}
			}
		}
	}
}