{
	"format_version": "1.8.0",
	"animations": {
		"idle": {
			"loop": true,
			"animation_length": 4.68,
			"bones": {
				"RA": {
					"rotation": {
						"0.0": [187.5, 0, -32.5],
						"0.52": [187.5, 0, -10],
						"1.04": [187.5, 0, -32.5],
						"1.56": [187.5, 0, -10],
						"2.08": [187.5, 0, -32.5],
						"2.6": [187.5, 0, -10],
						"3.12": [187.5, 0, -32.5],
						"3.64": [187.5, 0, -10],
						"4.16": [187.5, 0, -32.5],
						"4.68": [187.5, 0, -10]
					}
				},
				"LA": {
					"rotation": {
						"0.0": [187.5, 0, 32.5],
						"0.52": [187.5, 0, 10],
						"1.04": [187.5, 0, 32.5],
						"1.56": [187.5, 0, 10],
						"2.08": [187.5, 0, 32.5],
						"2.6": [187.5, 0, 10],
						"3.12": [187.5, 0, 32.5],
						"3.64": [187.5, 0, 10],
						"4.16": [187.5, 0, 32.5],
						"4.68": [187.5, 0, 10]
					}
				},
				"body": {
					"position": {
						"0.0": [0, 0, 0],
						"0.52": [0, -1.875, 0],
						"1.04": [0, 0, 0],
						"1.56": [0, -1.875, 0],
						"2.08": [0, 0, 0],
						"2.6": [0, -1.875, 0],
						"3.12": [0, 0, 0],
						"3.64": [0, -1.875, 0],
						"4.16": [0, 0, 0],
						"4.68": [0, -1.875, 0]
					}
				}
			}
		},
		"walk": {
			"animation_length": 5.2,
			"bones": {
				"body": {
					"rotation": {
						"0.0": [0, 0, 0],
						"0.52": [0, 0, -12.5],
						"1.04": [0, 0, 10],
						"1.56": [0, 0, -7.5],
						"2.08": [0, 0, 10],
						"2.6": [0, 0, -7.5],
						"3.12": [0, 0, 10],
						"3.64": [0, 0, -7.5],
						"4.16": [0, 0, 10],
						"4.68": [0, 0, -7.5],
						"5.2": [0, 0, 10]
					}
				},
				"footL": {
					"rotation": {
						"0.0": [0, 0, 0],
						"0.52": [-32.5, 0, 0],
						"1.04": [35, 0, 0],
						"1.56": [-32.5, 0, 0],
						"2.08": [35, 0, 0],
						"2.6": [-32.5, 0, 0],
						"3.12": [35, 0, 0],
						"3.64": [-32.5, 0, 0],
						"4.16": [35, 0, 0],
						"4.68": [-32.5, 0, 0]
					}
				},
				"footR": {
					"rotation": {
						"0.0": [0, 0, 0],
						"0.52": [35, 0, 0],
						"1.04": [-32.5, 0, 0],
						"1.56": [35, 0, 0],
						"2.08": [-32.5, 0, 0],
						"2.6": [35, 0, 0],
						"3.12": [-32.5, 0, 0],
						"3.64": [35, 0, 0],
						"4.16": [-32.5, 0, 0],
						"4.68": [35, 0, 0]
					}
				},
				"LA": {
					"rotation": {
						"0.0": [187.5, 0, 32.5],
						"0.52": [187.5, 0, 10],
						"1.04": [187.5, 0, 32.5],
						"1.56": [187.5, 0, 10],
						"2.08": [187.5, 0, 32.5],
						"2.6": [187.5, 0, 10],
						"3.12": [187.5, 0, 32.5],
						"3.64": [187.5, 0, 10],
						"4.16": [187.5, 0, 32.5],
						"4.68": [187.5, 0, 10],
						"5.2": [187.5, 0, 32.5]
					}
				},
				"RA": {
					"rotation": {
						"0.0": [187.5, 0, -32.5],
						"0.52": [187.5, 0, -10],
						"1.04": [187.5, 0, -40],
						"1.56": [187.5, 0, -10],
						"2.08": [187.5, 0, -37.5],
						"2.6": [187.5, 0, -2.5],
						"3.12": [187.5, 0, -37.5],
						"3.64": [187.5, 0, -2.5],
						"4.16": [187.5, 0, -37.5],
						"4.68": [187.5, 0, -2.5],
						"5.2": [187.5, 0, -42.5]
					}
				}
			}
		},
		"Attack": {
			"animation_length": 2.6,
			"bones": {
				"body": {
					"rotation": {
						"0.0": [0, 0, 0],
						"1.04": [-7.5, 0, 7.5],
						"2.08": [17.5, 0, 7.5],
						"2.6": [0, 0, 0]
					}
				},
				"LA": {
					"rotation": [187.5, 0, 32.5]
				},
				"RA": {
					"rotation": {
						"0.0": [187.5, 0, -32.5],
						"0.52": [0, 0, 0],
						"1.04": [-47.5, 0, 0],
						"1.56": [-47.5, 0, 0],
						"2.08": [160, -52.5, 0]
					}
				},
				"RA2": {
					"rotation": {
						"0.52": [0, 0, 0],
						"1.04": [-10, 0, -12.5],
						"2.08": [-2.5, 0, -12.5]
					}
				},
				"RHand": {
					"rotation": {
						"0.0": [0, 0, 0],
						"0.52": [0, 0, 0],
						"1.04": [15, 0, 0]
					}
				},
				"RH1_2": {
					"rotation": {
						"0.52": [0, 0, 0],
						"1.04": [0, 10, 0],
						"1.56": [0, 10, 0],
						"2.08": [0, 0, 0]
					}
				},
				"RH2_2": {
					"rotation": {
						"0.52": [0, 0, 0],
						"1.04": [57.5, 0, 0],
						"1.56": [57.5, 0, 0],
						"2.08": [0, 0, 0]
					}
				},
				"RH3_2": {
					"rotation": {
						"0.52": [0, 0, 0],
						"1.04": [47.5, 0, 0],
						"1.56": [47.5, 0, 0],
						"2.08": [0, 0, 0]
					}
				},
				"RH4_2": {
					"rotation": {
						"0.52": [0, 0, 0],
						"1.04": [0, -52.5, 0],
						"1.56": [0, -52.5, 0],
						"2.08": [0, 0, 0]
					}
				}
			}
		},
		"death": {
			"loop": "hold_on_last_frame",
			"animation_length": 3.12,
			"bones": {
				"body": {
					"rotation": {
						"0.0": [0, 0, 0],
						"0.52": [-10, 0, 0],
						"2.08": [5, 0, 0]
					},
					"position": {
						"0.0": [0, 0, 0],
						"0.52": [0, 0.375, 0],
						"2.08": [0, -1.745, 0]
					}
				},
				"head": {
					"rotation": {
						"0.0": [0, 0, 0],
						"0.52": [-20, 0, 0],
						"2.08": [55, 0, 0],
						"2.6": [55, 0, 0],
						"3.12": [0, 0, 0]
					},
					"position": {
						"2.6": [0, 0, 0],
						"3.12": [0, -10.5, 0.875]
					}
				},
				"LA": {
					"rotation": [187.5, 0, 32.5],
					"position": {
						"2.6": [0, 0, 0],
						"3.12": [-6.25, 3.25, 0]
					}
				},
				"RA": {
					"rotation": [187.5, 0, -32.5],
					"position": {
						"2.6": [0, 0, 0],
						"3.12": [5.75, 1.25, 0]
					}
				},
				"tummy": {
					"position": {
						"2.6": [0, 0, 0],
						"3.12": [0, 0, 1.25]
					}
				},
				"nose": {
					"rotation": {
						"2.6": [0, 0, 0],
						"3.12": [-27.5, 0, 0]
					}
				}
			}
		}
	}
}