{
	"format_version": "1.8.0",
	"animations": {
		"idle": {
			"loop": true,
			"animation_length": 4.64,
			"bones": {
				"tail": {
					"rotation": {
						"0.0": [0, -12.5, 0],
						"0.48": [0, 22.5, 0],
						"1.04": [0, -12.5, 0],
						"1.52": [0, 22.5, 0],
						"2.08": [0, -12.5, 0],
						"2.56": [0, 22.5, 0],
						"3.12": [0, -12.5, 0],
						"3.6": [0, 22.5, 0],
						"4.16": [0, -12.5, 0],
						"4.64": [0, 22.5, 0]
					}
				},
				"sidefinL": {
					"rotation": {
						"0.0": [0, 0, 0],
						"0.48": [0, 0, -20],
						"1.04": [0, 0, 0],
						"1.52": [0, 0, -20],
						"2.08": [0, 0, 0],
						"2.56": [0, 0, -20],
						"3.12": [0, 0, 0],
						"3.6": [0, 0, -20],
						"4.16": [0, 0, 0],
						"4.64": [0, 0, -20]
					}
				},
				"sidefinR": {
					"rotation": {
						"0.0": [0, 0, 0],
						"0.48": [0, 0, 20],
						"1.04": [0, 0, 0],
						"1.52": [0, 0, 20],
						"2.08": [0, 0, 0],
						"2.56": [0, 0, 20],
						"3.12": [0, 0, 0],
						"3.6": [0, 0, 20],
						"4.16": [0, 0, 0],
						"4.64": [0, 0, 20]
					}
				}
			}
		},
		"idle2": {
			"loop": true,
			"animation_length": 4.64,
			"bones": {
				"tail": {
					"rotation": {
						"0.0": [0, -12.5, 0],
						"0.52": [0, 22.5, 0],
						"1.04": [0, -12.5, 0],
						"1.56": [0, 22.5, 0],
						"2.08": [0, -12.5, 0],
						"2.6": [0, 22.5, 0],
						"3.12": [0, -12.5, 0],
						"3.64": [0, 22.5, 0],
						"4.16": [0, -12.5, 0],
						"4.64": [0, 22.5, 0]
					}
				},
				"sidefinL": {
					"rotation": {
						"0.0": [0, 0, 0],
						"0.48": [0, 0, -20],
						"1.04": [0, 0, 0],
						"1.52": [0, 0, -20],
						"2.08": [0, 0, 0],
						"2.56": [0, 0, -20],
						"3.12": [0, 0, 0],
						"3.6": [0, 0, -20],
						"4.16": [0, 0, 0],
						"4.64": [0, 0, -20]
					}
				},
				"sidefinR": {
					"rotation": {
						"0.0": [0, 0, 0],
						"0.48": [0, 0, 20],
						"1.04": [0, 0, 0],
						"1.52": [0, 0, 20],
						"2.08": [0, 0, 0],
						"2.56": [0, 0, 20],
						"3.12": [0, 0, 0],
						"3.6": [0, 0, 20],
						"4.16": [0, 0, 0],
						"4.64": [0, 0, 20]
					}
				},
				"trout": {
					"rotation": {
						"0.0": [0, 0, 0],
						"0.52": [10, 5, 0],
						"1.04": [-7.5, 0, 0],
						"1.56": [10, -10, 0],
						"2.08": [-7.5, 0, 0],
						"2.6": [10, 0, 0],
						"3.12": [-7.5, 10, 0],
						"3.64": [10, 0, 0],
						"4.16": [-7.5, -7.5, 0],
						"4.64": [10, 0, 0]
					}
				}
			}
		},
		"death": {
			"loop": "hold_on_last_frame",
			"animation_length": 0.52,
			"bones": {
				"trout": {
					"rotation": {
						"0.0": [0, 0, 0],
						"0.52": [0, 0, 180]
					}
				}
			}
		},
		"walk": {
			"loop": true,
			"animation_length": 4.64,
			"bones": {
				"tail": {
					"rotation": {
						"0.0": [0, -12.5, 0],
						"0.52": [0, 22.5, 0],
						"1.04": [0, -12.5, 0],
						"1.56": [0, 22.5, 0],
						"2.08": [0, -12.5, 0],
						"2.6": [0, 22.5, 0],
						"3.12": [0, -12.5, 0],
						"3.64": [0, 22.5, 0],
						"4.16": [0, -12.5, 0],
						"4.64": [0, 22.5, 0]
					}
				},
				"sidefinL": {
					"rotation": {
						"0.0": [0, 0, 0],
						"0.48": [0, 0, -20],
						"1.04": [0, 0, 0],
						"1.52": [0, 0, -20],
						"2.08": [0, 0, 0],
						"2.56": [0, 0, -20],
						"3.12": [0, 0, 0],
						"3.6": [0, 0, -20],
						"4.16": [0, 0, 0],
						"4.64": [0, 0, -20]
					}
				},
				"sidefinR": {
					"rotation": {
						"0.0": [0, 0, 0],
						"0.48": [0, 0, 20],
						"1.04": [0, 0, 0],
						"1.52": [0, 0, 20],
						"2.08": [0, 0, 0],
						"2.56": [0, 0, 20],
						"3.12": [0, 0, 0],
						"3.6": [0, 0, 20],
						"4.16": [0, 0, 0],
						"4.64": [0, 0, 20]
					}
				},
				"trout": {
					"rotation": {
						"0.0": [0, 0, 0],
						"0.52": [10, 5, 0],
						"1.04": [-7.5, 0, 0],
						"1.56": [10, -10, 0],
						"2.08": [-7.5, 0, 0],
						"2.6": [10, 0, 0],
						"3.12": [-7.5, 10, 0],
						"3.64": [10, 0, 0],
						"4.16": [-7.5, -7.5, 0],
						"4.64": [10, 0, 0]
					}
				}
			}
		}
	}
}