{
  "file_name": "albottom",
  "texture_size": [
    128,
    128
  ],
  "textures": {
    "layer0": "modelengine:entity/ifrit"
  },
  "elements": [
    {
      "name": "albottom_0",
      "from": [
        4.0112114,
        7.929525,
        4.097774
      ],
      "to": [
        10.81841,
        15.522165,
        12.214052
      ],
      "rotation": {
        "angle": 0.0,
        "axis": "z",
        "origin": [
          8.0,
          8.0,
          8.0
        ]
      },
      "faces": {
        "down": {
          "uv": [
            0.0,
            8.0,
            6.5625,
            13.4375
          ],
          "texture": "#layer0",
          "tintindex": 0
        },
        "east": {
          "uv": [
            6.5625,
            8.0,
            0.0,
            13.4375
          ],
          "texture": "#layer0",
          "tintindex": 0
        },
        "north": {
          "uv": [
            6.5625,
            8.0,
            0.0,
            13.4375
          ],
          "texture": "#layer0",
          "tintindex": 0
        },
        "south": {
          "uv": [
            6.5625,
            8.0,
            0.0,
            13.4375
          ],
          "texture": "#layer0",
          "tintindex": 0
        },
        "up": {
          "uv": [
            6.5625,
            8.0,
            0.0,
            13.4375
          ],
          "texture": "#layer0",
          "tintindex": 0
        },
        "west": {
          "uv": [
            6.5625,
            8.0,
            0.0,
            13.4375
          ],
          "texture": "#layer0",
          "tintindex": 0
        }
      }
    },
    {
      "name": "albottom_1",
      "from": [
        4.505371,
        3.7900045,
        3.8359582
      ],
      "to": [
        10.2653055,
        8.502681,
        10.381334
      ],
      "rotation": {
        "angle": 0.0,
        "axis": "z",
        "origin": [
          8.0,
          8.0,
          8.0
        ]
      },
      "faces": {
        "down": {
          "uv": [
            8.0,
            7.9999995,
            13.317249,
            12.259375
          ],
          "texture": "#layer0",
          "tintindex": 0
        },
        "east": {
          "uv": [
            13.31725,
            8.0,
            8.0,
            12.259375
          ],
          "texture": "#layer0",
          "tintindex": 0
        },
        "north": {
          "uv": [
            13.31725,
            8.0,
            8.0,
            12.259375
          ],
          "texture": "#layer0",
          "tintindex": 0
        },
        "south": {
          "uv": [
            13.31725,
            8.0,
            8.0,
            12.259375
          ],
          "texture": "#layer0",
          "tintindex": 0
        },
        "up": {
          "uv": [
            13.317249,
            7.9999995,
            8.0,
            12.259375
          ],
          "texture": "#layer0",
          "tintindex": 0
        },
        "west": {
          "uv": [
            13.31725,
            8.0,
            8.0,
            12.259375
          ],
          "texture": "#layer0",
          "tintindex": 0
        }
      }
    },
    {
      "name": "albottom_2",
      "from": [
        6.2350454,
        5.747924,
        4.8832164
      ],
      "to": [
        10.685905,
        12.03149,
        10.381334
      ],
      "rotation": {
        "angle": 22.5,
        "axis": "z",
        "origin": [
          25.55936,
          4.351946,
          7.262354
        ]
      },
      "faces": {
        "down": {
          "uv": [
            0.0,
            7.9999995,
            2.745375,
            12.346125
          ],
          "texture": "#layer0",
          "tintindex": 0
        },
        "east": {
          "uv": [
            2.745375,
            8.0,
            0.0,
            12.346125
          ],
          "texture": "#layer0",
          "tintindex": 0
        },
        "north": {
          "uv": [
            2.745375,
            8.0,
            0.0,
            12.346125
          ],
          "texture": "#layer0",
          "tintindex": 0
        },
        "south": {
          "uv": [
            2.745375,
            8.0,
            0.0,
            12.346125
          ],
          "texture": "#layer0",
          "tintindex": 0
        },
        "up": {
          "uv": [
            2.745375,
            7.9999995,
            0.0,
            12.346125
          ],
          "texture": "#layer0",
          "tintindex": 0
        },
        "west": {
          "uv": [
            2.745375,
            8.0,
            0.0,
            12.346125
          ],
          "texture": "#layer0",
          "tintindex": 0
        }
      }
    },
    {
      "name": "albottom_3",
      "from": [
        12.933547,
        -0.027639389,
        5.3781624
      ],
      "to": [
        13.310569,
        0.64784074,
        6.2421503
      ],
      "rotation": {
        "angle": -45.0,
        "axis": "z",
        "origin": [
          25.55936,
          4.351946,
          7.262354
        ]
      },
      "faces": {
        "down": {
          "uv": [
            9.5,
            8.5,
            10.571875,
            9.543
          ],
          "texture": "#layer0",
          "tintindex": 0
        },
        "east": {
          "uv": [
            10.571875,
            8.5,
            9.5,
            9.043
          ],
          "texture": "#layer0",
          "tintindex": 0
        },
        "north": {
          "uv": [
            10.571875,
            8.5,
            9.5,
            9.043
          ],
          "texture": "#layer0",
          "tintindex": 0
        },
        "south": {
          "uv": [
            10.571875,
            8.5,
            9.5,
            9.043
          ],
          "texture": "#layer0",
          "tintindex": 0
        },
        "up": {
          "uv": [
            10.571875,
            8.5,
            9.5,
            9.543
          ],
          "texture": "#layer0",
          "tintindex": 0
        },
        "west": {
          "uv": [
            10.571875,
            8.5,
            9.5,
            9.043
          ],
          "texture": "#layer0",
          "tintindex": 0
        }
      }
    },
    {
      "name": "albottom_4",
      "from": [
        12.671744,
        -7.683118,
        5.1530004
      ],
      "to": [
        13.5723915,
        -0.027639866,
        6.467312
      ],
      "rotation": {
        "angle": -45.0,
        "axis": "z",
        "origin": [
          25.55936,
          4.351946,
          7.262354
        ]
      },
      "faces": {
        "down": {
          "uv": [
            0.0,
            8.0,
            0.14405,
            8.210213
          ],
          "texture": "#layer0",
          "tintindex": 0
        },
        "east": {
          "uv": [
            9.0625,
            8.5,
            8.0,
            14.4375
          ],
          "texture": "#layer0",
          "tintindex": 0
        },
        "north": {
          "uv": [
            9.0625,
            8.5,
            8.0,
            14.4375
          ],
          "texture": "#layer0",
          "tintindex": 0
        },
        "south": {
          "uv": [
            9.0625,
            8.5,
            8.0,
            14.4375
          ],
          "texture": "#layer0",
          "tintindex": 0
        },
        "up": {
          "uv": [
            6.5625,
            8.0,
            0.0,
            13.4375
          ],
          "texture": "#layer0",
          "tintindex": 0
        },
        "west": {
          "uv": [
            9.0625,
            8.5,
            8.0,
            14.4375
          ],
          "texture": "#layer0",
          "tintindex": 0
        }
      }
    },
    {
      "name": "albottom_5",
      "from": [
        7.676624,
        19.107273,
        8.87483
      ],
      "to": [
        8.985698,
        19.892715,
        9.922089
      ],
      "rotation": {
        "angle": 22.5,
        "axis": "x",
        "origin": [
          25.55936,
          4.351946,
          7.262354
        ]
      },
      "faces": {
        "down": {
          "uv": [
            9.5,
            8.5,
            10.571875,
            9.543
          ],
          "texture": "#layer0",
          "tintindex": 0
        },
        "east": {
          "uv": [
            10.571875,
            8.5,
            9.5,
            9.043
          ],
          "texture": "#layer0",
          "tintindex": 0
        },
        "north": {
          "uv": [
            10.571875,
            8.5,
            9.5,
            9.043
          ],
          "texture": "#layer0",
          "tintindex": 0
        },
        "south": {
          "uv": [
            10.571875,
            8.5,
            9.5,
            9.043
          ],
          "texture": "#layer0",
          "tintindex": 0
        },
        "up": {
          "uv": [
            10.571875,
            8.5,
            9.5,
            9.543
          ],
          "texture": "#layer0",
          "tintindex": 0
        },
        "west": {
          "uv": [
            10.571875,
            8.5,
            9.5,
            9.043
          ],
          "texture": "#layer0",
          "tintindex": 0
        }
      }
    },
    {
      "name": "albottom_6",
      "from": [
        4.7966595,
        16.446526,
        9.976946
      ],
      "to": [
        6.105734,
        17.231968,
        11.024204
      ],
      "rotation": {
        "angle": 22.5,
        "axis": "x",
        "origin": [
          25.55936,
          4.351946,
          7.262354
        ]
      },
      "faces": {
        "down": {
          "uv": [
            9.5,
            8.5,
            10.571875,
            9.543
          ],
          "texture": "#layer0",
          "tintindex": 0
        },
        "east": {
          "uv": [
            10.571875,
            8.5,
            9.5,
            9.043
          ],
          "texture": "#layer0",
          "tintindex": 0
        },
        "north": {
          "uv": [
            10.571875,
            8.5,
            9.5,
            9.043
          ],
          "texture": "#layer0",
          "tintindex": 0
        },
        "south": {
          "uv": [
            10.571875,
            8.5,
            9.5,
            9.043
          ],
          "texture": "#layer0",
          "tintindex": 0
        },
        "up": {
          "uv": [
            10.571875,
            8.5,
            9.5,
            9.543
          ],
          "texture": "#layer0",
          "tintindex": 0
        },
        "west": {
          "uv": [
            10.571875,
            8.5,
            9.5,
            9.043
          ],
          "texture": "#layer0",
          "tintindex": 0
        }
      }
    },
    {
      "name": "albottom_7",
      "from": [
        4.5348425,
        7.5448046,
        9.976946
      ],
      "to": [
        6.3675423,
        16.446526,
        11.024204
      ],
      "rotation": {
        "angle": 22.5,
        "axis": "x",
        "origin": [
          25.55936,
          4.351946,
          7.262354
        ]
      },
      "faces": {
        "down": {
          "uv": [
            0.0,
            7.9999995,
            0.293125,
            8.1675
          ],
          "texture": "#layer0",
          "tintindex": 0
        },
        "east": {
          "uv": [
            9.0625,
            8.5,
            8.0,
            14.4375
          ],
          "texture": "#layer0",
          "tintindex": 0
        },
        "north": {
          "uv": [
            9.0625,
            8.5,
            8.0,
            14.4375
          ],
          "texture": "#layer0",
          "tintindex": 0
        },
        "south": {
          "uv": [
            9.0625,
            8.5,
            8.0,
            14.4375
          ],
          "texture": "#layer0",
          "tintindex": 0
        },
        "up": {
          "uv": [
            6.5625,
            8.0,
            0.0,
            13.4375
          ],
          "texture": "#layer0",
          "tintindex": 0
        },
        "west": {
          "uv": [
            9.0625,
            8.5,
            8.0,
            14.4375
          ],
          "texture": "#layer0",
          "tintindex": 0
        }
      }
    },
    {
      "name": "albottom_8",
      "from": [
        7.4148192,
        10.205553,
        8.87483
      ],
      "to": [
        9.2475195,
        19.107273,
        9.922089
      ],
      "rotation": {
        "angle": 22.5,
        "axis": "x",
        "origin": [
          25.55936,
          4.351946,
          7.262354
        ]
      },
      "faces": {
        "down": {
          "uv": [
            0.0,
            7.9999995,
            0.293125,
            8.1675
          ],
          "texture": "#layer0",
          "tintindex": 0
        },
        "east": {
          "uv": [
            9.0625,
            8.5,
            8.0,
            14.4375
          ],
          "texture": "#layer0",
          "tintindex": 0
        },
        "north": {
          "uv": [
            9.0625,
            8.5,
            8.0,
            14.4375
          ],
          "texture": "#layer0",
          "tintindex": 0
        },
        "south": {
          "uv": [
            9.0625,
            8.5,
            8.0,
            14.4375
          ],
          "texture": "#layer0",
          "tintindex": 0
        },
        "up": {
          "uv": [
            6.5625,
            8.0,
            0.0,
            13.4375
          ],
          "texture": "#layer0",
          "tintindex": 0
        },
        "west": {
          "uv": [
            9.0625,
            8.5,
            8.0,
            14.4375
          ],
          "texture": "#layer0",
          "tintindex": 0
        }
      }
    },
    {
      "name": "albottom_9",
      "from": [
        10.362158,
        8.177061,
        7.8940883
      ],
      "to": [
        11.409416,
        8.9625025,
        9.203163
      ],
      "rotation": {
        "angle": -22.5,
        "axis": "z",
        "origin": [
          25.55936,
          4.351946,
          7.262354
        ]
      },
      "faces": {
        "down": {
          "uv": [
            9.5,
            8.5,
            10.571875,
            9.543
          ],
          "texture": "#layer0",
          "tintindex": 0
        },
        "east": {
          "uv": [
            10.571875,
            8.5,
            9.5,
            9.043
          ],
          "texture": "#layer0",
          "tintindex": 0
        },
        "north": {
          "uv": [
            10.571875,
            8.5,
            9.5,
            9.043
          ],
          "texture": "#layer0",
          "tintindex": 0
        },
        "south": {
          "uv": [
            10.571875,
            8.5,
            9.5,
            9.043
          ],
          "texture": "#layer0",
          "tintindex": 0
        },
        "up": {
          "uv": [
            10.571875,
            8.5,
            9.5,
            9.543
          ],
          "texture": "#layer0",
          "tintindex": 0
        },
        "west": {
          "uv": [
            10.571875,
            8.5,
            9.5,
            9.043
          ],
          "texture": "#layer0",
          "tintindex": 0
        }
      }
    },
    {
      "name": "albottom_10",
      "from": [
        10.100353,
        -0.72466016,
        7.6322784
      ],
      "to": [
        11.671243,
        8.17706,
        9.464985
      ],
      "rotation": {
        "angle": -22.5,
        "axis": "z",
        "origin": [
          25.55936,
          4.351946,
          7.262354
        ]
      },
      "faces": {
        "down": {
          "uv": [
            0.0,
            8.0,
            0.25125,
            8.293125
          ],
          "texture": "#layer0",
          "tintindex": 0
        },
        "east": {
          "uv": [
            9.0625,
            8.5,
            8.0,
            14.4375
          ],
          "texture": "#layer0",
          "tintindex": 0
        },
        "north": {
          "uv": [
            9.0625,
            8.5,
            8.0,
            14.4375
          ],
          "texture": "#layer0",
          "tintindex": 0
        },
        "south": {
          "uv": [
            9.0625,
            8.5,
            8.0,
            14.4375
          ],
          "texture": "#layer0",
          "tintindex": 0
        },
        "up": {
          "uv": [
            6.5625,
            8.0,
            0.0,
            13.4375
          ],
          "texture": "#layer0",
          "tintindex": 0
        },
        "west": {
          "uv": [
            9.0625,
            8.5,
            8.0,
            14.4375
          ],
          "texture": "#layer0",
          "tintindex": 0
        }
      }
    },
    {
      "name": "albottom_11",
      "from": [
        8.200254,
        18.766289,
        5.4258323
      ],
      "to": [
        9.509329,
        19.551731,
        6.47309
      ],
      "rotation": {
        "angle": -22.5,
        "axis": "x",
        "origin": [
          25.55936,
          4.351946,
          7.262354
        ]
      },
      "faces": {
        "down": {
          "uv": [
            9.5,
            8.5,
            10.571875,
            9.543
          ],
          "texture": "#layer0",
          "tintindex": 0
        },
        "east": {
          "uv": [
            10.571875,
            8.5,
            9.5,
            9.043
          ],
          "texture": "#layer0",
          "tintindex": 0
        },
        "north": {
          "uv": [
            10.571875,
            8.5,
            9.5,
            9.043
          ],
          "texture": "#layer0",
          "tintindex": 0
        },
        "south": {
          "uv": [
            10.571875,
            8.5,
            9.5,
            9.043
          ],
          "texture": "#layer0",
          "tintindex": 0
        },
        "up": {
          "uv": [
            10.571875,
            8.5,
            9.5,
            9.543
          ],
          "texture": "#layer0",
          "tintindex": 0
        },
        "west": {
          "uv": [
            10.571875,
            8.5,
            9.5,
            9.043
          ],
          "texture": "#layer0",
          "tintindex": 0
        }
      }
    },
    {
      "name": "albottom_12",
      "from": [
        5.896243,
        11.864235,
        6.8468304
      ],
      "to": [
        6.9435005,
        20.765957,
        8.679537
      ],
      "rotation": {
        "angle": 22.5,
        "axis": "z",
        "origin": [
          25.55936,
          4.351946,
          7.262354
        ]
      },
      "faces": {
        "down": {
          "uv": [
            0.0,
            8.0,
            0.1675,
            8.293125
          ],
          "texture": "#layer0",
          "tintindex": 0
        },
        "east": {
          "uv": [
            9.0625,
            8.5,
            8.0,
            14.4375
          ],
          "texture": "#layer0",
          "tintindex": 0
        },
        "north": {
          "uv": [
            9.0625,
            8.5,
            8.0,
            14.4375
          ],
          "texture": "#layer0",
          "tintindex": 0
        },
        "south": {
          "uv": [
            9.0625,
            8.5,
            8.0,
            14.4375
          ],
          "texture": "#layer0",
          "tintindex": 0
        },
        "up": {
          "uv": [
            6.5625,
            8.0,
            0.0,
            13.4375
          ],
          "texture": "#layer0",
          "tintindex": 0
        },
        "west": {
          "uv": [
            9.0625,
            8.5,
            8.0,
            14.4375
          ],
          "texture": "#layer0",
          "tintindex": 0
        }
      }
    },
    {
      "name": "albottom_13",
      "from": [
        6.158059,
        20.765942,
        7.1086464
      ],
      "to": [
        6.6816854,
        21.551384,
        8.417721
      ],
      "rotation": {
        "angle": 22.5,
        "axis": "z",
        "origin": [
          25.55936,
          4.351946,
          7.262354
        ]
      },
      "faces": {
        "down": {
          "uv": [
            9.5,
            8.5,
            10.571875,
            9.543
          ],
          "texture": "#layer0",
          "tintindex": 0
        },
        "east": {
          "uv": [
            10.571875,
            8.5,
            9.5,
            9.043
          ],
          "texture": "#layer0",
          "tintindex": 0
        },
        "north": {
          "uv": [
            10.571875,
            8.5,
            9.5,
            9.043
          ],
          "texture": "#layer0",
          "tintindex": 0
        },
        "south": {
          "uv": [
            10.571875,
            8.5,
            9.5,
            9.043
          ],
          "texture": "#layer0",
          "tintindex": 0
        },
        "up": {
          "uv": [
            10.571875,
            8.5,
            9.5,
            9.543
          ],
          "texture": "#layer0",
          "tintindex": 0
        },
        "west": {
          "uv": [
            10.571875,
            8.5,
            9.5,
            9.043
          ],
          "texture": "#layer0",
          "tintindex": 0
        }
      }
    },
    {
      "name": "albottom_14",
      "from": [
        7.6382713,
        15.131063,
        3.70505
      ],
      "to": [
        9.209162,
        25.603668,
        5.537756
      ],
      "rotation": {
        "angle": 22.5,
        "axis": "z",
        "origin": [
          25.55936,
          4.351946,
          7.262354
        ]
      },
      "faces": {
        "down": {
          "uv": [
            0.0,
            8.0,
            0.25125,
            8.293125
          ],
          "texture": "#layer0",
          "tintindex": 0
        },
        "east": {
          "uv": [
            9.0625,
            8.5,
            8.0,
            14.4375
          ],
          "texture": "#layer0",
          "tintindex": 0
        },
        "north": {
          "uv": [
            9.0625,
            8.5,
            8.0,
            14.4375
          ],
          "texture": "#layer0",
          "tintindex": 0
        },
        "south": {
          "uv": [
            9.0625,
            8.5,
            8.0,
            14.4375
          ],
          "texture": "#layer0",
          "tintindex": 0
        },
        "up": {
          "uv": [
            6.5625,
            8.0,
            0.0,
            13.4375
          ],
          "texture": "#layer0",
          "tintindex": 0
        },
        "west": {
          "uv": [
            9.0625,
            8.5,
            8.0,
            14.4375
          ],
          "texture": "#layer0",
          "tintindex": 0
        }
      }
    },
    {
      "name": "albottom_15",
      "from": [
        7.900093,
        25.603672,
        3.966866
      ],
      "to": [
        8.947351,
        26.389114,
        5.27594
      ],
      "rotation": {
        "angle": 22.5,
        "axis": "z",
        "origin": [
          25.55936,
          4.351946,
          7.262354
        ]
      },
      "faces": {
        "down": {
          "uv": [
            9.5,
            8.5,
            10.571875,
            9.543
          ],
          "texture": "#layer0",
          "tintindex": 0
        },
        "east": {
          "uv": [
            10.571875,
            8.5,
            9.5,
            9.043
          ],
          "texture": "#layer0",
          "tintindex": 0
        },
        "north": {
          "uv": [
            10.571875,
            8.5,
            9.5,
            9.043
          ],
          "texture": "#layer0",
          "tintindex": 0
        },
        "south": {
          "uv": [
            10.571875,
            8.5,
            9.5,
            9.043
          ],
          "texture": "#layer0",
          "tintindex": 0
        },
        "up": {
          "uv": [
            10.571875,
            8.5,
            9.5,
            9.543
          ],
          "texture": "#layer0",
          "tintindex": 0
        },
        "west": {
          "uv": [
            10.571875,
            8.5,
            9.5,
            9.043
          ],
          "texture": "#layer0",
          "tintindex": 0
        }
      }
    },
    {
      "name": "albottom_16",
      "from": [
        5.3202853,
        16.105541,
        4.32371
      ],
      "to": [
        6.6293592,
        16.890984,
        5.370968
      ],
      "rotation": {
        "angle": -22.5,
        "axis": "x",
        "origin": [
          25.55936,
          4.351946,
          7.262354
        ]
      },
      "faces": {
        "down": {
          "uv": [
            9.5,
            8.5,
            10.571875,
            9.543
          ],
          "texture": "#layer0",
          "tintindex": 0
        },
        "east": {
          "uv": [
            10.571875,
            8.5,
            9.5,
            9.043
          ],
          "texture": "#layer0",
          "tintindex": 0
        },
        "north": {
          "uv": [
            10.571875,
            8.5,
            9.5,
            9.043
          ],
          "texture": "#layer0",
          "tintindex": 0
        },
        "south": {
          "uv": [
            10.571875,
            8.5,
            9.5,
            9.043
          ],
          "texture": "#layer0",
          "tintindex": 0
        },
        "up": {
          "uv": [
            10.571875,
            8.5,
            9.5,
            9.543
          ],
          "texture": "#layer0",
          "tintindex": 0
        },
        "west": {
          "uv": [
            10.571875,
            8.5,
            9.5,
            9.043
          ],
          "texture": "#layer0",
          "tintindex": 0
        }
      }
    },
    {
      "name": "albottom_17",
      "from": [
        5.058463,
        7.2038183,
        4.32371
      ],
      "to": [
        6.8911695,
        16.10554,
        5.370968
      ],
      "rotation": {
        "angle": -22.5,
        "axis": "x",
        "origin": [
          25.55936,
          4.351946,
          7.262354
        ]
      },
      "faces": {
        "down": {
          "uv": [
            0.0,
            7.9999995,
            0.293125,
            8.1675
          ],
          "texture": "#layer0",
          "tintindex": 0
        },
        "east": {
          "uv": [
            9.0625,
            8.5,
            8.0,
            14.4375
          ],
          "texture": "#layer0",
          "tintindex": 0
        },
        "north": {
          "uv": [
            9.0625,
            8.5,
            8.0,
            14.4375
          ],
          "texture": "#layer0",
          "tintindex": 0
        },
        "south": {
          "uv": [
            9.0625,
            8.5,
            8.0,
            14.4375
          ],
          "texture": "#layer0",
          "tintindex": 0
        },
        "up": {
          "uv": [
            6.5625,
            8.0,
            0.0,
            13.4375
          ],
          "texture": "#layer0",
          "tintindex": 0
        },
        "west": {
          "uv": [
            9.0625,
            8.5,
            8.0,
            14.4375
          ],
          "texture": "#layer0",
          "tintindex": 0
        }
      }
    },
    {
      "name": "albottom_18",
      "from": [
        8.17079,
        9.864561,
        5.4258323
      ],
      "to": [
        10.00349,
        18.766281,
        6.47309
      ],
      "rotation": {
        "angle": -22.5,
        "axis": "x",
        "origin": [
          25.55936,
          4.351946,
          7.262354
        ]
      },
      "faces": {
        "down": {
          "uv": [
            0.0,
            7.9999995,
            0.293125,
            8.1675
          ],
          "texture": "#layer0",
          "tintindex": 0
        },
        "east": {
          "uv": [
            9.0625,
            8.5,
            8.0,
            14.4375
          ],
          "texture": "#layer0",
          "tintindex": 0
        },
        "north": {
          "uv": [
            9.0625,
            8.5,
            8.0,
            14.4375
          ],
          "texture": "#layer0",
          "tintindex": 0
        },
        "south": {
          "uv": [
            9.0625,
            8.5,
            8.0,
            14.4375
          ],
          "texture": "#layer0",
          "tintindex": 0
        },
        "up": {
          "uv": [
            6.5625,
            8.0,
            0.0,
            13.4375
          ],
          "texture": "#layer0",
          "tintindex": 0
        },
        "west": {
          "uv": [
            9.0625,
            8.5,
            8.0,
            14.4375
          ],
          "texture": "#layer0",
          "tintindex": 0
        }
      }
    }
  ],
  "display": {
    "head": {
      "translation": [
        0.0,
        -6.4,
        0.0
      ],
      "rotation": [
        0.0,
        0.0,
        0.0
      ],
      "scale": [
        3.8095,
        3.8095,
        3.8095
      ]
    },
    "gui": {
      "translation": [
        0.0,
        0.0,
        0.0
      ],
      "rotation": [
        35.0,
        225.0,
        0.0
      ],
      "scale": [
        0.625,
        0.625,
        0.625
      ]
    }
  }
}