{
  "file_name": "alf1",
  "texture_size": [
    128,
    128
  ],
  "textures": {
    "layer0": "modelengine:entity/ifrit"
  },
  "elements": [
    {
      "name": "alf1_0",
      "from": [
        7.08365,
        3.7811296,
        10.017986
      ],
      "to": [
        8.91635,
        9.017437,
        11.327061
      ],
      "rotation": {
        "angle": 45.0,
        "axis": "x",
        "origin": [
          24.315376,
          13.510688,
          8.371154
        ]
      },
      "faces": {
        "down": {
          "uv": [
            1.5,
            8.5,
            2.6,
            9.2875
          ],
          "texture": "#layer0",
          "tintindex": 0
        },
        "east": {
          "uv": [
            2.6,
            8.5,
            1.4999999,
            10.7875
          ],
          "texture": "#layer0",
          "tintindex": 0
        },
        "north": {
          "uv": [
            2.6,
            8.5,
            1.4999999,
            10.7875
          ],
          "texture": "#layer0",
          "tintindex": 0
        },
        "south": {
          "uv": [
            2.6,
            8.5,
            1.4999999,
            10.7875
          ],
          "texture": "#layer0",
          "tintindex": 0
        },
        "up": {
          "uv": [
            2.6,
            8.5,
            1.5,
            9.7875
          ],
          "texture": "#layer0",
          "tintindex": 0
        },
        "west": {
          "uv": [
            2.6,
            8.5,
            1.4999999,
            10.7875
          ],
          "texture": "#layer0",
          "tintindex": 0
        }
      }
    },
    {
      "name": "alf1_1",
      "from": [
        6.8218393,
        3.8149457,
        2.5884194
      ],
      "to": [
        9.178171,
        5.9094677,
        3.8974936
      ],
      "rotation": {
        "angle": 0.0,
        "axis": "z",
        "origin": [
          8.0,
          8.0,
          8.0
        ]
      },
      "faces": {
        "down": {
          "uv": [
            0.0,
            8.0,
            1.62975,
            9.614875
          ],
          "texture": "#layer0",
          "tintindex": 0
        },
        "east": {
          "uv": [
            1.62975,
            8.0,
            0.0,
            9.614875
          ],
          "texture": "#layer0",
          "tintindex": 0
        },
        "north": {
          "uv": [
            1.62975,
            8.0,
            0.0,
            9.614875
          ],
          "texture": "#layer0",
          "tintindex": 0
        },
        "south": {
          "uv": [
            1.62975,
            8.0,
            0.0,
            9.614875
          ],
          "texture": "#layer0",
          "tintindex": 0
        },
        "up": {
          "uv": [
            1.62975,
            8.0,
            0.0,
            9.614875
          ],
          "texture": "#layer0",
          "tintindex": 0
        },
        "west": {
          "uv": [
            1.62975,
            8.0,
            0.0,
            9.614875
          ],
          "texture": "#layer0",
          "tintindex": 0
        }
      }
    },
    {
      "name": "alf1_2",
      "from": [
        7.345466,
        3.6042314,
        -0.5816021
      ],
      "to": [
        8.65454,
        7.0078335,
        0.7274723
      ],
      "rotation": {
        "angle": -22.5,
        "axis": "x",
        "origin": [
          24.315376,
          13.510688,
          8.371154
        ]
      },
      "faces": {
        "down": {
          "uv": [
            9.5,
            10.0,
            10.571875,
            12.1
          ],
          "texture": "#layer0",
          "tintindex": 0
        },
        "east": {
          "uv": [
            10.571875,
            10.0,
            9.5,
            12.1
          ],
          "texture": "#layer0",
          "tintindex": 0
        },
        "north": {
          "uv": [
            10.571875,
            10.0,
            9.5,
            12.1
          ],
          "texture": "#layer0",
          "tintindex": 0
        },
        "south": {
          "uv": [
            10.571875,
            10.0,
            9.5,
            12.1
          ],
          "texture": "#layer0",
          "tintindex": 0
        },
        "up": {
          "uv": [
            10.571875,
            10.0,
            9.5,
            12.1
          ],
          "texture": "#layer0",
          "tintindex": 0
        },
        "west": {
          "uv": [
            10.571875,
            10.0,
            9.5,
            12.1
          ],
          "texture": "#layer0",
          "tintindex": 0
        }
      }
    },
    {
      "name": "alf1_3",
      "from": [
        7.6072826,
        4.630113,
        -3.3898907
      ],
      "to": [
        8.392725,
        8.033715,
        -2.6044488
      ],
      "rotation": {
        "angle": -45.0,
        "axis": "x",
        "origin": [
          24.315376,
          13.510688,
          8.371154
        ]
      },
      "faces": {
        "down": {
          "uv": [
            9.5,
            10.0,
            10.571875,
            12.1
          ],
          "texture": "#layer0",
          "tintindex": 0
        },
        "east": {
          "uv": [
            10.571875,
            10.0,
            9.5,
            12.1
          ],
          "texture": "#layer0",
          "tintindex": 0
        },
        "north": {
          "uv": [
            10.571875,
            10.0,
            9.5,
            12.1
          ],
          "texture": "#layer0",
          "tintindex": 0
        },
        "south": {
          "uv": [
            10.571875,
            10.0,
            9.5,
            12.1
          ],
          "texture": "#layer0",
          "tintindex": 0
        },
        "up": {
          "uv": [
            10.571875,
            10.0,
            9.5,
            12.1
          ],
          "texture": "#layer0",
          "tintindex": 0
        },
        "west": {
          "uv": [
            10.571875,
            10.0,
            9.5,
            12.1
          ],
          "texture": "#layer0",
          "tintindex": 0
        }
      }
    },
    {
      "name": "alf1_4",
      "from": [
        7.8690977,
        3.3210313,
        -3.1280742
      ],
      "to": [
        8.130914,
        4.6301055,
        -2.6044478
      ],
      "rotation": {
        "angle": -45.0,
        "axis": "x",
        "origin": [
          24.315376,
          13.510688,
          8.371154
        ]
      },
      "faces": {
        "down": {
          "uv": [
            9.5,
            10.0,
            10.571875,
            12.1
          ],
          "texture": "#layer0",
          "tintindex": 0
        },
        "east": {
          "uv": [
            10.571875,
            10.0,
            9.5,
            12.1
          ],
          "texture": "#layer0",
          "tintindex": 0
        },
        "north": {
          "uv": [
            10.571875,
            10.0,
            9.5,
            12.1
          ],
          "texture": "#layer0",
          "tintindex": 0
        },
        "south": {
          "uv": [
            10.571875,
            10.0,
            9.5,
            12.1
          ],
          "texture": "#layer0",
          "tintindex": 0
        },
        "up": {
          "uv": [
            10.571875,
            10.0,
            9.5,
            12.1
          ],
          "texture": "#layer0",
          "tintindex": 0
        },
        "west": {
          "uv": [
            10.571875,
            10.0,
            9.5,
            12.1
          ],
          "texture": "#layer0",
          "tintindex": 0
        }
      }
    }
  ],
  "display": {
    "head": {
      "translation": [
        0.0,
        -6.4,
        0.0
      ],
      "rotation": [
        0.0,
        0.0,
        0.0
      ],
      "scale": [
        3.8095,
        3.8095,
        3.8095
      ]
    },
    "gui": {
      "translation": [
        0.0,
        0.0,
        0.0
      ],
      "rotation": [
        35.0,
        225.0,
        0.0
      ],
      "scale": [
        0.625,
        0.625,
        0.625
      ]
    }
  }
}