{
  "file_name": "alf3",
  "texture_size": [
    128,
    128
  ],
  "textures": {
    "layer0": "modelengine:entity/ifrit"
  },
  "elements": [
    {
      "name": "alf3_0",
      "from": [
        7.6782618,
        7.1579657,
        6.627668
      ],
      "to": [
        11.817038,
        8.68277,
        9.023804
      ],
      "rotation": {
        "angle": -45.0,
        "axis": "z",
        "origin": [
          7.896583,
          7.909657,
          8.0
        ]
      },
      "faces": {
        "down": {
          "uv": [
            1.5,
            8.5,
            2.6,
            9.7875
          ],
          "texture": "#layer0",
          "tintindex": 0
        },
        "east": {
          "uv": [
            6.5625,
            8.0,
            0.0,
            13.4375
          ],
          "texture": "#layer0",
          "tintindex": 0
        },
        "north": {
          "uv": [
            1.5,
            10.7875,
            2.6,
            8.5
          ],
          "texture": "#layer0",
          "tintindex": 0
        },
        "south": {
          "uv": [
            1.5,
            10.7875,
            2.6,
            8.5
          ],
          "texture": "#layer0",
          "tintindex": 0
        },
        "up": {
          "uv": [
            2.6,
            8.5,
            1.5,
            9.7875
          ],
          "texture": "#layer0",
          "tintindex": 0
        },
        "west": {
          "uv": [
            2.6,
            8.5,
            1.4999999,
            10.7875
          ],
          "texture": "#layer0",
          "tintindex": 0
        }
      }
    },
    {
      "name": "alf3_1",
      "from": [
        8.599075,
        3.3553636,
        7.063334
      ],
      "to": [
        9.688226,
        4.880168,
        9.023804
      ],
      "rotation": {
        "angle": 22.5,
        "axis": "z",
        "origin": [
          7.896583,
          7.909657,
          8.0
        ]
      },
      "faces": {
        "down": {
          "uv": [
            0.0,
            8.0,
            1.071875,
            9.100875
          ],
          "texture": "#layer0",
          "tintindex": 0
        },
        "east": {
          "uv": [
            1.071875,
            8.0,
            0.0,
            9.100875
          ],
          "texture": "#layer0",
          "tintindex": 0
        },
        "north": {
          "uv": [
            1.071875,
            8.0,
            0.0,
            9.100875
          ],
          "texture": "#layer0",
          "tintindex": 0
        },
        "south": {
          "uv": [
            1.071875,
            8.0,
            0.0,
            9.100875
          ],
          "texture": "#layer0",
          "tintindex": 0
        },
        "up": {
          "uv": [
            1.071875,
            8.0,
            0.0,
            9.100875
          ],
          "texture": "#layer0",
          "tintindex": 0
        },
        "west": {
          "uv": [
            1.071875,
            8.0,
            0.0,
            9.100875
          ],
          "texture": "#layer0",
          "tintindex": 0
        }
      }
    },
    {
      "name": "alf3_2",
      "from": [
        10.205545,
        1.5558797,
        7.498988
      ],
      "to": [
        11.294696,
        4.387676,
        8.588139
      ],
      "rotation": {
        "angle": 0.0,
        "axis": "z",
        "origin": [
          8.0,
          8.0,
          8.0
        ]
      },
      "faces": {
        "down": {
          "uv": [
            9.5,
            10.0,
            10.571875,
            12.1
          ],
          "texture": "#layer0",
          "tintindex": 0
        },
        "east": {
          "uv": [
            10.571875,
            10.0,
            9.5,
            12.1
          ],
          "texture": "#layer0",
          "tintindex": 0
        },
        "north": {
          "uv": [
            10.571875,
            10.0,
            9.5,
            12.1
          ],
          "texture": "#layer0",
          "tintindex": 0
        },
        "south": {
          "uv": [
            10.571875,
            10.0,
            9.5,
            12.1
          ],
          "texture": "#layer0",
          "tintindex": 0
        },
        "up": {
          "uv": [
            10.571875,
            10.0,
            9.5,
            12.1
          ],
          "texture": "#layer0",
          "tintindex": 0
        },
        "west": {
          "uv": [
            10.571875,
            10.0,
            9.5,
            12.1
          ],
          "texture": "#layer0",
          "tintindex": 0
        }
      }
    },
    {
      "name": "alf3_3",
      "from": [
        12.563377,
        1.5869058,
        7.716824
      ],
      "to": [
        13.216867,
        3.547376,
        8.370314
      ],
      "rotation": {
        "angle": -22.5,
        "axis": "z",
        "origin": [
          7.896583,
          7.909657,
          8.0
        ]
      },
      "faces": {
        "down": {
          "uv": [
            9.5,
            10.0,
            10.571875,
            12.1
          ],
          "texture": "#layer0",
          "tintindex": 0
        },
        "east": {
          "uv": [
            10.571875,
            10.0,
            9.5,
            12.1
          ],
          "texture": "#layer0",
          "tintindex": 0
        },
        "north": {
          "uv": [
            10.571875,
            10.0,
            9.5,
            12.1
          ],
          "texture": "#layer0",
          "tintindex": 0
        },
        "south": {
          "uv": [
            10.571875,
            10.0,
            9.5,
            12.1
          ],
          "texture": "#layer0",
          "tintindex": 0
        },
        "up": {
          "uv": [
            10.571875,
            10.0,
            9.5,
            12.1
          ],
          "texture": "#layer0",
          "tintindex": 0
        },
        "west": {
          "uv": [
            10.571875,
            10.0,
            9.5,
            12.1
          ],
          "texture": "#layer0",
          "tintindex": 0
        }
      }
    },
    {
      "name": "alf3_4",
      "from": [
        12.563377,
        0.9334092,
        7.934648
      ],
      "to": [
        12.999031,
        1.8047292,
        8.152478
      ],
      "rotation": {
        "angle": -22.5,
        "axis": "z",
        "origin": [
          7.896583,
          7.909657,
          8.0
        ]
      },
      "faces": {
        "down": {
          "uv": [
            9.5,
            10.0,
            10.571875,
            12.1
          ],
          "texture": "#layer0",
          "tintindex": 0
        },
        "east": {
          "uv": [
            10.571875,
            10.0,
            9.5,
            12.1
          ],
          "texture": "#layer0",
          "tintindex": 0
        },
        "north": {
          "uv": [
            10.571875,
            10.0,
            9.5,
            12.1
          ],
          "texture": "#layer0",
          "tintindex": 0
        },
        "south": {
          "uv": [
            10.571875,
            10.0,
            9.5,
            12.1
          ],
          "texture": "#layer0",
          "tintindex": 0
        },
        "up": {
          "uv": [
            10.571875,
            10.0,
            9.5,
            12.1
          ],
          "texture": "#layer0",
          "tintindex": 0
        },
        "west": {
          "uv": [
            10.571875,
            10.0,
            9.5,
            12.1
          ],
          "texture": "#layer0",
          "tintindex": 0
        }
      }
    }
  ],
  "display": {
    "head": {
      "translation": [
        0.0,
        -6.4,
        0.0
      ],
      "rotation": [
        0.0,
        0.0,
        0.0
      ],
      "scale": [
        3.8095,
        3.8095,
        3.8095
      ]
    },
    "gui": {
      "translation": [
        0.0,
        0.0,
        0.0
      ],
      "rotation": [
        35.0,
        225.0,
        0.0
      ],
      "scale": [
        0.625,
        0.625,
        0.625
      ]
    }
  }
}