{
  "file_name": "alf4",
  "texture_size": [
    128,
    128
  ],
  "textures": {
    "layer0": "modelengine:entity/ifrit"
  },
  "elements": [
    {
      "name": "alf4_0",
      "from": [
        7.664541,
        6.806383,
        7.828214
      ],
      "to": [
        8.335461,
        8.723293,
        8.30744
      ],
      "rotation": {
        "angle": -45.0,
        "axis": "x",
        "origin": [
          8.0,
          8.144041,
          7.939958
        ]
      },
      "faces": {
        "down": {
          "uv": [
            1.5,
            9.2875,
            2.6,
            8.5
          ],
          "texture": "#layer0",
          "tintindex": 0
        },
        "east": {
          "uv": [
            1.5,
            8.5,
            2.6,
            10.7875
          ],
          "texture": "#layer0",
          "tintindex": 0
        },
        "north": {
          "uv": [
            1.5,
            8.5,
            2.6,
            10.7875
          ],
          "texture": "#layer0",
          "tintindex": 0
        },
        "south": {
          "uv": [
            1.5,
            8.5,
            2.6,
            10.7875
          ],
          "texture": "#layer0",
          "tintindex": 0
        },
        "up": {
          "uv": [
            2.6,
            9.7875,
            1.5,
            8.5
          ],
          "texture": "#layer0",
          "tintindex": 0
        },
        "west": {
          "uv": [
            1.5,
            8.5,
            2.6,
            10.7875
          ],
          "texture": "#layer0",
          "tintindex": 0
        }
      }
    },
    {
      "name": "alf4_1",
      "from": [
        7.5686955,
        6.8534713,
        8.691122
      ],
      "to": [
        8.431304,
        7.6202354,
        9.170347
      ],
      "rotation": {
        "angle": 0.0,
        "axis": "z",
        "origin": [
          8.0,
          8.0,
          8.0
        ]
      },
      "faces": {
        "down": {
          "uv": [
            0.0,
            9.614875,
            1.62975,
            8.0
          ],
          "texture": "#layer0",
          "tintindex": 0
        },
        "east": {
          "uv": [
            0.0,
            8.0,
            1.62975,
            9.614875
          ],
          "texture": "#layer0",
          "tintindex": 0
        },
        "north": {
          "uv": [
            0.0,
            8.0,
            1.62975,
            9.614875
          ],
          "texture": "#layer0",
          "tintindex": 0
        },
        "south": {
          "uv": [
            0.0,
            8.0,
            1.62975,
            9.614875
          ],
          "texture": "#layer0",
          "tintindex": 0
        },
        "up": {
          "uv": [
            1.62975,
            9.614875,
            0.0,
            8.0
          ],
          "texture": "#layer0",
          "tintindex": 0
        },
        "west": {
          "uv": [
            0.0,
            8.0,
            1.62975,
            9.614875
          ],
          "texture": "#layer0",
          "tintindex": 0
        }
      }
    },
    {
      "name": "alf4_2",
      "from": [
        7.7603903,
        6.2651234,
        9.054674
      ],
      "to": [
        8.239616,
        7.51112,
        9.533899
      ],
      "rotation": {
        "angle": 22.5,
        "axis": "x",
        "origin": [
          8.0,
          8.144041,
          7.939958
        ]
      },
      "faces": {
        "down": {
          "uv": [
            9.5,
            12.1,
            10.571875,
            10.0
          ],
          "texture": "#layer0",
          "tintindex": 0
        },
        "east": {
          "uv": [
            9.5,
            10.0,
            10.571875,
            12.1
          ],
          "texture": "#layer0",
          "tintindex": 0
        },
        "north": {
          "uv": [
            9.5,
            10.0,
            10.571875,
            12.1
          ],
          "texture": "#layer0",
          "tintindex": 0
        },
        "south": {
          "uv": [
            9.5,
            10.0,
            10.571875,
            12.1
          ],
          "texture": "#layer0",
          "tintindex": 0
        },
        "up": {
          "uv": [
            10.571875,
            12.1,
            9.5,
            10.0
          ],
          "texture": "#layer0",
          "tintindex": 0
        },
        "west": {
          "uv": [
            9.5,
            10.0,
            10.571875,
            12.1
          ],
          "texture": "#layer0",
          "tintindex": 0
        }
      }
    },
    {
      "name": "alf4_3",
      "from": [
        7.8562284,
        5.863406,
        9.733772
      ],
      "to": [
        8.143766,
        7.1094027,
        10.02131
      ],
      "rotation": {
        "angle": 45.0,
        "axis": "x",
        "origin": [
          8.0,
          8.144041,
          7.939958
        ]
      },
      "faces": {
        "down": {
          "uv": [
            9.5,
            12.1,
            10.571875,
            10.0
          ],
          "texture": "#layer0",
          "tintindex": 0
        },
        "east": {
          "uv": [
            9.5,
            10.0,
            10.571875,
            12.1
          ],
          "texture": "#layer0",
          "tintindex": 0
        },
        "north": {
          "uv": [
            9.5,
            10.0,
            10.571875,
            12.1
          ],
          "texture": "#layer0",
          "tintindex": 0
        },
        "south": {
          "uv": [
            9.5,
            10.0,
            10.571875,
            12.1
          ],
          "texture": "#layer0",
          "tintindex": 0
        },
        "up": {
          "uv": [
            10.571875,
            12.1,
            9.5,
            10.0
          ],
          "texture": "#layer0",
          "tintindex": 0
        },
        "west": {
          "uv": [
            9.5,
            10.0,
            10.571875,
            12.1
          ],
          "texture": "#layer0",
          "tintindex": 0
        }
      }
    },
    {
      "name": "alf4_4",
      "from": [
        7.952072,
        5.38418,
        9.733772
      ],
      "to": [
        8.047922,
        5.863406,
        9.92546
      ],
      "rotation": {
        "angle": 45.0,
        "axis": "x",
        "origin": [
          8.0,
          8.144041,
          7.939958
        ]
      },
      "faces": {
        "down": {
          "uv": [
            9.5,
            12.1,
            10.571875,
            10.0
          ],
          "texture": "#layer0",
          "tintindex": 0
        },
        "east": {
          "uv": [
            9.5,
            10.0,
            10.571875,
            12.1
          ],
          "texture": "#layer0",
          "tintindex": 0
        },
        "north": {
          "uv": [
            9.5,
            10.0,
            10.571875,
            12.1
          ],
          "texture": "#layer0",
          "tintindex": 0
        },
        "south": {
          "uv": [
            9.5,
            10.0,
            10.571875,
            12.1
          ],
          "texture": "#layer0",
          "tintindex": 0
        },
        "up": {
          "uv": [
            10.571875,
            12.1,
            9.5,
            10.0
          ],
          "texture": "#layer0",
          "tintindex": 0
        },
        "west": {
          "uv": [
            9.5,
            10.0,
            10.571875,
            12.1
          ],
          "texture": "#layer0",
          "tintindex": 0
        }
      }
    }
  ],
  "display": {
    "head": {
      "translation": [
        0.0,
        -6.4,
        0.0
      ],
      "rotation": [
        0.0,
        0.0,
        0.0
      ],
      "scale": [
        3.8095,
        3.8095,
        3.8095
      ]
    },
    "gui": {
      "translation": [
        0.0,
        0.0,
        0.0
      ],
      "rotation": [
        35.0,
        225.0,
        0.0
      ],
      "scale": [
        0.625,
        0.625,
        0.625
      ]
    }
  }
}