{
  "file_name": "arbottom",
  "texture_size": [
    128,
    128
  ],
  "textures": {
    "layer0": "modelengine:entity/ifrit"
  },
  "elements": [
    {
      "name": "arbottom_0",
      "from": [
        5.822379,
        2.775115,
        5.30846
      ],
      "to": [
        11.485966,
        9.092191,
        12.061202
      ],
      "rotation": {
        "angle": 0.0,
        "axis": "z",
        "origin": [
          8.0,
          8.0,
          8.0
        ]
      },
      "faces": {
        "down": {
          "uv": [
            6.5625,
            8.0,
            0.0,
            13.4375
          ],
          "texture": "#layer0",
          "tintindex": 0
        },
        "east": {
          "uv": [
            0.0,
            8.0,
            6.5625,
            13.4375
          ],
          "texture": "#layer0",
          "tintindex": 0
        },
        "north": {
          "uv": [
            0.0,
            8.0,
            6.5625,
            13.4375
          ],
          "texture": "#layer0",
          "tintindex": 0
        },
        "south": {
          "uv": [
            0.0,
            8.0,
            6.5625,
            13.4375
          ],
          "texture": "#layer0",
          "tintindex": 0
        },
        "up": {
          "uv": [
            0.0,
            8.0,
            6.5625,
            13.4375
          ],
          "texture": "#layer0",
          "tintindex": 0
        },
        "west": {
          "uv": [
            0.0,
            8.0,
            6.5625,
            13.4375
          ],
          "texture": "#layer0",
          "tintindex": 0
        }
      }
    },
    {
      "name": "arbottom_1",
      "from": [
        6.282554,
        -0.6689639,
        5.090624
      ],
      "to": [
        11.0748205,
        3.2519822,
        10.536374
      ],
      "rotation": {
        "angle": 0.0,
        "axis": "z",
        "origin": [
          8.0,
          8.0,
          8.0
        ]
      },
      "faces": {
        "down": {
          "uv": [
            13.31725,
            7.9999995,
            8.0,
            12.259375
          ],
          "texture": "#layer0",
          "tintindex": 0
        },
        "east": {
          "uv": [
            8.0,
            8.0,
            13.317249,
            12.259375
          ],
          "texture": "#layer0",
          "tintindex": 0
        },
        "north": {
          "uv": [
            8.0,
            8.0,
            13.317249,
            12.259375
          ],
          "texture": "#layer0",
          "tintindex": 0
        },
        "south": {
          "uv": [
            8.0,
            8.0,
            13.317249,
            12.259375
          ],
          "texture": "#layer0",
          "tintindex": 0
        },
        "up": {
          "uv": [
            8.0,
            7.9999995,
            13.31725,
            12.259375
          ],
          "texture": "#layer0",
          "tintindex": 0
        },
        "west": {
          "uv": [
            8.0,
            8.0,
            13.317249,
            12.259375
          ],
          "texture": "#layer0",
          "tintindex": 0
        }
      }
    },
    {
      "name": "arbottom_2",
      "from": [
        10.300598,
        -4.186601,
        5.961944
      ],
      "to": [
        14.003714,
        1.0413253,
        10.536381
      ],
      "rotation": {
        "angle": -22.5,
        "axis": "z",
        "origin": [
          8.6788225,
          8.204893,
          7.944098
        ]
      },
      "faces": {
        "down": {
          "uv": [
            2.745375,
            7.9999995,
            0.0,
            12.346125
          ],
          "texture": "#layer0",
          "tintindex": 0
        },
        "east": {
          "uv": [
            0.0,
            8.0,
            2.745375,
            12.346125
          ],
          "texture": "#layer0",
          "tintindex": 0
        },
        "north": {
          "uv": [
            0.0,
            8.0,
            2.745375,
            12.346125
          ],
          "texture": "#layer0",
          "tintindex": 0
        },
        "south": {
          "uv": [
            0.0,
            8.0,
            2.745375,
            12.346125
          ],
          "texture": "#layer0",
          "tintindex": 0
        },
        "up": {
          "uv": [
            0.0,
            7.9999995,
            2.745375,
            12.346125
          ],
          "texture": "#layer0",
          "tintindex": 0
        },
        "west": {
          "uv": [
            0.0,
            8.0,
            2.745375,
            12.346125
          ],
          "texture": "#layer0",
          "tintindex": 0
        }
      }
    },
    {
      "name": "arbottom_3",
      "from": [
        2.2335386,
        9.309019,
        6.373742
      ],
      "to": [
        2.5472186,
        9.871021,
        7.092578
      ],
      "rotation": {
        "angle": 45.0,
        "axis": "z",
        "origin": [
          8.6788225,
          8.204893,
          7.944098
        ]
      },
      "faces": {
        "down": {
          "uv": [
            10.571875,
            8.5,
            9.5,
            9.543
          ],
          "texture": "#layer0",
          "tintindex": 0
        },
        "east": {
          "uv": [
            9.5,
            8.5,
            10.571875,
            9.043
          ],
          "texture": "#layer0",
          "tintindex": 0
        },
        "north": {
          "uv": [
            9.5,
            8.5,
            10.571875,
            9.043
          ],
          "texture": "#layer0",
          "tintindex": 0
        },
        "south": {
          "uv": [
            9.5,
            8.5,
            10.571875,
            9.043
          ],
          "texture": "#layer0",
          "tintindex": 0
        },
        "up": {
          "uv": [
            9.5,
            8.5,
            10.571875,
            9.543
          ],
          "texture": "#layer0",
          "tintindex": 0
        },
        "west": {
          "uv": [
            9.5,
            8.5,
            10.571875,
            9.043
          ],
          "texture": "#layer0",
          "tintindex": 0
        }
      }
    },
    {
      "name": "arbottom_4",
      "from": [
        2.0157075,
        2.9396536,
        6.186404
      ],
      "to": [
        2.7650476,
        9.309013,
        7.27991
      ],
      "rotation": {
        "angle": 45.0,
        "axis": "z",
        "origin": [
          8.6788225,
          8.204893,
          7.944098
        ]
      },
      "faces": {
        "down": {
          "uv": [
            0.14405,
            8.0,
            0.0,
            8.210213
          ],
          "texture": "#layer0",
          "tintindex": 0
        },
        "east": {
          "uv": [
            8.0,
            8.5,
            9.0625,
            14.4375
          ],
          "texture": "#layer0",
          "tintindex": 0
        },
        "north": {
          "uv": [
            8.0,
            8.5,
            9.0625,
            14.4375
          ],
          "texture": "#layer0",
          "tintindex": 0
        },
        "south": {
          "uv": [
            8.0,
            8.5,
            9.0625,
            14.4375
          ],
          "texture": "#layer0",
          "tintindex": 0
        },
        "up": {
          "uv": [
            0.0,
            8.0,
            6.5625,
            13.4375
          ],
          "texture": "#layer0",
          "tintindex": 0
        },
        "west": {
          "uv": [
            8.0,
            8.5,
            9.0625,
            14.4375
          ],
          "texture": "#layer0",
          "tintindex": 0
        }
      }
    },
    {
      "name": "arbottom_5",
      "from": [
        7.3471894,
        12.713862,
        12.500133
      ],
      "to": [
        8.436339,
        13.3673525,
        13.371453
      ],
      "rotation": {
        "angle": 22.5,
        "axis": "x",
        "origin": [
          8.6788225,
          8.204893,
          7.944098
        ]
      },
      "faces": {
        "down": {
          "uv": [
            10.571875,
            8.5,
            9.5,
            9.543
          ],
          "texture": "#layer0",
          "tintindex": 0
        },
        "east": {
          "uv": [
            9.5,
            8.5,
            10.571875,
            9.043
          ],
          "texture": "#layer0",
          "tintindex": 0
        },
        "north": {
          "uv": [
            9.5,
            8.5,
            10.571875,
            9.043
          ],
          "texture": "#layer0",
          "tintindex": 0
        },
        "south": {
          "uv": [
            9.5,
            8.5,
            10.571875,
            9.043
          ],
          "texture": "#layer0",
          "tintindex": 0
        },
        "up": {
          "uv": [
            9.5,
            8.5,
            10.571875,
            9.543
          ],
          "texture": "#layer0",
          "tintindex": 0
        },
        "west": {
          "uv": [
            9.5,
            8.5,
            10.571875,
            9.043
          ],
          "texture": "#layer0",
          "tintindex": 0
        }
      }
    },
    {
      "name": "arbottom_6",
      "from": [
        9.743326,
        10.500122,
        13.417094
      ],
      "to": [
        10.832476,
        11.153612,
        14.288414
      ],
      "rotation": {
        "angle": 22.5,
        "axis": "x",
        "origin": [
          8.6788225,
          8.204893,
          7.944098
        ]
      },
      "faces": {
        "down": {
          "uv": [
            10.571875,
            8.5,
            9.5,
            9.543
          ],
          "texture": "#layer0",
          "tintindex": 0
        },
        "east": {
          "uv": [
            9.5,
            8.5,
            10.571875,
            9.043
          ],
          "texture": "#layer0",
          "tintindex": 0
        },
        "north": {
          "uv": [
            9.5,
            8.5,
            10.571875,
            9.043
          ],
          "texture": "#layer0",
          "tintindex": 0
        },
        "south": {
          "uv": [
            9.5,
            8.5,
            10.571875,
            9.043
          ],
          "texture": "#layer0",
          "tintindex": 0
        },
        "up": {
          "uv": [
            9.5,
            8.5,
            10.571875,
            9.543
          ],
          "texture": "#layer0",
          "tintindex": 0
        },
        "west": {
          "uv": [
            9.5,
            8.5,
            10.571875,
            9.043
          ],
          "texture": "#layer0",
          "tintindex": 0
        }
      }
    },
    {
      "name": "arbottom_7",
      "from": [
        9.525494,
        3.0938878,
        13.417094
      ],
      "to": [
        11.0503025,
        10.50012,
        14.288414
      ],
      "rotation": {
        "angle": 22.5,
        "axis": "x",
        "origin": [
          8.6788225,
          8.204893,
          7.944098
        ]
      },
      "faces": {
        "down": {
          "uv": [
            0.293125,
            7.9999995,
            0.0,
            8.1675
          ],
          "texture": "#layer0",
          "tintindex": 0
        },
        "east": {
          "uv": [
            8.0,
            8.5,
            9.0625,
            14.4375
          ],
          "texture": "#layer0",
          "tintindex": 0
        },
        "north": {
          "uv": [
            8.0,
            8.5,
            9.0625,
            14.4375
          ],
          "texture": "#layer0",
          "tintindex": 0
        },
        "south": {
          "uv": [
            8.0,
            8.5,
            9.0625,
            14.4375
          ],
          "texture": "#layer0",
          "tintindex": 0
        },
        "up": {
          "uv": [
            0.0,
            8.0,
            6.5625,
            13.4375
          ],
          "texture": "#layer0",
          "tintindex": 0
        },
        "west": {
          "uv": [
            8.0,
            8.5,
            9.0625,
            14.4375
          ],
          "texture": "#layer0",
          "tintindex": 0
        }
      }
    },
    {
      "name": "arbottom_8",
      "from": [
        7.129371,
        5.3076262,
        12.500133
      ],
      "to": [
        8.654175,
        12.713859,
        13.371453
      ],
      "rotation": {
        "angle": 22.5,
        "axis": "x",
        "origin": [
          8.6788225,
          8.204893,
          7.944098
        ]
      },
      "faces": {
        "down": {
          "uv": [
            0.293125,
            7.9999995,
            0.0,
            8.1675
          ],
          "texture": "#layer0",
          "tintindex": 0
        },
        "east": {
          "uv": [
            8.0,
            8.5,
            9.0625,
            14.4375
          ],
          "texture": "#layer0",
          "tintindex": 0
        },
        "north": {
          "uv": [
            8.0,
            8.5,
            9.0625,
            14.4375
          ],
          "texture": "#layer0",
          "tintindex": 0
        },
        "south": {
          "uv": [
            8.0,
            8.5,
            9.0625,
            14.4375
          ],
          "texture": "#layer0",
          "tintindex": 0
        },
        "up": {
          "uv": [
            0.0,
            8.0,
            6.5625,
            13.4375
          ],
          "texture": "#layer0",
          "tintindex": 0
        },
        "west": {
          "uv": [
            8.0,
            8.5,
            9.0625,
            14.4375
          ],
          "texture": "#layer0",
          "tintindex": 0
        }
      }
    },
    {
      "name": "arbottom_9",
      "from": [
        3.2647092,
        9.407473,
        8.466992
      ],
      "to": [
        4.1360292,
        10.060963,
        9.556143
      ],
      "rotation": {
        "angle": 22.5,
        "axis": "z",
        "origin": [
          8.6788225,
          8.204893,
          7.944098
        ]
      },
      "faces": {
        "down": {
          "uv": [
            10.571875,
            8.5,
            9.5,
            9.543
          ],
          "texture": "#layer0",
          "tintindex": 0
        },
        "east": {
          "uv": [
            9.5,
            8.5,
            10.571875,
            9.043
          ],
          "texture": "#layer0",
          "tintindex": 0
        },
        "north": {
          "uv": [
            9.5,
            8.5,
            10.571875,
            9.043
          ],
          "texture": "#layer0",
          "tintindex": 0
        },
        "south": {
          "uv": [
            9.5,
            8.5,
            10.571875,
            9.043
          ],
          "texture": "#layer0",
          "tintindex": 0
        },
        "up": {
          "uv": [
            9.5,
            8.5,
            10.571875,
            9.543
          ],
          "texture": "#layer0",
          "tintindex": 0
        },
        "west": {
          "uv": [
            9.5,
            8.5,
            10.571875,
            9.043
          ],
          "texture": "#layer0",
          "tintindex": 0
        }
      }
    },
    {
      "name": "arbottom_10",
      "from": [
        3.0468853,
        2.001254,
        8.249162
      ],
      "to": [
        4.353865,
        9.407486,
        9.773972
      ],
      "rotation": {
        "angle": 22.5,
        "axis": "z",
        "origin": [
          8.6788225,
          8.204893,
          7.944098
        ]
      },
      "faces": {
        "down": {
          "uv": [
            0.25125,
            8.0,
            0.0,
            8.293125
          ],
          "texture": "#layer0",
          "tintindex": 0
        },
        "east": {
          "uv": [
            8.0,
            8.5,
            9.0625,
            14.4375
          ],
          "texture": "#layer0",
          "tintindex": 0
        },
        "north": {
          "uv": [
            8.0,
            8.5,
            9.0625,
            14.4375
          ],
          "texture": "#layer0",
          "tintindex": 0
        },
        "south": {
          "uv": [
            8.0,
            8.5,
            9.0625,
            14.4375
          ],
          "texture": "#layer0",
          "tintindex": 0
        },
        "up": {
          "uv": [
            0.0,
            8.0,
            6.5625,
            13.4375
          ],
          "texture": "#layer0",
          "tintindex": 0
        },
        "west": {
          "uv": [
            8.0,
            8.5,
            9.0625,
            14.4375
          ],
          "texture": "#layer0",
          "tintindex": 0
        }
      }
    },
    {
      "name": "arbottom_11",
      "from": [
        6.9115267,
        12.432223,
        3.1966462
      ],
      "to": [
        8.000676,
        13.085713,
        4.067966
      ],
      "rotation": {
        "angle": -22.5,
        "axis": "x",
        "origin": [
          8.6788225,
          8.204893,
          7.944098
        ]
      },
      "faces": {
        "down": {
          "uv": [
            10.571875,
            8.5,
            9.5,
            9.543
          ],
          "texture": "#layer0",
          "tintindex": 0
        },
        "east": {
          "uv": [
            9.5,
            8.5,
            10.571875,
            9.043
          ],
          "texture": "#layer0",
          "tintindex": 0
        },
        "north": {
          "uv": [
            9.5,
            8.5,
            10.571875,
            9.043
          ],
          "texture": "#layer0",
          "tintindex": 0
        },
        "south": {
          "uv": [
            9.5,
            8.5,
            10.571875,
            9.043
          ],
          "texture": "#layer0",
          "tintindex": 0
        },
        "up": {
          "uv": [
            9.5,
            8.5,
            10.571875,
            9.543
          ],
          "texture": "#layer0",
          "tintindex": 0
        },
        "west": {
          "uv": [
            9.5,
            8.5,
            10.571875,
            9.043
          ],
          "texture": "#layer0",
          "tintindex": 0
        }
      }
    },
    {
      "name": "arbottom_12",
      "from": [
        13.41428,
        0.90217257,
        7.595672
      ],
      "to": [
        14.2856,
        8.308405,
        9.120476
      ],
      "rotation": {
        "angle": -22.5,
        "axis": "z",
        "origin": [
          8.6788225,
          8.204893,
          7.944098
        ]
      },
      "faces": {
        "down": {
          "uv": [
            0.1675,
            8.0,
            0.0,
            8.293125
          ],
          "texture": "#layer0",
          "tintindex": 0
        },
        "east": {
          "uv": [
            8.0,
            8.5,
            9.0625,
            14.4375
          ],
          "texture": "#layer0",
          "tintindex": 0
        },
        "north": {
          "uv": [
            8.0,
            8.5,
            9.0625,
            14.4375
          ],
          "texture": "#layer0",
          "tintindex": 0
        },
        "south": {
          "uv": [
            8.0,
            8.5,
            9.0625,
            14.4375
          ],
          "texture": "#layer0",
          "tintindex": 0
        },
        "up": {
          "uv": [
            0.0,
            8.0,
            6.5625,
            13.4375
          ],
          "texture": "#layer0",
          "tintindex": 0
        },
        "west": {
          "uv": [
            8.0,
            8.5,
            9.0625,
            14.4375
          ],
          "texture": "#layer0",
          "tintindex": 0
        }
      }
    },
    {
      "name": "arbottom_13",
      "from": [
        13.632111,
        8.3083935,
        7.8135023
      ],
      "to": [
        14.067764,
        8.961883,
        8.902653
      ],
      "rotation": {
        "angle": -22.5,
        "axis": "z",
        "origin": [
          8.6788225,
          8.204893,
          7.944098
        ]
      },
      "faces": {
        "down": {
          "uv": [
            10.571875,
            8.5,
            9.5,
            9.543
          ],
          "texture": "#layer0",
          "tintindex": 0
        },
        "east": {
          "uv": [
            9.5,
            8.5,
            10.571875,
            9.043
          ],
          "texture": "#layer0",
          "tintindex": 0
        },
        "north": {
          "uv": [
            9.5,
            8.5,
            10.571875,
            9.043
          ],
          "texture": "#layer0",
          "tintindex": 0
        },
        "south": {
          "uv": [
            9.5,
            8.5,
            10.571875,
            9.043
          ],
          "texture": "#layer0",
          "tintindex": 0
        },
        "up": {
          "uv": [
            9.5,
            8.5,
            10.571875,
            9.543
          ],
          "texture": "#layer0",
          "tintindex": 0
        },
        "west": {
          "uv": [
            9.5,
            8.5,
            10.571875,
            9.043
          ],
          "texture": "#layer0",
          "tintindex": 0
        }
      }
    },
    {
      "name": "arbottom_14",
      "from": [
        11.529242,
        3.6201558,
        4.981718
      ],
      "to": [
        12.836222,
        12.333368,
        6.506528
      ],
      "rotation": {
        "angle": -22.5,
        "axis": "z",
        "origin": [
          8.6788225,
          8.204893,
          7.944098
        ]
      },
      "faces": {
        "down": {
          "uv": [
            0.25125,
            8.0,
            0.0,
            8.293125
          ],
          "texture": "#layer0",
          "tintindex": 0
        },
        "east": {
          "uv": [
            8.0,
            8.5,
            9.0625,
            14.4375
          ],
          "texture": "#layer0",
          "tintindex": 0
        },
        "north": {
          "uv": [
            8.0,
            8.5,
            9.0625,
            14.4375
          ],
          "texture": "#layer0",
          "tintindex": 0
        },
        "south": {
          "uv": [
            8.0,
            8.5,
            9.0625,
            14.4375
          ],
          "texture": "#layer0",
          "tintindex": 0
        },
        "up": {
          "uv": [
            0.0,
            8.0,
            6.5625,
            13.4375
          ],
          "texture": "#layer0",
          "tintindex": 0
        },
        "west": {
          "uv": [
            8.0,
            8.5,
            9.0625,
            14.4375
          ],
          "texture": "#layer0",
          "tintindex": 0
        }
      }
    },
    {
      "name": "arbottom_15",
      "from": [
        11.74708,
        12.333374,
        5.199542
      ],
      "to": [
        12.6184,
        12.986864,
        6.288692
      ],
      "rotation": {
        "angle": -22.5,
        "axis": "z",
        "origin": [
          8.6788225,
          8.204893,
          7.944098
        ]
      },
      "faces": {
        "down": {
          "uv": [
            10.571875,
            8.5,
            9.5,
            9.543
          ],
          "texture": "#layer0",
          "tintindex": 0
        },
        "east": {
          "uv": [
            9.5,
            8.5,
            10.571875,
            9.043
          ],
          "texture": "#layer0",
          "tintindex": 0
        },
        "north": {
          "uv": [
            9.5,
            8.5,
            10.571875,
            9.043
          ],
          "texture": "#layer0",
          "tintindex": 0
        },
        "south": {
          "uv": [
            9.5,
            8.5,
            10.571875,
            9.043
          ],
          "texture": "#layer0",
          "tintindex": 0
        },
        "up": {
          "uv": [
            9.5,
            8.5,
            10.571875,
            9.543
          ],
          "texture": "#layer0",
          "tintindex": 0
        },
        "west": {
          "uv": [
            9.5,
            8.5,
            10.571875,
            9.043
          ],
          "texture": "#layer0",
          "tintindex": 0
        }
      }
    },
    {
      "name": "arbottom_16",
      "from": [
        9.30767,
        10.2184925,
        2.2796843
      ],
      "to": [
        10.39682,
        10.871983,
        3.1510043
      ],
      "rotation": {
        "angle": -22.5,
        "axis": "x",
        "origin": [
          8.6788225,
          8.204893,
          7.944098
        ]
      },
      "faces": {
        "down": {
          "uv": [
            10.571875,
            8.5,
            9.5,
            9.543
          ],
          "texture": "#layer0",
          "tintindex": 0
        },
        "east": {
          "uv": [
            9.5,
            8.5,
            10.571875,
            9.043
          ],
          "texture": "#layer0",
          "tintindex": 0
        },
        "north": {
          "uv": [
            9.5,
            8.5,
            10.571875,
            9.043
          ],
          "texture": "#layer0",
          "tintindex": 0
        },
        "south": {
          "uv": [
            9.5,
            8.5,
            10.571875,
            9.043
          ],
          "texture": "#layer0",
          "tintindex": 0
        },
        "up": {
          "uv": [
            9.5,
            8.5,
            10.571875,
            9.543
          ],
          "texture": "#layer0",
          "tintindex": 0
        },
        "west": {
          "uv": [
            9.5,
            8.5,
            10.571875,
            9.043
          ],
          "texture": "#layer0",
          "tintindex": 0
        }
      }
    },
    {
      "name": "arbottom_17",
      "from": [
        9.089834,
        2.8122602,
        2.2796843
      ],
      "to": [
        10.614645,
        10.2184925,
        3.1510043
      ],
      "rotation": {
        "angle": -22.5,
        "axis": "x",
        "origin": [
          8.6788225,
          8.204893,
          7.944098
        ]
      },
      "faces": {
        "down": {
          "uv": [
            0.293125,
            7.9999995,
            0.0,
            8.1675
          ],
          "texture": "#layer0",
          "tintindex": 0
        },
        "east": {
          "uv": [
            8.0,
            8.5,
            9.0625,
            14.4375
          ],
          "texture": "#layer0",
          "tintindex": 0
        },
        "north": {
          "uv": [
            8.0,
            8.5,
            9.0625,
            14.4375
          ],
          "texture": "#layer0",
          "tintindex": 0
        },
        "south": {
          "uv": [
            8.0,
            8.5,
            9.0625,
            14.4375
          ],
          "texture": "#layer0",
          "tintindex": 0
        },
        "up": {
          "uv": [
            0.0,
            8.0,
            6.5625,
            13.4375
          ],
          "texture": "#layer0",
          "tintindex": 0
        },
        "west": {
          "uv": [
            8.0,
            8.5,
            9.0625,
            14.4375
          ],
          "texture": "#layer0",
          "tintindex": 0
        }
      }
    },
    {
      "name": "arbottom_18",
      "from": [
        6.500389,
        5.025996,
        3.1966462
      ],
      "to": [
        8.025199,
        12.432229,
        4.067966
      ],
      "rotation": {
        "angle": -22.5,
        "axis": "x",
        "origin": [
          8.6788225,
          8.204893,
          7.944098
        ]
      },
      "faces": {
        "down": {
          "uv": [
            0.293125,
            7.9999995,
            0.0,
            8.1675
          ],
          "texture": "#layer0",
          "tintindex": 0
        },
        "east": {
          "uv": [
            8.0,
            8.5,
            9.0625,
            14.4375
          ],
          "texture": "#layer0",
          "tintindex": 0
        },
        "north": {
          "uv": [
            8.0,
            8.5,
            9.0625,
            14.4375
          ],
          "texture": "#layer0",
          "tintindex": 0
        },
        "south": {
          "uv": [
            8.0,
            8.5,
            9.0625,
            14.4375
          ],
          "texture": "#layer0",
          "tintindex": 0
        },
        "up": {
          "uv": [
            0.0,
            8.0,
            6.5625,
            13.4375
          ],
          "texture": "#layer0",
          "tintindex": 0
        },
        "west": {
          "uv": [
            8.0,
            8.5,
            9.0625,
            14.4375
          ],
          "texture": "#layer0",
          "tintindex": 0
        }
      }
    }
  ],
  "display": {
    "head": {
      "translation": [
        0.0,
        -6.4,
        0.0
      ],
      "rotation": [
        0.0,
        0.0,
        0.0
      ],
      "scale": [
        3.8095,
        3.8095,
        3.8095
      ]
    },
    "gui": {
      "translation": [
        0.0,
        0.0,
        0.0
      ],
      "rotation": [
        35.0,
        225.0,
        0.0
      ],
      "scale": [
        0.625,
        0.625,
        0.625
      ]
    }
  }
}