{
  "file_name": "arbottom",
  "texture_size": [
    128,
    128
  ],
  "textures": {
    "layer0": "modelengine:entity/ifrit"
  },
  "elements": [
    {
      "name": "arbottom_0",
      "from": [
        2.7795084,
        0.6359234,
        4.2377725
      ],
      "to": [
        10.694853,
        9.464577,
        13.675305
      ],
      "rotation": {
        "angle": 0.0,
        "axis": "z",
        "origin": [
          8.0,
          8.0,
          8.0
        ]
      },
      "faces": {
        "down": {
          "uv": [
            6.5625,
            8.0,
            0.0,
            13.4375
          ],
          "texture": "#layer0",
          "tintindex": 0
        },
        "east": {
          "uv": [
            0.0,
            8.0,
            6.5625,
            13.4375
          ],
          "texture": "#layer0",
          "tintindex": 0
        },
        "north": {
          "uv": [
            0.0,
            8.0,
            6.5625,
            13.4375
          ],
          "texture": "#layer0",
          "tintindex": 0
        },
        "south": {
          "uv": [
            0.0,
            8.0,
            6.5625,
            13.4375
          ],
          "texture": "#layer0",
          "tintindex": 0
        },
        "up": {
          "uv": [
            0.0,
            8.0,
            6.5625,
            13.4375
          ],
          "texture": "#layer0",
          "tintindex": 0
        },
        "west": {
          "uv": [
            0.0,
            8.0,
            6.5625,
            13.4375
          ],
          "texture": "#layer0",
          "tintindex": 0
        }
      }
    },
    {
      "name": "arbottom_1",
      "from": [
        3.4226556,
        -4.177469,
        3.933332
      ],
      "to": [
        10.120252,
        1.3023857,
        11.544236
      ],
      "rotation": {
        "angle": 0.0,
        "axis": "z",
        "origin": [
          8.0,
          8.0,
          8.0
        ]
      },
      "faces": {
        "down": {
          "uv": [
            13.31725,
            7.9999995,
            8.0,
            12.259375
          ],
          "texture": "#layer0",
          "tintindex": 0
        },
        "east": {
          "uv": [
            8.0,
            8.0,
            13.317249,
            12.259375
          ],
          "texture": "#layer0",
          "tintindex": 0
        },
        "north": {
          "uv": [
            8.0,
            8.0,
            13.317249,
            12.259375
          ],
          "texture": "#layer0",
          "tintindex": 0
        },
        "south": {
          "uv": [
            8.0,
            8.0,
            13.317249,
            12.259375
          ],
          "texture": "#layer0",
          "tintindex": 0
        },
        "up": {
          "uv": [
            8.0,
            7.9999995,
            13.31725,
            12.259375
          ],
          "texture": "#layer0",
          "tintindex": 0
        },
        "west": {
          "uv": [
            8.0,
            8.0,
            13.317249,
            12.259375
          ],
          "texture": "#layer0",
          "tintindex": 0
        }
      }
    },
    {
      "name": "arbottom_2",
      "from": [
        7.730756,
        -1.0759296,
        5.1510744
      ],
      "to": [
        12.906177,
        6.2305408,
        11.544236
      ],
      "rotation": {
        "angle": -22.5,
        "axis": "z",
        "origin": [
          -14.036044,
          8.946879,
          7.917518
        ]
      },
      "faces": {
        "down": {
          "uv": [
            2.745375,
            7.9999995,
            0.0,
            12.346125
          ],
          "texture": "#layer0",
          "tintindex": 0
        },
        "east": {
          "uv": [
            0.0,
            8.0,
            2.745375,
            12.346125
          ],
          "texture": "#layer0",
          "tintindex": 0
        },
        "north": {
          "uv": [
            0.0,
            8.0,
            2.745375,
            12.346125
          ],
          "texture": "#layer0",
          "tintindex": 0
        },
        "south": {
          "uv": [
            0.0,
            8.0,
            2.745375,
            12.346125
          ],
          "texture": "#layer0",
          "tintindex": 0
        },
        "up": {
          "uv": [
            0.0,
            7.9999995,
            2.745375,
            12.346125
          ],
          "texture": "#layer0",
          "tintindex": 0
        },
        "west": {
          "uv": [
            0.0,
            8.0,
            2.745375,
            12.346125
          ],
          "texture": "#layer0",
          "tintindex": 0
        }
      }
    },
    {
      "name": "arbottom_3",
      "from": [
        -8.84143,
        -4.7340636,
        5.726594
      ],
      "to": [
        -8.403033,
        -3.9486217,
        6.731234
      ],
      "rotation": {
        "angle": 45.0,
        "axis": "z",
        "origin": [
          -14.036044,
          8.946879,
          7.917518
        ]
      },
      "faces": {
        "down": {
          "uv": [
            10.571875,
            8.5,
            9.5,
            9.543
          ],
          "texture": "#layer0",
          "tintindex": 0
        },
        "east": {
          "uv": [
            9.5,
            8.5,
            10.571875,
            9.043
          ],
          "texture": "#layer0",
          "tintindex": 0
        },
        "north": {
          "uv": [
            9.5,
            8.5,
            10.571875,
            9.043
          ],
          "texture": "#layer0",
          "tintindex": 0
        },
        "south": {
          "uv": [
            9.5,
            8.5,
            10.571875,
            9.043
          ],
          "texture": "#layer0",
          "tintindex": 0
        },
        "up": {
          "uv": [
            9.5,
            8.5,
            10.571875,
            9.543
          ],
          "texture": "#layer0",
          "tintindex": 0
        },
        "west": {
          "uv": [
            9.5,
            8.5,
            10.571875,
            9.043
          ],
          "texture": "#layer0",
          "tintindex": 0
        }
      }
    },
    {
      "name": "arbottom_4",
      "from": [
        -9.145859,
        -13.635797,
        5.464778
      ],
      "to": [
        -8.098595,
        -4.7340755,
        6.9930506
      ],
      "rotation": {
        "angle": 45.0,
        "axis": "z",
        "origin": [
          -14.036044,
          8.946879,
          7.917518
        ]
      },
      "faces": {
        "down": {
          "uv": [
            0.14405,
            8.0,
            0.0,
            8.210213
          ],
          "texture": "#layer0",
          "tintindex": 0
        },
        "east": {
          "uv": [
            8.0,
            8.5,
            9.0625,
            14.4375
          ],
          "texture": "#layer0",
          "tintindex": 0
        },
        "north": {
          "uv": [
            8.0,
            8.5,
            9.0625,
            14.4375
          ],
          "texture": "#layer0",
          "tintindex": 0
        },
        "south": {
          "uv": [
            8.0,
            8.5,
            9.0625,
            14.4375
          ],
          "texture": "#layer0",
          "tintindex": 0
        },
        "up": {
          "uv": [
            0.0,
            8.0,
            6.5625,
            13.4375
          ],
          "texture": "#layer0",
          "tintindex": 0
        },
        "west": {
          "uv": [
            8.0,
            8.5,
            9.0625,
            14.4375
          ],
          "texture": "#layer0",
          "tintindex": 0
        }
      }
    },
    {
      "name": "arbottom_5",
      "from": [
        4.9105587,
        14.582596,
        14.564907
      ],
      "to": [
        6.4327407,
        15.495905,
        15.782649
      ],
      "rotation": {
        "angle": 22.5,
        "axis": "x",
        "origin": [
          -14.036044,
          8.946879,
          7.917518
        ]
      },
      "faces": {
        "down": {
          "uv": [
            10.571875,
            8.5,
            9.5,
            9.543
          ],
          "texture": "#layer0",
          "tintindex": 0
        },
        "east": {
          "uv": [
            9.5,
            8.5,
            10.571875,
            9.043
          ],
          "texture": "#layer0",
          "tintindex": 0
        },
        "north": {
          "uv": [
            9.5,
            8.5,
            10.571875,
            9.043
          ],
          "texture": "#layer0",
          "tintindex": 0
        },
        "south": {
          "uv": [
            9.5,
            8.5,
            10.571875,
            9.043
          ],
          "texture": "#layer0",
          "tintindex": 0
        },
        "up": {
          "uv": [
            9.5,
            8.5,
            10.571875,
            9.543
          ],
          "texture": "#layer0",
          "tintindex": 0
        },
        "west": {
          "uv": [
            9.5,
            8.5,
            10.571875,
            9.043
          ],
          "texture": "#layer0",
          "tintindex": 0
        }
      }
    },
    {
      "name": "arbottom_6",
      "from": [
        8.259363,
        11.488704,
        15.846435
      ],
      "to": [
        9.781546,
        12.402012,
        17.064177
      ],
      "rotation": {
        "angle": 22.5,
        "axis": "x",
        "origin": [
          -14.036044,
          8.946879,
          7.917518
        ]
      },
      "faces": {
        "down": {
          "uv": [
            10.571875,
            8.5,
            9.5,
            9.543
          ],
          "texture": "#layer0",
          "tintindex": 0
        },
        "east": {
          "uv": [
            9.5,
            8.5,
            10.571875,
            9.043
          ],
          "texture": "#layer0",
          "tintindex": 0
        },
        "north": {
          "uv": [
            9.5,
            8.5,
            10.571875,
            9.043
          ],
          "texture": "#layer0",
          "tintindex": 0
        },
        "south": {
          "uv": [
            9.5,
            8.5,
            10.571875,
            9.043
          ],
          "texture": "#layer0",
          "tintindex": 0
        },
        "up": {
          "uv": [
            9.5,
            8.5,
            10.571875,
            9.543
          ],
          "texture": "#layer0",
          "tintindex": 0
        },
        "west": {
          "uv": [
            9.5,
            8.5,
            10.571875,
            9.043
          ],
          "texture": "#layer0",
          "tintindex": 0
        }
      }
    },
    {
      "name": "arbottom_7",
      "from": [
        7.9549356,
        1.137866,
        15.846435
      ],
      "to": [
        10.085985,
        11.488707,
        17.064177
      ],
      "rotation": {
        "angle": 22.5,
        "axis": "x",
        "origin": [
          -14.036044,
          8.946879,
          7.917518
        ]
      },
      "faces": {
        "down": {
          "uv": [
            0.293125,
            7.9999995,
            0.0,
            8.1675
          ],
          "texture": "#layer0",
          "tintindex": 0
        },
        "east": {
          "uv": [
            8.0,
            8.5,
            9.0625,
            14.4375
          ],
          "texture": "#layer0",
          "tintindex": 0
        },
        "north": {
          "uv": [
            8.0,
            8.5,
            9.0625,
            14.4375
          ],
          "texture": "#layer0",
          "tintindex": 0
        },
        "south": {
          "uv": [
            8.0,
            8.5,
            9.0625,
            14.4375
          ],
          "texture": "#layer0",
          "tintindex": 0
        },
        "up": {
          "uv": [
            0.0,
            8.0,
            6.5625,
            13.4375
          ],
          "texture": "#layer0",
          "tintindex": 0
        },
        "west": {
          "uv": [
            8.0,
            8.5,
            9.0625,
            14.4375
          ],
          "texture": "#layer0",
          "tintindex": 0
        }
      }
    },
    {
      "name": "arbottom_8",
      "from": [
        4.606131,
        4.2317486,
        14.564907
      ],
      "to": [
        6.7371807,
        14.582589,
        15.782649
      ],
      "rotation": {
        "angle": 22.5,
        "axis": "x",
        "origin": [
          -14.036044,
          8.946879,
          7.917518
        ]
      },
      "faces": {
        "down": {
          "uv": [
            0.293125,
            7.9999995,
            0.0,
            8.1675
          ],
          "texture": "#layer0",
          "tintindex": 0
        },
        "east": {
          "uv": [
            8.0,
            8.5,
            9.0625,
            14.4375
          ],
          "texture": "#layer0",
          "tintindex": 0
        },
        "north": {
          "uv": [
            8.0,
            8.5,
            9.0625,
            14.4375
          ],
          "texture": "#layer0",
          "tintindex": 0
        },
        "south": {
          "uv": [
            8.0,
            8.5,
            9.0625,
            14.4375
          ],
          "texture": "#layer0",
          "tintindex": 0
        },
        "up": {
          "uv": [
            0.0,
            8.0,
            6.5625,
            13.4375
          ],
          "texture": "#layer0",
          "tintindex": 0
        },
        "west": {
          "uv": [
            8.0,
            8.5,
            9.0625,
            14.4375
          ],
          "texture": "#layer0",
          "tintindex": 0
        }
      }
    },
    {
      "name": "arbottom_9",
      "from": [
        -2.6553755,
        1.9974432,
        8.652092
      ],
      "to": [
        -1.4376335,
        2.910751,
        10.174274
      ],
      "rotation": {
        "angle": 22.5,
        "axis": "z",
        "origin": [
          -14.036044,
          8.946879,
          7.917518
        ]
      },
      "faces": {
        "down": {
          "uv": [
            10.571875,
            8.5,
            9.5,
            9.543
          ],
          "texture": "#layer0",
          "tintindex": 0
        },
        "east": {
          "uv": [
            9.5,
            8.5,
            10.571875,
            9.043
          ],
          "texture": "#layer0",
          "tintindex": 0
        },
        "north": {
          "uv": [
            9.5,
            8.5,
            10.571875,
            9.043
          ],
          "texture": "#layer0",
          "tintindex": 0
        },
        "south": {
          "uv": [
            9.5,
            8.5,
            10.571875,
            9.043
          ],
          "texture": "#layer0",
          "tintindex": 0
        },
        "up": {
          "uv": [
            9.5,
            8.5,
            10.571875,
            9.543
          ],
          "texture": "#layer0",
          "tintindex": 0
        },
        "west": {
          "uv": [
            9.5,
            8.5,
            10.571875,
            9.043
          ],
          "texture": "#layer0",
          "tintindex": 0
        }
      }
    },
    {
      "name": "arbottom_10",
      "from": [
        -2.9598165,
        -8.353383,
        8.347658
      ],
      "to": [
        -1.1332006,
        1.9974569,
        10.478708
      ],
      "rotation": {
        "angle": 22.5,
        "axis": "z",
        "origin": [
          -14.036044,
          8.946879,
          7.917518
        ]
      },
      "faces": {
        "down": {
          "uv": [
            0.25125,
            8.0,
            0.0,
            8.293125
          ],
          "texture": "#layer0",
          "tintindex": 0
        },
        "east": {
          "uv": [
            8.0,
            8.5,
            9.0625,
            14.4375
          ],
          "texture": "#layer0",
          "tintindex": 0
        },
        "north": {
          "uv": [
            8.0,
            8.5,
            9.0625,
            14.4375
          ],
          "texture": "#layer0",
          "tintindex": 0
        },
        "south": {
          "uv": [
            8.0,
            8.5,
            9.0625,
            14.4375
          ],
          "texture": "#layer0",
          "tintindex": 0
        },
        "up": {
          "uv": [
            0.0,
            8.0,
            6.5625,
            13.4375
          ],
          "texture": "#layer0",
          "tintindex": 0
        },
        "west": {
          "uv": [
            8.0,
            8.5,
            9.0625,
            14.4375
          ],
          "texture": "#layer0",
          "tintindex": 0
        }
      }
    },
    {
      "name": "arbottom_11",
      "from": [
        4.301692,
        14.18609,
        1.009604
      ],
      "to": [
        5.8238735,
        15.099399,
        2.2273462
      ],
      "rotation": {
        "angle": -22.5,
        "axis": "x",
        "origin": [
          -14.036044,
          8.946879,
          7.917518
        ]
      },
      "faces": {
        "down": {
          "uv": [
            10.571875,
            8.5,
            9.5,
            9.543
          ],
          "texture": "#layer0",
          "tintindex": 0
        },
        "east": {
          "uv": [
            9.5,
            8.5,
            10.571875,
            9.043
          ],
          "texture": "#layer0",
          "tintindex": 0
        },
        "north": {
          "uv": [
            9.5,
            8.5,
            10.571875,
            9.043
          ],
          "texture": "#layer0",
          "tintindex": 0
        },
        "south": {
          "uv": [
            9.5,
            8.5,
            10.571875,
            9.043
          ],
          "texture": "#layer0",
          "tintindex": 0
        },
        "up": {
          "uv": [
            9.5,
            8.5,
            10.571875,
            9.543
          ],
          "texture": "#layer0",
          "tintindex": 0
        },
        "west": {
          "uv": [
            9.5,
            8.5,
            10.571875,
            9.043
          ],
          "texture": "#layer0",
          "tintindex": 0
        }
      }
    },
    {
      "name": "arbottom_12",
      "from": [
        12.082388,
        6.0360613,
        7.4343505
      ],
      "to": [
        13.30013,
        16.386902,
        9.5654
      ],
      "rotation": {
        "angle": -22.5,
        "axis": "z",
        "origin": [
          -14.036044,
          8.946879,
          7.917518
        ]
      },
      "faces": {
        "down": {
          "uv": [
            0.1675,
            8.0,
            0.0,
            8.293125
          ],
          "texture": "#layer0",
          "tintindex": 0
        },
        "east": {
          "uv": [
            8.0,
            8.5,
            9.0625,
            14.4375
          ],
          "texture": "#layer0",
          "tintindex": 0
        },
        "north": {
          "uv": [
            8.0,
            8.5,
            9.0625,
            14.4375
          ],
          "texture": "#layer0",
          "tintindex": 0
        },
        "south": {
          "uv": [
            8.0,
            8.5,
            9.0625,
            14.4375
          ],
          "texture": "#layer0",
          "tintindex": 0
        },
        "up": {
          "uv": [
            0.0,
            8.0,
            6.5625,
            13.4375
          ],
          "texture": "#layer0",
          "tintindex": 0
        },
        "west": {
          "uv": [
            8.0,
            8.5,
            9.0625,
            14.4375
          ],
          "texture": "#layer0",
          "tintindex": 0
        }
      }
    },
    {
      "name": "arbottom_13",
      "from": [
        12.386824,
        16.386887,
        7.7387843
      ],
      "to": [
        12.995692,
        17.300194,
        9.260966
      ],
      "rotation": {
        "angle": -22.5,
        "axis": "z",
        "origin": [
          -14.036044,
          8.946879,
          7.917518
        ]
      },
      "faces": {
        "down": {
          "uv": [
            10.571875,
            8.5,
            9.5,
            9.543
          ],
          "texture": "#layer0",
          "tintindex": 0
        },
        "east": {
          "uv": [
            9.5,
            8.5,
            10.571875,
            9.043
          ],
          "texture": "#layer0",
          "tintindex": 0
        },
        "north": {
          "uv": [
            9.5,
            8.5,
            10.571875,
            9.043
          ],
          "texture": "#layer0",
          "tintindex": 0
        },
        "south": {
          "uv": [
            9.5,
            8.5,
            10.571875,
            9.043
          ],
          "texture": "#layer0",
          "tintindex": 0
        },
        "up": {
          "uv": [
            9.5,
            8.5,
            10.571875,
            9.543
          ],
          "texture": "#layer0",
          "tintindex": 0
        },
        "west": {
          "uv": [
            9.5,
            8.5,
            10.571875,
            9.043
          ],
          "texture": "#layer0",
          "tintindex": 0
        }
      }
    },
    {
      "name": "arbottom_14",
      "from": [
        9.447891,
        9.834681,
        3.7811182
      ],
      "to": [
        11.2745075,
        22.01213,
        5.9121685
      ],
      "rotation": {
        "angle": -22.5,
        "axis": "z",
        "origin": [
          -14.036044,
          8.946879,
          7.917518
        ]
      },
      "faces": {
        "down": {
          "uv": [
            0.25125,
            8.0,
            0.0,
            8.293125
          ],
          "texture": "#layer0",
          "tintindex": 0
        },
        "east": {
          "uv": [
            8.0,
            8.5,
            9.0625,
            14.4375
          ],
          "texture": "#layer0",
          "tintindex": 0
        },
        "north": {
          "uv": [
            8.0,
            8.5,
            9.0625,
            14.4375
          ],
          "texture": "#layer0",
          "tintindex": 0
        },
        "south": {
          "uv": [
            8.0,
            8.5,
            9.0625,
            14.4375
          ],
          "texture": "#layer0",
          "tintindex": 0
        },
        "up": {
          "uv": [
            0.0,
            8.0,
            6.5625,
            13.4375
          ],
          "texture": "#layer0",
          "tintindex": 0
        },
        "west": {
          "uv": [
            8.0,
            8.5,
            9.0625,
            14.4375
          ],
          "texture": "#layer0",
          "tintindex": 0
        }
      }
    },
    {
      "name": "arbottom_15",
      "from": [
        9.752333,
        22.012138,
        4.085552
      ],
      "to": [
        10.970074,
        22.925446,
        5.6077347
      ],
      "rotation": {
        "angle": -22.5,
        "axis": "z",
        "origin": [
          -14.036044,
          8.946879,
          7.917518
        ]
      },
      "faces": {
        "down": {
          "uv": [
            10.571875,
            8.5,
            9.5,
            9.543
          ],
          "texture": "#layer0",
          "tintindex": 0
        },
        "east": {
          "uv": [
            9.5,
            8.5,
            10.571875,
            9.043
          ],
          "texture": "#layer0",
          "tintindex": 0
        },
        "north": {
          "uv": [
            9.5,
            8.5,
            10.571875,
            9.043
          ],
          "texture": "#layer0",
          "tintindex": 0
        },
        "south": {
          "uv": [
            9.5,
            8.5,
            10.571875,
            9.043
          ],
          "texture": "#layer0",
          "tintindex": 0
        },
        "up": {
          "uv": [
            9.5,
            8.5,
            10.571875,
            9.543
          ],
          "texture": "#layer0",
          "tintindex": 0
        },
        "west": {
          "uv": [
            9.5,
            8.5,
            10.571875,
            9.043
          ],
          "texture": "#layer0",
          "tintindex": 0
        }
      }
    },
    {
      "name": "arbottom_16",
      "from": [
        7.650494,
        11.092213,
        -0.27192378
      ],
      "to": [
        9.172676,
        12.00552,
        0.9458184
      ],
      "rotation": {
        "angle": -22.5,
        "axis": "x",
        "origin": [
          -14.036044,
          8.946879,
          7.917518
        ]
      },
      "faces": {
        "down": {
          "uv": [
            10.571875,
            8.5,
            9.5,
            9.543
          ],
          "texture": "#layer0",
          "tintindex": 0
        },
        "east": {
          "uv": [
            9.5,
            8.5,
            10.571875,
            9.043
          ],
          "texture": "#layer0",
          "tintindex": 0
        },
        "north": {
          "uv": [
            9.5,
            8.5,
            10.571875,
            9.043
          ],
          "texture": "#layer0",
          "tintindex": 0
        },
        "south": {
          "uv": [
            9.5,
            8.5,
            10.571875,
            9.043
          ],
          "texture": "#layer0",
          "tintindex": 0
        },
        "up": {
          "uv": [
            9.5,
            8.5,
            10.571875,
            9.543
          ],
          "texture": "#layer0",
          "tintindex": 0
        },
        "west": {
          "uv": [
            9.5,
            8.5,
            10.571875,
            9.043
          ],
          "texture": "#layer0",
          "tintindex": 0
        }
      }
    },
    {
      "name": "arbottom_17",
      "from": [
        7.3460617,
        0.741374,
        -0.27192378
      ],
      "to": [
        9.477112,
        11.092215,
        0.9458184
      ],
      "rotation": {
        "angle": -22.5,
        "axis": "x",
        "origin": [
          -14.036044,
          8.946879,
          7.917518
        ]
      },
      "faces": {
        "down": {
          "uv": [
            0.293125,
            7.9999995,
            0.0,
            8.1675
          ],
          "texture": "#layer0",
          "tintindex": 0
        },
        "east": {
          "uv": [
            8.0,
            8.5,
            9.0625,
            14.4375
          ],
          "texture": "#layer0",
          "tintindex": 0
        },
        "north": {
          "uv": [
            8.0,
            8.5,
            9.0625,
            14.4375
          ],
          "texture": "#layer0",
          "tintindex": 0
        },
        "south": {
          "uv": [
            8.0,
            8.5,
            9.0625,
            14.4375
          ],
          "texture": "#layer0",
          "tintindex": 0
        },
        "up": {
          "uv": [
            0.0,
            8.0,
            6.5625,
            13.4375
          ],
          "texture": "#layer0",
          "tintindex": 0
        },
        "west": {
          "uv": [
            8.0,
            8.5,
            9.0625,
            14.4375
          ],
          "texture": "#layer0",
          "tintindex": 0
        }
      }
    },
    {
      "name": "arbottom_18",
      "from": [
        3.7270896,
        3.8352613,
        1.009604
      ],
      "to": [
        5.85814,
        14.186102,
        2.2273462
      ],
      "rotation": {
        "angle": -22.5,
        "axis": "x",
        "origin": [
          -14.036044,
          8.946879,
          7.917518
        ]
      },
      "faces": {
        "down": {
          "uv": [
            0.293125,
            7.9999995,
            0.0,
            8.1675
          ],
          "texture": "#layer0",
          "tintindex": 0
        },
        "east": {
          "uv": [
            8.0,
            8.5,
            9.0625,
            14.4375
          ],
          "texture": "#layer0",
          "tintindex": 0
        },
        "north": {
          "uv": [
            8.0,
            8.5,
            9.0625,
            14.4375
          ],
          "texture": "#layer0",
          "tintindex": 0
        },
        "south": {
          "uv": [
            8.0,
            8.5,
            9.0625,
            14.4375
          ],
          "texture": "#layer0",
          "tintindex": 0
        },
        "up": {
          "uv": [
            0.0,
            8.0,
            6.5625,
            13.4375
          ],
          "texture": "#layer0",
          "tintindex": 0
        },
        "west": {
          "uv": [
            8.0,
            8.5,
            9.0625,
            14.4375
          ],
          "texture": "#layer0",
          "tintindex": 0
        }
      }
    }
  ],
  "display": {
    "head": {
      "translation": [
        0.0,
        -6.4,
        0.0
      ],
      "rotation": [
        0.0,
        0.0,
        0.0
      ],
      "scale": [
        3.8095,
        3.8095,
        3.8095
      ]
    },
    "gui": {
      "translation": [
        0.0,
        0.0,
        0.0
      ],
      "rotation": [
        35.0,
        225.0,
        0.0
      ],
      "scale": [
        0.625,
        0.625,
        0.625
      ]
    }
  }
}