{
  "file_name": "arf1",
  "texture_size": [
    128,
    128
  ],
  "textures": {
    "layer0": "modelengine:entity/ifrit"
  },
  "elements": [
    {
      "name": "arf1_0",
      "from": [
        6.6300426,
        3.6065602,
        4.316619
      ],
      "to": [
        9.369961,
        6.0420504,
        5.838801
      ],
      "rotation": {
        "angle": 0.0,
        "axis": "z",
        "origin": [
          8.0,
          8.0,
          8.0
        ]
      },
      "faces": {
        "down": {
          "uv": [
            1.62975,
            8.0,
            0.0,
            9.614875
          ],
          "texture": "#layer0",
          "tintindex": 0
        },
        "east": {
          "uv": [
            0.0,
            8.0,
            1.62975,
            9.614875
          ],
          "texture": "#layer0",
          "tintindex": 0
        },
        "north": {
          "uv": [
            0.0,
            8.0,
            1.62975,
            9.614875
          ],
          "texture": "#layer0",
          "tintindex": 0
        },
        "south": {
          "uv": [
            0.0,
            8.0,
            1.62975,
            9.614875
          ],
          "texture": "#layer0",
          "tintindex": 0
        },
        "up": {
          "uv": [
            0.0,
            8.0,
            1.62975,
            9.614875
          ],
          "texture": "#layer0",
          "tintindex": 0
        },
        "west": {
          "uv": [
            0.0,
            8.0,
            1.62975,
            9.614875
          ],
          "texture": "#layer0",
          "tintindex": 0
        }
      }
    },
    {
      "name": "arf1_1",
      "from": [
        7.2389116,
        4.3108387,
        -4.141882
      ],
      "to": [
        8.761094,
        8.2685175,
        -2.6197
      ],
      "rotation": {
        "angle": -22.5,
        "axis": "x",
        "origin": [
          -9.987749,
          27.351608,
          11.040729
        ]
      },
      "faces": {
        "down": {
          "uv": [
            10.571875,
            10.0,
            9.5,
            12.1
          ],
          "texture": "#layer0",
          "tintindex": 0
        },
        "east": {
          "uv": [
            9.5,
            10.0,
            10.571875,
            12.1
          ],
          "texture": "#layer0",
          "tintindex": 0
        },
        "north": {
          "uv": [
            9.5,
            10.0,
            10.571875,
            12.1
          ],
          "texture": "#layer0",
          "tintindex": 0
        },
        "south": {
          "uv": [
            9.5,
            10.0,
            10.571875,
            12.1
          ],
          "texture": "#layer0",
          "tintindex": 0
        },
        "up": {
          "uv": [
            9.5,
            10.0,
            10.571875,
            12.1
          ],
          "texture": "#layer0",
          "tintindex": 0
        },
        "west": {
          "uv": [
            9.5,
            10.0,
            10.571875,
            12.1
          ],
          "texture": "#layer0",
          "tintindex": 0
        }
      }
    },
    {
      "name": "arf1_2",
      "from": [
        6.934477,
        7.219879,
        21.773926
      ],
      "to": [
        9.065527,
        13.308608,
        23.296108
      ],
      "rotation": {
        "angle": 45.0,
        "axis": "x",
        "origin": [
          -9.987749,
          27.351608,
          11.040729
        ]
      },
      "faces": {
        "down": {
          "uv": [
            2.6,
            8.5,
            1.4999999,
            9.2875
          ],
          "texture": "#layer0",
          "tintindex": 0
        },
        "east": {
          "uv": [
            1.5,
            8.5,
            2.6,
            10.7875
          ],
          "texture": "#layer0",
          "tintindex": 0
        },
        "north": {
          "uv": [
            1.5,
            8.5,
            2.6,
            10.7875
          ],
          "texture": "#layer0",
          "tintindex": 0
        },
        "south": {
          "uv": [
            1.5,
            8.5,
            2.6,
            10.7875
          ],
          "texture": "#layer0",
          "tintindex": 0
        },
        "up": {
          "uv": [
            1.4999999,
            8.5,
            2.6,
            9.7875
          ],
          "texture": "#layer0",
          "tintindex": 0
        },
        "west": {
          "uv": [
            1.5,
            8.5,
            2.6,
            10.7875
          ],
          "texture": "#layer0",
          "tintindex": 0
        }
      }
    },
    {
      "name": "arf1_3",
      "from": [
        7.5433455,
        8.207083,
        -11.4531765
      ],
      "to": [
        8.456654,
        12.164762,
        -10.539867
      ],
      "rotation": {
        "angle": -45.0,
        "axis": "x",
        "origin": [
          -9.987749,
          27.351608,
          11.040729
        ]
      },
      "faces": {
        "down": {
          "uv": [
            10.571875,
            10.0,
            9.5,
            12.1
          ],
          "texture": "#layer0",
          "tintindex": 0
        },
        "east": {
          "uv": [
            9.5,
            10.0,
            10.571875,
            12.1
          ],
          "texture": "#layer0",
          "tintindex": 0
        },
        "north": {
          "uv": [
            9.5,
            10.0,
            10.571875,
            12.1
          ],
          "texture": "#layer0",
          "tintindex": 0
        },
        "south": {
          "uv": [
            9.5,
            10.0,
            10.571875,
            12.1
          ],
          "texture": "#layer0",
          "tintindex": 0
        },
        "up": {
          "uv": [
            9.5,
            10.0,
            10.571875,
            12.1
          ],
          "texture": "#layer0",
          "tintindex": 0
        },
        "west": {
          "uv": [
            9.5,
            10.0,
            10.571875,
            12.1
          ],
          "texture": "#layer0",
          "tintindex": 0
        }
      }
    },
    {
      "name": "arf1_4",
      "from": [
        7.84778,
        6.684907,
        -11.148743
      ],
      "to": [
        8.15222,
        8.207088,
        -10.539875
      ],
      "rotation": {
        "angle": -45.0,
        "axis": "x",
        "origin": [
          -9.987749,
          27.351608,
          11.040729
        ]
      },
      "faces": {
        "down": {
          "uv": [
            10.571875,
            10.0,
            9.5,
            12.1
          ],
          "texture": "#layer0",
          "tintindex": 0
        },
        "east": {
          "uv": [
            9.5,
            10.0,
            10.571875,
            12.1
          ],
          "texture": "#layer0",
          "tintindex": 0
        },
        "north": {
          "uv": [
            9.5,
            10.0,
            10.571875,
            12.1
          ],
          "texture": "#layer0",
          "tintindex": 0
        },
        "south": {
          "uv": [
            9.5,
            10.0,
            10.571875,
            12.1
          ],
          "texture": "#layer0",
          "tintindex": 0
        },
        "up": {
          "uv": [
            9.5,
            10.0,
            10.571875,
            12.1
          ],
          "texture": "#layer0",
          "tintindex": 0
        },
        "west": {
          "uv": [
            9.5,
            10.0,
            10.571875,
            12.1
          ],
          "texture": "#layer0",
          "tintindex": 0
        }
      }
    }
  ],
  "display": {
    "head": {
      "translation": [
        0.0,
        -6.4,
        0.0
      ],
      "rotation": [
        0.0,
        0.0,
        0.0
      ],
      "scale": [
        3.8095,
        3.8095,
        3.8095
      ]
    },
    "gui": {
      "translation": [
        0.0,
        0.0,
        0.0
      ],
      "rotation": [
        35.0,
        225.0,
        0.0
      ],
      "scale": [
        0.625,
        0.625,
        0.625
      ]
    }
  }
}