{
  "file_name": "arf2",
  "texture_size": [
    128,
    128
  ],
  "textures": {
    "layer0": "modelengine:entity/ifrit"
  },
  "elements": [
    {
      "name": "arf2_0",
      "from": [
        12.988863,
        27.489574,
        6.0820456
      ],
      "to": [
        18.773157,
        29.925064,
        9.430849
      ],
      "rotation": {
        "angle": -45.0,
        "axis": "z",
        "origin": [
          -13.312535,
          27.532013,
          8.239616
        ]
      },
      "faces": {
        "down": {
          "uv": [
            2.6,
            8.5,
            1.4999999,
            10.7875
          ],
          "texture": "#layer0",
          "tintindex": 0
        },
        "east": {
          "uv": [
            0.0,
            8.0,
            6.5625,
            13.4375
          ],
          "texture": "#layer0",
          "tintindex": 0
        },
        "north": {
          "uv": [
            1.5,
            8.5,
            2.6,
            10.7875
          ],
          "texture": "#layer0",
          "tintindex": 0
        },
        "south": {
          "uv": [
            1.5,
            8.5,
            2.6,
            10.7875
          ],
          "texture": "#layer0",
          "tintindex": 0
        },
        "up": {
          "uv": [
            1.4999999,
            8.5,
            2.6,
            10.7875
          ],
          "texture": "#layer0",
          "tintindex": 0
        },
        "west": {
          "uv": [
            1.5,
            8.5,
            2.6,
            10.7875
          ],
          "texture": "#layer0",
          "tintindex": 0
        }
      }
    },
    {
      "name": "arf2_1",
      "from": [
        -0.93623257,
        -3.216364,
        6.6909256
      ],
      "to": [
        0.5859494,
        -0.7808738,
        9.430843
      ],
      "rotation": {
        "angle": 22.5,
        "axis": "z",
        "origin": [
          -13.312535,
          27.532013,
          8.239616
        ]
      },
      "faces": {
        "down": {
          "uv": [
            0.209375,
            8.0,
            0.0,
            8.376875
          ],
          "texture": "#layer0",
          "tintindex": 0
        },
        "east": {
          "uv": [
            0.0,
            8.0,
            6.5625,
            13.4375
          ],
          "texture": "#layer0",
          "tintindex": 0
        },
        "north": {
          "uv": [
            0.0,
            8.0,
            0.07223375,
            8.115575
          ],
          "texture": "#layer0",
          "tintindex": 0
        },
        "south": {
          "uv": [
            0.0,
            8.0,
            6.5625,
            13.4375
          ],
          "texture": "#layer0",
          "tintindex": 0
        },
        "up": {
          "uv": [
            0.0,
            8.0,
            6.5625,
            13.4375
          ],
          "texture": "#layer0",
          "tintindex": 0
        },
        "west": {
          "uv": [
            0.0,
            8.0,
            6.5625,
            13.4375
          ],
          "texture": "#layer0",
          "tintindex": 0
        }
      }
    },
    {
      "name": "arf2_2",
      "from": [
        9.656197,
        0.4620855,
        7.2997937
      ],
      "to": [
        11.178379,
        4.7241974,
        8.821976
      ],
      "rotation": {
        "angle": 0.0,
        "axis": "z",
        "origin": [
          8.0,
          8.0,
          8.0
        ]
      },
      "faces": {
        "down": {
          "uv": [
            10.571875,
            10.0,
            9.5,
            12.1
          ],
          "texture": "#layer0",
          "tintindex": 0
        },
        "east": {
          "uv": [
            9.5,
            10.0,
            10.571875,
            12.1
          ],
          "texture": "#layer0",
          "tintindex": 0
        },
        "north": {
          "uv": [
            9.5,
            10.0,
            10.571875,
            12.1
          ],
          "texture": "#layer0",
          "tintindex": 0
        },
        "south": {
          "uv": [
            9.5,
            10.0,
            10.571875,
            12.1
          ],
          "texture": "#layer0",
          "tintindex": 0
        },
        "up": {
          "uv": [
            9.5,
            10.0,
            10.571875,
            12.1
          ],
          "texture": "#layer0",
          "tintindex": 0
        },
        "west": {
          "uv": [
            9.5,
            10.0,
            10.571875,
            12.1
          ],
          "texture": "#layer0",
          "tintindex": 0
        }
      }
    },
    {
      "name": "arf2_3",
      "from": [
        18.293213,
        9.421747,
        7.6042337
      ],
      "to": [
        19.206524,
        12.466118,
        8.517542
      ],
      "rotation": {
        "angle": -22.5,
        "axis": "z",
        "origin": [
          -13.312535,
          27.532013,
          8.239616
        ]
      },
      "faces": {
        "down": {
          "uv": [
            10.571875,
            10.0,
            9.5,
            12.1
          ],
          "texture": "#layer0",
          "tintindex": 0
        },
        "east": {
          "uv": [
            9.5,
            10.0,
            10.571875,
            12.1
          ],
          "texture": "#layer0",
          "tintindex": 0
        },
        "north": {
          "uv": [
            9.5,
            10.0,
            10.571875,
            12.1
          ],
          "texture": "#layer0",
          "tintindex": 0
        },
        "south": {
          "uv": [
            9.5,
            10.0,
            10.571875,
            12.1
          ],
          "texture": "#layer0",
          "tintindex": 0
        },
        "up": {
          "uv": [
            9.5,
            10.0,
            10.571875,
            12.1
          ],
          "texture": "#layer0",
          "tintindex": 0
        },
        "west": {
          "uv": [
            9.5,
            10.0,
            10.571875,
            12.1
          ],
          "texture": "#layer0",
          "tintindex": 0
        }
      }
    },
    {
      "name": "arf2_4",
      "from": [
        18.293222,
        8.50844,
        7.9086676
      ],
      "to": [
        18.902092,
        10.0306225,
        8.213107
      ],
      "rotation": {
        "angle": -22.5,
        "axis": "z",
        "origin": [
          -13.312535,
          27.532013,
          8.239616
        ]
      },
      "faces": {
        "down": {
          "uv": [
            10.571875,
            10.0,
            9.5,
            12.1
          ],
          "texture": "#layer0",
          "tintindex": 0
        },
        "east": {
          "uv": [
            9.5,
            10.0,
            10.571875,
            12.1
          ],
          "texture": "#layer0",
          "tintindex": 0
        },
        "north": {
          "uv": [
            9.5,
            10.0,
            10.571875,
            12.1
          ],
          "texture": "#layer0",
          "tintindex": 0
        },
        "south": {
          "uv": [
            9.5,
            10.0,
            10.571875,
            12.1
          ],
          "texture": "#layer0",
          "tintindex": 0
        },
        "up": {
          "uv": [
            9.5,
            10.0,
            10.571875,
            12.1
          ],
          "texture": "#layer0",
          "tintindex": 0
        },
        "west": {
          "uv": [
            9.5,
            10.0,
            10.571875,
            12.1
          ],
          "texture": "#layer0",
          "tintindex": 0
        }
      }
    }
  ],
  "display": {
    "head": {
      "translation": [
        0.0,
        -6.4,
        0.0
      ],
      "rotation": [
        0.0,
        0.0,
        0.0
      ],
      "scale": [
        3.8095,
        3.8095,
        3.8095
      ]
    },
    "gui": {
      "translation": [
        0.0,
        0.0,
        0.0
      ],
      "rotation": [
        35.0,
        225.0,
        0.0
      ],
      "scale": [
        0.625,
        0.625,
        0.625
      ]
    }
  }
}