{
  "file_name": "arf4",
  "texture_size": [
    128,
    128
  ],
  "textures": {
    "layer0": "modelengine:entity/ifrit"
  },
  "elements": [
    {
      "name": "arf4_0",
      "from": [
        7.664534,
        6.6035233,
        7.83107
      ],
      "to": [
        8.335454,
        8.520433,
        8.310296
      ],
      "rotation": {
        "angle": -45.0,
        "axis": "x",
        "origin": [
          8.0,
          8.097319,
          8.11931
        ]
      },
      "faces": {
        "down": {
          "uv": [
            2.6,
            9.2875,
            1.4999999,
            8.5
          ],
          "texture": "#layer0",
          "tintindex": 0
        },
        "east": {
          "uv": [
            2.6,
            8.5,
            1.4999999,
            10.7875
          ],
          "texture": "#layer0",
          "tintindex": 0
        },
        "north": {
          "uv": [
            2.6,
            8.5,
            1.4999999,
            10.7875
          ],
          "texture": "#layer0",
          "tintindex": 0
        },
        "south": {
          "uv": [
            2.6,
            8.5,
            1.4999999,
            10.7875
          ],
          "texture": "#layer0",
          "tintindex": 0
        },
        "up": {
          "uv": [
            1.4999999,
            9.7875,
            2.6,
            8.5
          ],
          "texture": "#layer0",
          "tintindex": 0
        },
        "west": {
          "uv": [
            2.6,
            8.5,
            1.4999999,
            10.7875
          ],
          "texture": "#layer0",
          "tintindex": 0
        }
      }
    },
    {
      "name": "arf4_1",
      "from": [
        7.568697,
        6.5715494,
        8.856068
      ],
      "to": [
        8.431305,
        7.3383136,
        9.335294
      ],
      "rotation": {
        "angle": 0.0,
        "axis": "z",
        "origin": [
          8.0,
          8.0,
          8.0
        ]
      },
      "faces": {
        "down": {
          "uv": [
            1.62975,
            9.614875,
            0.0,
            8.0
          ],
          "texture": "#layer0",
          "tintindex": 0
        },
        "east": {
          "uv": [
            1.62975,
            8.0,
            0.0,
            9.614875
          ],
          "texture": "#layer0",
          "tintindex": 0
        },
        "north": {
          "uv": [
            1.62975,
            8.0,
            0.0,
            9.614875
          ],
          "texture": "#layer0",
          "tintindex": 0
        },
        "south": {
          "uv": [
            1.62975,
            8.0,
            0.0,
            9.614875
          ],
          "texture": "#layer0",
          "tintindex": 0
        },
        "up": {
          "uv": [
            0.0,
            9.614875,
            1.62975,
            8.0
          ],
          "texture": "#layer0",
          "tintindex": 0
        },
        "west": {
          "uv": [
            1.62975,
            8.0,
            0.0,
            9.614875
          ],
          "texture": "#layer0",
          "tintindex": 0
        }
      }
    },
    {
      "name": "arf4_2",
      "from": [
        7.7603903,
        5.995591,
        9.310719
      ],
      "to": [
        8.239616,
        7.2415876,
        9.789944
      ],
      "rotation": {
        "angle": 22.5,
        "axis": "x",
        "origin": [
          8.0,
          8.097319,
          8.11931
        ]
      },
      "faces": {
        "down": {
          "uv": [
            10.571875,
            12.1,
            9.5,
            10.0
          ],
          "texture": "#layer0",
          "tintindex": 0
        },
        "east": {
          "uv": [
            10.571875,
            10.0,
            9.5,
            12.1
          ],
          "texture": "#layer0",
          "tintindex": 0
        },
        "north": {
          "uv": [
            10.571875,
            10.0,
            9.5,
            12.1
          ],
          "texture": "#layer0",
          "tintindex": 0
        },
        "south": {
          "uv": [
            10.571875,
            10.0,
            9.5,
            12.1
          ],
          "texture": "#layer0",
          "tintindex": 0
        },
        "up": {
          "uv": [
            9.5,
            12.1,
            10.571875,
            10.0
          ],
          "texture": "#layer0",
          "tintindex": 0
        },
        "west": {
          "uv": [
            10.571875,
            10.0,
            9.5,
            12.1
          ],
          "texture": "#layer0",
          "tintindex": 0
        }
      }
    },
    {
      "name": "arf4_3",
      "from": [
        7.8562274,
        5.6401815,
        10.06925
      ],
      "to": [
        8.143765,
        6.886177,
        10.356788
      ],
      "rotation": {
        "angle": 45.0,
        "axis": "x",
        "origin": [
          8.0,
          8.097319,
          8.11931
        ]
      },
      "faces": {
        "down": {
          "uv": [
            10.571875,
            12.1,
            9.5,
            10.0
          ],
          "texture": "#layer0",
          "tintindex": 0
        },
        "east": {
          "uv": [
            10.571875,
            10.0,
            9.5,
            12.1
          ],
          "texture": "#layer0",
          "tintindex": 0
        },
        "north": {
          "uv": [
            10.571875,
            10.0,
            9.5,
            12.1
          ],
          "texture": "#layer0",
          "tintindex": 0
        },
        "south": {
          "uv": [
            10.571875,
            10.0,
            9.5,
            12.1
          ],
          "texture": "#layer0",
          "tintindex": 0
        },
        "up": {
          "uv": [
            9.5,
            12.1,
            10.571875,
            10.0
          ],
          "texture": "#layer0",
          "tintindex": 0
        },
        "west": {
          "uv": [
            10.571875,
            10.0,
            9.5,
            12.1
          ],
          "texture": "#layer0",
          "tintindex": 0
        }
      }
    },
    {
      "name": "arf4_4",
      "from": [
        7.952064,
        5.1609554,
        10.06925
      ],
      "to": [
        8.0479145,
        5.6401815,
        10.260938
      ],
      "rotation": {
        "angle": 45.0,
        "axis": "x",
        "origin": [
          8.0,
          8.097319,
          8.11931
        ]
      },
      "faces": {
        "down": {
          "uv": [
            10.571875,
            12.1,
            9.5,
            10.0
          ],
          "texture": "#layer0",
          "tintindex": 0
        },
        "east": {
          "uv": [
            10.571875,
            10.0,
            9.5,
            12.1
          ],
          "texture": "#layer0",
          "tintindex": 0
        },
        "north": {
          "uv": [
            10.571875,
            10.0,
            9.5,
            12.1
          ],
          "texture": "#layer0",
          "tintindex": 0
        },
        "south": {
          "uv": [
            10.571875,
            10.0,
            9.5,
            12.1
          ],
          "texture": "#layer0",
          "tintindex": 0
        },
        "up": {
          "uv": [
            9.5,
            12.1,
            10.571875,
            10.0
          ],
          "texture": "#layer0",
          "tintindex": 0
        },
        "west": {
          "uv": [
            10.571875,
            10.0,
            9.5,
            12.1
          ],
          "texture": "#layer0",
          "tintindex": 0
        }
      }
    }
  ],
  "display": {
    "head": {
      "translation": [
        0.0,
        -6.4,
        0.0
      ],
      "rotation": [
        0.0,
        0.0,
        0.0
      ],
      "scale": [
        3.8095,
        3.8095,
        3.8095
      ]
    },
    "gui": {
      "translation": [
        0.0,
        0.0,
        0.0
      ],
      "rotation": [
        35.0,
        225.0,
        0.0
      ],
      "scale": [
        0.625,
        0.625,
        0.625
      ]
    }
  }
}