{
  "file_name": "armleft",
  "texture_size": [
    128,
    128
  ],
  "textures": {
    "layer0": "modelengine:entity/ifrit"
  },
  "elements": [
    {
      "name": "armleft_0",
      "from": [
        -4.3970685,
        -5.193757,
        3.5604858
      ],
      "to": [
        4.5046515,
        2.6606998,
        12.462206
      ],
      "rotation": {
        "angle": -22.5,
        "axis": "z",
        "origin": [
          21.032871,
          -16.279972,
          7.7723303
        ]
      },
      "faces": {
        "down": {
          "uv": [
            0.0,
            7.9999995,
            5.49075,
            12.932875
          ],
          "texture": "#layer0",
          "tintindex": 0
        },
        "east": {
          "uv": [
            5.49075,
            8.0,
            0.0,
            12.932875
          ],
          "texture": "#layer0",
          "tintindex": 0
        },
        "north": {
          "uv": [
            5.49075,
            8.0,
            0.0,
            12.932875
          ],
          "texture": "#layer0",
          "tintindex": 0
        },
        "south": {
          "uv": [
            5.49075,
            8.0,
            0.0,
            12.932875
          ],
          "texture": "#layer0",
          "tintindex": 0
        },
        "up": {
          "uv": [
            5.49075,
            7.9999995,
            0.0,
            12.932875
          ],
          "texture": "#layer0",
          "tintindex": 0
        },
        "west": {
          "uv": [
            5.49075,
            8.0,
            0.0,
            12.932875
          ],
          "texture": "#layer0",
          "tintindex": 0
        }
      }
    },
    {
      "name": "armleft_1",
      "from": [
        4.242835,
        -3.6228628,
        5.6550016
      ],
      "to": [
        5.8137255,
        -2.0519729,
        12.4622
      ],
      "rotation": {
        "angle": -22.5,
        "axis": "z",
        "origin": [
          21.032871,
          -16.279972,
          7.7723303
        ]
      },
      "faces": {
        "down": {
          "uv": [
            0.0,
            8.0,
            0.25125,
            9.08875
          ],
          "texture": "#layer0",
          "tintindex": 0
        },
        "east": {
          "uv": [
            6.5625,
            8.0,
            0.0,
            13.4375
          ],
          "texture": "#layer0",
          "tintindex": 0
        },
        "north": {
          "uv": [
            0.08668125,
            8.0,
            0.0,
            8.086681
          ],
          "texture": "#layer0",
          "tintindex": 0
        },
        "south": {
          "uv": [
            6.5625,
            8.0,
            0.0,
            13.4375
          ],
          "texture": "#layer0",
          "tintindex": 0
        },
        "up": {
          "uv": [
            6.5625,
            8.0,
            0.0,
            13.4375
          ],
          "texture": "#layer0",
          "tintindex": 0
        },
        "west": {
          "uv": [
            6.5625,
            8.0,
            0.0,
            13.4375
          ],
          "texture": "#layer0",
          "tintindex": 0
        }
      }
    },
    {
      "name": "armleft_2",
      "from": [
        -3.715816,
        -14.649911,
        3.8223014
      ],
      "to": [
        3.876824,
        -2.3445954,
        12.20039
      ],
      "rotation": {
        "angle": -22.5,
        "axis": "z",
        "origin": [
          21.032871,
          -16.279972,
          7.7723303
        ]
      },
      "faces": {
        "down": {
          "uv": [
            0.0,
            8.0,
            6.5625,
            13.4375
          ],
          "texture": "#layer0",
          "tintindex": 0
        },
        "east": {
          "uv": [
            6.5625,
            8.0,
            0.0,
            13.4375
          ],
          "texture": "#layer0",
          "tintindex": 0
        },
        "north": {
          "uv": [
            6.5625,
            8.0,
            0.0,
            13.4375
          ],
          "texture": "#layer0",
          "tintindex": 0
        },
        "south": {
          "uv": [
            6.5625,
            8.0,
            0.0,
            13.4375
          ],
          "texture": "#layer0",
          "tintindex": 0
        },
        "up": {
          "uv": [
            6.5625,
            8.0,
            0.0,
            13.4375
          ],
          "texture": "#layer0",
          "tintindex": 0
        },
        "west": {
          "uv": [
            6.5625,
            8.0,
            0.0,
            13.4375
          ],
          "texture": "#layer0",
          "tintindex": 0
        }
      }
    },
    {
      "name": "armleft_3",
      "from": [
        -2.4067369,
        -14.126279,
        4.6077495
      ],
      "to": [
        2.0441232,
        -5.486368,
        4.8695655
      ],
      "rotation": {
        "angle": -22.5,
        "axis": "z",
        "origin": [
          21.032871,
          -16.279972,
          7.7723303
        ]
      },
      "faces": {
        "down": {
          "uv": [
            0.0,
            8.0,
            0.711875,
            8.041875
          ],
          "texture": "#layer0",
          "tintindex": 0
        },
        "east": {
          "uv": [
            6.5625,
            8.0,
            0.0,
            13.4375
          ],
          "texture": "#layer0",
          "tintindex": 0
        },
        "north": {
          "uv": [
            0.24559624,
            8.0,
            0.0,
            8.476747
          ],
          "texture": "#layer0",
          "tintindex": 0
        },
        "south": {
          "uv": [
            6.5625,
            8.0,
            0.0,
            13.4375
          ],
          "texture": "#layer0",
          "tintindex": 0
        },
        "up": {
          "uv": [
            6.5625,
            8.0,
            0.0,
            13.4375
          ],
          "texture": "#layer0",
          "tintindex": 0
        },
        "west": {
          "uv": [
            6.5625,
            8.0,
            0.0,
            13.4375
          ],
          "texture": "#layer0",
          "tintindex": 0
        }
      }
    },
    {
      "name": "armleft_4",
      "from": [
        -2.6685586,
        -14.649911,
        5.131376
      ],
      "to": [
        2.3059335,
        -5.486375,
        5.9168177
      ],
      "rotation": {
        "angle": -22.5,
        "axis": "z",
        "origin": [
          21.032871,
          -16.279972,
          7.7723303
        ]
      },
      "faces": {
        "down": {
          "uv": [
            0.0,
            7.9999995,
            0.795625,
            8.125625
          ],
          "texture": "#layer0",
          "tintindex": 0
        },
        "east": {
          "uv": [
            6.5625,
            8.0,
            0.0,
            13.4375
          ],
          "texture": "#layer0",
          "tintindex": 0
        },
        "north": {
          "uv": [
            0.27449125,
            8.0,
            0.0,
            8.50564
          ],
          "texture": "#layer0",
          "tintindex": 0
        },
        "south": {
          "uv": [
            6.5625,
            8.0,
            0.0,
            13.4375
          ],
          "texture": "#layer0",
          "tintindex": 0
        },
        "up": {
          "uv": [
            6.5625,
            8.0,
            0.0,
            13.4375
          ],
          "texture": "#layer0",
          "tintindex": 0
        },
        "west": {
          "uv": [
            6.5625,
            8.0,
            0.0,
            13.4375
          ],
          "texture": "#layer0",
          "tintindex": 0
        }
      }
    }
  ],
  "display": {
    "head": {
      "translation": [
        0.0,
        -6.4,
        0.0
      ],
      "rotation": [
        0.0,
        0.0,
        0.0
      ],
      "scale": [
        3.8095,
        3.8095,
        3.8095
      ]
    },
    "gui": {
      "translation": [
        0.0,
        0.0,
        0.0
      ],
      "rotation": [
        35.0,
        225.0,
        0.0
      ],
      "scale": [
        0.625,
        0.625,
        0.625
      ]
    }
  }
}