{
  "file_name": "armright",
  "texture_size": [
    128,
    128
  ],
  "textures": {
    "layer0": "modelengine:entity/ifrit"
  },
  "elements": [
    {
      "name": "armright_0",
      "from": [
        4.471885,
        2.7550511,
        4.7593637
      ],
      "to": [
        11.878118,
        9.289957,
        12.165596
      ],
      "rotation": {
        "angle": 22.5,
        "axis": "z",
        "origin": [
          4.593691,
          7.3894806,
          7.678286
        ]
      },
      "faces": {
        "down": {
          "uv": [
            5.49075,
            7.9999995,
            0.0,
            12.932875
          ],
          "texture": "#layer0",
          "tintindex": 0
        },
        "east": {
          "uv": [
            0.0,
            8.0,
            5.49075,
            12.932875
          ],
          "texture": "#layer0",
          "tintindex": 0
        },
        "north": {
          "uv": [
            0.0,
            8.0,
            5.49075,
            12.932875
          ],
          "texture": "#layer0",
          "tintindex": 0
        },
        "south": {
          "uv": [
            0.0,
            8.0,
            5.49075,
            12.932875
          ],
          "texture": "#layer0",
          "tintindex": 0
        },
        "up": {
          "uv": [
            0.0,
            7.9999995,
            5.49075,
            12.932875
          ],
          "texture": "#layer0",
          "tintindex": 0
        },
        "west": {
          "uv": [
            0.0,
            8.0,
            5.49075,
            12.932875
          ],
          "texture": "#layer0",
          "tintindex": 0
        }
      }
    },
    {
      "name": "armright_1",
      "from": [
        3.382742,
        4.0620375,
        6.501998
      ],
      "to": [
        4.689722,
        5.3690176,
        12.165585
      ],
      "rotation": {
        "angle": 22.5,
        "axis": "z",
        "origin": [
          4.593691,
          7.3894806,
          7.678286
        ]
      },
      "faces": {
        "down": {
          "uv": [
            0.25125,
            8.0,
            0.0,
            9.08875
          ],
          "texture": "#layer0",
          "tintindex": 0
        },
        "east": {
          "uv": [
            0.0,
            8.0,
            6.5625,
            13.4375
          ],
          "texture": "#layer0",
          "tintindex": 0
        },
        "north": {
          "uv": [
            0.0,
            8.0,
            0.08668125,
            8.086681
          ],
          "texture": "#layer0",
          "tintindex": 0
        },
        "south": {
          "uv": [
            0.0,
            8.0,
            6.5625,
            13.4375
          ],
          "texture": "#layer0",
          "tintindex": 0
        },
        "up": {
          "uv": [
            0.0,
            8.0,
            6.5625,
            13.4375
          ],
          "texture": "#layer0",
          "tintindex": 0
        },
        "west": {
          "uv": [
            0.0,
            8.0,
            6.5625,
            13.4375
          ],
          "texture": "#layer0",
          "tintindex": 0
        }
      }
    },
    {
      "name": "armright_2",
      "from": [
        4.994232,
        -5.1124716,
        4.9771934
      ],
      "to": [
        11.311308,
        5.1255507,
        11.947766
      ],
      "rotation": {
        "angle": 22.5,
        "axis": "z",
        "origin": [
          4.593691,
          7.3894806,
          7.678286
        ]
      },
      "faces": {
        "down": {
          "uv": [
            6.5625,
            8.0,
            0.0,
            13.4375
          ],
          "texture": "#layer0",
          "tintindex": 0
        },
        "east": {
          "uv": [
            0.0,
            8.0,
            6.5625,
            13.4375
          ],
          "texture": "#layer0",
          "tintindex": 0
        },
        "north": {
          "uv": [
            0.0,
            8.0,
            6.5625,
            13.4375
          ],
          "texture": "#layer0",
          "tintindex": 0
        },
        "south": {
          "uv": [
            0.0,
            8.0,
            6.5625,
            13.4375
          ],
          "texture": "#layer0",
          "tintindex": 0
        },
        "up": {
          "uv": [
            0.0,
            8.0,
            6.5625,
            13.4375
          ],
          "texture": "#layer0",
          "tintindex": 0
        },
        "west": {
          "uv": [
            0.0,
            8.0,
            6.5625,
            13.4375
          ],
          "texture": "#layer0",
          "tintindex": 0
        }
      }
    },
    {
      "name": "armright_3",
      "from": [
        6.5190487,
        -4.6767993,
        5.6306896
      ],
      "to": [
        10.222164,
        2.511609,
        5.8485193
      ],
      "rotation": {
        "angle": 22.5,
        "axis": "z",
        "origin": [
          4.593691,
          7.3894806,
          7.678286
        ]
      },
      "faces": {
        "down": {
          "uv": [
            0.711875,
            8.0,
            0.0,
            8.041875
          ],
          "texture": "#layer0",
          "tintindex": 0
        },
        "east": {
          "uv": [
            0.0,
            8.0,
            6.5625,
            13.4375
          ],
          "texture": "#layer0",
          "tintindex": 0
        },
        "north": {
          "uv": [
            0.0,
            8.0,
            0.24559624,
            8.476747
          ],
          "texture": "#layer0",
          "tintindex": 0
        },
        "south": {
          "uv": [
            0.0,
            8.0,
            6.5625,
            13.4375
          ],
          "texture": "#layer0",
          "tintindex": 0
        },
        "up": {
          "uv": [
            0.0,
            8.0,
            6.5625,
            13.4375
          ],
          "texture": "#layer0",
          "tintindex": 0
        },
        "west": {
          "uv": [
            0.0,
            8.0,
            6.5625,
            13.4375
          ],
          "texture": "#layer0",
          "tintindex": 0
        }
      }
    },
    {
      "name": "armright_4",
      "from": [
        6.3012133,
        -5.1124716,
        6.066344
      ],
      "to": [
        10.439989,
        2.5115907,
        6.719834
      ],
      "rotation": {
        "angle": 22.5,
        "axis": "z",
        "origin": [
          4.593691,
          7.3894806,
          7.678286
        ]
      },
      "faces": {
        "down": {
          "uv": [
            0.795625,
            7.9999995,
            0.0,
            8.125625
          ],
          "texture": "#layer0",
          "tintindex": 0
        },
        "east": {
          "uv": [
            0.0,
            8.0,
            6.5625,
            13.4375
          ],
          "texture": "#layer0",
          "tintindex": 0
        },
        "north": {
          "uv": [
            0.0,
            8.0,
            0.27449125,
            8.50564
          ],
          "texture": "#layer0",
          "tintindex": 0
        },
        "south": {
          "uv": [
            0.0,
            8.0,
            6.5625,
            13.4375
          ],
          "texture": "#layer0",
          "tintindex": 0
        },
        "up": {
          "uv": [
            0.0,
            8.0,
            6.5625,
            13.4375
          ],
          "texture": "#layer0",
          "tintindex": 0
        },
        "west": {
          "uv": [
            0.0,
            8.0,
            6.5625,
            13.4375
          ],
          "texture": "#layer0",
          "tintindex": 0
        }
      }
    }
  ],
  "display": {
    "head": {
      "translation": [
        0.0,
        -6.4,
        0.0
      ],
      "rotation": [
        0.0,
        0.0,
        0.0
      ],
      "scale": [
        3.8095,
        3.8095,
        3.8095
      ]
    },
    "gui": {
      "translation": [
        0.0,
        0.0,
        0.0
      ],
      "rotation": [
        35.0,
        225.0,
        0.0
      ],
      "scale": [
        0.625,
        0.625,
        0.625
      ]
    }
  }
}