{
  "file_name": "body",
  "texture_size": [
    128,
    128
  ],
  "textures": {
    "layer0": "modelengine:entity/ifrit"
  },
  "elements": [
    {
      "name": "body_0",
      "from": [
        1.4286076,
        4.538702,
        4.030742
      ],
      "to": [
        2.9994977,
        13.440423,
        9.26705
      ],
      "rotation": {
        "angle": -22.5,
        "axis": "z",
        "origin": [
          6.6032,
          7.787371,
          1.5462738
        ]
      },
      "faces": {
        "down": {
          "uv": [
            0.25125,
            7.9999995,
            0.0,
            8.8375
          ],
          "texture": "#layer0",
          "tintindex": 0
        },
        "east": {
          "uv": [
            0.0,
            8.0,
            2.5625,
            13.4375
          ],
          "texture": "#layer0",
          "tintindex": 0
        },
        "north": {
          "uv": [
            0.0,
            8.0,
            1.586,
            13.990625
          ],
          "texture": "#layer0",
          "tintindex": 0
        },
        "south": {
          "uv": [
            0.0,
            8.0,
            1.586,
            13.990625
          ],
          "texture": "#layer0",
          "tintindex": 0
        },
        "up": {
          "uv": [
            0.0,
            8.0,
            6.5625,
            13.4375
          ],
          "texture": "#layer0",
          "tintindex": 0
        },
        "west": {
          "uv": [
            0.0,
            8.0,
            2.5625,
            13.4375
          ],
          "texture": "#layer0",
          "tintindex": 0
        }
      }
    },
    {
      "name": "body_1",
      "from": [
        3.9001698,
        5.106139,
        3.69359
      ],
      "to": [
        10.183737,
        18.679802,
        9.71534
      ],
      "rotation": {
        "angle": 0.0,
        "axis": "z",
        "origin": [
          8.0,
          8.0,
          8.0
        ]
      },
      "faces": {
        "down": {
          "uv": [
            3.846125,
            8.0,
            0.0,
            11.621125
          ],
          "texture": "#layer0",
          "tintindex": 0
        },
        "east": {
          "uv": [
            0.0,
            8.0,
            3.846125,
            13.621125
          ],
          "texture": "#layer0",
          "tintindex": 0
        },
        "north": {
          "uv": [
            0.0,
            8.0,
            3.846125,
            13.621125
          ],
          "texture": "#layer0",
          "tintindex": 0
        },
        "south": {
          "uv": [
            0.0,
            8.0,
            3.846125,
            13.621125
          ],
          "texture": "#layer0",
          "tintindex": 0
        },
        "up": {
          "uv": [
            0.0,
            8.0,
            3.846125,
            11.621125
          ],
          "texture": "#layer0",
          "tintindex": 0
        },
        "west": {
          "uv": [
            0.0,
            8.0,
            3.846125,
            13.621125
          ],
          "texture": "#layer0",
          "tintindex": 0
        }
      }
    },
    {
      "name": "body_2",
      "from": [
        10.708742,
        5.2474804,
        4.030742
      ],
      "to": [
        12.803264,
        13.363759,
        9.52886
      ],
      "rotation": {
        "angle": 22.5,
        "axis": "z",
        "origin": [
          6.6032,
          7.787371,
          1.5462738
        ]
      },
      "faces": {
        "down": {
          "uv": [
            0.335,
            8.0,
            0.0,
            8.879375
          ],
          "texture": "#layer0",
          "tintindex": 0
        },
        "east": {
          "uv": [
            0.0,
            8.0,
            2.5625,
            13.4375
          ],
          "texture": "#layer0",
          "tintindex": 0
        },
        "north": {
          "uv": [
            0.0,
            8.0,
            1.586,
            13.990625
          ],
          "texture": "#layer0",
          "tintindex": 0
        },
        "south": {
          "uv": [
            0.0,
            8.0,
            1.586,
            13.990625
          ],
          "texture": "#layer0",
          "tintindex": 0
        },
        "up": {
          "uv": [
            0.0,
            8.0,
            6.5625,
            13.4375
          ],
          "texture": "#layer0",
          "tintindex": 0
        },
        "west": {
          "uv": [
            0.0,
            8.0,
            2.5625,
            13.4375
          ],
          "texture": "#layer0",
          "tintindex": 0
        }
      }
    },
    {
      "name": "body_3",
      "from": [
        2.747576,
        6.245078,
        3.768926
      ],
      "to": [
        9.031142,
        12.528645,
        10.314302
      ],
      "rotation": {
        "angle": -45.0,
        "axis": "z",
        "origin": [
          6.6032,
          7.787371,
          1.5462738
        ]
      },
      "faces": {
        "down": {
          "uv": [
            4.846125,
            7.9999995,
            0.0,
            12.846125
          ],
          "texture": "#layer0",
          "tintindex": 0
        },
        "east": {
          "uv": [
            0.0,
            8.0,
            4.846125,
            12.846125
          ],
          "texture": "#layer0",
          "tintindex": 0
        },
        "north": {
          "uv": [
            0.0,
            8.0,
            4.846125,
            12.846125
          ],
          "texture": "#layer0",
          "tintindex": 0
        },
        "south": {
          "uv": [
            0.0,
            8.0,
            4.346125,
            11.846125
          ],
          "texture": "#layer0",
          "tintindex": 0
        },
        "up": {
          "uv": [
            3.0000002,
            8.5,
            6.846125,
            12.846125
          ],
          "texture": "#layer0",
          "tintindex": 0
        },
        "west": {
          "uv": [
            0.0,
            8.0,
            3.846125,
            12.346125
          ],
          "texture": "#layer0",
          "tintindex": 0
        }
      }
    }
  ],
  "display": {
    "head": {
      "translation": [
        0.0,
        -6.4,
        0.0
      ],
      "rotation": [
        0.0,
        0.0,
        0.0
      ],
      "scale": [
        3.8095,
        3.8095,
        3.8095
      ]
    },
    "gui": {
      "translation": [
        0.0,
        0.0,
        0.0
      ],
      "rotation": [
        35.0,
        225.0,
        0.0
      ],
      "scale": [
        0.625,
        0.625,
        0.625
      ]
    }
  }
}