{
  "file_name": "head",
  "texture_size": [
    128,
    128
  ],
  "textures": {
    "layer0": "modelengine:entity/ifrit"
  },
  "elements": [
    {
      "name": "head_0",
      "from": [
        -4.5023932,
        7.926758,
        16.698603
      ],
      "to": [
        -1.4580345,
        12.493304,
        17.30747
      ],
      "rotation": {
        "angle": -22.5,
        "axis": "x",
        "origin": [
          -3.7948256,
          -8.812168,
          8.473892
        ]
      },
      "faces": {
        "down": {
          "uv": [
            0.41875,
            8.0,
            0.0,
            8.08375
          ],
          "texture": "#layer0",
          "tintindex": 0
        },
        "east": {
          "uv": [
            0.0,
            8.0,
            6.5625,
            13.4375
          ],
          "texture": "#layer0",
          "tintindex": 0
        },
        "north": {
          "uv": [
            0.0,
            8.0,
            0.14446875,
            8.216702
          ],
          "texture": "#layer0",
          "tintindex": 0
        },
        "south": {
          "uv": [
            0.0,
            8.0,
            6.5625,
            13.4375
          ],
          "texture": "#layer0",
          "tintindex": 0
        },
        "up": {
          "uv": [
            0.0,
            8.0,
            6.5625,
            13.4375
          ],
          "texture": "#layer0",
          "tintindex": 0
        },
        "west": {
          "uv": [
            0.0,
            8.0,
            6.5625,
            13.4375
          ],
          "texture": "#layer0",
          "tintindex": 0
        }
      }
    },
    {
      "name": "head_1",
      "from": [
        -0.5447216,
        5.065112,
        15.821636
      ],
      "to": [
        0.064146996,
        12.676017,
        22.214798
      ],
      "rotation": {
        "angle": -22.5,
        "axis": "x",
        "origin": [
          -3.7948256,
          -8.812168,
          8.473892
        ]
      },
      "faces": {
        "down": {
          "uv": [
            0.08375,
            8.0,
            0.0,
            8.879375
          ],
          "texture": "#layer0",
          "tintindex": 0
        },
        "east": {
          "uv": [
            0.0,
            8.0,
            6.5625,
            13.4375
          ],
          "texture": "#layer0",
          "tintindex": 0
        },
        "north": {
          "uv": [
            0.0,
            8.0,
            0.02889375,
            8.361173
          ],
          "texture": "#layer0",
          "tintindex": 0
        },
        "south": {
          "uv": [
            0.0,
            8.0,
            6.5625,
            13.4375
          ],
          "texture": "#layer0",
          "tintindex": 0
        },
        "up": {
          "uv": [
            0.0,
            8.0,
            6.5625,
            13.4375
          ],
          "texture": "#layer0",
          "tintindex": 0
        },
        "west": {
          "uv": [
            0.0,
            8.0,
            6.5625,
            13.4375
          ],
          "texture": "#layer0",
          "tintindex": 0
        }
      }
    },
    {
      "name": "head_2",
      "from": [
        -5.4157076,
        5.5159225,
        17.25845
      ],
      "to": [
        -0.5447216,
        20.433296,
        23.042744
      ],
      "rotation": {
        "angle": -22.5,
        "axis": "x",
        "origin": [
          -3.7948256,
          -8.812168,
          8.473892
        ]
      },
      "faces": {
        "down": {
          "uv": [
            0.67,
            8.0,
            0.0,
            8.795625
          ],
          "texture": "#layer0",
          "tintindex": 0
        },
        "east": {
          "uv": [
            0.0,
            8.0,
            6.5625,
            13.4375
          ],
          "texture": "#layer0",
          "tintindex": 0
        },
        "north": {
          "uv": [
            0.0,
            8.0,
            0.23115,
            8.707896
          ],
          "texture": "#layer0",
          "tintindex": 0
        },
        "south": {
          "uv": [
            0.0,
            8.0,
            6.5625,
            13.4375
          ],
          "texture": "#layer0",
          "tintindex": 0
        },
        "up": {
          "uv": [
            0.0,
            8.0,
            6.5625,
            13.4375
          ],
          "texture": "#layer0",
          "tintindex": 0
        },
        "west": {
          "uv": [
            0.0,
            8.0,
            6.5625,
            13.4375
          ],
          "texture": "#layer0",
          "tintindex": 0
        }
      }
    },
    {
      "name": "head_3",
      "from": [
        -6.024576,
        5.065112,
        17.952692
      ],
      "to": [
        -5.4157076,
        12.676017,
        22.214804
      ],
      "rotation": {
        "angle": -22.5,
        "axis": "x",
        "origin": [
          -3.7948256,
          -8.812168,
          8.473892
        ]
      },
      "faces": {
        "down": {
          "uv": [
            3.259375,
            8.0,
            0.0,
            11.332125
          ],
          "texture": "#layer0",
          "tintindex": 0
        },
        "east": {
          "uv": [
            0.0,
            8.0,
            3.259375,
            11.332125
          ],
          "texture": "#layer0",
          "tintindex": 0
        },
        "north": {
          "uv": [
            0.0,
            8.0,
            3.259375,
            11.332125
          ],
          "texture": "#layer0",
          "tintindex": 0
        },
        "south": {
          "uv": [
            0.0,
            8.0,
            3.259375,
            11.332125
          ],
          "texture": "#layer0",
          "tintindex": 0
        },
        "up": {
          "uv": [
            0.0,
            8.0,
            3.259375,
            11.332125
          ],
          "texture": "#layer0",
          "tintindex": 0
        },
        "west": {
          "uv": [
            0.0,
            8.0,
            3.259375,
            11.332125
          ],
          "texture": "#layer0",
          "tintindex": 0
        }
      }
    },
    {
      "name": "head_4",
      "from": [
        -8.289822,
        12.324613,
        12.602156
      ],
      "to": [
        1.7565851,
        22.066578,
        22.344124
      ],
      "rotation": {
        "angle": -22.5,
        "axis": "x",
        "origin": [
          -3.7948256,
          -8.812168,
          8.473892
        ]
      },
      "faces": {
        "down": {
          "uv": [
            7.5625,
            9.5,
            1.5,
            14.9375
          ],
          "texture": "#layer0",
          "tintindex": 0
        },
        "east": {
          "uv": [
            1.5,
            9.5,
            7.5625,
            14.9375
          ],
          "texture": "#layer0",
          "tintindex": 0
        },
        "north": {
          "uv": [
            1.5,
            9.5,
            7.5625,
            14.9375
          ],
          "texture": "#layer0",
          "tintindex": 0
        },
        "south": {
          "uv": [
            1.5,
            9.5,
            7.5625,
            14.9375
          ],
          "texture": "#layer0",
          "tintindex": 0
        },
        "up": {
          "uv": [
            1.5,
            9.5,
            7.5625,
            14.9375
          ],
          "texture": "#layer0",
          "tintindex": 0
        },
        "west": {
          "uv": [
            1.5,
            9.5,
            7.5625,
            14.9375
          ],
          "texture": "#layer0",
          "tintindex": 0
        }
      }
    },
    {
      "name": "head_5",
      "from": [
        -7.9511156,
        11.408518,
        31.420864
      ],
      "to": [
        1.181983,
        14.452875,
        33.193783
      ],
      "rotation": {
        "angle": -45.0,
        "axis": "x",
        "origin": [
          -3.7948256,
          -8.812168,
          8.473892
        ]
      },
      "faces": {
        "down": {
          "uv": [
            1.25625,
            8.0,
            0.0,
            8.243864
          ],
          "texture": "#layer0",
          "tintindex": 0
        },
        "east": {
          "uv": [
            0.0,
            8.0,
            6.5625,
            13.4375
          ],
          "texture": "#layer0",
          "tintindex": 0
        },
        "north": {
          "uv": [
            0.0,
            8.0,
            0.43340626,
            8.144468
          ],
          "texture": "#layer0",
          "tintindex": 0
        },
        "south": {
          "uv": [
            0.0,
            8.0,
            6.5625,
            13.4375
          ],
          "texture": "#layer0",
          "tintindex": 0
        },
        "up": {
          "uv": [
            0.0,
            8.0,
            6.5625,
            13.4375
          ],
          "texture": "#layer0",
          "tintindex": 0
        },
        "west": {
          "uv": [
            0.0,
            8.0,
            6.5625,
            13.4375
          ],
          "texture": "#layer0",
          "tintindex": 0
        }
      }
    },
    {
      "name": "head_6",
      "from": [
        -7.9511156,
        11.124883,
        15.406845
      ],
      "to": [
        1.181983,
        12.647065,
        19.668957
      ],
      "rotation": {
        "angle": -22.5,
        "axis": "x",
        "origin": [
          -3.7948256,
          -8.812168,
          8.473892
        ]
      },
      "faces": {
        "down": {
          "uv": [
            4.25625,
            8.0,
            0.0,
            10.086
          ],
          "texture": "#layer0",
          "tintindex": 0
        },
        "east": {
          "uv": [
            0.0,
            8.0,
            6.5625,
            13.4375
          ],
          "texture": "#layer0",
          "tintindex": 0
        },
        "north": {
          "uv": [
            0.0,
            8.0,
            0.43340626,
            8.072235
          ],
          "texture": "#layer0",
          "tintindex": 0
        },
        "south": {
          "uv": [
            0.0,
            8.0,
            6.5625,
            13.4375
          ],
          "texture": "#layer0",
          "tintindex": 0
        },
        "up": {
          "uv": [
            0.0,
            8.0,
            6.5625,
            13.4375
          ],
          "texture": "#layer0",
          "tintindex": 0
        },
        "west": {
          "uv": [
            0.0,
            8.0,
            6.5625,
            13.4375
          ],
          "texture": "#layer0",
          "tintindex": 0
        }
      }
    },
    {
      "name": "head_7",
      "from": [
        -7.9853873,
        15.051089,
        11.549132
      ],
      "to": [
        1.1477118,
        19.313202,
        13.071314
      ],
      "rotation": {
        "angle": -22.5,
        "axis": "x",
        "origin": [
          -3.7948256,
          -8.812168,
          8.473892
        ]
      },
      "faces": {
        "down": {
          "uv": [
            1.25625,
            8.0,
            0.0,
            8.209375
          ],
          "texture": "#layer0",
          "tintindex": 0
        },
        "east": {
          "uv": [
            0.0,
            8.0,
            6.5625,
            13.4375
          ],
          "texture": "#layer0",
          "tintindex": 0
        },
        "north": {
          "uv": [
            0.0,
            8.0,
            3.932875,
            11.201625
          ],
          "texture": "#layer0",
          "tintindex": 0
        },
        "south": {
          "uv": [
            0.0,
            8.0,
            6.5625,
            13.4375
          ],
          "texture": "#layer0",
          "tintindex": 0
        },
        "up": {
          "uv": [
            0.0,
            8.0,
            6.5625,
            13.4375
          ],
          "texture": "#layer0",
          "tintindex": 0
        },
        "west": {
          "uv": [
            0.0,
            8.0,
            6.5625,
            13.4375
          ],
          "texture": "#layer0",
          "tintindex": 0
        }
      }
    },
    {
      "name": "head_8",
      "from": [
        -7.9853873,
        18.34913,
        0.551918
      ],
      "to": [
        1.1477118,
        21.39349,
        2.0741
      ],
      "rotation": {
        "angle": 0.0,
        "axis": "z",
        "origin": [
          -3.2698135,
          8.0,
          13.189964
        ]
      },
      "faces": {
        "down": {
          "uv": [
            1.25625,
            8.0,
            0.0,
            8.209375
          ],
          "texture": "#layer0",
          "tintindex": 0
        },
        "east": {
          "uv": [
            0.0,
            8.0,
            6.5625,
            13.4375
          ],
          "texture": "#layer0",
          "tintindex": 0
        },
        "north": {
          "uv": [
            11.0,
            2.5,
            15.932875,
            5.14375
          ],
          "texture": "#layer0",
          "tintindex": 0
        },
        "south": {
          "uv": [
            0.0,
            8.0,
            6.5625,
            13.4375
          ],
          "texture": "#layer0",
          "tintindex": 0
        },
        "up": {
          "uv": [
            0.0,
            8.0,
            6.5625,
            13.4375
          ],
          "texture": "#layer0",
          "tintindex": 0
        },
        "west": {
          "uv": [
            0.0,
            8.0,
            6.5625,
            13.4375
          ],
          "texture": "#layer0",
          "tintindex": 0
        }
      }
    },
    {
      "name": "head_9",
      "from": [
        -7.9853873,
        16.651527,
        24.140558
      ],
      "to": [
        1.1477118,
        18.42445,
        26.880478
      ],
      "rotation": {
        "angle": -45.0,
        "axis": "x",
        "origin": [
          -3.7948256,
          -8.812168,
          8.473892
        ]
      },
      "faces": {
        "down": {
          "uv": [
            1.25625,
            8.0,
            0.0,
            8.376875
          ],
          "texture": "#layer0",
          "tintindex": 0
        },
        "east": {
          "uv": [
            0.0,
            8.0,
            6.5625,
            13.4375
          ],
          "texture": "#layer0",
          "tintindex": 0
        },
        "north": {
          "uv": [
            0.0,
            8.0,
            0.43340626,
            8.084132
          ],
          "texture": "#layer0",
          "tintindex": 0
        },
        "south": {
          "uv": [
            0.0,
            8.0,
            6.5625,
            13.4375
          ],
          "texture": "#layer0",
          "tintindex": 0
        },
        "up": {
          "uv": [
            0.0,
            8.0,
            5.0625,
            9.9375
          ],
          "texture": "#layer0",
          "tintindex": 0
        },
        "west": {
          "uv": [
            0.0,
            8.0,
            6.5625,
            13.4375
          ],
          "texture": "#layer0",
          "tintindex": 0
        }
      }
    },
    {
      "name": "head_10",
      "from": [
        -7.9853873,
        21.872913,
        15.05636
      ],
      "to": [
        1.1477118,
        23.395096,
        19.318474
      ],
      "rotation": {
        "angle": -22.5,
        "axis": "x",
        "origin": [
          -3.7948256,
          -8.812168,
          8.473892
        ]
      },
      "faces": {
        "down": {
          "uv": [
            1.25625,
            8.0,
            0.0,
            8.58625
          ],
          "texture": "#layer0",
          "tintindex": 0
        },
        "east": {
          "uv": [
            0.0,
            8.0,
            6.5625,
            13.4375
          ],
          "texture": "#layer0",
          "tintindex": 0
        },
        "north": {
          "uv": [
            0.0,
            8.0,
            0.43340626,
            8.072235
          ],
          "texture": "#layer0",
          "tintindex": 0
        },
        "south": {
          "uv": [
            0.0,
            8.0,
            6.5625,
            13.4375
          ],
          "texture": "#layer0",
          "tintindex": 0
        },
        "up": {
          "uv": [
            0.0,
            8.0,
            6.5625,
            13.4375
          ],
          "texture": "#layer0",
          "tintindex": 0
        },
        "west": {
          "uv": [
            0.0,
            8.0,
            6.5625,
            13.4375
          ],
          "texture": "#layer0",
          "tintindex": 0
        }
      }
    },
    {
      "name": "head_11",
      "from": [
        -7.9853873,
        23.571323,
        6.167798
      ],
      "to": [
        1.1477118,
        25.093502,
        9.212168
      ],
      "rotation": {
        "angle": 0.0,
        "axis": "z",
        "origin": [
          -3.2698135,
          8.0,
          13.189964
        ]
      },
      "faces": {
        "down": {
          "uv": [
            1.25625,
            8.0,
            0.0,
            8.41875
          ],
          "texture": "#layer0",
          "tintindex": 0
        },
        "east": {
          "uv": [
            0.0,
            8.0,
            6.5625,
            13.4375
          ],
          "texture": "#layer0",
          "tintindex": 0
        },
        "north": {
          "uv": [
            0.0,
            8.0,
            0.43340626,
            8.072235
          ],
          "texture": "#layer0",
          "tintindex": 0
        },
        "south": {
          "uv": [
            0.0,
            8.0,
            6.5625,
            13.4375
          ],
          "texture": "#layer0",
          "tintindex": 0
        },
        "up": {
          "uv": [
            0.0,
            8.0,
            6.5625,
            13.4375
          ],
          "texture": "#layer0",
          "tintindex": 0
        },
        "west": {
          "uv": [
            0.0,
            8.0,
            6.5625,
            13.4375
          ],
          "texture": "#layer0",
          "tintindex": 0
        }
      }
    },
    {
      "name": "head_12",
      "from": [
        1.6043596,
        13.368781,
        13.610708
      ],
      "to": [
        2.5176678,
        21.284126,
        21.526052
      ],
      "rotation": {
        "angle": -22.5,
        "axis": "x",
        "origin": [
          -3.7948256,
          -8.812168,
          8.473892
        ]
      },
      "faces": {
        "down": {
          "uv": [
            0.5625,
            8.0,
            0.0,
            13.4375
          ],
          "texture": "#layer0",
          "tintindex": 0
        },
        "east": {
          "uv": [
            0.0,
            8.0,
            4.0625,
            12.4375
          ],
          "texture": "#layer0",
          "tintindex": 0
        },
        "north": {
          "uv": [
            0.0,
            8.0,
            0.5625,
            13.4375
          ],
          "texture": "#layer0",
          "tintindex": 0
        },
        "south": {
          "uv": [
            0.0,
            8.0,
            0.5625,
            13.4375
          ],
          "texture": "#layer0",
          "tintindex": 0
        },
        "up": {
          "uv": [
            0.0,
            8.0,
            0.5625,
            13.4375
          ],
          "texture": "#layer0",
          "tintindex": 0
        },
        "west": {
          "uv": [
            0.0,
            8.0,
            4.0625,
            12.4375
          ],
          "texture": "#layer0",
          "tintindex": 0
        }
      }
    },
    {
      "name": "head_13",
      "from": [
        -9.016638,
        13.368781,
        13.306274
      ],
      "to": [
        -8.103331,
        21.284126,
        21.52605
      ],
      "rotation": {
        "angle": -22.5,
        "axis": "x",
        "origin": [
          -3.7948256,
          -8.812168,
          8.473892
        ]
      },
      "faces": {
        "down": {
          "uv": [
            0.5625,
            8.0,
            0.0,
            13.4375
          ],
          "texture": "#layer0",
          "tintindex": 0
        },
        "east": {
          "uv": [
            0.0,
            8.0,
            4.0625,
            12.4375
          ],
          "texture": "#layer0",
          "tintindex": 0
        },
        "north": {
          "uv": [
            0.0,
            8.0,
            0.5625,
            13.4375
          ],
          "texture": "#layer0",
          "tintindex": 0
        },
        "south": {
          "uv": [
            0.0,
            8.0,
            0.5625,
            13.4375
          ],
          "texture": "#layer0",
          "tintindex": 0
        },
        "up": {
          "uv": [
            0.0,
            8.0,
            0.5625,
            13.4375
          ],
          "texture": "#layer0",
          "tintindex": 0
        },
        "west": {
          "uv": [
            0.0,
            8.0,
            4.0625,
            12.4375
          ],
          "texture": "#layer0",
          "tintindex": 0
        }
      }
    },
    {
      "name": "head_14",
      "from": [
        -7.376502,
        13.592133,
        7.9899263
      ],
      "to": [
        0.5388422,
        17.24537,
        12.556473
      ],
      "rotation": {
        "angle": -22.5,
        "axis": "x",
        "origin": [
          -3.7948256,
          -8.812168,
          8.473892
        ]
      },
      "faces": {
        "down": {
          "uv": [
            1.08875,
            8.0,
            0.0,
            8.628125
          ],
          "texture": "#layer0",
          "tintindex": 0
        },
        "east": {
          "uv": [
            0.0,
            8.0,
            6.5625,
            13.4375
          ],
          "texture": "#layer0",
          "tintindex": 0
        },
        "north": {
          "uv": [
            0.0,
            8.0,
            5.432875,
            11.14375
          ],
          "texture": "#layer0",
          "tintindex": 0
        },
        "south": {
          "uv": [
            0.0,
            8.0,
            6.5625,
            13.4375
          ],
          "texture": "#layer0",
          "tintindex": 0
        },
        "up": {
          "uv": [
            0.0,
            8.0,
            6.5625,
            13.4375
          ],
          "texture": "#layer0",
          "tintindex": 0
        },
        "west": {
          "uv": [
            0.0,
            8.0,
            6.5625,
            13.4375
          ],
          "texture": "#layer0",
          "tintindex": 0
        }
      }
    },
    {
      "name": "head_15",
      "from": [
        -6.463206,
        15.114321,
        7.3810463
      ],
      "to": [
        -0.3744774,
        17.24537,
        7.989914
      ],
      "rotation": {
        "angle": -22.5,
        "axis": "x",
        "origin": [
          -3.7948256,
          -8.812168,
          8.473892
        ]
      },
      "faces": {
        "down": {
          "uv": [
            0.8375,
            8.0,
            0.0,
            8.08375
          ],
          "texture": "#layer0",
          "tintindex": 0
        },
        "east": {
          "uv": [
            0.0,
            8.0,
            6.5625,
            13.4375
          ],
          "texture": "#layer0",
          "tintindex": 0
        },
        "north": {
          "uv": [
            12.5,
            5.5,
            15.932875,
            7.14375
          ],
          "texture": "#layer0",
          "tintindex": 0
        },
        "south": {
          "uv": [
            0.0,
            8.0,
            6.5625,
            13.4375
          ],
          "texture": "#layer0",
          "tintindex": 0
        },
        "up": {
          "uv": [
            0.0,
            8.0,
            6.5625,
            13.4375
          ],
          "texture": "#layer0",
          "tintindex": 0
        },
        "west": {
          "uv": [
            0.0,
            8.0,
            6.5625,
            13.4375
          ],
          "texture": "#layer0",
          "tintindex": 0
        }
      }
    },
    {
      "name": "head_16",
      "from": [
        -7.0720615,
        0.7114911,
        -15.69556
      ],
      "to": [
        0.23440838,
        7.7135277,
        -13.56451
      ],
      "rotation": {
        "angle": 45.0,
        "axis": "x",
        "origin": [
          -3.7948256,
          -8.812168,
          8.473892
        ]
      },
      "faces": {
        "down": {
          "uv": [
            1.005,
            8.0,
            0.0,
            8.293125
          ],
          "texture": "#layer0",
          "tintindex": 0
        },
        "east": {
          "uv": [
            0.0,
            8.0,
            6.5625,
            13.4375
          ],
          "texture": "#layer0",
          "tintindex": 0
        },
        "north": {
          "uv": [
            0.0,
            8.0,
            4.932875,
            10.64375
          ],
          "texture": "#layer0",
          "tintindex": 0
        },
        "south": {
          "uv": [
            0.0,
            8.0,
            6.5625,
            13.4375
          ],
          "texture": "#layer0",
          "tintindex": 0
        },
        "up": {
          "uv": [
            0.0,
            8.0,
            6.5625,
            13.4375
          ],
          "texture": "#layer0",
          "tintindex": 0
        },
        "west": {
          "uv": [
            0.0,
            8.0,
            6.5625,
            13.4375
          ],
          "texture": "#layer0",
          "tintindex": 0
        }
      }
    },
    {
      "name": "head_17",
      "from": [
        -6.158771,
        0.7114911,
        -16.0
      ],
      "to": [
        -0.67891693,
        7.7135277,
        -15.69556
      ],
      "rotation": {
        "angle": 45.0,
        "axis": "x",
        "origin": [
          -3.7948256,
          -8.812168,
          8.473892
        ]
      },
      "faces": {
        "down": {
          "uv": [
            0.75375,
            8.0,
            0.0,
            8.041875
          ],
          "texture": "#layer0",
          "tintindex": 0
        },
        "east": {
          "uv": [
            0.0,
            8.0,
            6.5625,
            13.4375
          ],
          "texture": "#layer0",
          "tintindex": 0
        },
        "north": {
          "uv": [
            0.0,
            8.0,
            4.432875,
            12.14375
          ],
          "texture": "#layer0",
          "tintindex": 0
        },
        "south": {
          "uv": [
            0.0,
            8.0,
            6.5625,
            13.4375
          ],
          "texture": "#layer0",
          "tintindex": 0
        },
        "up": {
          "uv": [
            0.0,
            8.0,
            6.5625,
            13.4375
          ],
          "texture": "#layer0",
          "tintindex": 0
        },
        "west": {
          "uv": [
            0.0,
            8.0,
            6.5625,
            13.4375
          ],
          "texture": "#layer0",
          "tintindex": 0
        }
      }
    },
    {
      "name": "head_18",
      "from": [
        -13.068438,
        26.607586,
        3.8023639
      ],
      "to": [
        -11.241822,
        29.164856,
        7.090274
      ],
      "rotation": {
        "angle": 0.0,
        "axis": "z",
        "origin": [
          -3.2698135,
          8.0,
          13.189964
        ]
      },
      "faces": {
        "down": {
          "uv": [
            10.086,
            8.5,
            9.0,
            9.328125
          ],
          "texture": "#layer0",
          "tintindex": 0
        },
        "east": {
          "uv": [
            9.0,
            8.5,
            10.586,
            13.829
          ],
          "texture": "#layer0",
          "tintindex": 0
        },
        "north": {
          "uv": [
            9.0,
            8.5,
            10.586,
            13.829
          ],
          "texture": "#layer0",
          "tintindex": 0
        },
        "south": {
          "uv": [
            9.0,
            8.5,
            10.586,
            13.829
          ],
          "texture": "#layer0",
          "tintindex": 0
        },
        "up": {
          "uv": [
            9.0,
            8.5,
            10.586,
            9.828125
          ],
          "texture": "#layer0",
          "tintindex": 0
        },
        "west": {
          "uv": [
            9.0,
            8.5,
            10.586,
            13.829
          ],
          "texture": "#layer0",
          "tintindex": 0
        }
      }
    },
    {
      "name": "head_19",
      "from": [
        -26.89571,
        22.725163,
        4.533014
      ],
      "to": [
        -25.069092,
        27.474377,
        6.3596296
      ],
      "rotation": {
        "angle": -22.5,
        "axis": "z",
        "origin": [
          -3.7948256,
          -8.812168,
          8.473892
        ]
      },
      "faces": {
        "down": {
          "uv": [
            10.086,
            8.5,
            9.0,
            9.328125
          ],
          "texture": "#layer0",
          "tintindex": 0
        },
        "east": {
          "uv": [
            9.0,
            8.5,
            10.586,
            13.829
          ],
          "texture": "#layer0",
          "tintindex": 0
        },
        "north": {
          "uv": [
            9.0,
            8.5,
            10.586,
            13.829
          ],
          "texture": "#layer0",
          "tintindex": 0
        },
        "south": {
          "uv": [
            9.0,
            8.5,
            10.586,
            13.829
          ],
          "texture": "#layer0",
          "tintindex": 0
        },
        "up": {
          "uv": [
            9.0,
            8.5,
            10.586,
            9.828125
          ],
          "texture": "#layer0",
          "tintindex": 0
        },
        "west": {
          "uv": [
            9.0,
            8.5,
            10.586,
            13.829
          ],
          "texture": "#layer0",
          "tintindex": 0
        }
      }
    },
    {
      "name": "head_20",
      "from": [
        -38.60315,
        15.52401,
        4.8983364
      ],
      "to": [
        -37.50718,
        20.27322,
        5.9943085
      ],
      "rotation": {
        "angle": -45.0,
        "axis": "z",
        "origin": [
          -3.7948256,
          -8.812168,
          8.473892
        ]
      },
      "faces": {
        "down": {
          "uv": [
            10.086,
            8.5,
            9.0,
            9.328125
          ],
          "texture": "#layer0",
          "tintindex": 0
        },
        "east": {
          "uv": [
            9.0,
            8.5,
            10.586,
            13.829
          ],
          "texture": "#layer0",
          "tintindex": 0
        },
        "north": {
          "uv": [
            9.0,
            8.5,
            10.586,
            13.829
          ],
          "texture": "#layer0",
          "tintindex": 0
        },
        "south": {
          "uv": [
            9.0,
            8.5,
            10.586,
            13.829
          ],
          "texture": "#layer0",
          "tintindex": 0
        },
        "up": {
          "uv": [
            9.0,
            8.5,
            10.586,
            9.828125
          ],
          "texture": "#layer0",
          "tintindex": 0
        },
        "west": {
          "uv": [
            9.0,
            8.5,
            10.586,
            13.829
          ],
          "texture": "#layer0",
          "tintindex": 0
        }
      }
    },
    {
      "name": "head_21",
      "from": [
        -38.23782,
        20.273216,
        5.2636642
      ],
      "to": [
        -37.50718,
        22.09983,
        5.628992
      ],
      "rotation": {
        "angle": -45.0,
        "axis": "z",
        "origin": [
          -3.7948256,
          -8.812168,
          8.473892
        ]
      },
      "faces": {
        "down": {
          "uv": [
            10.086,
            8.5,
            9.0,
            9.328125
          ],
          "texture": "#layer0",
          "tintindex": 0
        },
        "east": {
          "uv": [
            9.0,
            8.5,
            10.586,
            13.829
          ],
          "texture": "#layer0",
          "tintindex": 0
        },
        "north": {
          "uv": [
            9.0,
            8.5,
            10.586,
            13.829
          ],
          "texture": "#layer0",
          "tintindex": 0
        },
        "south": {
          "uv": [
            9.0,
            8.5,
            10.586,
            13.829
          ],
          "texture": "#layer0",
          "tintindex": 0
        },
        "up": {
          "uv": [
            9.0,
            8.5,
            10.586,
            9.828125
          ],
          "texture": "#layer0",
          "tintindex": 0
        },
        "west": {
          "uv": [
            9.0,
            8.5,
            10.586,
            13.829
          ],
          "texture": "#layer0",
          "tintindex": 0
        }
      }
    },
    {
      "name": "head_22",
      "from": [
        14.938633,
        16.113361,
        4.167692
      ],
      "to": [
        16.765247,
        23.054516,
        6.724964
      ],
      "rotation": {
        "angle": 45.0,
        "axis": "z",
        "origin": [
          -3.7948256,
          -8.812168,
          8.473892
        ]
      },
      "faces": {
        "down": {
          "uv": [
            10.086,
            8.5,
            9.0,
            9.328125
          ],
          "texture": "#layer0",
          "tintindex": 0
        },
        "east": {
          "uv": [
            9.0,
            8.5,
            10.586,
            13.829
          ],
          "texture": "#layer0",
          "tintindex": 0
        },
        "north": {
          "uv": [
            9.0,
            8.5,
            10.586,
            13.829
          ],
          "texture": "#layer0",
          "tintindex": 0
        },
        "south": {
          "uv": [
            9.0,
            8.5,
            10.586,
            13.829
          ],
          "texture": "#layer0",
          "tintindex": 0
        },
        "up": {
          "uv": [
            9.0,
            8.5,
            10.586,
            9.828125
          ],
          "texture": "#layer0",
          "tintindex": 0
        },
        "west": {
          "uv": [
            9.0,
            8.5,
            10.586,
            13.829
          ],
          "texture": "#layer0",
          "tintindex": 0
        }
      }
    },
    {
      "name": "head_23",
      "from": [
        -23.368397,
        17.09987,
        4.167692
      ],
      "to": [
        -21.541782,
        24.041023,
        6.724964
      ],
      "rotation": {
        "angle": -45.0,
        "axis": "z",
        "origin": [
          -3.7948256,
          -8.812168,
          8.473892
        ]
      },
      "faces": {
        "down": {
          "uv": [
            10.086,
            8.5,
            9.0,
            9.328125
          ],
          "texture": "#layer0",
          "tintindex": 0
        },
        "east": {
          "uv": [
            9.0,
            8.5,
            10.586,
            13.829
          ],
          "texture": "#layer0",
          "tintindex": 0
        },
        "north": {
          "uv": [
            9.0,
            8.5,
            10.586,
            13.829
          ],
          "texture": "#layer0",
          "tintindex": 0
        },
        "south": {
          "uv": [
            9.0,
            8.5,
            10.586,
            13.829
          ],
          "texture": "#layer0",
          "tintindex": 0
        },
        "up": {
          "uv": [
            9.0,
            8.5,
            10.586,
            9.828125
          ],
          "texture": "#layer0",
          "tintindex": 0
        },
        "west": {
          "uv": [
            9.0,
            8.5,
            10.586,
            13.829
          ],
          "texture": "#layer0",
          "tintindex": 0
        }
      }
    },
    {
      "name": "head_24",
      "from": [
        5.047291,
        26.607586,
        3.8023639
      ],
      "to": [
        6.873907,
        29.164856,
        7.090274
      ],
      "rotation": {
        "angle": 0.0,
        "axis": "z",
        "origin": [
          -3.2698135,
          8.0,
          13.189964
        ]
      },
      "faces": {
        "down": {
          "uv": [
            10.086,
            8.5,
            9.0,
            9.328125
          ],
          "texture": "#layer0",
          "tintindex": 0
        },
        "east": {
          "uv": [
            9.0,
            8.5,
            10.586,
            13.829
          ],
          "texture": "#layer0",
          "tintindex": 0
        },
        "north": {
          "uv": [
            9.0,
            8.5,
            10.586,
            13.829
          ],
          "texture": "#layer0",
          "tintindex": 0
        },
        "south": {
          "uv": [
            9.0,
            8.5,
            10.586,
            13.829
          ],
          "texture": "#layer0",
          "tintindex": 0
        },
        "up": {
          "uv": [
            9.0,
            8.5,
            10.586,
            9.828125
          ],
          "texture": "#layer0",
          "tintindex": 0
        },
        "west": {
          "uv": [
            9.0,
            8.5,
            10.586,
            13.829
          ],
          "texture": "#layer0",
          "tintindex": 0
        }
      }
    },
    {
      "name": "head_25",
      "from": [
        30.904026,
        14.537511,
        4.8983364
      ],
      "to": [
        32.0,
        19.28672,
        5.9943085
      ],
      "rotation": {
        "angle": 45.0,
        "axis": "z",
        "origin": [
          -3.7948256,
          -8.812168,
          8.473892
        ]
      },
      "faces": {
        "down": {
          "uv": [
            10.086,
            8.5,
            9.0,
            9.328125
          ],
          "texture": "#layer0",
          "tintindex": 0
        },
        "east": {
          "uv": [
            9.0,
            8.5,
            10.586,
            13.829
          ],
          "texture": "#layer0",
          "tintindex": 0
        },
        "north": {
          "uv": [
            9.0,
            8.5,
            10.586,
            13.829
          ],
          "texture": "#layer0",
          "tintindex": 0
        },
        "south": {
          "uv": [
            9.0,
            8.5,
            10.586,
            13.829
          ],
          "texture": "#layer0",
          "tintindex": 0
        },
        "up": {
          "uv": [
            9.0,
            8.5,
            10.586,
            9.828125
          ],
          "texture": "#layer0",
          "tintindex": 0
        },
        "west": {
          "uv": [
            9.0,
            8.5,
            10.586,
            13.829
          ],
          "texture": "#layer0",
          "tintindex": 0
        }
      }
    },
    {
      "name": "head_26",
      "from": [
        30.904034,
        19.286716,
        5.2636642
      ],
      "to": [
        31.634678,
        21.113335,
        5.628992
      ],
      "rotation": {
        "angle": 45.0,
        "axis": "z",
        "origin": [
          -3.7948256,
          -8.812168,
          8.473892
        ]
      },
      "faces": {
        "down": {
          "uv": [
            10.086,
            8.5,
            9.0,
            9.328125
          ],
          "texture": "#layer0",
          "tintindex": 0
        },
        "east": {
          "uv": [
            9.0,
            8.5,
            10.586,
            13.829
          ],
          "texture": "#layer0",
          "tintindex": 0
        },
        "north": {
          "uv": [
            9.0,
            8.5,
            10.586,
            13.829
          ],
          "texture": "#layer0",
          "tintindex": 0
        },
        "south": {
          "uv": [
            9.0,
            8.5,
            10.586,
            13.829
          ],
          "texture": "#layer0",
          "tintindex": 0
        },
        "up": {
          "uv": [
            9.0,
            8.5,
            10.586,
            9.828125
          ],
          "texture": "#layer0",
          "tintindex": 0
        },
        "west": {
          "uv": [
            9.0,
            8.5,
            10.586,
            13.829
          ],
          "texture": "#layer0",
          "tintindex": 0
        }
      }
    },
    {
      "name": "head_27",
      "from": [
        18.76836,
        22.19128,
        4.533014
      ],
      "to": [
        20.594978,
        26.94049,
        6.3596296
      ],
      "rotation": {
        "angle": 22.5,
        "axis": "z",
        "origin": [
          -3.7948256,
          -8.812168,
          8.473892
        ]
      },
      "faces": {
        "down": {
          "uv": [
            10.086,
            8.5,
            9.0,
            9.328125
          ],
          "texture": "#layer0",
          "tintindex": 0
        },
        "east": {
          "uv": [
            9.0,
            8.5,
            10.586,
            13.829
          ],
          "texture": "#layer0",
          "tintindex": 0
        },
        "north": {
          "uv": [
            9.0,
            8.5,
            10.586,
            13.829
          ],
          "texture": "#layer0",
          "tintindex": 0
        },
        "south": {
          "uv": [
            9.0,
            8.5,
            10.586,
            13.829
          ],
          "texture": "#layer0",
          "tintindex": 0
        },
        "up": {
          "uv": [
            9.0,
            8.5,
            10.586,
            9.828125
          ],
          "texture": "#layer0",
          "tintindex": 0
        },
        "west": {
          "uv": [
            9.0,
            8.5,
            10.586,
            13.829
          ],
          "texture": "#layer0",
          "tintindex": 0
        }
      }
    },
    {
      "name": "head_28",
      "from": [
        -7.9511156,
        5.323103,
        26.446358
      ],
      "to": [
        1.181983,
        7.0960255,
        29.18628
      ],
      "rotation": {
        "angle": -45.0,
        "axis": "x",
        "origin": [
          -3.7948256,
          -8.812168,
          8.473892
        ]
      },
      "faces": {
        "down": {
          "uv": [
            1.25625,
            8.0,
            0.0,
            8.376875
          ],
          "texture": "#layer0",
          "tintindex": 0
        },
        "east": {
          "uv": [
            0.0,
            8.0,
            6.5625,
            13.4375
          ],
          "texture": "#layer0",
          "tintindex": 0
        },
        "north": {
          "uv": [
            0.0,
            8.0,
            0.43340626,
            8.084132
          ],
          "texture": "#layer0",
          "tintindex": 0
        },
        "south": {
          "uv": [
            0.0,
            8.0,
            6.5625,
            13.4375
          ],
          "texture": "#layer0",
          "tintindex": 0
        },
        "up": {
          "uv": [
            0.0,
            8.0,
            6.5625,
            13.4375
          ],
          "texture": "#layer0",
          "tintindex": 0
        },
        "west": {
          "uv": [
            0.0,
            8.0,
            6.5625,
            13.4375
          ],
          "texture": "#layer0",
          "tintindex": 0
        }
      }
    },
    {
      "name": "head_29",
      "from": [
        -7.9511156,
        15.371548,
        22.051792
      ],
      "to": [
        1.181983,
        19.329227,
        23.573973
      ],
      "rotation": {
        "angle": -22.5,
        "axis": "x",
        "origin": [
          -3.7948256,
          -8.812168,
          8.473892
        ]
      },
      "faces": {
        "down": {
          "uv": [
            1.25625,
            8.0,
            0.0,
            8.209375
          ],
          "texture": "#layer0",
          "tintindex": 0
        },
        "east": {
          "uv": [
            0.0,
            8.0,
            6.5625,
            13.4375
          ],
          "texture": "#layer0",
          "tintindex": 0
        },
        "north": {
          "uv": [
            0.0,
            8.0,
            0.43340626,
            8.18781
          ],
          "texture": "#layer0",
          "tintindex": 0
        },
        "south": {
          "uv": [
            0.0,
            8.0,
            6.5625,
            13.4375
          ],
          "texture": "#layer0",
          "tintindex": 0
        },
        "up": {
          "uv": [
            0.0,
            8.0,
            6.5625,
            13.4375
          ],
          "texture": "#layer0",
          "tintindex": 0
        },
        "west": {
          "uv": [
            0.0,
            8.0,
            6.5625,
            13.4375
          ],
          "texture": "#layer0",
          "tintindex": 0
        }
      }
    },
    {
      "name": "head_30",
      "from": [
        -7.9511156,
        16.26485,
        11.647653
      ],
      "to": [
        1.181983,
        19.309208,
        13.169834
      ],
      "rotation": {
        "angle": 0.0,
        "axis": "z",
        "origin": [
          -3.2698135,
          8.0,
          13.189964
        ]
      },
      "faces": {
        "down": {
          "uv": [
            1.25625,
            8.0,
            0.0,
            8.209375
          ],
          "texture": "#layer0",
          "tintindex": 0
        },
        "east": {
          "uv": [
            0.0,
            8.0,
            6.5625,
            13.4375
          ],
          "texture": "#layer0",
          "tintindex": 0
        },
        "north": {
          "uv": [
            0.0,
            8.0,
            0.43340626,
            8.144468
          ],
          "texture": "#layer0",
          "tintindex": 0
        },
        "south": {
          "uv": [
            0.0,
            8.0,
            6.5625,
            13.4375
          ],
          "texture": "#layer0",
          "tintindex": 0
        },
        "up": {
          "uv": [
            0.0,
            8.0,
            6.5625,
            13.4375
          ],
          "texture": "#layer0",
          "tintindex": 0
        },
        "west": {
          "uv": [
            0.0,
            8.0,
            6.5625,
            13.4375
          ],
          "texture": "#layer0",
          "tintindex": 0
        }
      }
    },
    {
      "name": "head_31",
      "from": [
        -7.9511156,
        12.260402,
        4.2051616
      ],
      "to": [
        1.181983,
        13.782584,
        7.2495317
      ],
      "rotation": {
        "angle": 0.0,
        "axis": "z",
        "origin": [
          -3.2698135,
          8.0,
          13.189964
        ]
      },
      "faces": {
        "down": {
          "uv": [
            1.25625,
            8.0,
            0.0,
            8.41875
          ],
          "texture": "#layer0",
          "tintindex": 0
        },
        "east": {
          "uv": [
            0.0,
            8.0,
            6.5625,
            13.4375
          ],
          "texture": "#layer0",
          "tintindex": 0
        },
        "north": {
          "uv": [
            0.0,
            8.0,
            0.43340626,
            8.072234
          ],
          "texture": "#layer0",
          "tintindex": 0
        },
        "south": {
          "uv": [
            0.0,
            8.0,
            6.5625,
            13.4375
          ],
          "texture": "#layer0",
          "tintindex": 0
        },
        "up": {
          "uv": [
            0.0,
            8.0,
            6.5625,
            13.4375
          ],
          "texture": "#layer0",
          "tintindex": 0
        },
        "west": {
          "uv": [
            0.0,
            8.0,
            6.5625,
            13.4375
          ],
          "texture": "#layer0",
          "tintindex": 0
        }
      }
    },
    {
      "name": "head_32",
      "from": [
        -7.9853873,
        9.317846,
        20.44711
      ],
      "to": [
        1.1477118,
        12.057765,
        22.220032
      ],
      "rotation": {
        "angle": -45.0,
        "axis": "x",
        "origin": [
          -3.7948256,
          -8.812168,
          8.473892
        ]
      },
      "faces": {
        "down": {
          "uv": [
            1.25625,
            8.0,
            0.0,
            8.243864
          ],
          "texture": "#layer0",
          "tintindex": 0
        },
        "east": {
          "uv": [
            0.0,
            8.0,
            6.5625,
            13.4375
          ],
          "texture": "#layer0",
          "tintindex": 0
        },
        "north": {
          "uv": [
            0.0,
            8.0,
            0.43340626,
            8.130022
          ],
          "texture": "#layer0",
          "tintindex": 0
        },
        "south": {
          "uv": [
            0.0,
            8.0,
            6.5625,
            13.4375
          ],
          "texture": "#layer0",
          "tintindex": 0
        },
        "up": {
          "uv": [
            0.0,
            8.0,
            6.5625,
            13.4375
          ],
          "texture": "#layer0",
          "tintindex": 0
        },
        "west": {
          "uv": [
            0.0,
            8.0,
            6.5625,
            13.4375
          ],
          "texture": "#layer0",
          "tintindex": 0
        }
      }
    }
  ],
  "display": {
    "head": {
      "translation": [
        42.932354,
        -6.4,
        -19.77117
      ],
      "rotation": [
        0.0,
        0.0,
        0.0
      ],
      "scale": [
        3.8095,
        3.8095,
        3.8095
      ]
    },
    "gui": {
      "translation": [
        0.0,
        0.0,
        0.0
      ],
      "rotation": [
        35.0,
        225.0,
        0.0
      ],
      "scale": [
        0.625,
        0.625,
        0.625
      ]
    }
  }
}