{
  "file_name": "legleft",
  "texture_size": [
    128,
    128
  ],
  "textures": {
    "layer0": "modelengine:entity/ifrit"
  },
  "elements": [
    {
      "name": "legleft_0",
      "from": [
        0.9925637,
        -5.4291716,
        7.759904
      ],
      "to": [
        6.167984,
        1.2684242,
        11.717583
      ],
      "rotation": {
        "angle": 22.5,
        "axis": "x",
        "origin": [
          9.627615,
          8.145624,
          8.865003
        ]
      },
      "faces": {
        "down": {
          "uv": [
            2.245375,
            8.0,
            0.0,
            9.803125
          ],
          "texture": "#layer0",
          "tintindex": 0
        },
        "east": {
          "uv": [
            0.0,
            8.0,
            2.245375,
            11.303125
          ],
          "texture": "#layer0",
          "tintindex": 0
        },
        "north": {
          "uv": [
            0.0,
            8.0,
            2.245375,
            11.303125
          ],
          "texture": "#layer0",
          "tintindex": 0
        },
        "south": {
          "uv": [
            0.0,
            8.0,
            2.245375,
            11.303125
          ],
          "texture": "#layer0",
          "tintindex": 0
        },
        "up": {
          "uv": [
            0.0,
            8.0,
            2.245375,
            11.303125
          ],
          "texture": "#layer0",
          "tintindex": 0
        },
        "west": {
          "uv": [
            0.0,
            8.0,
            2.245375,
            11.303125
          ],
          "texture": "#layer0",
          "tintindex": 0
        }
      }
    },
    {
      "name": "legleft_1",
      "from": [
        4.029782,
        -2.3105388,
        4.58018
      ],
      "to": [
        10.422943,
        4.3870573,
        9.7556
      ],
      "rotation": {
        "angle": -22.5,
        "axis": "z",
        "origin": [
          9.627615,
          8.145624,
          8.865003
        ]
      },
      "faces": {
        "down": {
          "uv": [
            2.245375,
            8.0,
            0.0,
            11.303125
          ],
          "texture": "#layer0",
          "tintindex": 0
        },
        "east": {
          "uv": [
            0.0,
            8.0,
            2.245375,
            11.303125
          ],
          "texture": "#layer0",
          "tintindex": 0
        },
        "north": {
          "uv": [
            0.0,
            8.0,
            2.245375,
            11.303125
          ],
          "texture": "#layer0",
          "tintindex": 0
        },
        "south": {
          "uv": [
            0.0,
            8.0,
            2.245375,
            11.303125
          ],
          "texture": "#layer0",
          "tintindex": 0
        },
        "up": {
          "uv": [
            0.0,
            8.0,
            2.245375,
            11.303125
          ],
          "texture": "#layer0",
          "tintindex": 0
        },
        "west": {
          "uv": [
            0.0,
            8.0,
            2.245375,
            11.303125
          ],
          "texture": "#layer0",
          "tintindex": 0
        }
      }
    },
    {
      "name": "legleft_2",
      "from": [
        5.6586723,
        1.8719289,
        3.971294
      ],
      "to": [
        12.965143,
        9.178399,
        11.277764
      ],
      "rotation": {
        "angle": -45.0,
        "axis": "z",
        "origin": [
          9.627615,
          8.145624,
          8.865003
        ]
      },
      "faces": {
        "down": {
          "uv": [
            3.245375,
            8.0,
            0.0,
            11.303125
          ],
          "texture": "#layer0",
          "tintindex": 0
        },
        "east": {
          "uv": [
            0.0,
            8.0,
            3.245375,
            11.303125
          ],
          "texture": "#layer0",
          "tintindex": 0
        },
        "north": {
          "uv": [
            0.0,
            8.0,
            3.245375,
            11.303125
          ],
          "texture": "#layer0",
          "tintindex": 0
        },
        "south": {
          "uv": [
            0.0,
            8.0,
            3.245375,
            11.303125
          ],
          "texture": "#layer0",
          "tintindex": 0
        },
        "up": {
          "uv": [
            0.0,
            8.0,
            3.245375,
            11.303125
          ],
          "texture": "#layer0",
          "tintindex": 0
        },
        "west": {
          "uv": [
            0.0,
            8.0,
            3.245375,
            11.303125
          ],
          "texture": "#layer0",
          "tintindex": 0
        }
      }
    },
    {
      "name": "legleft_3",
      "from": [
        4.876088,
        5.4169817,
        11.277782
      ],
      "to": [
        10.660382,
        11.201276,
        11.886651
      ],
      "rotation": {
        "angle": 45.0,
        "axis": "z",
        "origin": [
          9.627615,
          8.145624,
          8.865003
        ]
      },
      "faces": {
        "down": {
          "uv": [
            0.5625,
            8.0,
            0.0,
            13.4375
          ],
          "texture": "#layer0",
          "tintindex": 0
        },
        "east": {
          "uv": [
            0.0,
            8.0,
            0.5625,
            13.4375
          ],
          "texture": "#layer0",
          "tintindex": 0
        },
        "north": {
          "uv": [
            0.0,
            8.0,
            0.27449125,
            8.274491
          ],
          "texture": "#layer0",
          "tintindex": 0
        },
        "south": {
          "uv": [
            0.0,
            8.0,
            3.5625,
            11.4375
          ],
          "texture": "#layer0",
          "tintindex": 0
        },
        "up": {
          "uv": [
            0.0,
            8.0,
            0.5625,
            13.4375
          ],
          "texture": "#layer0",
          "tintindex": 0
        },
        "west": {
          "uv": [
            0.0,
            8.0,
            0.5625,
            13.4375
          ],
          "texture": "#layer0",
          "tintindex": 0
        }
      }
    }
  ],
  "display": {
    "head": {
      "translation": [
        0.0,
        -6.4,
        0.0
      ],
      "rotation": [
        0.0,
        0.0,
        0.0
      ],
      "scale": [
        3.8095,
        3.8095,
        3.8095
      ]
    },
    "gui": {
      "translation": [
        0.0,
        0.0,
        0.0
      ],
      "rotation": [
        35.0,
        225.0,
        0.0
      ],
      "scale": [
        0.625,
        0.625,
        0.625
      ]
    }
  }
}