{
  "file_name": "legright",
  "texture_size": [
    128,
    128
  ],
  "textures": {
    "layer0": "modelengine:entity/ifrit"
  },
  "elements": [
    {
      "name": "legright_0",
      "from": [
        10.559839,
        -3.4635277,
        7.403642
      ],
      "to": [
        15.735259,
        2.9296343,
        11.36132
      ],
      "rotation": {
        "angle": 22.5,
        "axis": "x",
        "origin": [
          6.455852,
          9.500877,
          6.750008
        ]
      },
      "faces": {
        "down": {
          "uv": [
            2.245375,
            8.0,
            0.0,
            9.803125
          ],
          "texture": "#layer0",
          "tintindex": 0
        },
        "east": {
          "uv": [
            0.0,
            8.0,
            2.245375,
            11.303125
          ],
          "texture": "#layer0",
          "tintindex": 0
        },
        "north": {
          "uv": [
            0.0,
            8.0,
            2.245375,
            11.303125
          ],
          "texture": "#layer0",
          "tintindex": 0
        },
        "south": {
          "uv": [
            0.0,
            8.0,
            2.245375,
            11.303125
          ],
          "texture": "#layer0",
          "tintindex": 0
        },
        "up": {
          "uv": [
            0.0,
            8.0,
            2.245375,
            11.303125
          ],
          "texture": "#layer0",
          "tintindex": 0
        },
        "west": {
          "uv": [
            0.0,
            8.0,
            2.245375,
            11.303125
          ],
          "texture": "#layer0",
          "tintindex": 0
        }
      }
    },
    {
      "name": "legright_1",
      "from": [
        10.55984,
        -3.4635277,
        8.012516
      ],
      "to": [
        16.039696,
        2.3207662,
        10.752435
      ],
      "rotation": {
        "angle": 22.5,
        "axis": "x",
        "origin": [
          6.455852,
          9.500877,
          6.750008
        ]
      },
      "faces": {
        "down": {
          "uv": [
            0.75375,
            8.0,
            0.0,
            8.376875
          ],
          "texture": "#layer0",
          "tintindex": 0
        },
        "east": {
          "uv": [
            0.0,
            8.0,
            6.5625,
            13.4375
          ],
          "texture": "#layer0",
          "tintindex": 0
        },
        "north": {
          "uv": [
            0.0,
            8.0,
            0.26004374,
            8.274491
          ],
          "texture": "#layer0",
          "tintindex": 0
        },
        "south": {
          "uv": [
            0.0,
            8.0,
            6.5625,
            13.4375
          ],
          "texture": "#layer0",
          "tintindex": 0
        },
        "up": {
          "uv": [
            0.0,
            8.0,
            6.5625,
            13.4375
          ],
          "texture": "#layer0",
          "tintindex": 0
        },
        "west": {
          "uv": [
            0.0,
            8.0,
            6.5625,
            13.4375
          ],
          "texture": "#layer0",
          "tintindex": 0
        }
      }
    },
    {
      "name": "legright_2",
      "from": [
        6.214076,
        -1.3026829,
        4.323626
      ],
      "to": [
        12.607238,
        5.090479,
        9.499046
      ],
      "rotation": {
        "angle": 22.5,
        "axis": "z",
        "origin": [
          6.455852,
          9.500877,
          6.750008
        ]
      },
      "faces": {
        "down": {
          "uv": [
            2.245375,
            8.0,
            0.0,
            11.303125
          ],
          "texture": "#layer0",
          "tintindex": 0
        },
        "east": {
          "uv": [
            0.0,
            8.0,
            2.245375,
            11.303125
          ],
          "texture": "#layer0",
          "tintindex": 0
        },
        "north": {
          "uv": [
            0.0,
            8.0,
            2.245375,
            11.303125
          ],
          "texture": "#layer0",
          "tintindex": 0
        },
        "south": {
          "uv": [
            0.0,
            8.0,
            2.245375,
            11.303125
          ],
          "texture": "#layer0",
          "tintindex": 0
        },
        "up": {
          "uv": [
            0.0,
            8.0,
            2.245375,
            11.303125
          ],
          "texture": "#layer0",
          "tintindex": 0
        },
        "west": {
          "uv": [
            0.0,
            8.0,
            2.245375,
            11.303125
          ],
          "texture": "#layer0",
          "tintindex": 0
        }
      }
    },
    {
      "name": "legright_3",
      "from": [
        3.4967954,
        2.6943974,
        3.71474
      ],
      "to": [
        10.803267,
        10.000868,
        11.021211
      ],
      "rotation": {
        "angle": 45.0,
        "axis": "z",
        "origin": [
          6.455852,
          9.500877,
          6.750008
        ]
      },
      "faces": {
        "down": {
          "uv": [
            3.245375,
            8.0,
            0.0,
            11.303125
          ],
          "texture": "#layer0",
          "tintindex": 0
        },
        "east": {
          "uv": [
            0.0,
            8.0,
            3.245375,
            11.303125
          ],
          "texture": "#layer0",
          "tintindex": 0
        },
        "north": {
          "uv": [
            0.0,
            8.0,
            3.245375,
            11.303125
          ],
          "texture": "#layer0",
          "tintindex": 0
        },
        "south": {
          "uv": [
            0.0,
            8.0,
            3.245375,
            11.303125
          ],
          "texture": "#layer0",
          "tintindex": 0
        },
        "up": {
          "uv": [
            0.0,
            8.0,
            3.245375,
            11.303125
          ],
          "texture": "#layer0",
          "tintindex": 0
        },
        "west": {
          "uv": [
            0.0,
            8.0,
            3.245375,
            11.303125
          ],
          "texture": "#layer0",
          "tintindex": 0
        }
      }
    },
    {
      "name": "legright_4",
      "from": [
        5.9558597,
        7.1506834,
        11.021229
      ],
      "to": [
        11.740153,
        12.934978,
        11.630096
      ],
      "rotation": {
        "angle": -45.0,
        "axis": "z",
        "origin": [
          6.455852,
          9.500877,
          6.750008
        ]
      },
      "faces": {
        "down": {
          "uv": [
            0.5625,
            8.0,
            0.0,
            13.4375
          ],
          "texture": "#layer0",
          "tintindex": 0
        },
        "east": {
          "uv": [
            0.0,
            8.0,
            0.5625,
            13.4375
          ],
          "texture": "#layer0",
          "tintindex": 0
        },
        "north": {
          "uv": [
            0.0,
            8.0,
            0.27449125,
            8.274491
          ],
          "texture": "#layer0",
          "tintindex": 0
        },
        "south": {
          "uv": [
            0.0,
            8.0,
            3.5625,
            11.4375
          ],
          "texture": "#layer0",
          "tintindex": 0
        },
        "up": {
          "uv": [
            0.0,
            8.0,
            0.5625,
            13.4375
          ],
          "texture": "#layer0",
          "tintindex": 0
        },
        "west": {
          "uv": [
            0.0,
            8.0,
            0.5625,
            13.4375
          ],
          "texture": "#layer0",
          "tintindex": 0
        }
      }
    }
  ],
  "display": {
    "head": {
      "translation": [
        0.0,
        -6.4,
        0.0
      ],
      "rotation": [
        0.0,
        0.0,
        0.0
      ],
      "scale": [
        3.8095,
        3.8095,
        3.8095
      ]
    },
    "gui": {
      "translation": [
        0.0,
        0.0,
        0.0
      ],
      "rotation": [
        35.0,
        225.0,
        0.0
      ],
      "scale": [
        0.625,
        0.625,
        0.625
      ]
    }
  }
}