{
  "file_name": "mouth",
  "texture_size": [
    128,
    128
  ],
  "textures": {
    "layer0": "modelengine:entity/ifrit"
  },
  "elements": [
    {
      "name": "mouth_0",
      "from": [
        4.9231515,
        7.192775,
        4.103384
      ],
      "to": [
        11.022398,
        8.717585,
        8.45999
      ],
      "rotation": {
        "angle": -22.5,
        "axis": "x",
        "origin": [
          8.0,
          7.451993,
          8.115151
        ]
      },
      "faces": {
        "down": {
          "uv": [
            3.171875,
            7.9999995,
            0.0,
            10.8375
          ],
          "texture": "#layer0",
          "tintindex": 0
        },
        "east": {
          "uv": [
            0.0,
            8.0,
            6.5625,
            13.4375
          ],
          "texture": "#layer0",
          "tintindex": 0
        },
        "north": {
          "uv": [
            0.0,
            8.0,
            3.404,
            10.100875
          ],
          "texture": "#layer0",
          "tintindex": 0
        },
        "south": {
          "uv": [
            0.0,
            8.0,
            6.5625,
            13.4375
          ],
          "texture": "#layer0",
          "tintindex": 0
        },
        "up": {
          "uv": [
            7.0,
            9.5,
            11.0625,
            15.4375
          ],
          "texture": "#layer0",
          "tintindex": 0
        },
        "west": {
          "uv": [
            0.0,
            8.0,
            3.5625,
            9.4375
          ],
          "texture": "#layer0",
          "tintindex": 0
        }
      }
    },
    {
      "name": "mouth_1",
      "from": [
        11.022392,
        7.4105973,
        4.3212137
      ],
      "to": [
        11.240223,
        8.499747,
        8.45999
      ],
      "rotation": {
        "angle": -22.5,
        "axis": "x",
        "origin": [
          8.0,
          7.451993,
          8.115151
        ]
      },
      "faces": {
        "down": {
          "uv": [
            0.041875,
            8.0,
            0.0,
            8.795625
          ],
          "texture": "#layer0",
          "tintindex": 0
        },
        "east": {
          "uv": [
            0.0,
            8.0,
            3.432875,
            9.14375
          ],
          "texture": "#layer0",
          "tintindex": 0
        },
        "north": {
          "uv": [
            0.0,
            8.0,
            0.932875,
            9.14375
          ],
          "texture": "#layer0",
          "tintindex": 0
        },
        "south": {
          "uv": [
            0.0,
            8.0,
            6.5625,
            13.4375
          ],
          "texture": "#layer0",
          "tintindex": 0
        },
        "up": {
          "uv": [
            0.0,
            8.0,
            6.5625,
            13.4375
          ],
          "texture": "#layer0",
          "tintindex": 0
        },
        "west": {
          "uv": [
            0.0,
            8.0,
            6.5625,
            13.4375
          ],
          "texture": "#layer0",
          "tintindex": 0
        }
      }
    },
    {
      "name": "mouth_2",
      "from": [
        4.7053103,
        7.4105973,
        4.3212137
      ],
      "to": [
        4.92314,
        8.499747,
        8.45999
      ],
      "rotation": {
        "angle": -22.5,
        "axis": "x",
        "origin": [
          8.0,
          7.451993,
          8.115151
        ]
      },
      "faces": {
        "down": {
          "uv": [
            0.041875,
            8.0,
            0.0,
            8.795625
          ],
          "texture": "#layer0",
          "tintindex": 0
        },
        "east": {
          "uv": [
            0.0,
            8.0,
            6.5625,
            13.4375
          ],
          "texture": "#layer0",
          "tintindex": 0
        },
        "north": {
          "uv": [
            0.0,
            8.0,
            0.932875,
            9.14375
          ],
          "texture": "#layer0",
          "tintindex": 0
        },
        "south": {
          "uv": [
            0.0,
            8.0,
            6.5625,
            13.4375
          ],
          "texture": "#layer0",
          "tintindex": 0
        },
        "up": {
          "uv": [
            0.0,
            8.0,
            6.5625,
            13.4375
          ],
          "texture": "#layer0",
          "tintindex": 0
        },
        "west": {
          "uv": [
            0.0,
            8.0,
            3.432875,
            9.14375
          ],
          "texture": "#layer0",
          "tintindex": 0
        }
      }
    },
    {
      "name": "mouth_3",
      "from": [
        5.3588185,
        7.4105973,
        3.6677296
      ],
      "to": [
        10.804569,
        8.717577,
        4.1033835
      ],
      "rotation": {
        "angle": -22.5,
        "axis": "x",
        "origin": [
          8.0,
          7.451993,
          8.115151
        ]
      },
      "faces": {
        "down": {
          "uv": [
            1.046875,
            8.0,
            0.0,
            8.08375
          ],
          "texture": "#layer0",
          "tintindex": 0
        },
        "east": {
          "uv": [
            0.0,
            8.0,
            4.932875,
            10.64375
          ],
          "texture": "#layer0",
          "tintindex": 0
        },
        "north": {
          "uv": [
            0.0,
            8.0,
            4.932875,
            10.64375
          ],
          "texture": "#layer0",
          "tintindex": 0
        },
        "south": {
          "uv": [
            0.0,
            8.0,
            4.932875,
            10.64375
          ],
          "texture": "#layer0",
          "tintindex": 0
        },
        "up": {
          "uv": [
            7.5,
            9.0,
            8.5625,
            12.9375
          ],
          "texture": "#layer0",
          "tintindex": 0
        },
        "west": {
          "uv": [
            0.0,
            8.0,
            4.932875,
            10.64375
          ],
          "texture": "#layer0",
          "tintindex": 0
        }
      }
    }
  ],
  "display": {
    "head": {
      "translation": [
        0.0,
        -6.4,
        0.0
      ],
      "rotation": [
        0.0,
        0.0,
        0.0
      ],
      "scale": [
        3.8095,
        3.8095,
        3.8095
      ]
    },
    "gui": {
      "translation": [
        0.0,
        0.0,
        0.0
      ],
      "rotation": [
        35.0,
        225.0,
        0.0
      ],
      "scale": [
        0.625,
        0.625,
        0.625
      ]
    }
  }
}