{
  "file_name": "rlbottom",
  "texture_size": [
    128,
    128
  ],
  "textures": {
    "layer0": "modelengine:entity/ifrit"
  },
  "elements": [
    {
      "name": "rlbottom_0",
      "from": [
        5.473179,
        -8.351008,
        2.103788
      ],
      "to": [
        10.6486,
        -6.524393,
        6.061466
      ],
      "rotation": {
        "angle": 0.0,
        "axis": "z",
        "origin": [
          8.0,
          8.0,
          8.0
        ]
      },
      "faces": {
        "down": {
          "uv": [
            2.245375,
            8.0,
            0.0,
            10.086
          ],
          "texture": "#layer0",
          "tintindex": 0
        },
        "east": {
          "uv": [
            0.0,
            8.0,
            1.745375,
            9.086
          ],
          "texture": "#layer0",
          "tintindex": 0
        },
        "north": {
          "uv": [
            0.0,
            8.0,
            1.745375,
            9.086
          ],
          "texture": "#layer0",
          "tintindex": 0
        },
        "south": {
          "uv": [
            0.0,
            8.0,
            1.745375,
            9.086
          ],
          "texture": "#layer0",
          "tintindex": 0
        },
        "up": {
          "uv": [
            0.0,
            8.0,
            1.745375,
            9.086
          ],
          "texture": "#layer0",
          "tintindex": 0
        },
        "west": {
          "uv": [
            0.0,
            8.0,
            1.745375,
            9.086
          ],
          "texture": "#layer0",
          "tintindex": 0
        }
      }
    },
    {
      "name": "rlbottom_1",
      "from": [
        6.386485,
        -5.9081564,
        -1.7371063
      ],
      "to": [
        10.039722,
        -4.08154,
        3.7427478
      ],
      "rotation": {
        "angle": -22.5,
        "axis": "x",
        "origin": [
          8.0,
          9.404083,
          7.0683317
        ]
      },
      "faces": {
        "down": {
          "uv": [
            2.0625,
            8.0,
            0.0,
            10.4375
          ],
          "texture": "#layer0",
          "tintindex": 0
        },
        "east": {
          "uv": [
            0.0,
            8.0,
            2.0625,
            8.4375
          ],
          "texture": "#layer0",
          "tintindex": 0
        },
        "north": {
          "uv": [
            0.0,
            8.0,
            2.0625,
            10.4375
          ],
          "texture": "#layer0",
          "tintindex": 0
        },
        "south": {
          "uv": [
            0.0,
            8.0,
            2.0625,
            10.4375
          ],
          "texture": "#layer0",
          "tintindex": 0
        },
        "up": {
          "uv": [
            0.0,
            8.0,
            2.0625,
            10.4375
          ],
          "texture": "#layer0",
          "tintindex": 0
        },
        "west": {
          "uv": [
            0.0,
            8.0,
            2.0625,
            10.4375
          ],
          "texture": "#layer0",
          "tintindex": 0
        }
      }
    },
    {
      "name": "rlbottom_2",
      "from": [
        6.0820446,
        -8.351008,
        1.7993356
      ],
      "to": [
        10.039722,
        -6.828827,
        2.1037755
      ],
      "rotation": {
        "angle": 0.0,
        "axis": "z",
        "origin": [
          8.0,
          8.0,
          8.0
        ]
      },
      "faces": {
        "down": {
          "uv": [
            2.245375,
            8.0,
            0.0,
            10.086
          ],
          "texture": "#layer0",
          "tintindex": 0
        },
        "east": {
          "uv": [
            5.0,
            8.5,
            7.2453747,
            10.086
          ],
          "texture": "#layer0",
          "tintindex": 0
        },
        "north": {
          "uv": [
            12.5,
            1.0,
            15.745375,
            2.586
          ],
          "texture": "#layer0",
          "tintindex": 0
        },
        "south": {
          "uv": [
            0.0,
            8.0,
            1.745375,
            9.086
          ],
          "texture": "#layer0",
          "tintindex": 0
        },
        "up": {
          "uv": [
            0.0,
            8.0,
            1.745375,
            9.086
          ],
          "texture": "#layer0",
          "tintindex": 0
        },
        "west": {
          "uv": [
            0.0,
            8.0,
            1.745375,
            9.086
          ],
          "texture": "#layer0",
          "tintindex": 0
        }
      }
    },
    {
      "name": "rlbottom_3",
      "from": [
        6.0820537,
        -3.7366667,
        13.24475
      ],
      "to": [
        9.735292,
        3.5698037,
        15.984668
      ],
      "rotation": {
        "angle": 22.5,
        "axis": "x",
        "origin": [
          8.0,
          9.404083,
          7.0683317
        ]
      },
      "faces": {
        "down": {
          "uv": [
            12.7165,
            11.0,
            11.0,
            12.534375
          ],
          "texture": "#layer0",
          "tintindex": 0
        },
        "east": {
          "uv": [
            10.0,
            12.0,
            11.7165,
            16.0
          ],
          "texture": "#layer0",
          "tintindex": 0
        },
        "north": {
          "uv": [
            9.0,
            8.5,
            10.7165,
            12.534375
          ],
          "texture": "#layer0",
          "tintindex": 0
        },
        "south": {
          "uv": [
            11.0,
            9.0,
            12.7165,
            13.034375
          ],
          "texture": "#layer0",
          "tintindex": 0
        },
        "up": {
          "uv": [
            11.0,
            10.5,
            12.7165,
            12.534375
          ],
          "texture": "#layer0",
          "tintindex": 0
        },
        "west": {
          "uv": [
            12.0,
            10.5,
            13.7165,
            14.534375
          ],
          "texture": "#layer0",
          "tintindex": 0
        }
      }
    },
    {
      "name": "rlbottom_4",
      "from": [
        5.473177,
        -1.0261903,
        5.64668
      ],
      "to": [
        10.039722,
        10.237959,
        9.299919
      ],
      "rotation": {
        "angle": -22.5,
        "axis": "x",
        "origin": [
          8.0,
          9.404083,
          7.0683317
        ]
      },
      "faces": {
        "down": {
          "uv": [
            12.7165,
            11.0,
            11.0,
            12.534375
          ],
          "texture": "#layer0",
          "tintindex": 0
        },
        "east": {
          "uv": [
            10.0,
            12.0,
            11.7165,
            16.0
          ],
          "texture": "#layer0",
          "tintindex": 0
        },
        "north": {
          "uv": [
            9.0,
            8.5,
            10.7165,
            12.534375
          ],
          "texture": "#layer0",
          "tintindex": 0
        },
        "south": {
          "uv": [
            11.0,
            9.0,
            12.7165,
            13.034375
          ],
          "texture": "#layer0",
          "tintindex": 0
        },
        "up": {
          "uv": [
            11.0,
            10.5,
            12.7165,
            12.534375
          ],
          "texture": "#layer0",
          "tintindex": 0
        },
        "west": {
          "uv": [
            12.0,
            10.5,
            13.7165,
            14.534375
          ],
          "texture": "#layer0",
          "tintindex": 0
        }
      }
    }
  ],
  "display": {
    "head": {
      "translation": [
        0.0,
        -6.4,
        0.0
      ],
      "rotation": [
        0.0,
        0.0,
        0.0
      ],
      "scale": [
        3.8095,
        3.8095,
        3.8095
      ]
    },
    "gui": {
      "translation": [
        0.0,
        0.0,
        0.0
      ],
      "rotation": [
        35.0,
        225.0,
        0.0
      ],
      "scale": [
        0.625,
        0.625,
        0.625
      ]
    }
  }
}