{
	"credit": "Made with Blockbench",
	"textures": {
		"0": "block/icon_forward0",
		"1": "block/icon_forward1"
	},
	"elements": [
		{
			"from": [0, 0, 6.5],
			"to": [16, 15.75, 6.5],
			"rotation": {"angle": 0, "axis": "y", "origin": [15, 13, 14.5]},
			"faces": {
				"north": {"uv": [3.111, 3.555, 13.332, 13.526], "texture": "#0"},
				"east": {"uv": [0, 0, 1, 15.75], "texture": "#missing"},
				"south": {"uv": [3.111, 3.555, 13.332, 13.526], "texture": "#0"},
				"west": {"uv": [0, 0, 1, 15.75], "texture": "#missing"},
				"up": {"uv": [0, 0, 16, 1], "texture": "#missing"},
				"down": {"uv": [0, 0, 16, 1], "texture": "#missing"}
			}
		},
		{
			"name": "arrow",
			"from": [1.05, 1.2, 7],
			"to": [14.9, 14.75, 7],
			"rotation": {"angle": 0, "axis": "y", "origin": [16.5, 18.4, 15]},
			"faces": {
				"north": {"uv": [0, 0, 15.721, 15.971], "texture": "#1"},
				"east": {"uv": [0, 0, 1, 15.75], "texture": "#missing"},
				"south": {"uv": [0, 0, 15.72, 15.97], "texture": "#1"},
				"west": {"uv": [0, 0, 1, 15.75], "texture": "#missing"},
				"up": {"uv": [0, 0, 16, 1], "texture": "#missing"},
				"down": {"uv": [0, 0, 16, 1], "texture": "#missing"}
			}
		},
		{
			"name": "arrow1",
			"from": [1.05, 1.2, 6],
			"to": [14.9, 14.75, 6],
			"rotation": {"angle": 0, "axis": "y", "origin": [16.5, 18.4, 14]},
			"faces": {
				"north": {"uv": [1, 0.5, 15.721, 15.971], "texture": "#1"},
				"east": {"uv": [0, 0, 1, 15.75], "texture": "#missing"},
				"south": {"uv": [0, 0, 15.72, 15.97], "texture": "#1"},
				"west": {"uv": [0, 0, 1, 15.75], "texture": "#missing"},
				"up": {"uv": [0, 0, 16, 1], "texture": "#missing"},
				"down": {"uv": [0, 0, 16, 1], "texture": "#missing"}
			}
		}
	],
	"gui_light": "front",
	"display": {
		"gui": {
			"translation": [0, 0.25, 0],
			"scale": [0.95, 0.95, 0.95]
		}
	}
}