{
	"credit": "Made with Blockbench",
	"texture_size": [64, 64],
	"textures": {
		"1": "block/inhand_greenberry0",
		"2": "block/inhand_berrystem",
		"particle": "block/inhand_berrystem"
	},
	"elements": [
		{
			"from": [7, 0, 7],
			"to": [9, 0, 9],
			"rotation": {"angle": 0, "axis": "y", "origin": [15, 8, 15]},
			"faces": {
				"north": {"uv": [2, 7, 3, 8], "texture": "#1"},
				"east": {"uv": [2, 7, 3, 8], "texture": "#1"},
				"south": {"uv": [2, 7, 3, 8], "texture": "#1"},
				"west": {"uv": [2, 7, 3, 8], "texture": "#1"},
				"up": {"uv": [2, 7, 3, 8], "texture": "#1"},
				"down": {"uv": [2, 7, 3, 8], "texture": "#1"}
			}
		},
		{
			"from": [7, 0.38276, 5.07574],
			"to": [9, 6.38276, 7.07574],
			"rotation": {"angle": 22.5, "axis": "x", "origin": [8, 0.38276, 6.07574]},
			"faces": {
				"north": {"uv": [2, 7, 3, 8], "texture": "#1"},
				"east": {"uv": [2, 7, 3, 8], "texture": "#1"},
				"south": {"uv": [2, 7, 3, 8], "texture": "#1"},
				"west": {"uv": [2, 7, 3, 8], "texture": "#1"},
				"up": {"uv": [2, 7, 3, 8], "texture": "#1"},
				"down": {"uv": [2, 7, 3, 8], "texture": "#1"}
			}
		},
		{
			"from": [7, 0.38276, 8.92426],
			"to": [9, 4.38276, 10.92426],
			"rotation": {"angle": -22.5, "axis": "x", "origin": [8, 0.38276, 9.92426]},
			"faces": {
				"north": {"uv": [2, 7, 3, 8], "texture": "#1"},
				"east": {"uv": [2, 7, 3, 8], "texture": "#1"},
				"south": {"uv": [2, 7, 3, 8], "texture": "#1"},
				"west": {"uv": [2, 7, 3, 8], "texture": "#1"},
				"up": {"uv": [2, 7, 3, 8], "texture": "#1"},
				"down": {"uv": [2, 7, 3, 8], "texture": "#1"}
			}
		},
		{
			"from": [7.00092, 2.67361, 5.07612],
			"to": [9.00092, 9.67361, 7.07612],
			"rotation": {"angle": -22.5, "axis": "x", "origin": [8.00092, 9.67361, 6.07612]},
			"faces": {
				"north": {"uv": [2, 7, 3, 8], "texture": "#1"},
				"east": {"uv": [2, 7, 3, 8], "texture": "#1"},
				"south": {"uv": [2, 7, 3, 8], "texture": "#1"},
				"west": {"uv": [2, 7, 3, 8], "texture": "#1"},
				"up": {"uv": [2, 7, 3, 8], "texture": "#1"},
				"down": {"uv": [2, 7, 3, 8], "texture": "#1"}
			}
		},
		{
			"from": [6.99908, 3.67361, 8.92388],
			"to": [8.99908, 9.67361, 10.92388],
			"rotation": {"angle": 22.5, "axis": "x", "origin": [7.99908, 9.67361, 9.92388]},
			"faces": {
				"north": {"uv": [2, 7, 3, 8], "texture": "#1"},
				"east": {"uv": [2, 7, 3, 8], "texture": "#1"},
				"south": {"uv": [2, 7, 3, 8], "texture": "#1"},
				"west": {"uv": [2, 7, 3, 8], "texture": "#1"},
				"up": {"uv": [2, 7, 3, 8], "texture": "#1"},
				"down": {"uv": [2, 7, 3, 8], "texture": "#1"}
			}
		},
		{
			"from": [7, 1.47277, 3.44443],
			"to": [9, 6.47277, 5.44443],
			"rotation": {"angle": 45, "axis": "x", "origin": [8, 1.47277, 4.44443]},
			"faces": {
				"north": {"uv": [2, 7, 3, 8], "texture": "#1"},
				"east": {"uv": [2, 7, 3, 8], "texture": "#1"},
				"south": {"uv": [2, 7, 3, 8], "texture": "#1"},
				"west": {"uv": [2, 7, 3, 8], "texture": "#1"},
				"up": {"uv": [2, 7, 3, 8], "texture": "#1"},
				"down": {"uv": [2, 7, 3, 8], "texture": "#1"}
			}
		},
		{
			"from": [7, 1.47277, 10.55557],
			"to": [9, 5.47277, 12.55557],
			"rotation": {"angle": -45, "axis": "x", "origin": [8, 1.47277, 11.55557]},
			"faces": {
				"north": {"uv": [2, 7, 3, 8], "texture": "#1"},
				"east": {"uv": [2, 7, 3, 8], "texture": "#1"},
				"south": {"uv": [2, 7, 3, 8], "texture": "#1"},
				"west": {"uv": [2, 7, 3, 8], "texture": "#1"},
				"up": {"uv": [2, 7, 3, 8], "texture": "#1"},
				"down": {"uv": [2, 7, 3, 8], "texture": "#1"}
			}
		},
		{
			"from": [7, 1.58353, 3.44535],
			"to": [9, 8.58353, 5.44535],
			"rotation": {"angle": -45, "axis": "x", "origin": [8, 8.58353, 4.44535]},
			"faces": {
				"north": {"uv": [2, 7, 3, 8], "texture": "#1"},
				"east": {"uv": [2, 7, 3, 8], "texture": "#1"},
				"south": {"uv": [2, 7, 3, 8], "texture": "#1"},
				"west": {"uv": [2, 7, 3, 8], "texture": "#1"},
				"up": {"uv": [2, 7, 3, 8], "texture": "#1"},
				"down": {"uv": [2, 7, 3, 8], "texture": "#1"}
			}
		},
		{
			"from": [7, 3.58353, 10.55465],
			"to": [9, 8.58353, 12.55465],
			"rotation": {"angle": 45, "axis": "x", "origin": [8, 8.58353, 11.55465]},
			"faces": {
				"north": {"uv": [2, 7, 3, 8], "texture": "#1"},
				"east": {"uv": [2, 7, 3, 8], "texture": "#1"},
				"south": {"uv": [2, 7, 3, 8], "texture": "#1"},
				"west": {"uv": [2, 7, 3, 8], "texture": "#1"},
				"up": {"uv": [2, 7, 3, 8], "texture": "#1"},
				"down": {"uv": [2, 7, 3, 8], "texture": "#1"}
			}
		},
		{
			"from": [7, 2.10408, 3.35442],
			"to": [9, 4.10408, 8.35442],
			"rotation": {"angle": -22.5, "axis": "x", "origin": [8, 3.10408, 3.35442]},
			"faces": {
				"north": {"uv": [2, 7, 3, 8], "texture": "#1"},
				"east": {"uv": [2, 7, 3, 8], "texture": "#1"},
				"south": {"uv": [2, 7, 3, 8], "texture": "#1"},
				"west": {"uv": [2, 7, 3, 8], "texture": "#1"},
				"up": {"uv": [2, 7, 3, 8], "texture": "#1"},
				"down": {"uv": [2, 7, 3, 8], "texture": "#1"}
			}
		},
		{
			"from": [7, 2.10408, 7.64558],
			"to": [9, 4.10408, 12.64558],
			"rotation": {"angle": 22.5, "axis": "x", "origin": [8, 3.10408, 12.64558]},
			"faces": {
				"north": {"uv": [2, 7, 3, 8], "texture": "#1"},
				"east": {"uv": [2, 7, 3, 8], "texture": "#1"},
				"south": {"uv": [2, 7, 3, 8], "texture": "#1"},
				"west": {"uv": [2, 7, 3, 8], "texture": "#1"},
				"up": {"uv": [2, 7, 3, 8], "texture": "#1"},
				"down": {"uv": [2, 7, 3, 8], "texture": "#1"}
			}
		},
		{
			"from": [7, 5.95222, 3.35534],
			"to": [9, 7.95222, 8.35534],
			"rotation": {"angle": 22.5, "axis": "x", "origin": [8, 6.95222, 3.35534]},
			"faces": {
				"north": {"uv": [2, 7, 3, 8], "texture": "#1"},
				"east": {"uv": [2, 7, 3, 8], "texture": "#1"},
				"south": {"uv": [2, 7, 3, 8], "texture": "#1"},
				"west": {"uv": [2, 7, 3, 8], "texture": "#1"},
				"up": {"uv": [2, 7, 3, 8], "texture": "#1"},
				"down": {"uv": [2, 7, 3, 8], "texture": "#1"}
			}
		},
		{
			"from": [7, 5.95222, 5.64466],
			"to": [9, 7.95222, 12.64466],
			"rotation": {"angle": -22.5, "axis": "x", "origin": [8, 6.95222, 12.64466]},
			"faces": {
				"north": {"uv": [2, 7, 3, 8], "texture": "#1"},
				"east": {"uv": [2, 7, 3, 8], "texture": "#1"},
				"south": {"uv": [2, 7, 3, 8], "texture": "#1"},
				"west": {"uv": [2, 7, 3, 8], "texture": "#1"},
				"up": {"uv": [2, 7, 3, 8], "texture": "#1"},
				"down": {"uv": [2, 7, 3, 8], "texture": "#1"}
			}
		},
		{
			"from": [7, 4.02834, 2.97266],
			"to": [9, 6.02834, 7.97266],
			"rotation": {"angle": 0, "axis": "x", "origin": [8, 5.02834, 2.97266]},
			"faces": {
				"north": {"uv": [2, 7, 3, 8], "texture": "#1"},
				"east": {"uv": [2, 7, 3, 8], "texture": "#1"},
				"south": {"uv": [2, 7, 3, 8], "texture": "#1"},
				"west": {"uv": [2, 7, 3, 8], "texture": "#1"},
				"up": {"uv": [2, 7, 3, 8], "texture": "#1"},
				"down": {"uv": [2, 7, 3, 8], "texture": "#1"}
			}
		},
		{
			"from": [7, 4.02834, 8.02734],
			"to": [9, 6.02834, 13.02734],
			"rotation": {"angle": 0, "axis": "x", "origin": [8, 5.02834, 13.02734]},
			"faces": {
				"north": {"uv": [2, 7, 3, 8], "texture": "#1"},
				"east": {"uv": [2, 7, 3, 8], "texture": "#1"},
				"south": {"uv": [2, 7, 3, 8], "texture": "#1"},
				"west": {"uv": [2, 7, 3, 8], "texture": "#1"},
				"up": {"uv": [2, 7, 3, 8], "texture": "#1"},
				"down": {"uv": [2, 7, 3, 8], "texture": "#1"}
			}
		},
		{
			"from": [7.00092, 10.0563, 7],
			"to": [9.00092, 10.0563, 9],
			"rotation": {"angle": 0, "axis": "y", "origin": [15.00092, 2.0563, 15]},
			"faces": {
				"north": {"uv": [2, 7, 3, 8], "texture": "#1"},
				"east": {"uv": [2, 7, 3, 8], "texture": "#1"},
				"south": {"uv": [2, 7, 3, 8], "texture": "#1"},
				"west": {"uv": [2, 7, 3, 8], "texture": "#1"},
				"up": {"uv": [2, 7, 3, 8], "texture": "#1"},
				"down": {"uv": [2, 7, 3, 8], "texture": "#1"}
			}
		},
		{
			"from": [7.87592, 9.6813, 7.75],
			"to": [8.37592, 11.6813, 8.25],
			"rotation": {"angle": -22.5, "axis": "z", "origin": [8.12592, 10.6813, 8]},
			"faces": {
				"north": {"uv": [0, 11, 2, 13], "texture": "#2"},
				"east": {"uv": [0, 11, 2, 13], "texture": "#2"},
				"south": {"uv": [0, 11, 2, 13], "texture": "#2"},
				"west": {"uv": [0, 11, 2, 13], "texture": "#2"},
				"up": {"uv": [0, 11, 2, 13], "texture": "#2"},
				"down": {"uv": [0, 11, 2, 13], "texture": "#2"}
			}
		},
		{
			"from": [7.00092, 0.0563, 7],
			"to": [9.00092, 9.9563, 9],
			"rotation": {"angle": 0, "axis": "y", "origin": [15.00092, 1.9563, 15]},
			"faces": {
				"north": {"uv": [2, 7, 3, 8], "texture": "#1"},
				"east": {"uv": [2, 7, 3, 8], "texture": "#1"},
				"south": {"uv": [2, 7, 3, 8], "texture": "#1"},
				"west": {"uv": [2, 7, 3, 8], "texture": "#1"},
				"up": {"uv": [2, 7, 3, 8], "texture": "#1"},
				"down": {"uv": [2, 7, 3, 8], "texture": "#1"}
			}
		},
		{
			"from": [9.00092, 3.9563, 7],
			"to": [13.00092, 5.8563, 9],
			"rotation": {"angle": 0, "axis": "y", "origin": [17.00092, 1.9563, 15]},
			"faces": {
				"north": {"uv": [2, 7, 3, 8], "texture": "#1"},
				"east": {"uv": [2, 7, 3, 8], "texture": "#1"},
				"south": {"uv": [2, 7, 3, 8], "texture": "#1"},
				"west": {"uv": [2, 7, 3, 8], "texture": "#1"},
				"up": {"uv": [2, 7, 3, 8], "texture": "#1"},
				"down": {"uv": [2, 7, 3, 8], "texture": "#1"}
			}
		},
		{
			"from": [3.00092, 3.9563, 7],
			"to": [7.00092, 5.8563, 9],
			"rotation": {"angle": 0, "axis": "y", "origin": [11.00092, 1.9563, 15]},
			"faces": {
				"north": {"uv": [2, 7, 3, 8], "texture": "#1"},
				"east": {"uv": [2, 7, 3, 8], "texture": "#1"},
				"south": {"uv": [2, 7, 3, 8], "texture": "#1"},
				"west": {"uv": [2, 7, 3, 8], "texture": "#1"},
				"up": {"uv": [2, 7, 3, 8], "texture": "#1"},
				"down": {"uv": [2, 7, 3, 8], "texture": "#1"}
			}
		},
		{
			"from": [5.07574, 0.38276, 7],
			"to": [7.07574, 5.38276, 9],
			"rotation": {"angle": -22.5, "axis": "z", "origin": [6.07574, 0.38276, 8]},
			"faces": {
				"north": {"uv": [2, 7, 3, 8], "texture": "#1"},
				"east": {"uv": [2, 7, 3, 8], "texture": "#1"},
				"south": {"uv": [2, 7, 3, 8], "texture": "#1"},
				"west": {"uv": [2, 7, 3, 8], "texture": "#1"},
				"up": {"uv": [2, 7, 3, 8], "texture": "#1"},
				"down": {"uv": [2, 7, 3, 8], "texture": "#1"}
			}
		},
		{
			"from": [8.92534, 0.38191, 7],
			"to": [10.92534, 4.38191, 9],
			"rotation": {"angle": 22.5, "axis": "z", "origin": [9.92534, 0.38191, 8]},
			"faces": {
				"north": {"uv": [2, 7, 3, 8], "texture": "#1"},
				"east": {"uv": [2, 7, 3, 8], "texture": "#1"},
				"south": {"uv": [2, 7, 3, 8], "texture": "#1"},
				"west": {"uv": [2, 7, 3, 8], "texture": "#1"},
				"up": {"uv": [2, 7, 3, 8], "texture": "#1"},
				"down": {"uv": [2, 7, 3, 8], "texture": "#1"}
			}
		},
		{
			"from": [5.07666, 6.67354, 7],
			"to": [7.07666, 9.67354, 9],
			"rotation": {"angle": 22.5, "axis": "z", "origin": [6.07666, 9.67354, 8]},
			"faces": {
				"north": {"uv": [2, 7, 3, 8], "texture": "#1"},
				"east": {"uv": [2, 7, 3, 8], "texture": "#1"},
				"south": {"uv": [2, 7, 3, 8], "texture": "#1"},
				"west": {"uv": [2, 7, 3, 8], "texture": "#1"},
				"up": {"uv": [2, 7, 3, 8], "texture": "#1"},
				"down": {"uv": [2, 7, 3, 8], "texture": "#1"}
			}
		},
		{
			"from": [8.92442, 6.67269, 7],
			"to": [10.92442, 9.67269, 9],
			"rotation": {"angle": -22.5, "axis": "z", "origin": [9.92442, 9.67269, 8]},
			"faces": {
				"north": {"uv": [2, 7, 3, 8], "texture": "#1"},
				"east": {"uv": [2, 7, 3, 8], "texture": "#1"},
				"south": {"uv": [2, 7, 3, 8], "texture": "#1"},
				"west": {"uv": [2, 7, 3, 8], "texture": "#1"},
				"up": {"uv": [2, 7, 3, 8], "texture": "#1"},
				"down": {"uv": [2, 7, 3, 8], "texture": "#1"}
			}
		},
		{
			"from": [3.44443, 1.47277, 7],
			"to": [5.44443, 5.47277, 9],
			"rotation": {"angle": -45, "axis": "z", "origin": [4.44443, 1.47277, 8]},
			"faces": {
				"north": {"uv": [2, 7, 3, 8], "texture": "#1"},
				"east": {"uv": [2, 7, 3, 8], "texture": "#1"},
				"south": {"uv": [2, 7, 3, 8], "texture": "#1"},
				"west": {"uv": [2, 7, 3, 8], "texture": "#1"},
				"up": {"uv": [2, 7, 3, 8], "texture": "#1"},
				"down": {"uv": [2, 7, 3, 8], "texture": "#1"}
			}
		},
		{
			"from": [10.55666, 1.47192, 7],
			"to": [12.55666, 5.47192, 9],
			"rotation": {"angle": 45, "axis": "z", "origin": [11.55666, 1.47192, 8]},
			"faces": {
				"north": {"uv": [2, 7, 3, 8], "texture": "#1"},
				"east": {"uv": [2, 7, 3, 8], "texture": "#1"},
				"south": {"uv": [2, 7, 3, 8], "texture": "#1"},
				"west": {"uv": [2, 7, 3, 8], "texture": "#1"},
				"up": {"uv": [2, 7, 3, 8], "texture": "#1"},
				"down": {"uv": [2, 7, 3, 8], "texture": "#1"}
			}
		},
		{
			"from": [3.44535, 4.58353, 7],
			"to": [5.44535, 8.58353, 9],
			"rotation": {"angle": 45, "axis": "z", "origin": [4.44535, 8.58353, 8]},
			"faces": {
				"north": {"uv": [2, 7, 3, 8], "texture": "#1"},
				"east": {"uv": [2, 7, 3, 8], "texture": "#1"},
				"south": {"uv": [2, 7, 3, 8], "texture": "#1"},
				"west": {"uv": [2, 7, 3, 8], "texture": "#1"},
				"up": {"uv": [2, 7, 3, 8], "texture": "#1"},
				"down": {"uv": [2, 7, 3, 8], "texture": "#1"}
			}
		},
		{
			"from": [10.55573, 4.58268, 7],
			"to": [12.55573, 8.58268, 9],
			"rotation": {"angle": -45, "axis": "z", "origin": [11.55573, 8.58268, 8]},
			"faces": {
				"north": {"uv": [2, 7, 3, 8], "texture": "#1"},
				"east": {"uv": [2, 7, 3, 8], "texture": "#1"},
				"south": {"uv": [2, 7, 3, 8], "texture": "#1"},
				"west": {"uv": [2, 7, 3, 8], "texture": "#1"},
				"up": {"uv": [2, 7, 3, 8], "texture": "#1"},
				"down": {"uv": [2, 7, 3, 8], "texture": "#1"}
			}
		},
		{
			"from": [3.35442, 2.10408, 7],
			"to": [9.35442, 4.10408, 9],
			"rotation": {"angle": 22.5, "axis": "z", "origin": [3.35442, 3.10408, 8]},
			"faces": {
				"north": {"uv": [2, 7, 3, 8], "texture": "#1"},
				"east": {"uv": [2, 7, 3, 8], "texture": "#1"},
				"south": {"uv": [2, 7, 3, 8], "texture": "#1"},
				"west": {"uv": [2, 7, 3, 8], "texture": "#1"},
				"up": {"uv": [2, 7, 3, 8], "texture": "#1"},
				"down": {"uv": [2, 7, 3, 8], "texture": "#1"}
			}
		},
		{
			"from": [8.64666, 2.10323, 7],
			"to": [12.64666, 4.10323, 9],
			"rotation": {"angle": -22.5, "axis": "z", "origin": [12.64666, 3.10323, 8]},
			"faces": {
				"north": {"uv": [2, 7, 3, 8], "texture": "#1"},
				"east": {"uv": [2, 7, 3, 8], "texture": "#1"},
				"south": {"uv": [2, 7, 3, 8], "texture": "#1"},
				"west": {"uv": [2, 7, 3, 8], "texture": "#1"},
				"up": {"uv": [2, 7, 3, 8], "texture": "#1"},
				"down": {"uv": [2, 7, 3, 8], "texture": "#1"}
			}
		},
		{
			"from": [3.35534, 5.95222, 7],
			"to": [7.35534, 7.95222, 9],
			"rotation": {"angle": -22.5, "axis": "z", "origin": [3.35534, 6.95222, 8]},
			"faces": {
				"north": {"uv": [2, 7, 3, 8], "texture": "#1"},
				"east": {"uv": [2, 7, 3, 8], "texture": "#1"},
				"south": {"uv": [2, 7, 3, 8], "texture": "#1"},
				"west": {"uv": [2, 7, 3, 8], "texture": "#1"},
				"up": {"uv": [2, 7, 3, 8], "texture": "#1"},
				"down": {"uv": [2, 7, 3, 8], "texture": "#1"}
			}
		},
		{
			"from": [7.64574, 5.95137, 7],
			"to": [12.64574, 7.95137, 9],
			"rotation": {"angle": 22.5, "axis": "z", "origin": [12.64574, 6.95137, 8]},
			"faces": {
				"north": {"uv": [2, 7, 3, 8], "texture": "#1"},
				"east": {"uv": [2, 7, 3, 8], "texture": "#1"},
				"south": {"uv": [2, 7, 3, 8], "texture": "#1"},
				"west": {"uv": [2, 7, 3, 8], "texture": "#1"},
				"up": {"uv": [2, 7, 3, 8], "texture": "#1"},
				"down": {"uv": [2, 7, 3, 8], "texture": "#1"}
			}
		},
		{
			"from": [2.97166, 4.02834, 7],
			"to": [2.97166, 6.02834, 9],
			"rotation": {"angle": 0, "axis": "z", "origin": [2.97166, 5.02834, 8]},
			"faces": {
				"north": {"uv": [2, 7, 3, 8], "texture": "#1"},
				"east": {"uv": [2, 7, 3, 8], "texture": "#1"},
				"south": {"uv": [2, 7, 3, 8], "texture": "#1"},
				"west": {"uv": [2, 7, 3, 8], "texture": "#1"},
				"up": {"uv": [2, 7, 3, 8], "texture": "#1"},
				"down": {"uv": [2, 7, 3, 8], "texture": "#1"}
			}
		},
		{
			"from": [3.35534, 4.02834, 8.92388],
			"to": [8.35534, 6.02834, 10.92388],
			"rotation": {"angle": 22.5, "axis": "y", "origin": [3.35534, 5.02834, 9.92388]},
			"faces": {
				"north": {"uv": [2, 7, 3, 8], "texture": "#1"},
				"east": {"uv": [2, 7, 3, 8], "texture": "#1"},
				"south": {"uv": [2, 7, 3, 8], "texture": "#1"},
				"west": {"uv": [2, 7, 3, 8], "texture": "#1"},
				"up": {"uv": [2, 7, 3, 8], "texture": "#1"},
				"down": {"uv": [2, 7, 3, 8], "texture": "#1"}
			}
		},
		{
			"from": [6.64466, 4.02834, 8.92388],
			"to": [12.64466, 6.02834, 10.92388],
			"rotation": {"angle": -22.5, "axis": "y", "origin": [12.64466, 5.02834, 9.92388]},
			"faces": {
				"north": {"uv": [2, 7, 3, 8], "texture": "#1"},
				"east": {"uv": [2, 7, 3, 8], "texture": "#1"},
				"south": {"uv": [2, 7, 3, 8], "texture": "#1"},
				"west": {"uv": [2, 7, 3, 8], "texture": "#1"},
				"up": {"uv": [2, 7, 3, 8], "texture": "#1"},
				"down": {"uv": [2, 7, 3, 8], "texture": "#1"}
			}
		},
		{
			"from": [6.64466, 4.02834, 5.07612],
			"to": [12.64466, 6.02834, 7.07612],
			"rotation": {"angle": 22.5, "axis": "y", "origin": [12.64466, 5.02834, 6.07612]},
			"faces": {
				"north": {"uv": [2, 7, 3, 8], "texture": "#1"},
				"east": {"uv": [2, 7, 3, 8], "texture": "#1"},
				"south": {"uv": [2, 7, 3, 8], "texture": "#1"},
				"west": {"uv": [2, 7, 3, 8], "texture": "#1"},
				"up": {"uv": [2, 7, 3, 8], "texture": "#1"},
				"down": {"uv": [2, 7, 3, 8], "texture": "#1"}
			}
		},
		{
			"from": [3.35534, 4.02834, 5.07612],
			"to": [11.35534, 6.02834, 7.07612],
			"rotation": {"angle": -22.5, "axis": "y", "origin": [3.35534, 5.02834, 6.07612]},
			"faces": {
				"north": {"uv": [2, 7, 3, 8], "texture": "#1"},
				"east": {"uv": [2, 7, 3, 8], "texture": "#1"},
				"south": {"uv": [2, 7, 3, 8], "texture": "#1"},
				"west": {"uv": [2, 7, 3, 8], "texture": "#1"},
				"up": {"uv": [2, 7, 3, 8], "texture": "#1"},
				"down": {"uv": [2, 7, 3, 8], "texture": "#1"}
			}
		},
		{
			"from": [4.44513, 4.02834, 10.55487],
			"to": [8.44513, 6.02834, 12.55487],
			"rotation": {"angle": 45, "axis": "y", "origin": [4.44513, 5.02834, 11.55487]},
			"faces": {
				"north": {"uv": [2, 7, 3, 8], "texture": "#1"},
				"east": {"uv": [2, 7, 3, 8], "texture": "#1"},
				"south": {"uv": [2, 7, 3, 8], "texture": "#1"},
				"west": {"uv": [2, 7, 3, 8], "texture": "#1"},
				"up": {"uv": [2, 7, 3, 8], "texture": "#1"},
				"down": {"uv": [2, 7, 3, 8], "texture": "#1"}
			}
		},
		{
			"from": [6.55487, 4.02834, 10.55487],
			"to": [11.55487, 6.02834, 12.55487],
			"rotation": {"angle": -45, "axis": "y", "origin": [11.55487, 5.02834, 11.55487]},
			"faces": {
				"north": {"uv": [2, 7, 3, 8], "texture": "#1"},
				"east": {"uv": [2, 7, 3, 8], "texture": "#1"},
				"south": {"uv": [2, 7, 3, 8], "texture": "#1"},
				"west": {"uv": [2, 7, 3, 8], "texture": "#1"},
				"up": {"uv": [2, 7, 3, 8], "texture": "#1"},
				"down": {"uv": [2, 7, 3, 8], "texture": "#1"}
			}
		},
		{
			"from": [5.55487, 4.02834, 3.44513],
			"to": [11.55487, 6.02834, 5.44513],
			"rotation": {"angle": 45, "axis": "y", "origin": [11.55487, 5.02834, 4.44513]},
			"faces": {
				"north": {"uv": [2, 7, 3, 8], "texture": "#1"},
				"east": {"uv": [2, 7, 3, 8], "texture": "#1"},
				"south": {"uv": [2, 7, 3, 8], "texture": "#1"},
				"west": {"uv": [2, 7, 3, 8], "texture": "#1"},
				"up": {"uv": [2, 7, 3, 8], "texture": "#1"},
				"down": {"uv": [2, 7, 3, 8], "texture": "#1"}
			}
		},
		{
			"from": [4.44513, 4.02834, 3.44513],
			"to": [14.44513, 6.02834, 5.44513],
			"rotation": {"angle": -45, "axis": "y", "origin": [4.44513, 5.02834, 4.44513]},
			"faces": {
				"north": {"uv": [2, 7, 3, 8], "texture": "#1"},
				"east": {"uv": [2, 7, 3, 8], "texture": "#1"},
				"south": {"uv": [2, 7, 3, 8], "texture": "#1"},
				"west": {"uv": [2, 7, 3, 8], "texture": "#1"},
				"up": {"uv": [2, 7, 3, 8], "texture": "#1"},
				"down": {"uv": [2, 7, 3, 8], "texture": "#1"}
			}
		},
		{
			"from": [5.0765, 4.02834, 7.64373],
			"to": [7.0765, 6.02834, 12.64373],
			"rotation": {"angle": -22.5, "axis": "y", "origin": [6.0765, 5.02834, 12.64373]},
			"faces": {
				"north": {"uv": [2, 7, 3, 8], "texture": "#1"},
				"east": {"uv": [2, 7, 3, 8], "texture": "#1"},
				"south": {"uv": [2, 7, 3, 8], "texture": "#1"},
				"west": {"uv": [2, 7, 3, 8], "texture": "#1"},
				"up": {"uv": [2, 7, 3, 8], "texture": "#1"},
				"down": {"uv": [2, 7, 3, 8], "texture": "#1"}
			}
		},
		{
			"from": [8.9235, 4.02834, 6.64373],
			"to": [10.9235, 6.02834, 12.64373],
			"rotation": {"angle": 22.5, "axis": "y", "origin": [9.9235, 5.02834, 12.64373]},
			"faces": {
				"north": {"uv": [2, 7, 3, 8], "texture": "#1"},
				"east": {"uv": [2, 7, 3, 8], "texture": "#1"},
				"south": {"uv": [2, 7, 3, 8], "texture": "#1"},
				"west": {"uv": [2, 7, 3, 8], "texture": "#1"},
				"up": {"uv": [2, 7, 3, 8], "texture": "#1"},
				"down": {"uv": [2, 7, 3, 8], "texture": "#1"}
			}
		},
		{
			"from": [8.9235, 4.02834, 3.35627],
			"to": [10.9235, 6.02834, 8.35627],
			"rotation": {"angle": -22.5, "axis": "y", "origin": [9.9235, 5.02834, 3.35627]},
			"faces": {
				"north": {"uv": [2, 7, 3, 8], "texture": "#1"},
				"east": {"uv": [2, 7, 3, 8], "texture": "#1"},
				"south": {"uv": [2, 7, 3, 8], "texture": "#1"},
				"west": {"uv": [2, 7, 3, 8], "texture": "#1"},
				"up": {"uv": [2, 7, 3, 8], "texture": "#1"},
				"down": {"uv": [2, 7, 3, 8], "texture": "#1"}
			}
		},
		{
			"from": [5.0765, 4.02834, 3.35627],
			"to": [7.0765, 6.02834, 10.35627],
			"rotation": {"angle": 22.5, "axis": "y", "origin": [6.0765, 5.02834, 3.35627]},
			"faces": {
				"north": {"uv": [2, 7, 3, 8], "texture": "#1"},
				"east": {"uv": [2, 7, 3, 8], "texture": "#1"},
				"south": {"uv": [2, 7, 3, 8], "texture": "#1"},
				"west": {"uv": [2, 7, 3, 8], "texture": "#1"},
				"up": {"uv": [2, 7, 3, 8], "texture": "#1"},
				"down": {"uv": [2, 7, 3, 8], "texture": "#1"}
			}
		},
		{
			"from": [13.02942, 4.02749, 7],
			"to": [13.02942, 6.02749, 9],
			"rotation": {"angle": 0, "axis": "z", "origin": [13.02942, 5.02749, 8]},
			"faces": {
				"north": {"uv": [2, 7, 3, 8], "texture": "#1"},
				"east": {"uv": [2, 7, 3, 8], "texture": "#1"},
				"south": {"uv": [2, 7, 3, 8], "texture": "#1"},
				"west": {"uv": [2, 7, 3, 8], "texture": "#1"},
				"up": {"uv": [2, 7, 3, 8], "texture": "#1"},
				"down": {"uv": [2, 7, 3, 8], "texture": "#1"}
			}
		},
		{
			"from": [9, 6, 9],
			"to": [10, 7, 12.6],
			"rotation": {"angle": 0, "axis": "y", "origin": [17, 14, 17]},
			"faces": {
				"north": {"uv": [2, 7, 3, 8], "texture": "#1"},
				"east": {"uv": [2, 7, 3, 8], "texture": "#1"},
				"south": {"uv": [2, 7, 3, 8], "texture": "#1"},
				"west": {"uv": [2, 7, 3, 8], "texture": "#1"},
				"up": {"uv": [2, 7, 3, 8], "texture": "#1"},
				"down": {"uv": [2, 7, 3, 8], "texture": "#1"}
			}
		},
		{
			"from": [9, 3, 9],
			"to": [10, 4, 12.6],
			"rotation": {"angle": 0, "axis": "y", "origin": [17, -4, 17]},
			"faces": {
				"north": {"uv": [2, 7, 3, 8], "texture": "#1"},
				"east": {"uv": [2, 7, 3, 8], "texture": "#1"},
				"south": {"uv": [2, 7, 3, 8], "texture": "#1"},
				"west": {"uv": [2, 7, 3, 8], "texture": "#1"},
				"up": {"uv": [2, 7, 3, 8], "texture": "#1"},
				"down": {"uv": [2, 7, 3, 8], "texture": "#1"}
			}
		},
		{
			"from": [6, 3, 9],
			"to": [7, 4, 12.6],
			"rotation": {"angle": 0, "axis": "y", "origin": [-1, -4, 17]},
			"faces": {
				"north": {"uv": [2, 7, 3, 8], "texture": "#1"},
				"east": {"uv": [2, 7, 3, 8], "texture": "#1"},
				"south": {"uv": [2, 7, 3, 8], "texture": "#1"},
				"west": {"uv": [2, 7, 3, 8], "texture": "#1"},
				"up": {"uv": [2, 7, 3, 8], "texture": "#1"},
				"down": {"uv": [2, 7, 3, 8], "texture": "#1"}
			}
		},
		{
			"from": [6, 6, 9],
			"to": [7, 7, 12.6],
			"rotation": {"angle": 0, "axis": "y", "origin": [-1, 14, 17]},
			"faces": {
				"north": {"uv": [2, 7, 3, 8], "texture": "#1"},
				"east": {"uv": [2, 7, 3, 8], "texture": "#1"},
				"south": {"uv": [2, 7, 3, 8], "texture": "#1"},
				"west": {"uv": [2, 7, 3, 8], "texture": "#1"},
				"up": {"uv": [2, 7, 3, 8], "texture": "#1"},
				"down": {"uv": [2, 7, 3, 8], "texture": "#1"}
			}
		},
		{
			"from": [6, 6, 3.4],
			"to": [7, 7, 7],
			"rotation": {"angle": 0, "axis": "y", "origin": [-1, 14, -1]},
			"faces": {
				"north": {"uv": [2, 7, 3, 8], "texture": "#1"},
				"east": {"uv": [2, 7, 3, 8], "texture": "#1"},
				"south": {"uv": [2, 7, 3, 8], "texture": "#1"},
				"west": {"uv": [2, 7, 3, 8], "texture": "#1"},
				"up": {"uv": [2, 7, 3, 8], "texture": "#1"},
				"down": {"uv": [2, 7, 3, 8], "texture": "#1"}
			}
		},
		{
			"from": [9, 6, 3.4],
			"to": [10, 7, 7],
			"rotation": {"angle": 0, "axis": "y", "origin": [17, 14, -1]},
			"faces": {
				"north": {"uv": [2, 7, 3, 8], "texture": "#1"},
				"east": {"uv": [2, 7, 3, 8], "texture": "#1"},
				"south": {"uv": [2, 7, 3, 8], "texture": "#1"},
				"west": {"uv": [2, 7, 3, 8], "texture": "#1"},
				"up": {"uv": [2, 7, 3, 8], "texture": "#1"},
				"down": {"uv": [2, 7, 3, 8], "texture": "#1"}
			}
		},
		{
			"from": [9, 3, 3.4],
			"to": [10, 4, 7],
			"rotation": {"angle": 0, "axis": "y", "origin": [17, -4, -1]},
			"faces": {
				"north": {"uv": [2, 7, 3, 8], "texture": "#1"},
				"east": {"uv": [2, 7, 3, 8], "texture": "#1"},
				"south": {"uv": [2, 7, 3, 8], "texture": "#1"},
				"west": {"uv": [2, 7, 3, 8], "texture": "#1"},
				"up": {"uv": [2, 7, 3, 8], "texture": "#1"},
				"down": {"uv": [2, 7, 3, 8], "texture": "#1"}
			}
		},
		{
			"from": [6, 3, 3.4],
			"to": [7, 4, 7],
			"rotation": {"angle": 0, "axis": "y", "origin": [-1, -4, -1]},
			"faces": {
				"north": {"uv": [2, 7, 3, 8], "texture": "#1"},
				"east": {"uv": [2, 7, 3, 8], "texture": "#1"},
				"south": {"uv": [2, 7, 3, 8], "texture": "#1"},
				"west": {"uv": [2, 7, 3, 8], "texture": "#1"},
				"up": {"uv": [2, 7, 3, 8], "texture": "#1"},
				"down": {"uv": [2, 7, 3, 8], "texture": "#1"}
			}
		},
		{
			"from": [10, 6, 9],
			"to": [12.6, 7, 10],
			"rotation": {"angle": 0, "axis": "y", "origin": [18, 14, 17]},
			"faces": {
				"north": {"uv": [2, 7, 3, 8], "texture": "#1"},
				"east": {"uv": [2, 7, 3, 8], "texture": "#1"},
				"south": {"uv": [2, 7, 3, 8], "texture": "#1"},
				"west": {"uv": [2, 7, 3, 8], "texture": "#1"},
				"up": {"uv": [2, 7, 3, 8], "texture": "#1"},
				"down": {"uv": [2, 7, 3, 8], "texture": "#1"}
			}
		},
		{
			"from": [10, 3, 9],
			"to": [12.6, 4, 10],
			"rotation": {"angle": 0, "axis": "y", "origin": [18, -4, 17]},
			"faces": {
				"north": {"uv": [2, 7, 3, 8], "texture": "#1"},
				"east": {"uv": [2, 7, 3, 8], "texture": "#1"},
				"south": {"uv": [2, 7, 3, 8], "texture": "#1"},
				"west": {"uv": [2, 7, 3, 8], "texture": "#1"},
				"up": {"uv": [2, 7, 3, 8], "texture": "#1"},
				"down": {"uv": [2, 7, 3, 8], "texture": "#1"}
			}
		},
		{
			"from": [3.4, 3, 9],
			"to": [6, 4, 10],
			"rotation": {"angle": 0, "axis": "y", "origin": [-2, -4, 17]},
			"faces": {
				"north": {"uv": [2, 7, 3, 8], "texture": "#1"},
				"east": {"uv": [2, 7, 3, 8], "texture": "#1"},
				"south": {"uv": [2, 7, 3, 8], "texture": "#1"},
				"west": {"uv": [2, 7, 3, 8], "texture": "#1"},
				"up": {"uv": [2, 7, 3, 8], "texture": "#1"},
				"down": {"uv": [2, 7, 3, 8], "texture": "#1"}
			}
		},
		{
			"from": [3.4, 6, 9],
			"to": [6, 7, 10],
			"rotation": {"angle": 0, "axis": "y", "origin": [-2, 14, 17]},
			"faces": {
				"north": {"uv": [2, 7, 3, 8], "texture": "#1"},
				"east": {"uv": [2, 7, 3, 8], "texture": "#1"},
				"south": {"uv": [2, 7, 3, 8], "texture": "#1"},
				"west": {"uv": [2, 7, 3, 8], "texture": "#1"},
				"up": {"uv": [2, 7, 3, 8], "texture": "#1"},
				"down": {"uv": [2, 7, 3, 8], "texture": "#1"}
			}
		},
		{
			"from": [3.4, 6, 6],
			"to": [6, 7, 7],
			"rotation": {"angle": 0, "axis": "y", "origin": [-2, 14, -1]},
			"faces": {
				"north": {"uv": [2, 7, 3, 8], "texture": "#1"},
				"east": {"uv": [2, 7, 3, 8], "texture": "#1"},
				"south": {"uv": [2, 7, 3, 8], "texture": "#1"},
				"west": {"uv": [2, 7, 3, 8], "texture": "#1"},
				"up": {"uv": [2, 7, 3, 8], "texture": "#1"},
				"down": {"uv": [2, 7, 3, 8], "texture": "#1"}
			}
		},
		{
			"from": [10, 6, 6],
			"to": [12.6, 7, 7],
			"rotation": {"angle": 0, "axis": "y", "origin": [18, 14, -1]},
			"faces": {
				"north": {"uv": [2, 7, 3, 8], "texture": "#1"},
				"east": {"uv": [2, 7, 3, 8], "texture": "#1"},
				"south": {"uv": [2, 7, 3, 8], "texture": "#1"},
				"west": {"uv": [2, 7, 3, 8], "texture": "#1"},
				"up": {"uv": [2, 7, 3, 8], "texture": "#1"},
				"down": {"uv": [2, 7, 3, 8], "texture": "#1"}
			}
		},
		{
			"from": [10, 3, 6],
			"to": [12.6, 4, 7],
			"rotation": {"angle": 0, "axis": "y", "origin": [18, -4, -1]},
			"faces": {
				"north": {"uv": [2, 7, 3, 8], "texture": "#1"},
				"east": {"uv": [2, 7, 3, 8], "texture": "#1"},
				"south": {"uv": [2, 7, 3, 8], "texture": "#1"},
				"west": {"uv": [2, 7, 3, 8], "texture": "#1"},
				"up": {"uv": [2, 7, 3, 8], "texture": "#1"},
				"down": {"uv": [2, 7, 3, 8], "texture": "#1"}
			}
		},
		{
			"from": [3.4, 3, 6],
			"to": [6, 4, 7],
			"rotation": {"angle": 0, "axis": "y", "origin": [-2, -4, -1]},
			"faces": {
				"north": {"uv": [2, 7, 3, 8], "texture": "#1"},
				"east": {"uv": [2, 7, 3, 8], "texture": "#1"},
				"south": {"uv": [2, 7, 3, 8], "texture": "#1"},
				"west": {"uv": [2, 7, 3, 8], "texture": "#1"},
				"up": {"uv": [2, 7, 3, 8], "texture": "#1"},
				"down": {"uv": [2, 7, 3, 8], "texture": "#1"}
			}
		},
		{
			"from": [9, 7, 9],
			"to": [10, 9.6, 10],
			"rotation": {"angle": 0, "axis": "y", "origin": [17, 15, 17]},
			"faces": {
				"north": {"uv": [2, 7, 3, 8], "texture": "#1"},
				"east": {"uv": [2, 7, 3, 8], "texture": "#1"},
				"south": {"uv": [2, 7, 3, 8], "texture": "#1"},
				"west": {"uv": [2, 7, 3, 8], "texture": "#1"},
				"up": {"uv": [2, 7, 3, 8], "texture": "#1"},
				"down": {"uv": [2, 7, 3, 8], "texture": "#1"}
			}
		},
		{
			"from": [9, 0.4, 9],
			"to": [10, 3, 10],
			"rotation": {"angle": 0, "axis": "y", "origin": [17, -5, 17]},
			"faces": {
				"north": {"uv": [2, 7, 3, 8], "texture": "#1"},
				"east": {"uv": [2, 7, 3, 8], "texture": "#1"},
				"south": {"uv": [2, 7, 3, 8], "texture": "#1"},
				"west": {"uv": [2, 7, 3, 8], "texture": "#1"},
				"up": {"uv": [2, 7, 3, 8], "texture": "#1"},
				"down": {"uv": [2, 7, 3, 8], "texture": "#1"}
			}
		},
		{
			"from": [6, 0.4, 9],
			"to": [7, 3, 10],
			"rotation": {"angle": 0, "axis": "y", "origin": [-1, -5, 17]},
			"faces": {
				"north": {"uv": [2, 7, 3, 8], "texture": "#1"},
				"east": {"uv": [2, 7, 3, 8], "texture": "#1"},
				"south": {"uv": [2, 7, 3, 8], "texture": "#1"},
				"west": {"uv": [2, 7, 3, 8], "texture": "#1"},
				"up": {"uv": [2, 7, 3, 8], "texture": "#1"},
				"down": {"uv": [2, 7, 3, 8], "texture": "#1"}
			}
		},
		{
			"from": [6, 7, 9],
			"to": [7, 9.6, 10],
			"rotation": {"angle": 0, "axis": "y", "origin": [-1, 15, 17]},
			"faces": {
				"north": {"uv": [2, 7, 3, 8], "texture": "#1"},
				"east": {"uv": [2, 7, 3, 8], "texture": "#1"},
				"south": {"uv": [2, 7, 3, 8], "texture": "#1"},
				"west": {"uv": [2, 7, 3, 8], "texture": "#1"},
				"up": {"uv": [2, 7, 3, 8], "texture": "#1"},
				"down": {"uv": [2, 7, 3, 8], "texture": "#1"}
			}
		},
		{
			"from": [6, 7, 6],
			"to": [7, 9.6, 7],
			"rotation": {"angle": 0, "axis": "y", "origin": [-1, 15, -1]},
			"faces": {
				"north": {"uv": [2, 7, 3, 8], "texture": "#1"},
				"east": {"uv": [2, 7, 3, 8], "texture": "#1"},
				"south": {"uv": [2, 7, 3, 8], "texture": "#1"},
				"west": {"uv": [2, 7, 3, 8], "texture": "#1"},
				"up": {"uv": [2, 7, 3, 8], "texture": "#1"},
				"down": {"uv": [2, 7, 3, 8], "texture": "#1"}
			}
		},
		{
			"from": [9, 7, 6],
			"to": [10, 9.6, 7],
			"rotation": {"angle": 0, "axis": "y", "origin": [17, 15, -1]},
			"faces": {
				"north": {"uv": [2, 7, 3, 8], "texture": "#1"},
				"east": {"uv": [2, 7, 3, 8], "texture": "#1"},
				"south": {"uv": [2, 7, 3, 8], "texture": "#1"},
				"west": {"uv": [2, 7, 3, 8], "texture": "#1"},
				"up": {"uv": [2, 7, 3, 8], "texture": "#1"},
				"down": {"uv": [2, 7, 3, 8], "texture": "#1"}
			}
		},
		{
			"from": [9, 0.4, 6],
			"to": [10, 3, 7],
			"rotation": {"angle": 0, "axis": "y", "origin": [17, -5, -1]},
			"faces": {
				"north": {"uv": [2, 7, 3, 8], "texture": "#1"},
				"east": {"uv": [2, 7, 3, 8], "texture": "#1"},
				"south": {"uv": [2, 7, 3, 8], "texture": "#1"},
				"west": {"uv": [2, 7, 3, 8], "texture": "#1"},
				"up": {"uv": [2, 7, 3, 8], "texture": "#1"},
				"down": {"uv": [2, 7, 3, 8], "texture": "#1"}
			}
		},
		{
			"from": [6, 0.4, 6],
			"to": [7, 3, 7],
			"rotation": {"angle": 0, "axis": "y", "origin": [-1, -5, -1]},
			"faces": {
				"north": {"uv": [2, 7, 3, 8], "texture": "#1"},
				"east": {"uv": [2, 7, 3, 8], "texture": "#1"},
				"south": {"uv": [2, 7, 3, 8], "texture": "#1"},
				"west": {"uv": [2, 7, 3, 8], "texture": "#1"},
				"up": {"uv": [2, 7, 3, 8], "texture": "#1"},
				"down": {"uv": [2, 7, 3, 8], "texture": "#1"}
			}
		},
		{
			"from": [10, 7, 9],
			"to": [11, 9.1, 10],
			"rotation": {"angle": 0, "axis": "y", "origin": [18, 15, 17]},
			"faces": {
				"north": {"uv": [2, 7, 3, 8], "texture": "#1"},
				"east": {"uv": [2, 7, 3, 8], "texture": "#1"},
				"south": {"uv": [2, 7, 3, 8], "texture": "#1"},
				"west": {"uv": [2, 7, 3, 8], "texture": "#1"},
				"up": {"uv": [2, 7, 3, 8], "texture": "#1"},
				"down": {"uv": [2, 7, 3, 8], "texture": "#1"}
			}
		},
		{
			"from": [10, 0.9, 9],
			"to": [11, 3, 10],
			"rotation": {"angle": 0, "axis": "y", "origin": [18, -5, 17]},
			"faces": {
				"north": {"uv": [2, 7, 3, 8], "texture": "#1"},
				"east": {"uv": [2, 7, 3, 8], "texture": "#1"},
				"south": {"uv": [2, 7, 3, 8], "texture": "#1"},
				"west": {"uv": [2, 7, 3, 8], "texture": "#1"},
				"up": {"uv": [2, 7, 3, 8], "texture": "#1"},
				"down": {"uv": [2, 7, 3, 8], "texture": "#1"}
			}
		},
		{
			"from": [5, 0.9, 9],
			"to": [6, 3, 10],
			"rotation": {"angle": 0, "axis": "y", "origin": [-2, -5, 17]},
			"faces": {
				"north": {"uv": [2, 7, 3, 8], "texture": "#1"},
				"east": {"uv": [2, 7, 3, 8], "texture": "#1"},
				"south": {"uv": [2, 7, 3, 8], "texture": "#1"},
				"west": {"uv": [2, 7, 3, 8], "texture": "#1"},
				"up": {"uv": [2, 7, 3, 8], "texture": "#1"},
				"down": {"uv": [2, 7, 3, 8], "texture": "#1"}
			}
		},
		{
			"from": [5, 7, 9],
			"to": [6, 9.1, 10],
			"rotation": {"angle": 0, "axis": "y", "origin": [-2, 15, 17]},
			"faces": {
				"north": {"uv": [2, 7, 3, 8], "texture": "#1"},
				"east": {"uv": [2, 7, 3, 8], "texture": "#1"},
				"south": {"uv": [2, 7, 3, 8], "texture": "#1"},
				"west": {"uv": [2, 7, 3, 8], "texture": "#1"},
				"up": {"uv": [2, 7, 3, 8], "texture": "#1"},
				"down": {"uv": [2, 7, 3, 8], "texture": "#1"}
			}
		},
		{
			"from": [5, 7, 6],
			"to": [6, 9.1, 7],
			"rotation": {"angle": 0, "axis": "y", "origin": [-2, 15, -1]},
			"faces": {
				"north": {"uv": [2, 7, 3, 8], "texture": "#1"},
				"east": {"uv": [2, 7, 3, 8], "texture": "#1"},
				"south": {"uv": [2, 7, 3, 8], "texture": "#1"},
				"west": {"uv": [2, 7, 3, 8], "texture": "#1"},
				"up": {"uv": [2, 7, 3, 8], "texture": "#1"},
				"down": {"uv": [2, 7, 3, 8], "texture": "#1"}
			}
		},
		{
			"from": [10, 7, 6],
			"to": [11, 9.1, 7],
			"rotation": {"angle": 0, "axis": "y", "origin": [18, 15, -1]},
			"faces": {
				"north": {"uv": [2, 7, 3, 8], "texture": "#1"},
				"east": {"uv": [2, 7, 3, 8], "texture": "#1"},
				"south": {"uv": [2, 7, 3, 8], "texture": "#1"},
				"west": {"uv": [2, 7, 3, 8], "texture": "#1"},
				"up": {"uv": [2, 7, 3, 8], "texture": "#1"},
				"down": {"uv": [2, 7, 3, 8], "texture": "#1"}
			}
		},
		{
			"from": [10, 0.9, 6],
			"to": [11, 3, 7],
			"rotation": {"angle": 0, "axis": "y", "origin": [18, -5, -1]},
			"faces": {
				"north": {"uv": [2, 7, 3, 8], "texture": "#1"},
				"east": {"uv": [2, 7, 3, 8], "texture": "#1"},
				"south": {"uv": [2, 7, 3, 8], "texture": "#1"},
				"west": {"uv": [2, 7, 3, 8], "texture": "#1"},
				"up": {"uv": [2, 7, 3, 8], "texture": "#1"},
				"down": {"uv": [2, 7, 3, 8], "texture": "#1"}
			}
		},
		{
			"from": [5, 0.9, 6],
			"to": [6, 3, 7],
			"rotation": {"angle": 0, "axis": "y", "origin": [-2, -5, -1]},
			"faces": {
				"north": {"uv": [2, 7, 3, 8], "texture": "#1"},
				"east": {"uv": [2, 7, 3, 8], "texture": "#1"},
				"south": {"uv": [2, 7, 3, 8], "texture": "#1"},
				"west": {"uv": [2, 7, 3, 8], "texture": "#1"},
				"up": {"uv": [2, 7, 3, 8], "texture": "#1"},
				"down": {"uv": [2, 7, 3, 8], "texture": "#1"}
			}
		},
		{
			"from": [10, 6, 10],
			"to": [11, 8.1, 11],
			"rotation": {"angle": 0, "axis": "y", "origin": [18, 14, 18]},
			"faces": {
				"north": {"uv": [2, 7, 3, 8], "texture": "#1"},
				"east": {"uv": [2, 7, 3, 8], "texture": "#1"},
				"south": {"uv": [2, 7, 3, 8], "texture": "#1"},
				"west": {"uv": [2, 7, 3, 8], "texture": "#1"},
				"up": {"uv": [2, 7, 3, 8], "texture": "#1"},
				"down": {"uv": [2, 7, 3, 8], "texture": "#1"}
			}
		},
		{
			"from": [10, 1.9, 10],
			"to": [11, 4, 11],
			"rotation": {"angle": 0, "axis": "y", "origin": [18, -4, 18]},
			"faces": {
				"north": {"uv": [2, 7, 3, 8], "texture": "#1"},
				"east": {"uv": [2, 7, 3, 8], "texture": "#1"},
				"south": {"uv": [2, 7, 3, 8], "texture": "#1"},
				"west": {"uv": [2, 7, 3, 8], "texture": "#1"},
				"up": {"uv": [2, 7, 3, 8], "texture": "#1"},
				"down": {"uv": [2, 7, 3, 8], "texture": "#1"}
			}
		},
		{
			"from": [5, 1.9, 10],
			"to": [6, 4, 11],
			"rotation": {"angle": 0, "axis": "y", "origin": [-2, -4, 18]},
			"faces": {
				"north": {"uv": [2, 7, 3, 8], "texture": "#1"},
				"east": {"uv": [2, 7, 3, 8], "texture": "#1"},
				"south": {"uv": [2, 7, 3, 8], "texture": "#1"},
				"west": {"uv": [2, 7, 3, 8], "texture": "#1"},
				"up": {"uv": [2, 7, 3, 8], "texture": "#1"},
				"down": {"uv": [2, 7, 3, 8], "texture": "#1"}
			}
		},
		{
			"from": [5, 6, 10],
			"to": [6, 8.1, 11],
			"rotation": {"angle": 0, "axis": "y", "origin": [-2, 14, 18]},
			"faces": {
				"north": {"uv": [2, 7, 3, 8], "texture": "#1"},
				"east": {"uv": [2, 7, 3, 8], "texture": "#1"},
				"south": {"uv": [2, 7, 3, 8], "texture": "#1"},
				"west": {"uv": [2, 7, 3, 8], "texture": "#1"},
				"up": {"uv": [2, 7, 3, 8], "texture": "#1"},
				"down": {"uv": [2, 7, 3, 8], "texture": "#1"}
			}
		},
		{
			"from": [5, 6, 5],
			"to": [6, 8.1, 6],
			"rotation": {"angle": 0, "axis": "y", "origin": [-2, 14, -2]},
			"faces": {
				"north": {"uv": [2, 7, 3, 8], "texture": "#1"},
				"east": {"uv": [2, 7, 3, 8], "texture": "#1"},
				"south": {"uv": [2, 7, 3, 8], "texture": "#1"},
				"west": {"uv": [2, 7, 3, 8], "texture": "#1"},
				"up": {"uv": [2, 7, 3, 8], "texture": "#1"},
				"down": {"uv": [2, 7, 3, 8], "texture": "#1"}
			}
		},
		{
			"from": [10, 6, 5],
			"to": [11, 8.1, 6],
			"rotation": {"angle": 0, "axis": "y", "origin": [18, 14, -2]},
			"faces": {
				"north": {"uv": [2, 7, 3, 8], "texture": "#1"},
				"east": {"uv": [2, 7, 3, 8], "texture": "#1"},
				"south": {"uv": [2, 7, 3, 8], "texture": "#1"},
				"west": {"uv": [2, 7, 3, 8], "texture": "#1"},
				"up": {"uv": [2, 7, 3, 8], "texture": "#1"},
				"down": {"uv": [2, 7, 3, 8], "texture": "#1"}
			}
		},
		{
			"from": [10, 1.9, 5],
			"to": [11, 4, 6],
			"rotation": {"angle": 0, "axis": "y", "origin": [18, -4, -2]},
			"faces": {
				"north": {"uv": [2, 7, 3, 8], "texture": "#1"},
				"east": {"uv": [2, 7, 3, 8], "texture": "#1"},
				"south": {"uv": [2, 7, 3, 8], "texture": "#1"},
				"west": {"uv": [2, 7, 3, 8], "texture": "#1"},
				"up": {"uv": [2, 7, 3, 8], "texture": "#1"},
				"down": {"uv": [2, 7, 3, 8], "texture": "#1"}
			}
		},
		{
			"from": [5, 1.9, 5],
			"to": [6, 4, 6],
			"rotation": {"angle": 0, "axis": "y", "origin": [-2, -4, -2]},
			"faces": {
				"north": {"uv": [2, 7, 3, 8], "texture": "#1"},
				"east": {"uv": [2, 7, 3, 8], "texture": "#1"},
				"south": {"uv": [2, 7, 3, 8], "texture": "#1"},
				"west": {"uv": [2, 7, 3, 8], "texture": "#1"},
				"up": {"uv": [2, 7, 3, 8], "texture": "#1"},
				"down": {"uv": [2, 7, 3, 8], "texture": "#1"}
			}
		},
		{
			"from": [9, 7, 10],
			"to": [10, 9.1, 11],
			"rotation": {"angle": 0, "axis": "y", "origin": [17, 15, 18]},
			"faces": {
				"north": {"uv": [2, 7, 3, 8], "texture": "#1"},
				"east": {"uv": [2, 7, 3, 8], "texture": "#1"},
				"south": {"uv": [2, 7, 3, 8], "texture": "#1"},
				"west": {"uv": [2, 7, 3, 8], "texture": "#1"},
				"up": {"uv": [2, 7, 3, 8], "texture": "#1"},
				"down": {"uv": [2, 7, 3, 8], "texture": "#1"}
			}
		},
		{
			"from": [9, 0.9, 10],
			"to": [10, 3, 11],
			"rotation": {"angle": 0, "axis": "y", "origin": [17, -5, 18]},
			"faces": {
				"north": {"uv": [2, 7, 3, 8], "texture": "#1"},
				"east": {"uv": [2, 7, 3, 8], "texture": "#1"},
				"south": {"uv": [2, 7, 3, 8], "texture": "#1"},
				"west": {"uv": [2, 7, 3, 8], "texture": "#1"},
				"up": {"uv": [2, 7, 3, 8], "texture": "#1"},
				"down": {"uv": [2, 7, 3, 8], "texture": "#1"}
			}
		},
		{
			"from": [6, 0.9, 10],
			"to": [7, 3, 11],
			"rotation": {"angle": 0, "axis": "y", "origin": [-1, -5, 18]},
			"faces": {
				"north": {"uv": [2, 7, 3, 8], "texture": "#1"},
				"east": {"uv": [2, 7, 3, 8], "texture": "#1"},
				"south": {"uv": [2, 7, 3, 8], "texture": "#1"},
				"west": {"uv": [2, 7, 3, 8], "texture": "#1"},
				"up": {"uv": [2, 7, 3, 8], "texture": "#1"},
				"down": {"uv": [2, 7, 3, 8], "texture": "#1"}
			}
		},
		{
			"from": [6, 7, 10],
			"to": [7, 9.1, 11],
			"rotation": {"angle": 0, "axis": "y", "origin": [-1, 15, 18]},
			"faces": {
				"north": {"uv": [2, 7, 3, 8], "texture": "#1"},
				"east": {"uv": [2, 7, 3, 8], "texture": "#1"},
				"south": {"uv": [2, 7, 3, 8], "texture": "#1"},
				"west": {"uv": [2, 7, 3, 8], "texture": "#1"},
				"up": {"uv": [2, 7, 3, 8], "texture": "#1"},
				"down": {"uv": [2, 7, 3, 8], "texture": "#1"}
			}
		},
		{
			"from": [6, 7, 5],
			"to": [7, 9.1, 6],
			"rotation": {"angle": 0, "axis": "y", "origin": [-1, 15, -2]},
			"faces": {
				"north": {"uv": [2, 7, 3, 8], "texture": "#1"},
				"east": {"uv": [2, 7, 3, 8], "texture": "#1"},
				"south": {"uv": [2, 7, 3, 8], "texture": "#1"},
				"west": {"uv": [2, 7, 3, 8], "texture": "#1"},
				"up": {"uv": [2, 7, 3, 8], "texture": "#1"},
				"down": {"uv": [2, 7, 3, 8], "texture": "#1"}
			}
		},
		{
			"from": [9, 7, 5],
			"to": [10, 9.1, 6],
			"rotation": {"angle": 0, "axis": "y", "origin": [17, 15, -2]},
			"faces": {
				"north": {"uv": [2, 7, 3, 8], "texture": "#1"},
				"east": {"uv": [2, 7, 3, 8], "texture": "#1"},
				"south": {"uv": [2, 7, 3, 8], "texture": "#1"},
				"west": {"uv": [2, 7, 3, 8], "texture": "#1"},
				"up": {"uv": [2, 7, 3, 8], "texture": "#1"},
				"down": {"uv": [2, 7, 3, 8], "texture": "#1"}
			}
		},
		{
			"from": [9, 0.9, 5],
			"to": [10, 3, 6],
			"rotation": {"angle": 0, "axis": "y", "origin": [17, -5, -2]},
			"faces": {
				"north": {"uv": [2, 7, 3, 8], "texture": "#1"},
				"east": {"uv": [2, 7, 3, 8], "texture": "#1"},
				"south": {"uv": [2, 7, 3, 8], "texture": "#1"},
				"west": {"uv": [2, 7, 3, 8], "texture": "#1"},
				"up": {"uv": [2, 7, 3, 8], "texture": "#1"},
				"down": {"uv": [2, 7, 3, 8], "texture": "#1"}
			}
		},
		{
			"from": [6, 0.9, 5],
			"to": [7, 3, 6],
			"rotation": {"angle": 0, "axis": "y", "origin": [-1, -5, -2]},
			"faces": {
				"north": {"uv": [2, 7, 3, 8], "texture": "#1"},
				"east": {"uv": [2, 7, 3, 8], "texture": "#1"},
				"south": {"uv": [2, 7, 3, 8], "texture": "#1"},
				"west": {"uv": [2, 7, 3, 8], "texture": "#1"},
				"up": {"uv": [2, 7, 3, 8], "texture": "#1"},
				"down": {"uv": [2, 7, 3, 8], "texture": "#1"}
			}
		},
		{
			"from": [9, 7, 11],
			"to": [10, 8.1, 12],
			"rotation": {"angle": 0, "axis": "y", "origin": [17, 15, 19]},
			"faces": {
				"north": {"uv": [2, 7, 3, 8], "texture": "#1"},
				"east": {"uv": [2, 7, 3, 8], "texture": "#1"},
				"south": {"uv": [2, 7, 3, 8], "texture": "#1"},
				"west": {"uv": [2, 7, 3, 8], "texture": "#1"},
				"up": {"uv": [2, 7, 3, 8], "texture": "#1"},
				"down": {"uv": [2, 7, 3, 8], "texture": "#1"}
			}
		},
		{
			"from": [9, 1.9, 11],
			"to": [10, 3, 12],
			"rotation": {"angle": 0, "axis": "y", "origin": [17, -5, 19]},
			"faces": {
				"north": {"uv": [2, 7, 3, 8], "texture": "#1"},
				"east": {"uv": [2, 7, 3, 8], "texture": "#1"},
				"south": {"uv": [2, 7, 3, 8], "texture": "#1"},
				"west": {"uv": [2, 7, 3, 8], "texture": "#1"},
				"up": {"uv": [2, 7, 3, 8], "texture": "#1"},
				"down": {"uv": [2, 7, 3, 8], "texture": "#1"}
			}
		},
		{
			"from": [6, 1.9, 11],
			"to": [7, 3, 12],
			"rotation": {"angle": 0, "axis": "y", "origin": [-1, -5, 19]},
			"faces": {
				"north": {"uv": [2, 7, 3, 8], "texture": "#1"},
				"east": {"uv": [2, 7, 3, 8], "texture": "#1"},
				"south": {"uv": [2, 7, 3, 8], "texture": "#1"},
				"west": {"uv": [2, 7, 3, 8], "texture": "#1"},
				"up": {"uv": [2, 7, 3, 8], "texture": "#1"},
				"down": {"uv": [2, 7, 3, 8], "texture": "#1"}
			}
		},
		{
			"from": [6, 7, 11],
			"to": [7, 8.1, 12],
			"rotation": {"angle": 0, "axis": "y", "origin": [-1, 15, 19]},
			"faces": {
				"north": {"uv": [2, 7, 3, 8], "texture": "#1"},
				"east": {"uv": [2, 7, 3, 8], "texture": "#1"},
				"south": {"uv": [2, 7, 3, 8], "texture": "#1"},
				"west": {"uv": [2, 7, 3, 8], "texture": "#1"},
				"up": {"uv": [2, 7, 3, 8], "texture": "#1"},
				"down": {"uv": [2, 7, 3, 8], "texture": "#1"}
			}
		},
		{
			"from": [6, 7, 4],
			"to": [7, 8.1, 5],
			"rotation": {"angle": 0, "axis": "y", "origin": [-1, 15, -3]},
			"faces": {
				"north": {"uv": [2, 7, 3, 8], "texture": "#1"},
				"east": {"uv": [2, 7, 3, 8], "texture": "#1"},
				"south": {"uv": [2, 7, 3, 8], "texture": "#1"},
				"west": {"uv": [2, 7, 3, 8], "texture": "#1"},
				"up": {"uv": [2, 7, 3, 8], "texture": "#1"},
				"down": {"uv": [2, 7, 3, 8], "texture": "#1"}
			}
		},
		{
			"from": [9, 7, 4],
			"to": [10, 8.1, 5],
			"rotation": {"angle": 0, "axis": "y", "origin": [17, 15, -3]},
			"faces": {
				"north": {"uv": [2, 7, 3, 8], "texture": "#1"},
				"east": {"uv": [2, 7, 3, 8], "texture": "#1"},
				"south": {"uv": [2, 7, 3, 8], "texture": "#1"},
				"west": {"uv": [2, 7, 3, 8], "texture": "#1"},
				"up": {"uv": [2, 7, 3, 8], "texture": "#1"},
				"down": {"uv": [2, 7, 3, 8], "texture": "#1"}
			}
		},
		{
			"from": [9, 1.9, 4],
			"to": [10, 3, 5],
			"rotation": {"angle": 0, "axis": "y", "origin": [17, -5, -3]},
			"faces": {
				"north": {"uv": [2, 7, 3, 8], "texture": "#1"},
				"east": {"uv": [2, 7, 3, 8], "texture": "#1"},
				"south": {"uv": [2, 7, 3, 8], "texture": "#1"},
				"west": {"uv": [2, 7, 3, 8], "texture": "#1"},
				"up": {"uv": [2, 7, 3, 8], "texture": "#1"},
				"down": {"uv": [2, 7, 3, 8], "texture": "#1"}
			}
		},
		{
			"from": [6, 1.9, 4],
			"to": [7, 3, 5],
			"rotation": {"angle": 0, "axis": "y", "origin": [-1, -5, -3]},
			"faces": {
				"north": {"uv": [2, 7, 3, 8], "texture": "#1"},
				"east": {"uv": [2, 7, 3, 8], "texture": "#1"},
				"south": {"uv": [2, 7, 3, 8], "texture": "#1"},
				"west": {"uv": [2, 7, 3, 8], "texture": "#1"},
				"up": {"uv": [2, 7, 3, 8], "texture": "#1"},
				"down": {"uv": [2, 7, 3, 8], "texture": "#1"}
			}
		},
		{
			"from": [11, 7, 9],
			"to": [12, 8.1, 10],
			"rotation": {"angle": 0, "axis": "y", "origin": [19, 14, 17]},
			"faces": {
				"north": {"uv": [2, 7, 3, 8], "texture": "#1"},
				"east": {"uv": [2, 7, 3, 8], "texture": "#1"},
				"south": {"uv": [2, 7, 3, 8], "texture": "#1"},
				"west": {"uv": [2, 7, 3, 8], "texture": "#1"},
				"up": {"uv": [2, 7, 3, 8], "texture": "#1"},
				"down": {"uv": [2, 7, 3, 8], "texture": "#1"}
			}
		},
		{
			"from": [11, 1.9, 9],
			"to": [12, 3, 10],
			"rotation": {"angle": 0, "axis": "y", "origin": [19, -4, 17]},
			"faces": {
				"north": {"uv": [2, 7, 3, 8], "texture": "#1"},
				"east": {"uv": [2, 7, 3, 8], "texture": "#1"},
				"south": {"uv": [2, 7, 3, 8], "texture": "#1"},
				"west": {"uv": [2, 7, 3, 8], "texture": "#1"},
				"up": {"uv": [2, 7, 3, 8], "texture": "#1"},
				"down": {"uv": [2, 7, 3, 8], "texture": "#1"}
			}
		},
		{
			"from": [4, 1.9, 9],
			"to": [5, 3, 10],
			"rotation": {"angle": 0, "axis": "y", "origin": [-3, -4, 17]},
			"faces": {
				"north": {"uv": [2, 7, 3, 8], "texture": "#1"},
				"east": {"uv": [2, 7, 3, 8], "texture": "#1"},
				"south": {"uv": [2, 7, 3, 8], "texture": "#1"},
				"west": {"uv": [2, 7, 3, 8], "texture": "#1"},
				"up": {"uv": [2, 7, 3, 8], "texture": "#1"},
				"down": {"uv": [2, 7, 3, 8], "texture": "#1"}
			}
		},
		{
			"from": [4, 7, 9],
			"to": [5, 8.1, 10],
			"rotation": {"angle": 0, "axis": "y", "origin": [-3, 14, 17]},
			"faces": {
				"north": {"uv": [2, 7, 3, 8], "texture": "#1"},
				"east": {"uv": [2, 7, 3, 8], "texture": "#1"},
				"south": {"uv": [2, 7, 3, 8], "texture": "#1"},
				"west": {"uv": [2, 7, 3, 8], "texture": "#1"},
				"up": {"uv": [2, 7, 3, 8], "texture": "#1"},
				"down": {"uv": [2, 7, 3, 8], "texture": "#1"}
			}
		},
		{
			"from": [4, 7, 6],
			"to": [5, 8.1, 7],
			"rotation": {"angle": 0, "axis": "y", "origin": [-3, 14, -1]},
			"faces": {
				"north": {"uv": [2, 7, 3, 8], "texture": "#1"},
				"east": {"uv": [2, 7, 3, 8], "texture": "#1"},
				"south": {"uv": [2, 7, 3, 8], "texture": "#1"},
				"west": {"uv": [2, 7, 3, 8], "texture": "#1"},
				"up": {"uv": [2, 7, 3, 8], "texture": "#1"},
				"down": {"uv": [2, 7, 3, 8], "texture": "#1"}
			}
		},
		{
			"from": [11, 7, 6],
			"to": [12, 8.1, 7],
			"rotation": {"angle": 0, "axis": "y", "origin": [19, 14, -1]},
			"faces": {
				"north": {"uv": [2, 7, 3, 8], "texture": "#1"},
				"east": {"uv": [2, 7, 3, 8], "texture": "#1"},
				"south": {"uv": [2, 7, 3, 8], "texture": "#1"},
				"west": {"uv": [2, 7, 3, 8], "texture": "#1"},
				"up": {"uv": [2, 7, 3, 8], "texture": "#1"},
				"down": {"uv": [2, 7, 3, 8], "texture": "#1"}
			}
		},
		{
			"from": [11, 1.9, 6],
			"to": [12, 3, 7],
			"rotation": {"angle": 0, "axis": "y", "origin": [19, -4, -1]},
			"faces": {
				"north": {"uv": [2, 7, 3, 8], "texture": "#1"},
				"east": {"uv": [2, 7, 3, 8], "texture": "#1"},
				"south": {"uv": [2, 7, 3, 8], "texture": "#1"},
				"west": {"uv": [2, 7, 3, 8], "texture": "#1"},
				"up": {"uv": [2, 7, 3, 8], "texture": "#1"},
				"down": {"uv": [2, 7, 3, 8], "texture": "#1"}
			}
		},
		{
			"from": [4, 1.9, 6],
			"to": [5, 3, 7],
			"rotation": {"angle": 0, "axis": "y", "origin": [-3, -4, -1]},
			"faces": {
				"north": {"uv": [2, 7, 3, 8], "texture": "#1"},
				"east": {"uv": [2, 7, 3, 8], "texture": "#1"},
				"south": {"uv": [2, 7, 3, 8], "texture": "#1"},
				"west": {"uv": [2, 7, 3, 8], "texture": "#1"},
				"up": {"uv": [2, 7, 3, 8], "texture": "#1"},
				"down": {"uv": [2, 7, 3, 8], "texture": "#1"}
			}
		},
		{
			"from": [11, 6, 10],
			"to": [12, 7.1, 11],
			"rotation": {"angle": 0, "axis": "y", "origin": [19, 13, 18]},
			"faces": {
				"north": {"uv": [2, 7, 3, 8], "texture": "#1"},
				"east": {"uv": [2, 7, 3, 8], "texture": "#1"},
				"south": {"uv": [2, 7, 3, 8], "texture": "#1"},
				"west": {"uv": [2, 7, 3, 8], "texture": "#1"},
				"up": {"uv": [2, 7, 3, 8], "texture": "#1"},
				"down": {"uv": [2, 7, 3, 8], "texture": "#1"}
			}
		},
		{
			"from": [11, 2.9, 10],
			"to": [12, 4, 11],
			"rotation": {"angle": 0, "axis": "y", "origin": [19, -3, 18]},
			"faces": {
				"north": {"uv": [2, 7, 3, 8], "texture": "#1"},
				"east": {"uv": [2, 7, 3, 8], "texture": "#1"},
				"south": {"uv": [2, 7, 3, 8], "texture": "#1"},
				"west": {"uv": [2, 7, 3, 8], "texture": "#1"},
				"up": {"uv": [2, 7, 3, 8], "texture": "#1"},
				"down": {"uv": [2, 7, 3, 8], "texture": "#1"}
			}
		},
		{
			"from": [4, 2.9, 10],
			"to": [5, 4, 11],
			"rotation": {"angle": 0, "axis": "y", "origin": [-3, -3, 18]},
			"faces": {
				"north": {"uv": [2, 7, 3, 8], "texture": "#1"},
				"east": {"uv": [2, 7, 3, 8], "texture": "#1"},
				"south": {"uv": [2, 7, 3, 8], "texture": "#1"},
				"west": {"uv": [2, 7, 3, 8], "texture": "#1"},
				"up": {"uv": [2, 7, 3, 8], "texture": "#1"},
				"down": {"uv": [2, 7, 3, 8], "texture": "#1"}
			}
		},
		{
			"from": [4, 6, 10],
			"to": [5, 7.1, 11],
			"rotation": {"angle": 0, "axis": "y", "origin": [-3, 13, 18]},
			"faces": {
				"north": {"uv": [2, 7, 3, 8], "texture": "#1"},
				"east": {"uv": [2, 7, 3, 8], "texture": "#1"},
				"south": {"uv": [2, 7, 3, 8], "texture": "#1"},
				"west": {"uv": [2, 7, 3, 8], "texture": "#1"},
				"up": {"uv": [2, 7, 3, 8], "texture": "#1"},
				"down": {"uv": [2, 7, 3, 8], "texture": "#1"}
			}
		},
		{
			"from": [4, 6, 5],
			"to": [5, 7.1, 6],
			"rotation": {"angle": 0, "axis": "y", "origin": [-3, 13, -2]},
			"faces": {
				"north": {"uv": [2, 7, 3, 8], "texture": "#1"},
				"east": {"uv": [2, 7, 3, 8], "texture": "#1"},
				"south": {"uv": [2, 7, 3, 8], "texture": "#1"},
				"west": {"uv": [2, 7, 3, 8], "texture": "#1"},
				"up": {"uv": [2, 7, 3, 8], "texture": "#1"},
				"down": {"uv": [2, 7, 3, 8], "texture": "#1"}
			}
		},
		{
			"from": [11, 6, 5],
			"to": [12, 7.1, 6],
			"rotation": {"angle": 0, "axis": "y", "origin": [19, 13, -2]},
			"faces": {
				"north": {"uv": [2, 7, 3, 8], "texture": "#1"},
				"east": {"uv": [2, 7, 3, 8], "texture": "#1"},
				"south": {"uv": [2, 7, 3, 8], "texture": "#1"},
				"west": {"uv": [2, 7, 3, 8], "texture": "#1"},
				"up": {"uv": [2, 7, 3, 8], "texture": "#1"},
				"down": {"uv": [2, 7, 3, 8], "texture": "#1"}
			}
		},
		{
			"from": [11, 2.9, 5],
			"to": [12, 4, 6],
			"rotation": {"angle": 0, "axis": "y", "origin": [19, -3, -2]},
			"faces": {
				"north": {"uv": [2, 7, 3, 8], "texture": "#1"},
				"east": {"uv": [2, 7, 3, 8], "texture": "#1"},
				"south": {"uv": [2, 7, 3, 8], "texture": "#1"},
				"west": {"uv": [2, 7, 3, 8], "texture": "#1"},
				"up": {"uv": [2, 7, 3, 8], "texture": "#1"},
				"down": {"uv": [2, 7, 3, 8], "texture": "#1"}
			}
		},
		{
			"from": [4, 2.9, 5],
			"to": [5, 4, 6],
			"rotation": {"angle": 0, "axis": "y", "origin": [-3, -3, -2]},
			"faces": {
				"north": {"uv": [2, 7, 3, 8], "texture": "#1"},
				"east": {"uv": [2, 7, 3, 8], "texture": "#1"},
				"south": {"uv": [2, 7, 3, 8], "texture": "#1"},
				"west": {"uv": [2, 7, 3, 8], "texture": "#1"},
				"up": {"uv": [2, 7, 3, 8], "texture": "#1"},
				"down": {"uv": [2, 7, 3, 8], "texture": "#1"}
			}
		},
		{
			"from": [10, 6, 11],
			"to": [11, 7.1, 12],
			"rotation": {"angle": 0, "axis": "y", "origin": [18, 13, 19]},
			"faces": {
				"north": {"uv": [2, 7, 3, 8], "texture": "#1"},
				"east": {"uv": [2, 7, 3, 8], "texture": "#1"},
				"south": {"uv": [2, 7, 3, 8], "texture": "#1"},
				"west": {"uv": [2, 7, 3, 8], "texture": "#1"},
				"up": {"uv": [2, 7, 3, 8], "texture": "#1"},
				"down": {"uv": [2, 7, 3, 8], "texture": "#1"}
			}
		},
		{
			"from": [10, 2.9, 11],
			"to": [11, 4, 12],
			"rotation": {"angle": 0, "axis": "y", "origin": [18, -3, 19]},
			"faces": {
				"north": {"uv": [2, 7, 3, 8], "texture": "#1"},
				"east": {"uv": [2, 7, 3, 8], "texture": "#1"},
				"south": {"uv": [2, 7, 3, 8], "texture": "#1"},
				"west": {"uv": [2, 7, 3, 8], "texture": "#1"},
				"up": {"uv": [2, 7, 3, 8], "texture": "#1"},
				"down": {"uv": [2, 7, 3, 8], "texture": "#1"}
			}
		},
		{
			"from": [5, 2.9, 11],
			"to": [6, 4, 12],
			"rotation": {"angle": 0, "axis": "y", "origin": [-2, -3, 19]},
			"faces": {
				"north": {"uv": [2, 7, 3, 8], "texture": "#1"},
				"east": {"uv": [2, 7, 3, 8], "texture": "#1"},
				"south": {"uv": [2, 7, 3, 8], "texture": "#1"},
				"west": {"uv": [2, 7, 3, 8], "texture": "#1"},
				"up": {"uv": [2, 7, 3, 8], "texture": "#1"},
				"down": {"uv": [2, 7, 3, 8], "texture": "#1"}
			}
		},
		{
			"from": [5, 6, 11],
			"to": [6, 7.1, 12],
			"rotation": {"angle": 0, "axis": "y", "origin": [-2, 13, 19]},
			"faces": {
				"north": {"uv": [2, 7, 3, 8], "texture": "#1"},
				"east": {"uv": [2, 7, 3, 8], "texture": "#1"},
				"south": {"uv": [2, 7, 3, 8], "texture": "#1"},
				"west": {"uv": [2, 7, 3, 8], "texture": "#1"},
				"up": {"uv": [2, 7, 3, 8], "texture": "#1"},
				"down": {"uv": [2, 7, 3, 8], "texture": "#1"}
			}
		},
		{
			"from": [5, 6, 4],
			"to": [6, 7.1, 5],
			"rotation": {"angle": 0, "axis": "y", "origin": [-2, 13, -3]},
			"faces": {
				"north": {"uv": [2, 7, 3, 8], "texture": "#1"},
				"east": {"uv": [2, 7, 3, 8], "texture": "#1"},
				"south": {"uv": [2, 7, 3, 8], "texture": "#1"},
				"west": {"uv": [2, 7, 3, 8], "texture": "#1"},
				"up": {"uv": [2, 7, 3, 8], "texture": "#1"},
				"down": {"uv": [2, 7, 3, 8], "texture": "#1"}
			}
		},
		{
			"from": [10, 6, 4],
			"to": [11, 7.1, 5],
			"rotation": {"angle": 0, "axis": "y", "origin": [18, 13, -3]},
			"faces": {
				"north": {"uv": [2, 7, 3, 8], "texture": "#1"},
				"east": {"uv": [2, 7, 3, 8], "texture": "#1"},
				"south": {"uv": [2, 7, 3, 8], "texture": "#1"},
				"west": {"uv": [2, 7, 3, 8], "texture": "#1"},
				"up": {"uv": [2, 7, 3, 8], "texture": "#1"},
				"down": {"uv": [2, 7, 3, 8], "texture": "#1"}
			}
		},
		{
			"from": [10, 2.9, 4],
			"to": [11, 4, 5],
			"rotation": {"angle": 0, "axis": "y", "origin": [18, -3, -3]},
			"faces": {
				"north": {"uv": [2, 7, 3, 8], "texture": "#1"},
				"east": {"uv": [2, 7, 3, 8], "texture": "#1"},
				"south": {"uv": [2, 7, 3, 8], "texture": "#1"},
				"west": {"uv": [2, 7, 3, 8], "texture": "#1"},
				"up": {"uv": [2, 7, 3, 8], "texture": "#1"},
				"down": {"uv": [2, 7, 3, 8], "texture": "#1"}
			}
		},
		{
			"from": [5, 2.9, 4],
			"to": [6, 4, 5],
			"rotation": {"angle": 0, "axis": "y", "origin": [-2, -3, -3]},
			"faces": {
				"north": {"uv": [2, 7, 3, 8], "texture": "#1"},
				"east": {"uv": [2, 7, 3, 8], "texture": "#1"},
				"south": {"uv": [2, 7, 3, 8], "texture": "#1"},
				"west": {"uv": [2, 7, 3, 8], "texture": "#1"},
				"up": {"uv": [2, 7, 3, 8], "texture": "#1"},
				"down": {"uv": [2, 7, 3, 8], "texture": "#1"}
			}
		}
	],
	"display": {
		"thirdperson_righthand": {
			"rotation": [50, 0, 0],
			"translation": [-0.5, 1, 0.75],
			"scale": [0.2, 0.2, 0.2]
		},
		"thirdperson_lefthand": {
			"rotation": [32, 0, 0],
			"translation": [-0.75, 0.75, 0.5],
			"scale": [0.2, 0.2, 0.2]
		},
		"firstperson_righthand": {
			"rotation": [0, 35, 0],
			"translation": [-1.75, 3, 1.25],
			"scale": [0.4, 0.4, 0.4]
		},
		"firstperson_lefthand": {
			"rotation": [0, 35, -17],
			"translation": [-1, 3.25, 1],
			"scale": [0.4, 0.4, 0.4]
		},
		"ground": {
			"translation": [0, 6, 0],
			"scale": [0.38, 0.38, 0.38]
		},
		"gui": {
			"rotation": [-3, 0, 0],
			"translation": [0, 2.75, 0],
			"scale": [0.86, 0.86, 0.86]
		},
		"head": {
			"rotation": [-15, 0, 0],
			"translation": [0, -38.75, -9.5],
			"scale": [0.38, 0.37, 0.35]
		},
		"fixed": {
			"translation": [0, 3.25, 0]
		}
	}
}