{
	"credit": "Made with Blockbench",
	"parent": "minecraft:block/tinted_cross",
	"textures": {
		"0": "block/woormwood0",
		"particle": "block/woormwood0"
	},
	"elements": [
		{
			"from": [8, 0, 2],
			"to": [8, 11.75, 12.5],
			"rotation": {"angle": 45, "axis": "y", "origin": [8, 6, 8]},
			"faces": {
				"north": {"uv": [0, 0, 1, 1], "texture": "#missing"},
				"east": {"uv": [0, 0, 13.5, 15.25], "texture": "#0"},
				"south": {"uv": [0, 0, 1, 1], "texture": "#missing"},
				"west": {"uv": [0, 0, 13.721, 15.25], "texture": "#0"},
				"up": {"uv": [0, 0, 1, 1], "rotation": 180, "texture": "#missing"},
				"down": {"uv": [0, 0, 1, 1], "rotation": 180, "texture": "#missing"}
			}
		},
		{
			"from": [7.46967, 0, 2.21967],
			"to": [7.46967, 11.75, 12.71967],
			"rotation": {"angle": -45, "axis": "y", "origin": [7.46967, 5.875, 7.46967]},
			"faces": {
				"north": {"uv": [0, 0, 1, 1], "texture": "#missing"},
				"east": {"uv": [0, 0, 13.721, 15.25], "texture": "#0"},
				"south": {"uv": [0, 0, 1, 1], "texture": "#missing"},
				"west": {"uv": [0, 0, 13.75, 15.25], "texture": "#0"},
				"up": {"uv": [0, 0, 1, 1], "texture": "#missing"},
				"down": {"uv": [0, 0, 1, 1], "texture": "#missing"}
			}
		}
	],
	"display": {
		"thirdperson_righthand": {
			"translation": [0, 3, 1],
			"scale": [0.55, 0.55, 0.55]
		},
		"thirdperson_lefthand": {
			"translation": [0, 3, 1],
			"scale": [0.55, 0.55, 0.55]
		},
		"firstperson_righthand": {
			"rotation": [-37, 88, 23],
			"translation": [2, 5, -1.75]
		},
		"firstperson_lefthand": {
			"rotation": [-27, 143, 14],
			"translation": [0.75, 5.5, -1.5]
		},
		"ground": {
			"translation": [0.75, 5.25, 0]
		},
		"gui": {
			"rotation": [16, 47, -8],
			"translation": [0, 3, 0]
		},
		"head": {
			"translation": [0.75, -22.75, 0.5],
			"scale": [2.27, 2.54, 2.27]
		},
		"fixed": {
			"rotation": [4, 135, -18],
			"translation": [0.75, 3, -2.75]
		}
	}
}