{
  "file_name": "la2",
  "texture_size": [
    16,
    16
  ],
  "textures": {
    "layer0": "modelengine:entity/snowgremlin"
  },
  "elements": [
    {
      "name": "la2_0",
      "from": [
        5.70545,
        7.593824,
        8.013008
      ],
      "to": [
        8.573552,
        8.170394,
        8.554033
      ],
      "rotation": {
        "angle": -45.0,
        "axis": "z",
        "origin": [
          8.0,
          8.0,
          7.9999995
        ]
      },
      "faces": {
        "down": {
          "uv": [
            12.625,
            0.0,
            8.5,
            0.875
          ],
          "texture": "#layer0",
          "tintindex": 0
        },
        "east": {
          "uv": [
            8.5,
            0.0,
            10.125,
            0.875
          ],
          "texture": "#layer0",
          "tintindex": 0
        },
        "north": {
          "uv": [
            8.5,
            0.0,
            12.625,
            0.875
          ],
          "texture": "#layer0",
          "tintindex": 0
        },
        "south": {
          "uv": [
            8.5,
            0.0,
            12.625,
            0.875
          ],
          "texture": "#layer0",
          "tintindex": 0
        },
        "up": {
          "uv": [
            8.5,
            0.0,
            12.625,
            0.875
          ],
          "texture": "#layer0",
          "tintindex": 0
        },
        "west": {
          "uv": [
            8.5,
            0.0,
            9.375,
            0.875
          ],
          "texture": "#layer0",
          "tintindex": 0
        }
      }
    }
  ],
  "display": {
    "head": {
      "translation": [
        0.0,
        -6.4,
        0.0
      ],
      "rotation": [
        0.0,
        0.0,
        0.0
      ],
      "scale": [
        3.8095,
        3.8095,
        3.8095
      ]
    },
    "gui": {
      "translation": [
        0.0,
        0.0,
        0.0
      ],
      "rotation": [
        35.0,
        225.0,
        0.0
      ],
      "scale": [
        0.625,
        0.625,
        0.625
      ]
    }
  }
}