{
  "file_name": "ra",
  "texture_size": [
    16,
    16
  ],
  "textures": {
    "layer0": "modelengine:entity/snowgremlin"
  },
  "elements": [
    {
      "name": "ra_0",
      "from": [
        7.139486,
        7.3921995,
        7.850786
      ],
      "to": [
        10.007587,
        8.07377,
        8.811812
      ],
      "rotation": {
        "angle": 22.5,
        "axis": "z",
        "origin": [
          7.713032,
          7.798376,
          8.047778
        ]
      },
      "faces": {
        "down": {
          "uv": [
            8.5,
            0.0,
            12.625,
            0.875
          ],
          "texture": "#layer0",
          "tintindex": 0
        },
        "east": {
          "uv": [
            10.375,
            0.0,
            8.5,
            0.875
          ],
          "texture": "#layer0",
          "tintindex": 0
        },
        "north": {
          "uv": [
            12.625,
            0.0,
            8.5,
            0.875
          ],
          "texture": "#layer0",
          "tintindex": 0
        },
        "south": {
          "uv": [
            12.625,
            0.0,
            8.5,
            0.875
          ],
          "texture": "#layer0",
          "tintindex": 0
        },
        "up": {
          "uv": [
            12.625,
            0.0,
            8.5,
            0.875
          ],
          "texture": "#layer0",
          "tintindex": 0
        },
        "west": {
          "uv": [
            10.125,
            0.0,
            8.5,
            0.875
          ],
          "texture": "#layer0",
          "tintindex": 0
        }
      }
    }
  ],
  "display": {
    "head": {
      "translation": [
        0.0,
        -6.4,
        0.0
      ],
      "rotation": [
        0.0,
        0.0,
        0.0
      ],
      "scale": [
        3.8095,
        3.8095,
        3.8095
      ]
    },
    "gui": {
      "translation": [
        0.0,
        0.0,
        0.0
      ],
      "rotation": [
        35.0,
        225.0,
        0.0
      ],
      "scale": [
        0.625,
        0.625,
        0.625
      ]
    }
  }
}