{
	"credit": "Made with Blockbench",
	"textures": {
		"texture": "block/stripped_birch_log",
		"particle": "block/stripped_birch_log"
	},
	"elements": [
		{
			"name": "Box1",
			"from": [0, -0.5, 0],
			"to": [2, 0.5, 16],
			"rotation": {"angle": 0, "axis": "y", "origin": [8, 7.5, 8]},
			"faces": {
				"north": {"uv": [14, 15, 16, 16], "texture": "#texture"},
				"east": {"uv": [0, 15, 16, 16], "texture": "#texture"},
				"south": {"uv": [0, 15, 2, 16], "texture": "#texture"},
				"west": {"uv": [0, 15, 16, 16], "texture": "#texture"},
				"up": {"uv": [0, 0, 2, 16], "texture": "#texture"},
				"down": {"uv": [0, 0, 2, 16], "texture": "#texture"}
			}
		},
		{
			"name": "Box1",
			"from": [3.5, -0.5, 0],
			"to": [5.5, 0.5, 16],
			"rotation": {"angle": 0, "axis": "y", "origin": [8, 7.5, 8]},
			"faces": {
				"north": {"uv": [10.5, 15, 12.5, 16], "texture": "#texture"},
				"east": {"uv": [0, 15, 16, 16], "texture": "#texture"},
				"south": {"uv": [3.5, 15, 5.5, 16], "texture": "#texture"},
				"west": {"uv": [0, 15, 16, 16], "texture": "#texture"},
				"up": {"uv": [3.5, 0, 5.5, 16], "texture": "#texture"},
				"down": {"uv": [3.5, 0, 5.5, 16], "texture": "#texture"}
			}
		},
		{
			"name": "Box1",
			"from": [10.5, -0.5, 0],
			"to": [12.5, 0.5, 16],
			"rotation": {"angle": 0, "axis": "y", "origin": [8, 7.5, 8]},
			"faces": {
				"north": {"uv": [3.5, 15, 5.5, 16], "texture": "#texture"},
				"east": {"uv": [0, 15, 16, 16], "texture": "#texture"},
				"south": {"uv": [10.5, 15, 12.5, 16], "texture": "#texture"},
				"west": {"uv": [0, 15, 16, 16], "texture": "#texture"},
				"up": {"uv": [10.5, 0, 12.5, 16], "texture": "#texture"},
				"down": {"uv": [10.5, 0, 12.5, 16], "texture": "#texture"}
			}
		},
		{
			"name": "Box1",
			"from": [14, -0.5, 0],
			"to": [16, 0.5, 16],
			"rotation": {"angle": 0, "axis": "y", "origin": [8, 7.5, 8]},
			"faces": {
				"north": {"uv": [0, 15, 2, 16], "texture": "#texture"},
				"east": {"uv": [0, 15, 16, 16], "texture": "#texture"},
				"south": {"uv": [14, 15, 16, 16], "texture": "#texture"},
				"west": {"uv": [0, 15, 16, 16], "texture": "#texture"},
				"up": {"uv": [14, 0, 16, 16], "texture": "#texture"},
				"down": {"uv": [14, 0, 16, 16], "texture": "#texture"}
			}
		},
		{
			"name": "Box1",
			"from": [7, -0.5, 0],
			"to": [9, 0.5, 16],
			"rotation": {"angle": 0, "axis": "y", "origin": [8, 7.5, 8]},
			"faces": {
				"north": {"uv": [7, 15, 9, 16], "texture": "#texture"},
				"east": {"uv": [0, 15, 16, 16], "texture": "#texture"},
				"south": {"uv": [7, 15, 9, 16], "texture": "#texture"},
				"west": {"uv": [0, 15, 16, 16], "texture": "#texture"},
				"up": {"uv": [7, 0, 9, 16], "texture": "#texture"},
				"down": {"uv": [7, 0, 9, 16], "texture": "#texture"}
			}
		},
		{
			"name": "Box1",
			"from": [-0.001, -0.5635, 13.999],
			"to": [15.999, 0.4365, 15.999],
			"rotation": {"angle": 0, "axis": "y", "origin": [8, 7.4375, 8]},
			"faces": {
				"north": {"uv": [0, 0, 1, 15.5], "rotation": 90, "texture": "#texture"},
				"east": {"uv": [0, 15, 2, 16], "texture": "#texture"},
				"south": {"uv": [0, 0, 1, 15.5], "rotation": 270, "texture": "#texture"},
				"west": {"uv": [14, 15, 16, 16], "texture": "#texture"},
				"up": {"uv": [0, 1, 2, 16], "rotation": 270, "texture": "#texture"},
				"down": {"uv": [0, 0, 2, 15], "rotation": 90, "texture": "#texture"}
			}
		},
		{
			"name": "Box1",
			"from": [0, -0.5635, 10.5],
			"to": [16, 0.4365, 12.5],
			"rotation": {"angle": 0, "axis": "y", "origin": [8, 7.4375, 8]},
			"faces": {
				"north": {"uv": [0, 15, 16, 16], "texture": "#texture"},
				"east": {"uv": [3.5, 15, 5.5, 16], "texture": "#texture"},
				"south": {"uv": [0, 15, 16, 16], "texture": "#texture"},
				"west": {"uv": [10.5, 15, 12.5, 16], "texture": "#texture"},
				"up": {"uv": [3.5, 0, 5.5, 16], "rotation": 270, "texture": "#texture"},
				"down": {"uv": [3.5, 0, 5.5, 16], "rotation": 90, "texture": "#texture"}
			}
		},
		{
			"name": "Box1",
			"from": [0.0001, -0.5635, 3.5],
			"to": [16.0001, 0.4365, 5.5],
			"rotation": {"angle": 0, "axis": "y", "origin": [8, 7.4375, 8]},
			"faces": {
				"north": {"uv": [0, 15, 16, 16], "texture": "#texture"},
				"east": {"uv": [10.5, 15, 12.5, 16], "texture": "#texture"},
				"south": {"uv": [0, 15, 16, 16], "texture": "#texture"},
				"west": {"uv": [3.5, 15, 5.5, 16], "texture": "#texture"},
				"up": {"uv": [10.5, 0, 12.5, 16], "rotation": 270, "texture": "#texture"},
				"down": {"uv": [10.5, 0, 12.5, 16], "rotation": 90, "texture": "#texture"}
			}
		},
		{
			"name": "Box1",
			"from": [-0.0009, -0.5635, 0.003],
			"to": [15.9991, 0.4365, 2.003],
			"rotation": {"angle": 0, "axis": "y", "origin": [8, 7.4375, 8]},
			"faces": {
				"north": {"uv": [0, 0, 1, 16], "rotation": 270, "texture": "#texture"},
				"east": {"uv": [14, 15, 16, 16], "texture": "#texture"},
				"south": {"uv": [0, 15, 16, 16], "texture": "#texture"},
				"west": {"uv": [0, 15, 2, 16], "texture": "#texture"},
				"up": {"uv": [14, 0, 16, 16], "rotation": 270, "texture": "#texture"},
				"down": {"uv": [14, 0, 16, 16], "rotation": 90, "texture": "#texture"}
			}
		},
		{
			"name": "Box1",
			"from": [0, -0.5635, 7],
			"to": [16, 0.4365, 9],
			"rotation": {"angle": 0, "axis": "y", "origin": [8, 7.4375, 8]},
			"faces": {
				"north": {"uv": [0, 15, 16, 16], "texture": "#texture"},
				"east": {"uv": [7, 15, 9, 16], "texture": "#texture"},
				"south": {"uv": [0, 15, 16, 16], "texture": "#texture"},
				"west": {"uv": [7, 15, 9, 16], "texture": "#texture"},
				"up": {"uv": [7, 0, 9, 16], "rotation": 270, "texture": "#texture"},
				"down": {"uv": [7, 0, 9, 16], "rotation": 90, "texture": "#texture"}
			}
		}
	],
	"display": {
		"thirdperson_righthand": {
			"rotation": [75, 45, 0],
			"translation": [0, 2.5, 0],
			"scale": [0.375, 0.375, 0.375]
		},
		"thirdperson_lefthand": {
			"rotation": [75, 45, 0],
			"translation": [0, 2.5, 0],
			"scale": [0.375, 0.375, 0.375]
		},
		"firstperson_righthand": {
			"rotation": [0, 45, 0],
			"translation": [0, 4.8695, 0],
			"scale": [0.4, 0.4, 0.4]
		},
		"firstperson_lefthand": {
			"rotation": [0, 45, 0],
			"translation": [0, 4.8695, 0],
			"scale": [0.4, 0.4, 0.4]
		},
		"ground": {
			"translation": [0, 3, 0],
			"scale": [0.25, 0.25, 0.25]
		},
		"gui": {
			"rotation": [30, 225, 0],
			"scale": [0.625, 0.625, 0.625]
		},
		"head": {
			"translation": [0, 13.913, 0]
		},
		"fixed": {
			"scale": [0.5, 0.5, 0.5]
		}
	}
}