{
	"credit": "Made with Blockbench",
	"parent": "block/block",
	"textures": {
		"log": "block/campfire_log",
		"particle": "block/campfire_log",
		"litlog": "block/campfire_log_lit",
		"fire": "block/campfire_fire"
	},
	"elements": [
		{
			"from": [0, 0.001, 1],
			"to": [16, 4.001, 5],
			"rotation": {"angle": 22.5, "axis": "y", "origin": [8, 8, 8]},
			"faces": {
				"north": {"uv": [16, 0, 0, 4], "texture": "#log"},
				"east": {"uv": [0, 4, 4, 8], "texture": "#log", "cullface": "north"},
				"south": {"uv": [0, 1, 16, 5], "texture": "#litlog"},
				"west": {"uv": [0, 4, 4, 8], "texture": "#log", "cullface": "south"},
				"up": {"uv": [0, 0, 16, 4], "rotation": 180, "texture": "#log"},
				"down": {"uv": [0, 0, 16, 4], "texture": "#log"}
			}
		},
		{
			"from": [0, 0.001, 13],
			"to": [16, 4.001, 17],
			"rotation": {"angle": -22.5, "axis": "y", "origin": [8, 8, 10]},
			"faces": {
				"north": {"uv": [0, 1, 16, 5], "texture": "#litlog"},
				"east": {"uv": [0, 4, 4, 8], "texture": "#log", "cullface": "south"},
				"south": {"uv": [16, 0, 0, 4], "texture": "#log"},
				"west": {"uv": [0, 4, 4, 8], "texture": "#log", "cullface": "north"},
				"up": {"uv": [0, 0, 16, 4], "texture": "#log"},
				"down": {"uv": [0, 0, 16, 4], "rotation": 180, "texture": "#log"}
			}
		},
		{
			"from": [10, 0, 5],
			"to": [14, 16, 9],
			"rotation": {"angle": 22.5, "axis": "z", "origin": [15, 8, 2]},
			"faces": {
				"north": {"uv": [16, 0, 0, 4], "rotation": 270, "texture": "#litlog"},
				"east": {"uv": [0, 0, 16, 4], "rotation": 270, "texture": "#log"},
				"south": {"uv": [0, 0, 16, 4], "rotation": 90, "texture": "#litlog"},
				"west": {"uv": [0, 4, 16, 8], "rotation": 90, "texture": "#litlog"},
				"up": {"uv": [0, 4, 4, 8], "rotation": 90, "texture": "#log"},
				"down": {"uv": [0, 4, 4, 8], "rotation": 90, "texture": "#log"}
			}
		},
		{
			"from": [7.5625, 0, 9.5],
			"to": [11.5625, 16, 13.5],
			"rotation": {"angle": -22.5, "axis": "x", "origin": [4.5625, 8, 17.5]},
			"faces": {
				"north": {"uv": [0, 0, 16, 4], "rotation": 270, "texture": "#log", "cullface": "down"},
				"east": {"uv": [0, 0, 16, 4], "rotation": 270, "texture": "#log"},
				"south": {"uv": [0, 0, 16, 4], "rotation": 90, "texture": "#log"},
				"west": {"uv": [16, 1, 0, 5], "rotation": 90, "texture": "#litlog"},
				"up": {"uv": [0, 4, 4, 8], "rotation": 180, "texture": "#log"},
				"down": {"uv": [0, 4, 4, 8], "texture": "#log"}
			}
		},
		{
			"from": [6, 0, 0],
			"to": [12, 1, 16],
			"rotation": {"angle": 0, "axis": "y", "origin": [9, 8, 8]},
			"faces": {
				"north": {"uv": [0, 15, 6, 16], "texture": "#log", "cullface": "north"},
				"south": {"uv": [6, 15, 12, 16], "texture": "#log", "cullface": "south"},
				"up": {"uv": [0, 8, 16, 14], "rotation": 90, "texture": "#litlog"},
				"down": {"uv": [0, 8, 16, 14], "rotation": 90, "texture": "#log", "cullface": "down"}
			}
		},
		{
			"from": [12, 0, 0],
			"to": [16, 1, 16],
			"rotation": {"angle": 0, "axis": "y", "origin": [15, 8, 8]},
			"faces": {
				"north": {"uv": [0, 15, 6, 16], "texture": "#log", "cullface": "north"},
				"east": {"uv": [0, 15, 16, 16], "texture": "#log", "cullface": "south"},
				"south": {"uv": [12, 15, 16, 16], "texture": "#log", "cullface": "south"},
				"up": {"uv": [0, 8, 16, 14], "rotation": 90, "texture": "#litlog"},
				"down": {"uv": [0, 8, 16, 14], "rotation": 90, "texture": "#log", "cullface": "down"}
			}
		},
		{
			"from": [0, 0, 0],
			"to": [6, 1, 16],
			"rotation": {"angle": 0, "axis": "y", "origin": [3, 8, 8]},
			"faces": {
				"north": {"uv": [0, 15, 6, 16], "texture": "#log", "cullface": "north"},
				"south": {"uv": [0, 15, 6, 16], "texture": "#log", "cullface": "south"},
				"west": {"uv": [0, 15, 16, 16], "texture": "#log", "cullface": "south"},
				"up": {"uv": [0, 8, 16, 14], "rotation": 90, "texture": "#litlog"},
				"down": {"uv": [0, 8, 16, 14], "rotation": 90, "texture": "#log", "cullface": "down"}
			}
		},
		{
			"from": [0.8, 1, 8],
			"to": [15.2, 17, 8],
			"shade": false,
			"rotation": {"angle": 45, "axis": "y", "origin": [8, 8, 8], "rescale": true},
			"faces": {
				"north": {"uv": [0, 0, 16, 16], "texture": "#fire"},
				"south": {"uv": [0, 0, 16, 16], "texture": "#fire"}
			}
		},
		{
			"from": [8, 1, 0.8],
			"to": [8, 17, 15.2],
			"shade": false,
			"rotation": {"angle": 45, "axis": "y", "origin": [8, 8, 8], "rescale": true},
			"faces": {
				"east": {"uv": [0, 0, 16, 16], "texture": "#fire"},
				"west": {"uv": [0, 0, 16, 16], "texture": "#fire"}
			}
		},
		{
			"from": [2.5, 0, 7],
			"to": [6.5, 16, 11],
			"rotation": {"angle": -22.5, "axis": "z", "origin": [1.5, 8, 4]},
			"faces": {
				"north": {"uv": [16, 0, 0, 4], "rotation": 90, "texture": "#litlog"},
				"east": {"uv": [0, 4, 16, 8], "rotation": 270, "texture": "#litlog"},
				"south": {"uv": [0, 0, 16, 4], "rotation": 270, "texture": "#litlog"},
				"west": {"uv": [0, 0, 16, 4], "rotation": 90, "texture": "#log"},
				"up": {"uv": [0, 4, 4, 8], "rotation": 270, "texture": "#log"},
				"down": {"uv": [0, 4, 4, 8], "rotation": 270, "texture": "#log"}
			}
		},
		{
			"from": [14, -3.5, 2.5],
			"to": [15, 6.5, 3.5],
			"rotation": {"angle": 22.5, "axis": "x", "origin": [7, 4.5, 9.5]},
			"faces": {
				"north": {"uv": [0, 0, 10, 1], "rotation": 90, "texture": "#log"},
				"east": {"uv": [0, 0, 10, 1], "rotation": 270, "texture": "#log"},
				"south": {"uv": [0, 1, 10, 2], "rotation": 270, "texture": "#litlog"},
				"west": {"uv": [0, 0, 10, 1], "rotation": 90, "texture": "#log"},
				"up": {"uv": [0, 4, 1, 5], "rotation": 270, "texture": "#log"},
				"down": {"uv": [0, 4, 1, 5], "rotation": 270, "texture": "#log"}
			}
		},
		{
			"from": [13.0625, -0.5, 13],
			"to": [14.0625, 9.5, 14],
			"rotation": {"angle": 0, "axis": "x", "origin": [6.0625, 7.5, 20]},
			"faces": {
				"north": {"uv": [0, 0, 10, 1], "rotation": 90, "texture": "#log"},
				"east": {"uv": [0, 0, 10, 1], "rotation": 270, "texture": "#log"},
				"south": {"uv": [0, 1, 10, 2], "rotation": 270, "texture": "#litlog"},
				"west": {"uv": [0, 0, 10, 1], "rotation": 90, "texture": "#log"},
				"up": {"uv": [0, 4, 1, 5], "rotation": 270, "texture": "#log"},
				"down": {"uv": [0, 4, 1, 5], "rotation": 270, "texture": "#log"}
			}
		},
		{
			"from": [1, 1.5, 12],
			"to": [2, 11.5, 13],
			"rotation": {"angle": -22.5, "axis": "x", "origin": [-6, 9.5, 19]},
			"faces": {
				"north": {"uv": [0, 0, 10, 1], "rotation": 90, "texture": "#log"},
				"east": {"uv": [0, 0, 10, 1], "rotation": 270, "texture": "#log"},
				"south": {"uv": [0, 1, 10, 2], "rotation": 270, "texture": "#litlog"},
				"west": {"uv": [0, 0, 10, 1], "rotation": 90, "texture": "#log"},
				"up": {"uv": [0, 4, 1, 5], "rotation": 270, "texture": "#log"},
				"down": {"uv": [0, 4, 1, 5], "rotation": 270, "texture": "#log"}
			}
		},
		{
			"from": [3, 1.5, 2.5],
			"to": [4, 11.5, 3.5],
			"rotation": {"angle": -22.5, "axis": "z", "origin": [-4, 9.5, 9.5]},
			"faces": {
				"north": {"uv": [0, 0, 10, 1], "rotation": 90, "texture": "#log"},
				"east": {"uv": [0, 0, 10, 1], "rotation": 270, "texture": "#log"},
				"south": {"uv": [0, 1, 10, 2], "rotation": 270, "texture": "#litlog"},
				"west": {"uv": [0, 0, 10, 1], "rotation": 90, "texture": "#log"},
				"up": {"uv": [0, 4, 1, 5], "rotation": 270, "texture": "#log"},
				"down": {"uv": [0, 4, 1, 5], "rotation": 270, "texture": "#log"}
			}
		}
	],
	"display": {
		"head": {
			"translation": [0, 10.5, 0]
		}
	}
}