{
	"credit": "Made with Blockbench by Juknum",
	"parent": "block/block",
	"textures": {
		"0": "block/chiseled_stone_bricks",
		"particle": "block/chiseled_stone_bricks"
	},
	"elements": [
		{
			"from": [6, 6, 1],
			"to": [10, 10, 1],
			"faces": {
				"north": {"uv": [6, 6, 10, 10], "texture": "#0", "cullface": "north"}
			}
		},
		{
			"from": [0, 0, 0],
			"to": [16, 2.5, 0.5],
			"faces": {
				"north": {"uv": [0, 13.5, 16, 16], "texture": "#0", "cullface": "north"},
				"up": {"uv": [16, 13.5, 0, 14], "texture": "#0", "cullface": "north"}
			}
		},
		{
			"from": [0, 13.5, 0],
			"to": [16, 16, 0.5],
			"faces": {
				"north": {"uv": [0, 0, 16, 2.5], "texture": "#0", "cullface": "north"},
				"down": {"uv": [16, 2, 0, 2.5], "texture": "#0", "cullface": "north"}
			}
		},
		{
			"from": [3, 3, 0],
			"to": [13, 6, 1.5],
			"faces": {
				"north": {"uv": [3, 10, 13, 13], "texture": "#0", "cullface": "north"},
				"east": {"uv": [4.5, 10, 3, 13], "texture": "#0", "cullface": "north"},
				"west": {"uv": [13, 10, 11.5, 13], "texture": "#0", "cullface": "north"},
				"up": {"uv": [13, 10, 3, 11.5], "texture": "#0", "cullface": "north"},
				"down": {"uv": [13, 11.5, 3, 13], "texture": "#0", "cullface": "north"}
			}
		},
		{
			"from": [3, 10, 0],
			"to": [13, 13, 1.5],
			"faces": {
				"north": {"uv": [3, 3, 13, 6], "texture": "#0", "cullface": "north"},
				"east": {"uv": [4.5, 3, 3, 6], "texture": "#0", "cullface": "north"},
				"west": {"uv": [13, 3, 11.5, 6], "texture": "#0", "cullface": "north"},
				"up": {"uv": [13, 3, 3, 4.5], "texture": "#0", "cullface": "north"},
				"down": {"uv": [13, 4.5, 3, 6], "texture": "#0", "cullface": "north"}
			}
		},
		{
			"from": [3, 6, 0],
			"to": [6, 10, 1.5],
			"faces": {
				"north": {"uv": [10, 6, 13, 10], "texture": "#0", "cullface": "north"},
				"east": {"uv": [11.5, 6, 10, 10], "texture": "#0", "cullface": "north"},
				"west": {"uv": [13, 6, 11.5, 10], "texture": "#0", "cullface": "north"}
			}
		},
		{
			"from": [10, 6, 0],
			"to": [13, 10, 1.5],
			"faces": {
				"north": {"uv": [3, 6, 6, 10], "texture": "#0", "cullface": "north"},
				"east": {"uv": [4.5, 6, 3, 10], "texture": "#0", "cullface": "north"},
				"west": {"uv": [6, 6, 4.5, 10], "texture": "#0", "cullface": "north"}
			}
		},
		{
			"from": [0, 2.5, 0],
			"to": [2.5, 13.5, 0.5],
			"faces": {
				"north": {"uv": [13.5, 2.5, 16, 13.5], "texture": "#0", "cullface": "north"},
				"east": {"uv": [13.5, 2.5, 14, 13.5], "texture": "#0", "cullface": "north"}
			}
		},
		{
			"from": [13.5, 2.5, 0],
			"to": [16, 13.5, 0.5],
			"faces": {
				"north": {"uv": [0, 2.5, 2.5, 13.5], "texture": "#0", "cullface": "north"},
				"west": {"uv": [2, 2.5, 2.5, 13.5], "texture": "#0", "cullface": "north"}
			}
		},
		{
			"from": [2.5, 13, 0.5],
			"to": [13.5, 13.5, 0.5],
			"faces": {
				"north": {"uv": [2.5, 2.5, 13.5, 3], "texture": "#0", "cullface": "north"}
			}
		},
		{
			"from": [2.5, 2.5, 0.5],
			"to": [13.5, 3, 0.5],
			"faces": {
				"north": {"uv": [2.5, 13, 13.5, 13.5], "texture": "#0", "cullface": "north"}
			}
		},
		{
			"from": [2.5, 3, 0.5],
			"to": [3, 13, 0.5],
			"faces": {
				"north": {"uv": [13, 3, 13.5, 13], "texture": "#0", "cullface": "north"}
			}
		},
		{
			"from": [13, 3, 0.5],
			"to": [13.5, 13, 0.5],
			"faces": {
				"north": {"uv": [2.5, 3, 3, 13], "texture": "#0", "cullface": "north"}
			}
		},
		{
			"from": [6, 6, 15],
			"to": [10, 10, 15],
			"faces": {
				"south": {"uv": [6, 6, 10, 10], "texture": "#0", "cullface": "south"}
			}
		},
		{
			"from": [0, 0, 15.5],
			"to": [16, 2.5, 16],
			"faces": {
				"south": {"uv": [0, 13.5, 16, 16], "texture": "#0", "cullface": "south"},
				"up": {"uv": [16, 13.5, 0, 14], "rotation": 180, "texture": "#0", "cullface": "south"}
			}
		},
		{
			"from": [0, 13.5, 15.5],
			"to": [16, 16, 16],
			"faces": {
				"south": {"uv": [0, 0, 16, 2.5], "texture": "#0", "cullface": "south"},
				"down": {"uv": [16, 2, 0, 2.5], "rotation": 180, "texture": "#0", "cullface": "south"}
			}
		},
		{
			"from": [3, 3, 14.5],
			"to": [13, 6, 16],
			"faces": {
				"east": {"uv": [13, 10, 11.5, 13], "texture": "#0", "cullface": "south"},
				"south": {"uv": [3, 10, 13, 13], "texture": "#0", "cullface": "south"},
				"west": {"uv": [4.5, 10, 3, 13], "texture": "#0", "cullface": "south"},
				"up": {"uv": [13, 10, 3, 11.5], "rotation": 180, "texture": "#0", "cullface": "south"},
				"down": {"uv": [13, 11.5, 3, 13], "rotation": 180, "texture": "#0", "cullface": "south"}
			}
		},
		{
			"from": [3, 10, 14.5],
			"to": [13, 13, 16],
			"faces": {
				"east": {"uv": [13, 3, 11.5, 6], "texture": "#0", "cullface": "south"},
				"south": {"uv": [3, 3, 13, 6], "texture": "#0", "cullface": "south"},
				"west": {"uv": [4.5, 3, 3, 6], "texture": "#0", "cullface": "south"},
				"up": {"uv": [13, 3, 3, 4.5], "rotation": 180, "texture": "#0", "cullface": "south"},
				"down": {"uv": [13, 4.5, 3, 6], "rotation": 180, "texture": "#0", "cullface": "south"}
			}
		},
		{
			"from": [10, 6, 14.5],
			"to": [13, 10, 16],
			"faces": {
				"east": {"uv": [13, 6, 11.5, 10], "texture": "#0", "cullface": "south"},
				"south": {"uv": [10, 6, 13, 10], "texture": "#0", "cullface": "south"},
				"west": {"uv": [11.5, 6, 10, 10], "texture": "#0", "cullface": "south"}
			}
		},
		{
			"from": [3, 6, 14.5],
			"to": [6, 10, 16],
			"faces": {
				"east": {"uv": [6, 6, 4.5, 10], "texture": "#0", "cullface": "south"},
				"south": {"uv": [3, 6, 6, 10], "texture": "#0", "cullface": "south"},
				"west": {"uv": [4.5, 6, 3, 10], "texture": "#0", "cullface": "south"}
			}
		},
		{
			"from": [13.5, 2.5, 15.5],
			"to": [16, 13.5, 16],
			"faces": {
				"south": {"uv": [13.5, 2.5, 16, 13.5], "texture": "#0", "cullface": "south"},
				"west": {"uv": [13.5, 2.5, 14, 13.5], "texture": "#0", "cullface": "south"}
			}
		},
		{
			"from": [0, 2.5, 15.5],
			"to": [2.5, 13.5, 16],
			"faces": {
				"east": {"uv": [2, 2.5, 2.5, 13.5], "texture": "#0", "cullface": "south"},
				"south": {"uv": [0, 2.5, 2.5, 13.5], "texture": "#0", "cullface": "south"}
			}
		},
		{
			"from": [2.5, 13, 15.5],
			"to": [13.5, 13.5, 15.5],
			"faces": {
				"south": {"uv": [2.5, 2.5, 13.5, 3], "texture": "#0", "cullface": "south"}
			}
		},
		{
			"from": [2.5, 2.5, 15.5],
			"to": [13.5, 3, 15.5],
			"faces": {
				"south": {"uv": [2.5, 13, 13.5, 13.5], "texture": "#0", "cullface": "south"}
			}
		},
		{
			"from": [13, 3, 15.5],
			"to": [13.5, 13, 15.5],
			"faces": {
				"south": {"uv": [13, 3, 13.5, 13], "texture": "#0", "cullface": "south"}
			}
		},
		{
			"from": [2.5, 3, 15.5],
			"to": [3, 13, 15.5],
			"faces": {
				"south": {"uv": [2.5, 3, 3, 13], "texture": "#0", "cullface": "south"}
			}
		},
		{
			"from": [6, 15, 6],
			"to": [10, 15, 10],
			"faces": {
				"up": {"uv": [6, 6, 10, 10], "texture": "#0", "cullface": "up"}
			}
		},
		{
			"from": [0, 15.5, 13.5],
			"to": [16, 16, 16],
			"faces": {
				"north": {"uv": [16, 13.5, 0, 14], "texture": "#0", "cullface": "up"},
				"up": {"uv": [0, 13.5, 16, 16], "texture": "#0", "cullface": "up"}
			}
		},
		{
			"from": [0, 15.5, 0],
			"to": [16, 16, 2.5],
			"faces": {
				"south": {"uv": [16, 2, 0, 2.5], "rotation": 180, "texture": "#0", "cullface": "up"},
				"up": {"uv": [0, 0, 16, 2.5], "texture": "#0", "cullface": "up"}
			}
		},
		{
			"from": [3, 14.5, 10],
			"to": [13, 16, 13],
			"faces": {
				"north": {"uv": [13, 10, 3, 11.5], "texture": "#0", "cullface": "up"},
				"east": {"uv": [13, 10, 11.5, 13], "rotation": 90, "texture": "#0", "cullface": "up"},
				"south": {"uv": [13, 11.5, 3, 13], "rotation": 180, "texture": "#0", "cullface": "up"},
				"west": {"uv": [4.5, 10, 3, 13], "rotation": 270, "texture": "#0", "cullface": "up"},
				"up": {"uv": [3, 10, 13, 13], "texture": "#0", "cullface": "up"}
			}
		},
		{
			"from": [3, 14.5, 3],
			"to": [13, 16, 6],
			"faces": {
				"north": {"uv": [13, 3, 3, 4.5], "texture": "#0", "cullface": "up"},
				"east": {"uv": [13, 3, 11.5, 6], "rotation": 90, "texture": "#0", "cullface": "up"},
				"south": {"uv": [13, 4.5, 3, 6], "rotation": 180, "texture": "#0", "cullface": "up"},
				"west": {"uv": [4.5, 3, 3, 6], "rotation": 270, "texture": "#0", "cullface": "up"},
				"up": {"uv": [3, 3, 13, 6], "texture": "#0", "cullface": "up"}
			}
		},
		{
			"from": [10, 14.5, 6],
			"to": [13, 16, 10],
			"faces": {
				"east": {"uv": [13, 6, 11.5, 10], "rotation": 90, "texture": "#0", "cullface": "up"},
				"west": {"uv": [11.5, 6, 10, 10], "rotation": 270, "texture": "#0", "cullface": "up"},
				"up": {"uv": [10, 6, 13, 10], "texture": "#0", "cullface": "up"}
			}
		},
		{
			"from": [3, 14.5, 6],
			"to": [6, 16, 10],
			"faces": {
				"east": {"uv": [6, 6, 4.5, 10], "rotation": 90, "texture": "#0", "cullface": "up"},
				"west": {"uv": [4.5, 6, 3, 10], "rotation": 270, "texture": "#0", "cullface": "up"},
				"up": {"uv": [3, 6, 6, 10], "texture": "#0", "cullface": "up"}
			}
		},
		{
			"from": [13.5, 15.5, 2.5],
			"to": [16, 16, 13.5],
			"faces": {
				"west": {"uv": [13.5, 2.5, 14, 13.5], "rotation": 270, "texture": "#0", "cullface": "up"},
				"up": {"uv": [13.5, 2.5, 16, 13.5], "texture": "#0", "cullface": "up"}
			}
		},
		{
			"from": [0, 15.5, 2.5],
			"to": [2.5, 16, 13.5],
			"faces": {
				"east": {"uv": [2, 2.5, 2.5, 13.5], "rotation": 90, "texture": "#0", "cullface": "up"},
				"up": {"uv": [0, 2.5, 2.5, 13.5], "texture": "#0", "cullface": "up"}
			}
		},
		{
			"from": [2.5, 15.5, 2.5],
			"to": [13.5, 15.5, 3],
			"faces": {
				"up": {"uv": [2.5, 2.5, 13.5, 3], "texture": "#0", "cullface": "up"}
			}
		},
		{
			"from": [2.5, 15.5, 13],
			"to": [13.5, 15.5, 13.5],
			"faces": {
				"up": {"uv": [2.5, 13, 13.5, 13.5], "texture": "#0", "cullface": "up"}
			}
		},
		{
			"from": [13, 15.5, 3],
			"to": [13.5, 15.5, 13],
			"faces": {
				"up": {"uv": [13, 3, 13.5, 13], "texture": "#0", "cullface": "up"}
			}
		},
		{
			"from": [2.5, 15.5, 3],
			"to": [3, 15.5, 13],
			"faces": {
				"up": {"uv": [2.5, 3, 3, 13], "texture": "#0", "cullface": "up"}
			}
		},
		{
			"from": [15, 6, 6],
			"to": [15, 10, 10],
			"faces": {
				"east": {"uv": [6, 6, 10, 10], "texture": "#0", "cullface": "east"}
			}
		},
		{
			"from": [15.5, 0, 0],
			"to": [16, 2.5, 16],
			"faces": {
				"east": {"uv": [0, 13.5, 16, 16], "texture": "#0", "cullface": "east"},
				"up": {"uv": [16, 13.5, 0, 14], "rotation": 90, "texture": "#0", "cullface": "east"}
			}
		},
		{
			"from": [15.5, 13.5, 0],
			"to": [16, 16, 16],
			"faces": {
				"east": {"uv": [0, 0, 16, 2.5], "texture": "#0", "cullface": "east"},
				"down": {"uv": [16, 2, 0, 2.5], "rotation": 270, "texture": "#0", "cullface": "east"}
			}
		},
		{
			"from": [14.5, 3, 3],
			"to": [16, 6, 13],
			"faces": {
				"north": {"uv": [13, 10, 11.5, 13], "texture": "#0", "cullface": "east"},
				"east": {"uv": [3, 10, 13, 13], "texture": "#0", "cullface": "east"},
				"south": {"uv": [4.5, 10, 3, 13], "texture": "#0", "cullface": "east"},
				"up": {"uv": [13, 10, 3, 11.5], "rotation": 90, "texture": "#0", "cullface": "east"},
				"down": {"uv": [13, 11.5, 3, 13], "rotation": 270, "texture": "#0", "cullface": "east"}
			}
		},
		{
			"from": [14.5, 10, 3],
			"to": [16, 13, 13],
			"faces": {
				"north": {"uv": [13, 3, 11.5, 6], "texture": "#0", "cullface": "east"},
				"east": {"uv": [3, 3, 13, 6], "texture": "#0", "cullface": "east"},
				"south": {"uv": [4.5, 3, 3, 6], "texture": "#0", "cullface": "east"},
				"up": {"uv": [13, 3, 3, 4.5], "rotation": 90, "texture": "#0", "cullface": "east"},
				"down": {"uv": [13, 4.5, 3, 6], "rotation": 270, "texture": "#0", "cullface": "east"}
			}
		},
		{
			"from": [14.5, 6, 3],
			"to": [16, 10, 6],
			"faces": {
				"north": {"uv": [13, 6, 11.5, 10], "texture": "#0", "cullface": "east"},
				"east": {"uv": [10, 6, 13, 10], "texture": "#0", "cullface": "east"},
				"south": {"uv": [11.5, 6, 10, 10], "texture": "#0", "cullface": "east"}
			}
		},
		{
			"from": [14.5, 6, 10],
			"to": [16, 10, 13],
			"faces": {
				"north": {"uv": [6, 6, 4.5, 10], "texture": "#0", "cullface": "east"},
				"east": {"uv": [3, 6, 6, 10], "texture": "#0", "cullface": "east"},
				"south": {"uv": [4.5, 6, 3, 10], "texture": "#0", "cullface": "east"}
			}
		},
		{
			"from": [15.5, 2.5, 0],
			"to": [16, 13.5, 2.5],
			"faces": {
				"east": {"uv": [13.5, 2.5, 16, 13.5], "texture": "#0", "cullface": "east"},
				"south": {"uv": [13.5, 2.5, 14, 13.5], "texture": "#0", "cullface": "east"}
			}
		},
		{
			"from": [15.5, 2.5, 13.5],
			"to": [16, 13.5, 16],
			"faces": {
				"north": {"uv": [2, 2.5, 2.5, 13.5], "texture": "#0", "cullface": "east"},
				"east": {"uv": [0, 2.5, 2.5, 13.5], "texture": "#0", "cullface": "east"}
			}
		},
		{
			"from": [15.5, 13, 2.5],
			"to": [15.5, 13.5, 13.5],
			"faces": {
				"east": {"uv": [2.5, 2.5, 13.5, 3], "texture": "#0", "cullface": "east"}
			}
		},
		{
			"from": [15.5, 2.5, 2.5],
			"to": [15.5, 3, 13.5],
			"faces": {
				"east": {"uv": [2.5, 13, 13.5, 13.5], "texture": "#0", "cullface": "east"}
			}
		},
		{
			"from": [15.5, 3, 2.5],
			"to": [15.5, 13, 3],
			"faces": {
				"east": {"uv": [13, 3, 13.5, 13], "texture": "#0", "cullface": "east"}
			}
		},
		{
			"from": [15.5, 3, 13],
			"to": [15.5, 13, 13.5],
			"faces": {
				"east": {"uv": [2.5, 3, 3, 13], "texture": "#0", "cullface": "east"}
			}
		},
		{
			"from": [1, 6, 6],
			"to": [1, 10, 10],
			"faces": {
				"west": {"uv": [6, 6, 10, 10], "texture": "#0", "cullface": "west"}
			}
		},
		{
			"from": [0, 0, 0],
			"to": [0.5, 2.5, 16],
			"faces": {
				"west": {"uv": [0, 13.5, 16, 16], "texture": "#0", "cullface": "west"},
				"up": {"uv": [16, 13.5, 0, 14], "rotation": 270, "texture": "#0", "cullface": "west"}
			}
		},
		{
			"from": [0, 13.5, 0],
			"to": [0.5, 16, 16],
			"faces": {
				"west": {"uv": [0, 0, 16, 2.5], "texture": "#0", "cullface": "west"},
				"down": {"uv": [16, 2, 0, 2.5], "rotation": 90, "texture": "#0", "cullface": "west"}
			}
		},
		{
			"from": [0, 3, 3],
			"to": [1.5, 6, 13],
			"faces": {
				"north": {"uv": [4.5, 10, 3, 13], "texture": "#0", "cullface": "west"},
				"south": {"uv": [13, 10, 11.5, 13], "texture": "#0", "cullface": "west"},
				"west": {"uv": [3, 10, 13, 13], "texture": "#0", "cullface": "west"},
				"up": {"uv": [13, 10, 3, 11.5], "rotation": 270, "texture": "#0", "cullface": "west"},
				"down": {"uv": [13, 11.5, 3, 13], "rotation": 90, "texture": "#0", "cullface": "west"}
			}
		},
		{
			"from": [0, 10, 3],
			"to": [1.5, 13, 13],
			"faces": {
				"north": {"uv": [4.5, 3, 3, 6], "texture": "#0", "cullface": "west"},
				"south": {"uv": [13, 3, 11.5, 6], "texture": "#0", "cullface": "west"},
				"west": {"uv": [3, 3, 13, 6], "texture": "#0", "cullface": "west"},
				"up": {"uv": [13, 3, 3, 4.5], "rotation": 270, "texture": "#0", "cullface": "west"},
				"down": {"uv": [13, 4.5, 3, 6], "rotation": 90, "texture": "#0", "cullface": "west"}
			}
		},
		{
			"from": [0, 6, 10],
			"to": [1.5, 10, 13],
			"faces": {
				"north": {"uv": [11.5, 6, 10, 10], "texture": "#0", "cullface": "west"},
				"south": {"uv": [13, 6, 11.5, 10], "texture": "#0", "cullface": "west"},
				"west": {"uv": [10, 6, 13, 10], "texture": "#0", "cullface": "west"}
			}
		},
		{
			"from": [0, 6, 3],
			"to": [1.5, 10, 6],
			"faces": {
				"north": {"uv": [4.5, 6, 3, 10], "texture": "#0", "cullface": "west"},
				"south": {"uv": [6, 6, 4.5, 10], "texture": "#0", "cullface": "west"},
				"west": {"uv": [3, 6, 6, 10], "texture": "#0", "cullface": "west"}
			}
		},
		{
			"from": [0, 2.5, 13.5],
			"to": [0.5, 13.5, 16],
			"faces": {
				"north": {"uv": [13.5, 2.5, 14, 13.5], "texture": "#0", "cullface": "west"},
				"west": {"uv": [13.5, 2.5, 16, 13.5], "texture": "#0", "cullface": "west"}
			}
		},
		{
			"from": [0, 2.5, 0],
			"to": [0.5, 13.5, 2.5],
			"faces": {
				"south": {"uv": [2, 2.5, 2.5, 13.5], "texture": "#0", "cullface": "west"},
				"west": {"uv": [0, 2.5, 2.5, 13.5], "texture": "#0", "cullface": "west"}
			}
		},
		{
			"from": [0.5, 13, 2.5],
			"to": [0.5, 13.5, 13.5],
			"faces": {
				"west": {"uv": [2.5, 2.5, 13.5, 3], "texture": "#0", "cullface": "west"}
			}
		},
		{
			"from": [0.5, 2.5, 2.5],
			"to": [0.5, 3, 13.5],
			"faces": {
				"west": {"uv": [2.5, 13, 13.5, 13.5], "texture": "#0", "cullface": "west"}
			}
		},
		{
			"from": [0.5, 3, 13],
			"to": [0.5, 13, 13.5],
			"faces": {
				"west": {"uv": [13, 3, 13.5, 13], "texture": "#0", "cullface": "west"}
			}
		},
		{
			"from": [0.5, 3, 2.5],
			"to": [0.5, 13, 3],
			"faces": {
				"west": {"uv": [2.5, 3, 3, 13], "texture": "#0", "cullface": "west"}
			}
		},
		{
			"from": [6, 1, 6],
			"to": [10, 1, 10],
			"faces": {
				"down": {"uv": [6, 6, 10, 10], "texture": "#0", "cullface": "down"}
			}
		},
		{
			"from": [0, 0, 0],
			"to": [16, 0.5, 2.5],
			"faces": {
				"south": {"uv": [16, 13.5, 0, 14], "rotation": 180, "texture": "#0", "cullface": "down"},
				"down": {"uv": [0, 13.5, 16, 16], "texture": "#0", "cullface": "down"}
			}
		},
		{
			"from": [0, 0, 13.5],
			"to": [16, 0.5, 16],
			"faces": {
				"north": {"uv": [16, 2, 0, 2.5], "texture": "#0", "cullface": "down"},
				"down": {"uv": [0, 0, 16, 2.5], "texture": "#0", "cullface": "down"}
			}
		},
		{
			"from": [3, 0, 3],
			"to": [13, 1.5, 6],
			"faces": {
				"north": {"uv": [13, 11.5, 3, 13], "texture": "#0", "cullface": "down"},
				"east": {"uv": [13, 10, 11.5, 13], "rotation": 270, "texture": "#0", "cullface": "down"},
				"south": {"uv": [13, 10, 3, 11.5], "rotation": 180, "texture": "#0", "cullface": "down"},
				"west": {"uv": [4.5, 10, 3, 13], "rotation": 90, "texture": "#0", "cullface": "down"},
				"down": {"uv": [3, 10, 13, 13], "texture": "#0", "cullface": "down"}
			}
		},
		{
			"from": [3, 0, 10],
			"to": [13, 1.5, 13],
			"faces": {
				"north": {"uv": [13, 4.5, 3, 6], "texture": "#0", "cullface": "down"},
				"east": {"uv": [13, 3, 11.5, 6], "rotation": 270, "texture": "#0", "cullface": "down"},
				"south": {"uv": [13, 3, 3, 4.5], "rotation": 180, "texture": "#0", "cullface": "down"},
				"west": {"uv": [4.5, 3, 3, 6], "rotation": 90, "texture": "#0", "cullface": "down"},
				"down": {"uv": [3, 3, 13, 6], "texture": "#0", "cullface": "down"}
			}
		},
		{
			"from": [10, 0, 6],
			"to": [13, 1.5, 10],
			"faces": {
				"east": {"uv": [13, 6, 11.5, 10], "rotation": 270, "texture": "#0", "cullface": "down"},
				"west": {"uv": [11.5, 6, 10, 10], "rotation": 90, "texture": "#0", "cullface": "down"},
				"down": {"uv": [10, 6, 13, 10], "texture": "#0", "cullface": "down"}
			}
		},
		{
			"from": [3, 0, 6],
			"to": [6, 1.5, 10],
			"faces": {
				"east": {"uv": [6, 6, 4.5, 10], "rotation": 270, "texture": "#0", "cullface": "down"},
				"west": {"uv": [4.5, 6, 3, 10], "rotation": 90, "texture": "#0", "cullface": "down"},
				"down": {"uv": [3, 6, 6, 10], "texture": "#0", "cullface": "down"}
			}
		},
		{
			"from": [13.5, 0, 2.5],
			"to": [16, 0.5, 13.5],
			"faces": {
				"west": {"uv": [13.5, 2.5, 14, 13.5], "rotation": 90, "texture": "#0", "cullface": "down"},
				"down": {"uv": [13.5, 2.5, 16, 13.5], "texture": "#0", "cullface": "down"}
			}
		},
		{
			"from": [0, 0, 2.5],
			"to": [2.5, 0.5, 13.5],
			"faces": {
				"east": {"uv": [2, 2.5, 2.5, 13.5], "rotation": 270, "texture": "#0", "cullface": "down"},
				"down": {"uv": [0, 2.5, 2.5, 13.5], "texture": "#0", "cullface": "down"}
			}
		},
		{
			"from": [2.5, 0.5, 13],
			"to": [13.5, 0.5, 13.5],
			"faces": {
				"down": {"uv": [2.5, 2.5, 13.5, 3], "texture": "#0", "cullface": "down"}
			}
		},
		{
			"from": [2.5, 0.5, 2.5],
			"to": [13.5, 0.5, 3],
			"faces": {
				"down": {"uv": [2.5, 13, 13.5, 13.5], "texture": "#0", "cullface": "down"}
			}
		},
		{
			"from": [13, 0.5, 3],
			"to": [13.5, 0.5, 13],
			"faces": {
				"down": {"uv": [13, 3, 13.5, 13], "texture": "#0", "cullface": "down"}
			}
		},
		{
			"from": [2.5, 0.5, 3],
			"to": [3, 0.5, 13],
			"faces": {
				"down": {"uv": [2.5, 3, 3, 13], "texture": "#0", "cullface": "down"}
			}
		}
	],
	"groups": [
		{
			"name": "north",
			"origin": [8, 8, 8],
			"children": [0, 1, 2, 3, 4, 5, 6, 7, 8, 9, 10, 11, 12]
		},
		{
			"name": "south",
			"origin": [8, 8, 8],
			"children": [13, 14, 15, 16, 17, 18, 19, 20, 21, 22, 23, 24, 25]
		},
		{
			"name": "up",
			"origin": [8, 8, 8],
			"children": [26, 27, 28, 29, 30, 31, 32, 33, 34, 35, 36, 37, 38]
		},
		{
			"name": "east",
			"origin": [8, 8, 8],
			"children": [39, 40, 41, 42, 43, 44, 45, 46, 47, 48, 49, 50, 51]
		},
		{
			"name": "west",
			"origin": [8, 8, 8],
			"children": [52, 53, 54, 55, 56, 57, 58, 59, 60, 61, 62, 63, 64]
		},
		{
			"name": "down",
			"origin": [8, 8, 8],
			"children": [65, 66, 67, 68, 69, 70, 71, 72, 73, 74, 75, 76, 77]
		}
	]
}