{
	"credit": "Made with Blockbench by Juknum",
	"parent": "block/block",
	"textures": {
		"0": "block/chiseled_polished_blackstone",
		"particle": "block/chiseled_polished_blackstone"
	},
	"elements": [
		{
			"from": [0, 0, 0],
			"to": [16, 2.5, 0.5],
			"faces": {
				"north": {"uv": [0, 13.5, 16, 16], "texture": "#0", "cullface": "north"},
				"up": {"uv": [16, 13.5, 0, 14], "texture": "#0", "cullface": "north"}
			}
		},
		{
			"from": [0, 13.5, 0],
			"to": [16, 16, 0.5],
			"faces": {
				"north": {"uv": [0, 0, 16, 2.5], "texture": "#0", "cullface": "north"},
				"down": {"uv": [16, 2, 0, 2.5], "texture": "#0", "cullface": "north"}
			}
		},
		{
			"from": [0, 2.5, 0],
			"to": [2.5, 13.5, 0.5],
			"faces": {
				"north": {"uv": [13.5, 2.5, 16, 13.5], "texture": "#0", "cullface": "north"},
				"east": {"uv": [13.5, 2.5, 14, 13.5], "texture": "#0", "cullface": "north"}
			}
		},
		{
			"from": [13.5, 2.5, 0],
			"to": [16, 13.5, 0.5],
			"faces": {
				"north": {"uv": [0, 2.5, 2.5, 13.5], "texture": "#0", "cullface": "north"},
				"west": {"uv": [2, 2.5, 2.5, 13.5], "texture": "#0", "cullface": "north"}
			}
		},
		{
			"from": [2.5, 2.5, 0.5],
			"to": [13.5, 13.5, 0.5],
			"faces": {
				"north": {"uv": [2.5, 2.5, 13.5, 13.5], "texture": "#0", "cullface": "north"}
			}
		},
		{
			"from": [4.5, 5.5, 0],
			"to": [6, 10, 0.5],
			"faces": {
				"north": {"uv": [10, 6, 11.5, 10.5], "texture": "#0", "cullface": "north"},
				"east": {"uv": [6, 7, 6.5, 9], "texture": "#0", "cullface": "north"},
				"west": {"uv": [11, 6, 11.5, 10.5], "texture": "#0", "cullface": "north"},
				"up": {"uv": [11.5, 6, 10, 6.5], "texture": "#0", "cullface": "north"},
				"down": {"uv": [11.5, 10, 10, 10.5], "texture": "#0", "cullface": "north"}
			}
		},
		{
			"from": [6, 5.5, 0],
			"to": [10, 7, 0.5],
			"faces": {
				"north": {"uv": [6, 9, 10, 10.5], "texture": "#0", "cullface": "north"},
				"up": {"uv": [6, 7, 6.5, 9], "texture": "#0", "cullface": "north"},
				"down": {"uv": [10, 10, 6, 10.5], "texture": "#0", "cullface": "north"}
			}
		},
		{
			"from": [10, 5.5, 0],
			"to": [11.5, 10, 0.5],
			"faces": {
				"north": {"uv": [4.5, 6, 6, 10.5], "texture": "#0", "cullface": "north"},
				"east": {"uv": [4.5, 6, 5, 10.5], "texture": "#0", "cullface": "north"},
				"west": {"uv": [6, 7, 6.5, 9], "texture": "#0", "cullface": "north"},
				"up": {"uv": [4.5, 6, 6, 6.5], "texture": "#0", "cullface": "north"},
				"down": {"uv": [6, 10, 4.5, 10.5], "texture": "#0", "cullface": "north"}
			}
		},
		{
			"from": [6, 9, 0],
			"to": [10, 10, 0.5],
			"faces": {
				"north": {"uv": [6, 6, 10, 7], "texture": "#0", "cullface": "north"},
				"up": {"uv": [6, 6, 10, 6.5], "texture": "#0", "cullface": "north"},
				"down": {"uv": [6, 7, 6.5, 9], "texture": "#0", "cullface": "north"}
			}
		},
		{
			"from": [6.5, 7, 0],
			"to": [9.5, 9, 0.5],
			"faces": {
				"north": {"uv": [6.5, 7, 9.5, 9], "texture": "#0", "cullface": "north"},
				"east": {"uv": [6, 7, 6.5, 9], "texture": "#0", "cullface": "north"},
				"west": {"uv": [6, 7, 6.5, 9], "texture": "#0", "cullface": "north"}
			}
		},
		{
			"from": [0, 0, 0],
			"to": [0.5, 2.5, 16],
			"faces": {
				"west": {"uv": [0, 13.5, 16, 16], "texture": "#0", "cullface": "west"},
				"up": {"uv": [16, 13.5, 0, 14], "rotation": 270, "texture": "#0", "cullface": "west"}
			}
		},
		{
			"from": [0, 13.5, 0],
			"to": [0.5, 16, 16],
			"faces": {
				"west": {"uv": [0, 0, 16, 2.5], "texture": "#0", "cullface": "west"},
				"down": {"uv": [16, 2, 0, 2.5], "rotation": 90, "texture": "#0", "cullface": "west"}
			}
		},
		{
			"from": [0, 2.5, 13.5],
			"to": [0.5, 13.5, 16],
			"faces": {
				"north": {"uv": [13.5, 2.5, 14, 13.5], "texture": "#0", "cullface": "west"},
				"west": {"uv": [13.5, 2.5, 16, 13.5], "texture": "#0", "cullface": "west"}
			}
		},
		{
			"from": [0, 2.5, 0],
			"to": [0.5, 13.5, 2.5],
			"faces": {
				"south": {"uv": [2, 2.5, 2.5, 13.5], "texture": "#0", "cullface": "west"},
				"west": {"uv": [0, 2.5, 2.5, 13.5], "texture": "#0", "cullface": "west"}
			}
		},
		{
			"from": [0.5, 2.5, 2.5],
			"to": [0.5, 13.5, 13.5],
			"faces": {
				"west": {"uv": [2.5, 2.5, 13.5, 13.5], "texture": "#0", "cullface": "west"}
			}
		},
		{
			"from": [0, 5.5, 10],
			"to": [0.5, 10, 11.5],
			"faces": {
				"north": {"uv": [6, 7, 6.5, 9], "texture": "#0", "cullface": "west"},
				"south": {"uv": [11, 6, 11.5, 10.5], "texture": "#0", "cullface": "west"},
				"west": {"uv": [10, 6, 11.5, 10.5], "texture": "#0", "cullface": "west"},
				"up": {"uv": [11.5, 6, 10, 6.5], "rotation": 270, "texture": "#0", "cullface": "west"},
				"down": {"uv": [11.5, 10, 10, 10.5], "rotation": 90, "texture": "#0", "cullface": "west"}
			}
		},
		{
			"from": [0, 5.5, 6],
			"to": [0.5, 7, 10],
			"faces": {
				"west": {"uv": [6, 9, 10, 10.5], "texture": "#0", "cullface": "west"},
				"up": {"uv": [6, 7, 6.5, 9], "rotation": 270, "texture": "#0", "cullface": "west"},
				"down": {"uv": [10, 10, 6, 10.5], "rotation": 90, "texture": "#0", "cullface": "west"}
			}
		},
		{
			"from": [0, 5.5, 4.5],
			"to": [0.5, 10, 6],
			"faces": {
				"north": {"uv": [4.5, 6, 5, 10.5], "texture": "#0", "cullface": "west"},
				"south": {"uv": [6, 7, 6.5, 9], "texture": "#0", "cullface": "west"},
				"west": {"uv": [4.5, 6, 6, 10.5], "texture": "#0", "cullface": "west"},
				"up": {"uv": [4.5, 6, 6, 6.5], "rotation": 270, "texture": "#0", "cullface": "west"},
				"down": {"uv": [6, 10, 4.5, 10.5], "rotation": 90, "texture": "#0", "cullface": "west"}
			}
		},
		{
			"from": [0, 9, 6],
			"to": [0.5, 10, 10],
			"faces": {
				"west": {"uv": [6, 6, 10, 7], "texture": "#0", "cullface": "west"},
				"up": {"uv": [6, 6, 10, 6.5], "rotation": 270, "texture": "#0", "cullface": "west"},
				"down": {"uv": [6, 7, 6.5, 9], "rotation": 90, "texture": "#0", "cullface": "west"}
			}
		},
		{
			"from": [0, 7, 6.5],
			"to": [0.5, 9, 9.5],
			"faces": {
				"north": {"uv": [6, 7, 6.5, 9], "texture": "#0", "cullface": "west"},
				"south": {"uv": [6, 7, 6.5, 9], "texture": "#0", "cullface": "west"},
				"west": {"uv": [6.5, 7, 9.5, 9], "texture": "#0", "cullface": "west"}
			}
		},
		{
			"from": [0, 0, 15.5],
			"to": [16, 2.5, 16],
			"faces": {
				"south": {"uv": [0, 13.5, 16, 16], "texture": "#0", "cullface": "south"},
				"up": {"uv": [16, 13.5, 0, 14], "rotation": 180, "texture": "#0", "cullface": "south"}
			}
		},
		{
			"from": [0, 13.5, 15.5],
			"to": [16, 16, 16],
			"faces": {
				"south": {"uv": [0, 0, 16, 2.5], "texture": "#0", "cullface": "south"},
				"down": {"uv": [16, 2, 0, 2.5], "rotation": 180, "texture": "#0", "cullface": "south"}
			}
		},
		{
			"from": [13.5, 2.5, 15.5],
			"to": [16, 13.5, 16],
			"faces": {
				"south": {"uv": [13.5, 2.5, 16, 13.5], "texture": "#0", "cullface": "south"},
				"west": {"uv": [13.5, 2.5, 14, 13.5], "texture": "#0", "cullface": "south"}
			}
		},
		{
			"from": [0, 2.5, 15.5],
			"to": [2.5, 13.5, 16],
			"faces": {
				"east": {"uv": [2, 2.5, 2.5, 13.5], "texture": "#0", "cullface": "south"},
				"south": {"uv": [0, 2.5, 2.5, 13.5], "texture": "#0", "cullface": "south"}
			}
		},
		{
			"from": [2.5, 2.5, 15.5],
			"to": [13.5, 13.5, 15.5],
			"faces": {
				"south": {"uv": [2.5, 2.5, 13.5, 13.5], "texture": "#0", "cullface": "south"}
			}
		},
		{
			"from": [10, 5.5, 15.5],
			"to": [11.5, 10, 16],
			"faces": {
				"east": {"uv": [11, 6, 11.5, 10.5], "texture": "#0", "cullface": "south"},
				"south": {"uv": [10, 6, 11.5, 10.5], "texture": "#0", "cullface": "south"},
				"west": {"uv": [6, 7, 6.5, 9], "texture": "#0", "cullface": "south"},
				"up": {"uv": [11.5, 6, 10, 6.5], "rotation": 180, "texture": "#0", "cullface": "south"},
				"down": {"uv": [11.5, 10, 10, 10.5], "rotation": 180, "texture": "#0", "cullface": "south"}
			}
		},
		{
			"from": [6, 5.5, 15.5],
			"to": [10, 7, 16],
			"faces": {
				"south": {"uv": [6, 9, 10, 10.5], "texture": "#0", "cullface": "south"},
				"up": {"uv": [6, 7, 6.5, 9], "rotation": 180, "texture": "#0", "cullface": "south"},
				"down": {"uv": [10, 10, 6, 10.5], "rotation": 180, "texture": "#0", "cullface": "south"}
			}
		},
		{
			"from": [4.5, 5.5, 15.5],
			"to": [6, 10, 16],
			"faces": {
				"east": {"uv": [6, 7, 6.5, 9], "texture": "#0", "cullface": "south"},
				"south": {"uv": [4.5, 6, 6, 10.5], "texture": "#0", "cullface": "south"},
				"west": {"uv": [4.5, 6, 5, 10.5], "texture": "#0", "cullface": "south"},
				"up": {"uv": [4.5, 6, 6, 6.5], "rotation": 180, "texture": "#0", "cullface": "south"},
				"down": {"uv": [6, 10, 4.5, 10.5], "rotation": 180, "texture": "#0", "cullface": "south"}
			}
		},
		{
			"from": [6, 9, 15.5],
			"to": [10, 10, 16],
			"faces": {
				"south": {"uv": [6, 6, 10, 7], "texture": "#0", "cullface": "south"},
				"up": {"uv": [6, 6, 10, 6.5], "rotation": 180, "texture": "#0", "cullface": "south"},
				"down": {"uv": [6, 7, 6.5, 9], "rotation": 180, "texture": "#0", "cullface": "south"}
			}
		},
		{
			"from": [6.5, 7, 15.5],
			"to": [9.5, 9, 16],
			"faces": {
				"east": {"uv": [6, 7, 6.5, 9], "texture": "#0", "cullface": "south"},
				"south": {"uv": [6.5, 7, 9.5, 9], "texture": "#0", "cullface": "south"},
				"west": {"uv": [6, 7, 6.5, 9], "texture": "#0", "cullface": "south"}
			}
		},
		{
			"from": [15.5, 0, 0],
			"to": [16, 2.5, 16],
			"faces": {
				"east": {"uv": [0, 13.5, 16, 16], "texture": "#0", "cullface": "east"},
				"up": {"uv": [16, 13.5, 0, 14], "rotation": 90, "texture": "#0", "cullface": "east"}
			}
		},
		{
			"from": [15.5, 13.5, 0],
			"to": [16, 16, 16],
			"faces": {
				"east": {"uv": [0, 0, 16, 2.5], "texture": "#0", "cullface": "east"},
				"down": {"uv": [16, 2, 0, 2.5], "rotation": 270, "texture": "#0", "cullface": "east"}
			}
		},
		{
			"from": [15.5, 2.5, 0],
			"to": [16, 13.5, 2.5],
			"faces": {
				"east": {"uv": [13.5, 2.5, 16, 13.5], "texture": "#0", "cullface": "east"},
				"south": {"uv": [13.5, 2.5, 14, 13.5], "texture": "#0", "cullface": "east"}
			}
		},
		{
			"from": [15.5, 2.5, 13.5],
			"to": [16, 13.5, 16],
			"faces": {
				"north": {"uv": [2, 2.5, 2.5, 13.5], "texture": "#0", "cullface": "east"},
				"east": {"uv": [0, 2.5, 2.5, 13.5], "texture": "#0", "cullface": "east"}
			}
		},
		{
			"from": [15.5, 2.5, 2.5],
			"to": [15.5, 13.5, 13.5],
			"faces": {
				"east": {"uv": [2.5, 2.5, 13.5, 13.5], "texture": "#0", "cullface": "east"}
			}
		},
		{
			"from": [15.5, 5.5, 4.5],
			"to": [16, 10, 6],
			"faces": {
				"north": {"uv": [11, 6, 11.5, 10.5], "texture": "#0", "cullface": "east"},
				"east": {"uv": [10, 6, 11.5, 10.5], "texture": "#0", "cullface": "east"},
				"south": {"uv": [6, 7, 6.5, 9], "texture": "#0", "cullface": "east"},
				"up": {"uv": [11.5, 6, 10, 6.5], "rotation": 90, "texture": "#0", "cullface": "east"},
				"down": {"uv": [11.5, 10, 10, 10.5], "rotation": 270, "texture": "#0", "cullface": "east"}
			}
		},
		{
			"from": [15.5, 5.5, 6],
			"to": [16, 7, 10],
			"faces": {
				"east": {"uv": [6, 9, 10, 10.5], "texture": "#0", "cullface": "east"},
				"up": {"uv": [6, 7, 6.5, 9], "rotation": 90, "texture": "#0", "cullface": "east"},
				"down": {"uv": [10, 10, 6, 10.5], "rotation": 270, "texture": "#0", "cullface": "east"}
			}
		},
		{
			"from": [15.5, 5.5, 10],
			"to": [16, 10, 11.5],
			"faces": {
				"north": {"uv": [6, 7, 6.5, 9], "texture": "#0", "cullface": "east"},
				"east": {"uv": [4.5, 6, 6, 10.5], "texture": "#0", "cullface": "east"},
				"south": {"uv": [4.5, 6, 5, 10.5], "texture": "#0", "cullface": "east"},
				"up": {"uv": [4.5, 6, 6, 6.5], "rotation": 90, "texture": "#0", "cullface": "east"},
				"down": {"uv": [6, 10, 4.5, 10.5], "rotation": 270, "texture": "#0", "cullface": "east"}
			}
		},
		{
			"from": [15.5, 9, 6],
			"to": [16, 10, 10],
			"faces": {
				"east": {"uv": [6, 6, 10, 7], "texture": "#0", "cullface": "east"},
				"up": {"uv": [6, 6, 10, 6.5], "rotation": 90, "texture": "#0", "cullface": "east"},
				"down": {"uv": [6, 7, 6.5, 9], "rotation": 270, "texture": "#0", "cullface": "east"}
			}
		},
		{
			"from": [15.5, 7, 6.5],
			"to": [16, 9, 9.5],
			"faces": {
				"north": {"uv": [6, 7, 6.5, 9], "texture": "#0", "cullface": "east"},
				"east": {"uv": [6.5, 7, 9.5, 9], "texture": "#0", "cullface": "east"},
				"south": {"uv": [6, 7, 6.5, 9], "texture": "#0", "cullface": "east"}
			}
		},
		{
			"from": [0, 15.5, 13.5],
			"to": [16, 16, 16],
			"faces": {
				"north": {"uv": [16, 13.5, 0, 14], "texture": "#0", "cullface": "up"},
				"up": {"uv": [0, 13.5, 16, 16], "texture": "#0", "cullface": "up"}
			}
		},
		{
			"from": [0, 15.5, 0],
			"to": [16, 16, 2.5],
			"faces": {
				"south": {"uv": [16, 2, 0, 2.5], "rotation": 180, "texture": "#0", "cullface": "up"},
				"up": {"uv": [0, 0, 16, 2.5], "texture": "#0", "cullface": "up"}
			}
		},
		{
			"from": [13.5, 15.5, 2.5],
			"to": [16, 16, 13.5],
			"faces": {
				"west": {"uv": [13.5, 2.5, 14, 13.5], "rotation": 270, "texture": "#0", "cullface": "up"},
				"up": {"uv": [13.5, 2.5, 16, 13.5], "texture": "#0", "cullface": "up"}
			}
		},
		{
			"from": [0, 15.5, 2.5],
			"to": [2.5, 16, 13.5],
			"faces": {
				"east": {"uv": [2, 2.5, 2.5, 13.5], "rotation": 90, "texture": "#0", "cullface": "up"},
				"up": {"uv": [0, 2.5, 2.5, 13.5], "texture": "#0", "cullface": "up"}
			}
		},
		{
			"from": [2.5, 15.5, 2.5],
			"to": [13.5, 15.5, 13.5],
			"faces": {
				"up": {"uv": [2.5, 2.5, 13.5, 13.5], "texture": "#0", "cullface": "up"}
			}
		},
		{
			"from": [10, 15.5, 6],
			"to": [11.5, 16, 10.5],
			"faces": {
				"north": {"uv": [11.5, 6, 10, 6.5], "texture": "#0", "cullface": "up"},
				"east": {"uv": [11, 6, 11.5, 10.5], "rotation": 90, "texture": "#0", "cullface": "up"},
				"south": {"uv": [11.5, 10, 10, 10.5], "rotation": 180, "texture": "#0", "cullface": "up"},
				"west": {"uv": [6, 7, 6.5, 9], "rotation": 270, "texture": "#0", "cullface": "up"},
				"up": {"uv": [10, 6, 11.5, 10.5], "texture": "#0", "cullface": "up"}
			}
		},
		{
			"from": [6, 15.5, 9],
			"to": [10, 16, 10.5],
			"faces": {
				"north": {"uv": [6, 7, 6.5, 9], "texture": "#0", "cullface": "up"},
				"south": {"uv": [10, 10, 6, 10.5], "rotation": 180, "texture": "#0", "cullface": "up"},
				"up": {"uv": [6, 9, 10, 10.5], "texture": "#0", "cullface": "up"}
			}
		},
		{
			"from": [4.5, 15.5, 6],
			"to": [6, 16, 10.5],
			"faces": {
				"north": {"uv": [4.5, 6, 6, 6.5], "texture": "#0", "cullface": "up"},
				"east": {"uv": [6, 7, 6.5, 9], "rotation": 90, "texture": "#0", "cullface": "up"},
				"south": {"uv": [6, 10, 4.5, 10.5], "rotation": 180, "texture": "#0", "cullface": "up"},
				"west": {"uv": [4.5, 6, 5, 10.5], "rotation": 270, "texture": "#0", "cullface": "up"},
				"up": {"uv": [4.5, 6, 6, 10.5], "texture": "#0", "cullface": "up"}
			}
		},
		{
			"from": [6, 15.5, 6],
			"to": [10, 16, 7],
			"faces": {
				"north": {"uv": [6, 6, 10, 6.5], "texture": "#0", "cullface": "up"},
				"south": {"uv": [6, 7, 6.5, 9], "rotation": 180, "texture": "#0", "cullface": "up"},
				"up": {"uv": [6, 6, 10, 7], "texture": "#0", "cullface": "up"}
			}
		},
		{
			"from": [6.5, 15.5, 7],
			"to": [9.5, 16, 9],
			"faces": {
				"east": {"uv": [6, 7, 6.5, 9], "rotation": 90, "texture": "#0", "cullface": "up"},
				"west": {"uv": [6, 7, 6.5, 9], "rotation": 270, "texture": "#0", "cullface": "up"},
				"up": {"uv": [6.5, 7, 9.5, 9], "texture": "#0", "cullface": "up"}
			}
		},
		{
			"from": [0, 0, 0],
			"to": [16, 0.5, 2.5],
			"faces": {
				"south": {"uv": [16, 13.5, 0, 14], "rotation": 180, "texture": "#0", "cullface": "down"},
				"down": {"uv": [0, 13.5, 16, 16], "texture": "#0", "cullface": "down"}
			}
		},
		{
			"from": [0, 0, 13.5],
			"to": [16, 0.5, 16],
			"faces": {
				"north": {"uv": [16, 2, 0, 2.5], "texture": "#0", "cullface": "down"},
				"down": {"uv": [0, 0, 16, 2.5], "texture": "#0", "cullface": "down"}
			}
		},
		{
			"from": [13.5, 0, 2.5],
			"to": [16, 0.5, 13.5],
			"faces": {
				"west": {"uv": [13.5, 2.5, 14, 13.5], "rotation": 90, "texture": "#0", "cullface": "down"},
				"down": {"uv": [13.5, 2.5, 16, 13.5], "texture": "#0", "cullface": "down"}
			}
		},
		{
			"from": [0, 0, 2.5],
			"to": [2.5, 0.5, 13.5],
			"faces": {
				"east": {"uv": [2, 2.5, 2.5, 13.5], "rotation": 270, "texture": "#0", "cullface": "down"},
				"down": {"uv": [0, 2.5, 2.5, 13.5], "texture": "#0", "cullface": "down"}
			}
		},
		{
			"from": [2.5, 0.5, 2.5],
			"to": [13.5, 0.5, 13.5],
			"faces": {
				"down": {"uv": [2.5, 2.5, 13.5, 13.5], "texture": "#0", "cullface": "down"}
			}
		},
		{
			"from": [10, 0, 5.5],
			"to": [11.5, 0.5, 10],
			"faces": {
				"north": {"uv": [11.5, 10, 10, 10.5], "texture": "#0", "cullface": "down"},
				"east": {"uv": [11, 6, 11.5, 10.5], "rotation": 270, "texture": "#0", "cullface": "down"},
				"south": {"uv": [11.5, 6, 10, 6.5], "rotation": 180, "texture": "#0", "cullface": "down"},
				"west": {"uv": [6, 7, 6.5, 9], "rotation": 90, "texture": "#0", "cullface": "down"},
				"down": {"uv": [10, 6, 11.5, 10.5], "texture": "#0", "cullface": "down"}
			}
		},
		{
			"from": [6, 0, 5.5],
			"to": [10, 0.5, 7],
			"faces": {
				"north": {"uv": [10, 10, 6, 10.5], "texture": "#0", "cullface": "down"},
				"south": {"uv": [6, 7, 6.5, 9], "rotation": 180, "texture": "#0", "cullface": "down"},
				"down": {"uv": [6, 9, 10, 10.5], "texture": "#0", "cullface": "down"}
			}
		},
		{
			"from": [4.5, 0, 5.5],
			"to": [6, 0.5, 10],
			"faces": {
				"north": {"uv": [6, 10, 4.5, 10.5], "texture": "#0", "cullface": "down"},
				"east": {"uv": [6, 7, 6.5, 9], "rotation": 270, "texture": "#0", "cullface": "down"},
				"south": {"uv": [4.5, 6, 6, 6.5], "rotation": 180, "texture": "#0", "cullface": "down"},
				"west": {"uv": [4.5, 6, 5, 10.5], "rotation": 90, "texture": "#0", "cullface": "down"},
				"down": {"uv": [4.5, 6, 6, 10.5], "texture": "#0", "cullface": "down"}
			}
		},
		{
			"from": [6, 0, 9],
			"to": [10, 0.5, 10],
			"faces": {
				"north": {"uv": [6, 7, 6.5, 9], "texture": "#0", "cullface": "down"},
				"south": {"uv": [6, 6, 10, 6.5], "rotation": 180, "texture": "#0", "cullface": "down"},
				"down": {"uv": [6, 6, 10, 7], "texture": "#0", "cullface": "down"}
			}
		},
		{
			"from": [6.5, 0, 7],
			"to": [9.5, 0.5, 9],
			"faces": {
				"east": {"uv": [6, 7, 6.5, 9], "rotation": 270, "texture": "#0", "cullface": "down"},
				"west": {"uv": [6, 7, 6.5, 9], "rotation": 90, "texture": "#0", "cullface": "down"},
				"down": {"uv": [6.5, 7, 9.5, 9], "texture": "#0", "cullface": "down"}
			}
		}
	],
	"groups": [
		{
			"name": "north",
			"origin": [8, 8, 8],
			"children": [0, 1, 2, 3, 4, 5, 6, 7, 8, 9]
		},
		{
			"name": "west",
			"origin": [8, 8, 8],
			"children": [10, 11, 12, 13, 14, 15, 16, 17, 18, 19]
		},
		{
			"name": "south",
			"origin": [8, 8, 8],
			"children": [20, 21, 22, 23, 24, 25, 26, 27, 28, 29]
		},
		{
			"name": "east",
			"origin": [8, 8, 8],
			"children": [30, 31, 32, 33, 34, 35, 36, 37, 38, 39]
		},
		{
			"name": "top",
			"origin": [8, 8, 8],
			"children": [40, 41, 42, 43, 44, 45, 46, 47, 48, 49]
		},
		{
			"name": "bottom",
			"origin": [8, 8, 8],
			"children": [50, 51, 52, 53, 54, 55, 56, 57, 58, 59]
		}
	]
}