{
	"credit": "Made with Blockbench by Juknum",
	"parent": "block/block",
	"textures": {
		"0": "block/chiseled_red_sandstone",
		"2": "block/red_sandstone_top",
		"particle": "block/chiseled_red_sandstone"
	},
	"elements": [
		{
			"from": [0, 0, 0],
			"to": [16, 16, 16],
			"faces": {
				"up": {"uv": [0, 0, 16, 16], "texture": "#2", "cullface": "up"},
				"down": {"uv": [0, 0, 16, 16], "texture": "#2", "cullface": "down"}
			}
		},
		{
			"from": [0.25, 0, 0.25],
			"to": [15.75, 16, 15.75],
			"faces": {
				"north": {"uv": [0.25, 0, 15.75, 16], "texture": "#0", "cullface": "north"},
				"east": {"uv": [0.25, 0, 15.75, 16], "texture": "#0", "cullface": "east"},
				"south": {"uv": [0.25, 0, 15.75, 16], "texture": "#0", "cullface": "south"},
				"west": {"uv": [0.25, 0, 15.75, 16], "texture": "#0", "cullface": "west"}
			}
		},
		{
			"from": [1, 1, -0.25],
			"to": [6.5, 6, 0.25],
			"rotation": {"angle": 0, "axis": "y", "origin": [8, 7.5, 0]},
			"faces": {
				"north": {"uv": [9.5, 10, 15, 15], "texture": "#0", "cullface": "north"},
				"east": {"uv": [9.5, 10, 10, 15], "texture": "#0", "cullface": "north"},
				"west": {"uv": [15, 10, 15.5, 15], "texture": "#0", "cullface": "north"},
				"up": {"uv": [16, 10, 9.5, 10.5], "texture": "#0", "cullface": "north"},
				"down": {"uv": [0, 15.5, 6.5, 16], "texture": "#2", "cullface": "north"}
			}
		},
		{
			"from": [9.5, 1, -0.25],
			"to": [15.99, 6, 0.25],
			"rotation": {"angle": 0, "axis": "y", "origin": [8, 7.5, 0]},
			"faces": {
				"north": {"uv": [0, 10, 6.5, 15], "texture": "#0", "cullface": "north"},
				"east": {"uv": [0, 10, 0.5, 15], "texture": "#0", "cullface": "north"},
				"west": {"uv": [6, 10, 6.5, 15], "texture": "#0", "cullface": "north"},
				"up": {"uv": [6.5, 10, 0, 10.5], "texture": "#0", "cullface": "north"},
				"down": {"uv": [9.5, 15.5, 16, 16], "texture": "#2", "cullface": "north"}
			}
		},
		{
			"from": [6.5, 1, -0.25],
			"to": [9.5, 1.5, 0.25],
			"rotation": {"angle": 0, "axis": "y", "origin": [8, 7.5, 0]},
			"faces": {
				"north": {"uv": [6.5, 14.5, 9.5, 15], "texture": "#0", "cullface": "north"},
				"up": {"uv": [9.5, 14.5, 6.5, 15], "texture": "#0", "cullface": "north"},
				"down": {"uv": [6.5, 15.5, 9.5, 16], "texture": "#2", "cullface": "north"}
			}
		},
		{
			"from": [8.5, 1.5, -0.25],
			"to": [9.5, 2.5, 0.25],
			"rotation": {"angle": 0, "axis": "y", "origin": [8, 7.5, 0]},
			"faces": {
				"north": {"uv": [6.5, 13.5, 7.5, 14.5], "texture": "#0", "cullface": "north"},
				"west": {"uv": [7, 13.5, 7.5, 14.5], "texture": "#0", "cullface": "north"},
				"up": {"uv": [7.5, 13.5, 6.5, 14], "texture": "#0", "cullface": "north"}
			}
		},
		{
			"from": [6.5, 3.5, -0.25],
			"to": [7.5, 4, 0.25],
			"rotation": {"angle": 0, "axis": "y", "origin": [8, 7.5, 0]},
			"faces": {
				"north": {"uv": [8.5, 12, 9.5, 12.5], "texture": "#0", "cullface": "north"},
				"east": {"uv": [8.5, 12, 9, 12.5], "texture": "#0", "cullface": "north"},
				"up": {"uv": [9.5, 12, 8.5, 12.5], "texture": "#0", "cullface": "north"},
				"down": {"uv": [9.5, 12, 8.5, 12.5], "texture": "#0", "cullface": "north"}
			}
		},
		{
			"from": [6.5, 1.5, -0.25],
			"to": [7.5, 2.5, 0.25],
			"rotation": {"angle": 0, "axis": "y", "origin": [8, 7.5, 0]},
			"faces": {
				"north": {"uv": [8.5, 13.5, 9.5, 14.5], "texture": "#0", "cullface": "north"},
				"east": {"uv": [8.5, 13.5, 9, 14.5], "texture": "#0", "cullface": "north"},
				"up": {"uv": [9.5, 13.5, 8.5, 14], "texture": "#0", "cullface": "north"}
			}
		},
		{
			"from": [8.5, 3.5, -0.25],
			"to": [9.5, 4, 0.25],
			"rotation": {"angle": 0, "axis": "y", "origin": [8, 7.5, 0]},
			"faces": {
				"north": {"uv": [6.5, 12, 7.5, 12.5], "texture": "#0", "cullface": "north"},
				"west": {"uv": [7, 12, 7.5, 12.5], "texture": "#0", "cullface": "north"},
				"up": {"uv": [7.5, 12, 6.5, 12.5], "texture": "#0", "cullface": "north"},
				"down": {"uv": [7.5, 12, 6.5, 12.5], "texture": "#0", "cullface": "north"}
			}
		},
		{
			"from": [6.5, 5, -0.25],
			"to": [7.5, 5.5, 0.25],
			"rotation": {"angle": 0, "axis": "y", "origin": [8, 7.5, 0]},
			"faces": {
				"north": {"uv": [8.5, 10.5, 9.5, 11], "texture": "#0", "cullface": "north"},
				"east": {"uv": [8.5, 10.5, 9, 11], "texture": "#0", "cullface": "north"},
				"up": {"uv": [9.5, 10.5, 8.5, 11], "texture": "#0", "cullface": "north"},
				"down": {"uv": [9.5, 10.5, 8.5, 11], "texture": "#0", "cullface": "north"}
			}
		},
		{
			"from": [8.5, 5, -0.25],
			"to": [9.5, 5.5, 0.25],
			"rotation": {"angle": 0, "axis": "y", "origin": [8, 7.5, 0]},
			"faces": {
				"north": {"uv": [6.5, 10.5, 7.5, 11], "texture": "#0", "cullface": "north"},
				"west": {"uv": [7, 10.5, 7.5, 11], "texture": "#0", "cullface": "north"},
				"up": {"uv": [7.5, 10.5, 6.5, 11], "texture": "#0", "cullface": "north"},
				"down": {"uv": [7.5, 10.5, 6.5, 11], "texture": "#0", "cullface": "north"}
			}
		},
		{
			"from": [9.5, 6, 0],
			"to": [16, 7, 0.25],
			"rotation": {"angle": 0, "axis": "y", "origin": [8, 7.5, 0]},
			"faces": {
				"north": {"uv": [0, 9, 6.5, 10], "texture": "#0", "cullface": "north"},
				"west": {"uv": [6, 9.5, 6.5, 10], "texture": "#0", "cullface": "north"},
				"up": {"uv": [6.5, 9, 0, 9.25], "texture": "#0", "cullface": "north"}
			}
		},
		{
			"from": [0, 6, 0],
			"to": [6.5, 7, 0.25],
			"rotation": {"angle": 0, "axis": "y", "origin": [8, 7.5, 0]},
			"faces": {
				"north": {"uv": [0, 9, 6.5, 10], "texture": "#0", "cullface": "north"},
				"east": {"uv": [9.5, 9, 9.75, 10], "texture": "#0", "cullface": "north"},
				"up": {"uv": [16, 9, 9.5, 9.25], "texture": "#0", "cullface": "north"}
			}
		},
		{
			"from": [0, 0, 0],
			"to": [16, 1, 0.25],
			"rotation": {"angle": 0, "axis": "y", "origin": [8, 1.5, 0]},
			"faces": {
				"north": {"uv": [0, 15, 16, 16], "texture": "#0", "cullface": "north"}
			}
		},
		{
			"from": [0, 1, 0],
			"to": [1, 6, 0.25],
			"rotation": {"angle": 0, "axis": "y", "origin": [8, 1.5, 0]},
			"faces": {
				"north": {"uv": [15, 10, 16, 15], "texture": "#0", "cullface": "north"}
			}
		},
		{
			"from": [0, 7, 0],
			"to": [1, 13, 0.25],
			"rotation": {"angle": 0, "axis": "y", "origin": [8, 7.5, 0]},
			"faces": {
				"north": {"uv": [15, 3, 16, 9], "texture": "#0", "cullface": "north"}
			}
		},
		{
			"from": [6.5, 8, -0.25],
			"to": [9.5, 9, 0.25],
			"rotation": {"angle": 0, "axis": "y", "origin": [8, 7.5, 0]},
			"faces": {
				"north": {"uv": [6.5, 7, 9.5, 8], "texture": "#0", "cullface": "north"},
				"east": {"uv": [6.5, 7, 7, 8], "texture": "#0", "cullface": "north"},
				"west": {"uv": [9, 7, 9.5, 8], "texture": "#0", "cullface": "north"},
				"up": {"uv": [9.5, 7, 6.5, 7.5], "texture": "#0", "cullface": "north"},
				"down": {"uv": [9.5, 7.5, 6.5, 8], "texture": "#0", "cullface": "north"}
			}
		},
		{
			"from": [6.5, 10, -0.25],
			"to": [9.5, 11, 0.25],
			"rotation": {"angle": 0, "axis": "y", "origin": [8, 7.5, 0]},
			"faces": {
				"north": {"uv": [6.5, 5, 9.5, 6], "texture": "#0", "cullface": "north"},
				"east": {"uv": [6.5, 5, 7, 6], "texture": "#0", "cullface": "north"},
				"west": {"uv": [9, 5, 9.5, 6], "texture": "#0", "cullface": "north"},
				"up": {"uv": [9.5, 5, 6.5, 5.5], "texture": "#0", "cullface": "north"},
				"down": {"uv": [9.5, 5.5, 6.5, 6], "texture": "#0", "cullface": "north"}
			}
		},
		{
			"from": [7.5, 9, -0.25],
			"to": [8.5, 10, 0.25],
			"rotation": {"angle": 0, "axis": "y", "origin": [8, 7.5, 0]},
			"faces": {
				"north": {"uv": [7.5, 6, 8.5, 7], "texture": "#0", "cullface": "north"},
				"east": {"uv": [7.5, 6, 8, 7], "texture": "#0", "cullface": "north"},
				"west": {"uv": [8, 6, 8.5, 7], "texture": "#0", "cullface": "north"}
			}
		},
		{
			"from": [10.5, 7, -0.25],
			"to": [15.99, 8, 0.25],
			"rotation": {"angle": 0, "axis": "y", "origin": [8, 7.5, 0]},
			"faces": {
				"north": {"uv": [0, 8, 5.5, 9], "texture": "#0", "cullface": "north"},
				"east": {"uv": [0, 8, 0.5, 9], "texture": "#0", "cullface": "north"},
				"west": {"uv": [5, 8, 5.5, 9], "texture": "#0", "cullface": "north"},
				"up": {"uv": [5.5, 8, 0, 8.5], "texture": "#0", "cullface": "north"},
				"down": {"uv": [5.5, 8.5, 0, 9], "texture": "#0", "cullface": "north"}
			}
		},
		{
			"from": [10.5, 11, -0.25],
			"to": [15.99, 13, 0.25],
			"rotation": {"angle": 0, "axis": "y", "origin": [8, 7.5, 0]},
			"faces": {
				"north": {"uv": [0, 3, 5.5, 5], "texture": "#0", "cullface": "north"},
				"east": {"uv": [0, 3, 0.5, 5], "texture": "#0", "cullface": "north"},
				"west": {"uv": [5, 3, 5.5, 5], "texture": "#0", "cullface": "north"},
				"up": {"uv": [5.5, 3, 0, 3.5], "texture": "#0", "cullface": "north"},
				"down": {"uv": [5.5, 4.5, 0, 5], "texture": "#0", "cullface": "north"}
			}
		},
		{
			"from": [1, 11, -0.25],
			"to": [5.5, 13, 0.25],
			"rotation": {"angle": 0, "axis": "y", "origin": [8, 7.5, 0]},
			"faces": {
				"north": {"uv": [10.5, 3, 15, 5], "texture": "#0", "cullface": "north"},
				"east": {"uv": [10.5, 3, 11, 5], "texture": "#0", "cullface": "north"},
				"west": {"uv": [15, 3, 15.5, 5], "texture": "#0", "cullface": "north"},
				"up": {"uv": [15, 3, 10.5, 3.5], "texture": "#0", "cullface": "north"},
				"down": {"uv": [5.5, 4.5, 0, 5], "texture": "#0", "cullface": "north"}
			}
		},
		{
			"from": [0, 13, 0],
			"to": [16, 14, 0.25],
			"rotation": {"angle": 0, "axis": "y", "origin": [8, 7.5, 0]},
			"faces": {
				"north": {"uv": [0, 2, 16, 3], "texture": "#0", "cullface": "north"}
			}
		},
		{
			"from": [0, 14, -0.25],
			"to": [16, 16, 0.25],
			"rotation": {"angle": 0, "axis": "y", "origin": [8, 7.5, 0]},
			"faces": {
				"north": {"uv": [0, 0, 16, 2], "texture": "#0", "cullface": "north"},
				"east": {"uv": [0, 0, 0.5, 2], "texture": "#0", "cullface": "north"},
				"west": {"uv": [15.5, 0, 16, 2], "texture": "#0", "cullface": "north"},
				"up": {"uv": [0, 0, 16, 0.5], "texture": "#2", "cullface": "north"},
				"down": {"uv": [16, 1.5, 0, 2], "texture": "#0", "cullface": "north"}
			}
		},
		{
			"from": [5.5, 12, -0.25],
			"to": [10.5, 13, 0.25],
			"rotation": {"angle": 0, "axis": "y", "origin": [8, 7.5, 0]},
			"faces": {
				"north": {"uv": [5.5, 3, 10.5, 4], "texture": "#0", "cullface": "north"},
				"up": {"uv": [10.5, 3, 5.5, 3.5], "texture": "#0", "cullface": "north"},
				"down": {"uv": [10.5, 3.5, 5.5, 4], "texture": "#0", "cullface": "north"}
			}
		},
		{
			"from": [1, 7, -0.25],
			"to": [5.5, 8, 0.25],
			"rotation": {"angle": 0, "axis": "y", "origin": [8, 7.5, 0]},
			"faces": {
				"north": {"uv": [10.5, 8, 15, 9], "texture": "#0", "cullface": "north"},
				"east": {"uv": [10.5, 8, 11, 9], "texture": "#0", "cullface": "north"},
				"west": {"uv": [15, 8, 15.5, 9], "texture": "#0", "cullface": "north"},
				"up": {"uv": [16, 8, 10.5, 8.5], "texture": "#0", "cullface": "north"},
				"down": {"uv": [16, 8.5, 10.5, 9], "texture": "#0", "cullface": "north"}
			}
		},
		{
			"from": [1, 8, -0.25],
			"to": [1.5, 11, 0.25],
			"rotation": {"angle": 0, "axis": "y", "origin": [8, 7.5, 0]},
			"faces": {
				"north": {"uv": [14.5, 5, 15, 8], "texture": "#0", "cullface": "north"},
				"east": {"uv": [14.5, 5, 15, 8], "texture": "#0", "cullface": "north"},
				"west": {"uv": [15, 5, 15.5, 8], "texture": "#0", "cullface": "north"}
			}
		},
		{
			"from": [14.5, 8, -0.25],
			"to": [15.99, 11, 0.25],
			"rotation": {"angle": 0, "axis": "y", "origin": [8, 7.5, 0]},
			"faces": {
				"north": {"uv": [0, 5, 1.5, 8], "texture": "#0", "cullface": "north"},
				"east": {"uv": [0, 5, 0.5, 8], "texture": "#0", "cullface": "north"},
				"west": {"uv": [1, 5, 1.5, 8], "texture": "#0", "cullface": "north"}
			}
		},
		{
			"from": [12.5, 9, -0.25],
			"to": [13.5, 10, 0.25],
			"rotation": {"angle": 0, "axis": "y", "origin": [8, 7.5, 0]},
			"faces": {
				"north": {"uv": [2.5, 6, 3.5, 7], "texture": "#0", "cullface": "north"},
				"east": {"uv": [2.5, 6, 3, 7], "texture": "#0", "cullface": "north"},
				"west": {"uv": [2.5, 6, 3, 7], "texture": "#0", "cullface": "north"},
				"up": {"uv": [2.5, 6, 3.5, 6.5], "texture": "#0", "cullface": "north"},
				"down": {"uv": [2.5, 6, 3.5, 6.5], "texture": "#0", "cullface": "north"}
			}
		},
		{
			"from": [2.5, 9, -0.25],
			"to": [3.5, 10, 0.25],
			"rotation": {"angle": 0, "axis": "y", "origin": [8, 7.5, 0]},
			"faces": {
				"north": {"uv": [12.5, 6, 13.5, 7], "texture": "#0", "cullface": "north"},
				"east": {"uv": [12.5, 6, 13.5, 7], "texture": "#0", "cullface": "north"},
				"west": {"uv": [12.5, 6, 13.5, 7], "texture": "#0", "cullface": "north"},
				"up": {"uv": [13.5, 6, 12.5, 7], "texture": "#0", "cullface": "north"},
				"down": {"uv": [13.5, 6, 12.5, 7], "texture": "#0", "cullface": "north"}
			}
		},
		{
			"from": [10.5, 9, -0.25],
			"to": [11.5, 11, 0.25],
			"rotation": {"angle": 0, "axis": "y", "origin": [8, 7.5, 0]},
			"faces": {
				"north": {"uv": [4.5, 5, 5.5, 7], "texture": "#0", "cullface": "north"},
				"east": {"uv": [4.5, 5, 5, 7], "texture": "#0", "cullface": "north"},
				"west": {"uv": [5, 5, 5.5, 7], "texture": "#0", "cullface": "north"},
				"down": {"uv": [5.5, 6.5, 4.5, 7], "texture": "#0", "cullface": "north"}
			}
		},
		{
			"from": [4.5, 9, -0.25],
			"to": [5.5, 11, 0.25],
			"rotation": {"angle": 0, "axis": "y", "origin": [8, 7.5, 0]},
			"faces": {
				"north": {"uv": [10.5, 5, 11.5, 7], "texture": "#0", "cullface": "north"},
				"east": {"uv": [10.5, 5, 11, 7], "texture": "#0", "cullface": "north"},
				"west": {"uv": [11, 5, 11.5, 7], "texture": "#0", "cullface": "north"},
				"down": {"uv": [11.5, 6.5, 10.5, 7], "texture": "#0", "cullface": "north"}
			}
		},
		{
			"from": [6.5, 6.5, 0],
			"to": [7.5, 7, 0.25],
			"rotation": {"angle": 0, "axis": "y", "origin": [8, 7.5, 0]},
			"faces": {
				"north": {"uv": [8.5, 9, 9.5, 9.5], "texture": "#0", "cullface": "north"},
				"east": {"uv": [8.5, 9, 9.5, 9.5], "texture": "#0", "cullface": "north"},
				"up": {"uv": [8.5, 9, 9.5, 9.5], "texture": "#0", "cullface": "north"},
				"down": {"uv": [8.5, 9, 9.5, 9.5], "texture": "#0", "cullface": "north"}
			}
		},
		{
			"from": [8.5, 6.5, 0],
			"to": [9.5, 7, 0.25],
			"rotation": {"angle": 0, "axis": "y", "origin": [8, 7.5, 0]},
			"faces": {
				"north": {"uv": [6.5, 9, 7.5, 9.5], "texture": "#0", "cullface": "north"},
				"west": {"uv": [6.5, 9, 7.5, 9.5], "texture": "#0", "cullface": "north"},
				"up": {"uv": [6.5, 9, 7.5, 9.5], "texture": "#0", "cullface": "north"},
				"down": {"uv": [6.5, 9, 7.5, 9.5], "texture": "#0", "cullface": "north"}
			}
		},
		{
			"from": [-0.25, 1, 9.5],
			"to": [0.25, 6, 15],
			"faces": {
				"north": {"uv": [9.5, 10, 10, 15], "texture": "#0", "cullface": "west"},
				"south": {"uv": [15, 10, 15.5, 15], "texture": "#0", "cullface": "west"},
				"west": {"uv": [9.5, 10, 15, 15], "texture": "#0", "cullface": "west"},
				"up": {"uv": [16, 10, 9.5, 10.5], "rotation": 270, "texture": "#0", "cullface": "west"},
				"down": {"uv": [0, 15.5, 6.5, 16], "rotation": 90, "texture": "#2", "cullface": "west"}
			}
		},
		{
			"from": [-0.25, 1, 0.01],
			"to": [0.25, 6, 6.5],
			"faces": {
				"north": {"uv": [0, 10, 0.5, 15], "texture": "#0", "cullface": "west"},
				"south": {"uv": [6, 10, 6.5, 15], "texture": "#0", "cullface": "west"},
				"west": {"uv": [0, 10, 6.5, 15], "texture": "#0", "cullface": "west"},
				"up": {"uv": [6.5, 10, 0, 10.5], "rotation": 270, "texture": "#0", "cullface": "west"},
				"down": {"uv": [9.5, 15.5, 16, 16], "rotation": 90, "texture": "#2", "cullface": "west"}
			}
		},
		{
			"from": [-0.25, 1, 6.5],
			"to": [0.25, 1.5, 9.5],
			"faces": {
				"west": {"uv": [6.5, 14.5, 9.5, 15], "texture": "#0", "cullface": "west"},
				"up": {"uv": [9.5, 14.5, 6.5, 15], "rotation": 270, "texture": "#0", "cullface": "west"},
				"down": {"uv": [6.5, 15.5, 9.5, 16], "rotation": 90, "texture": "#2", "cullface": "west"}
			}
		},
		{
			"from": [-0.25, 1.5, 6.5],
			"to": [0.25, 2.5, 7.5],
			"faces": {
				"south": {"uv": [7, 13.5, 7.5, 14.5], "texture": "#0", "cullface": "west"},
				"west": {"uv": [6.5, 13.5, 7.5, 14.5], "texture": "#0", "cullface": "west"},
				"up": {"uv": [7.5, 13.5, 6.5, 14], "rotation": 270, "texture": "#0", "cullface": "west"}
			}
		},
		{
			"from": [-0.25, 3.5, 8.5],
			"to": [0.25, 4, 9.5],
			"faces": {
				"north": {"uv": [8.5, 12, 9, 12.5], "texture": "#0", "cullface": "west"},
				"west": {"uv": [8.5, 12, 9.5, 12.5], "texture": "#0", "cullface": "west"},
				"up": {"uv": [9.5, 12, 8.5, 12.5], "rotation": 270, "texture": "#0", "cullface": "west"},
				"down": {"uv": [9.5, 12, 8.5, 12.5], "rotation": 90, "texture": "#0", "cullface": "west"}
			}
		},
		{
			"from": [-0.25, 1.5, 8.5],
			"to": [0.25, 2.5, 9.5],
			"faces": {
				"north": {"uv": [8.5, 13.5, 9, 14.5], "texture": "#0", "cullface": "west"},
				"west": {"uv": [8.5, 13.5, 9.5, 14.5], "texture": "#0", "cullface": "west"},
				"up": {"uv": [9.5, 13.5, 8.5, 14], "rotation": 270, "texture": "#0", "cullface": "west"}
			}
		},
		{
			"from": [-0.25, 3.5, 6.5],
			"to": [0.25, 4, 7.5],
			"faces": {
				"south": {"uv": [7, 12, 7.5, 12.5], "texture": "#0", "cullface": "west"},
				"west": {"uv": [6.5, 12, 7.5, 12.5], "texture": "#0", "cullface": "west"},
				"up": {"uv": [7.5, 12, 6.5, 12.5], "rotation": 270, "texture": "#0", "cullface": "west"},
				"down": {"uv": [7.5, 12, 6.5, 12.5], "rotation": 90, "texture": "#0", "cullface": "west"}
			}
		},
		{
			"from": [-0.25, 5, 8.5],
			"to": [0.25, 5.5, 9.5],
			"faces": {
				"north": {"uv": [8.5, 10.5, 9, 11], "texture": "#0", "cullface": "west"},
				"west": {"uv": [8.5, 10.5, 9.5, 11], "texture": "#0", "cullface": "west"},
				"up": {"uv": [9.5, 10.5, 8.5, 11], "rotation": 270, "texture": "#0", "cullface": "west"},
				"down": {"uv": [9.5, 10.5, 8.5, 11], "rotation": 90, "texture": "#0", "cullface": "west"}
			}
		},
		{
			"from": [-0.25, 5, 6.5],
			"to": [0.25, 5.5, 7.5],
			"faces": {
				"south": {"uv": [7, 10.5, 7.5, 11], "texture": "#0", "cullface": "west"},
				"west": {"uv": [6.5, 10.5, 7.5, 11], "texture": "#0", "cullface": "west"},
				"up": {"uv": [7.5, 10.5, 6.5, 11], "rotation": 270, "texture": "#0", "cullface": "west"},
				"down": {"uv": [7.5, 10.5, 6.5, 11], "rotation": 90, "texture": "#0", "cullface": "west"}
			}
		},
		{
			"from": [0, 6, 0],
			"to": [0.25, 7, 6.5],
			"faces": {
				"south": {"uv": [6, 9.5, 6.5, 10], "texture": "#0", "cullface": "west"},
				"west": {"uv": [0, 9, 6.5, 10], "texture": "#0", "cullface": "west"},
				"up": {"uv": [6.5, 9, 0, 9.25], "rotation": 270, "texture": "#0", "cullface": "west"}
			}
		},
		{
			"from": [0, 6, 9.5],
			"to": [0.25, 7, 16],
			"faces": {
				"north": {"uv": [9.5, 9, 9.75, 10], "texture": "#0", "cullface": "west"},
				"west": {"uv": [0, 9, 6.5, 10], "texture": "#0", "cullface": "west"},
				"up": {"uv": [16, 9, 9.5, 9.25], "rotation": 270, "texture": "#0", "cullface": "west"}
			}
		},
		{
			"from": [0, 0, 0],
			"to": [0.25, 1, 16],
			"faces": {
				"west": {"uv": [0, 15, 16, 16], "texture": "#0", "cullface": "west"}
			}
		},
		{
			"from": [0, 1, 15],
			"to": [0.25, 6, 16],
			"faces": {
				"west": {"uv": [15, 10, 16, 15], "texture": "#0", "cullface": "west"}
			}
		},
		{
			"from": [0, 7, 15],
			"to": [0.25, 13, 16],
			"faces": {
				"west": {"uv": [15, 3, 16, 9], "texture": "#0", "cullface": "west"}
			}
		},
		{
			"from": [-0.25, 8, 6.5],
			"to": [0.25, 9, 9.5],
			"faces": {
				"north": {"uv": [6.5, 7, 7, 8], "texture": "#0", "cullface": "west"},
				"south": {"uv": [9, 7, 9.5, 8], "texture": "#0", "cullface": "west"},
				"west": {"uv": [6.5, 7, 9.5, 8], "texture": "#0", "cullface": "west"},
				"up": {"uv": [9.5, 7, 6.5, 7.5], "rotation": 270, "texture": "#0", "cullface": "west"},
				"down": {"uv": [9.5, 7.5, 6.5, 8], "rotation": 90, "texture": "#0", "cullface": "west"}
			}
		},
		{
			"from": [-0.25, 10, 6.5],
			"to": [0.25, 11, 9.5],
			"faces": {
				"north": {"uv": [6.5, 5, 7, 6], "texture": "#0", "cullface": "west"},
				"south": {"uv": [9, 5, 9.5, 6], "texture": "#0", "cullface": "west"},
				"west": {"uv": [6.5, 5, 9.5, 6], "texture": "#0", "cullface": "west"},
				"up": {"uv": [9.5, 5, 6.5, 5.5], "rotation": 270, "texture": "#0", "cullface": "west"},
				"down": {"uv": [9.5, 5.5, 6.5, 6], "rotation": 90, "texture": "#0", "cullface": "west"}
			}
		},
		{
			"from": [-0.25, 9, 7.5],
			"to": [0.25, 10, 8.5],
			"faces": {
				"north": {"uv": [7.5, 6, 8, 7], "texture": "#0", "cullface": "west"},
				"south": {"uv": [8, 6, 8.5, 7], "texture": "#0", "cullface": "west"},
				"west": {"uv": [7.5, 6, 8.5, 7], "texture": "#0", "cullface": "west"}
			}
		},
		{
			"from": [-0.25, 7, 0.01],
			"to": [0.25, 8, 5.5],
			"faces": {
				"north": {"uv": [0, 8, 0.5, 9], "texture": "#0", "cullface": "west"},
				"south": {"uv": [5, 8, 5.5, 9], "texture": "#0", "cullface": "west"},
				"west": {"uv": [0, 8, 5.5, 9], "texture": "#0", "cullface": "west"},
				"up": {"uv": [5.5, 8, 0, 8.5], "rotation": 270, "texture": "#0", "cullface": "west"},
				"down": {"uv": [5.5, 8.5, 0, 9], "rotation": 90, "texture": "#0", "cullface": "west"}
			}
		},
		{
			"from": [-0.25, 11, 0.01],
			"to": [0.25, 13, 5.5],
			"faces": {
				"north": {"uv": [0, 3, 0.5, 5], "texture": "#0", "cullface": "west"},
				"south": {"uv": [5, 3, 5.5, 5], "texture": "#0", "cullface": "west"},
				"west": {"uv": [0, 3, 5.5, 5], "texture": "#0", "cullface": "west"},
				"up": {"uv": [5.5, 3, 0, 3.5], "rotation": 270, "texture": "#0", "cullface": "west"},
				"down": {"uv": [5.5, 4.5, 0, 5], "rotation": 90, "texture": "#0", "cullface": "west"}
			}
		},
		{
			"from": [-0.25, 11, 10.5],
			"to": [0.25, 13, 15],
			"faces": {
				"north": {"uv": [10.5, 3, 11, 5], "texture": "#0", "cullface": "west"},
				"south": {"uv": [15, 3, 15.5, 5], "texture": "#0", "cullface": "west"},
				"west": {"uv": [10.5, 3, 15, 5], "texture": "#0", "cullface": "west"},
				"up": {"uv": [15, 3, 10.5, 3.5], "rotation": 270, "texture": "#0", "cullface": "west"},
				"down": {"uv": [5.5, 4.5, 0, 5], "rotation": 90, "texture": "#0", "cullface": "west"}
			}
		},
		{
			"from": [0, 13, 0],
			"to": [0.25, 14, 16],
			"faces": {
				"west": {"uv": [0, 2, 16, 3], "texture": "#0", "cullface": "west"}
			}
		},
		{
			"from": [-0.25, 14, 0],
			"to": [0.25, 16, 16],
			"faces": {
				"north": {"uv": [0, 0, 0.5, 2], "texture": "#0", "cullface": "west"},
				"south": {"uv": [15.5, 0, 16, 2], "texture": "#0", "cullface": "west"},
				"west": {"uv": [0, 0, 16, 2], "texture": "#0", "cullface": "west"},
				"up": {"uv": [0, 0, 16, 0.5], "rotation": 270, "texture": "#2", "cullface": "west"},
				"down": {"uv": [16, 1.5, 0, 2], "rotation": 90, "texture": "#0", "cullface": "west"}
			}
		},
		{
			"from": [-0.25, 12, 5.5],
			"to": [0.25, 13, 10.5],
			"faces": {
				"west": {"uv": [5.5, 3, 10.5, 4], "texture": "#0", "cullface": "west"},
				"up": {"uv": [10.5, 3, 5.5, 3.5], "rotation": 270, "texture": "#0", "cullface": "west"},
				"down": {"uv": [10.5, 3.5, 5.5, 4], "rotation": 90, "texture": "#0", "cullface": "west"}
			}
		},
		{
			"from": [-0.25, 7, 10.5],
			"to": [0.25, 8, 15],
			"faces": {
				"north": {"uv": [10.5, 8, 11, 9], "texture": "#0", "cullface": "west"},
				"south": {"uv": [15, 8, 15.5, 9], "texture": "#0", "cullface": "west"},
				"west": {"uv": [10.5, 8, 15, 9], "texture": "#0", "cullface": "west"},
				"up": {"uv": [16, 8, 10.5, 8.5], "rotation": 270, "texture": "#0", "cullface": "west"},
				"down": {"uv": [16, 8.5, 10.5, 9], "rotation": 90, "texture": "#0", "cullface": "west"}
			}
		},
		{
			"from": [-0.25, 8, 14.5],
			"to": [0.25, 11, 15],
			"faces": {
				"north": {"uv": [14.5, 5, 15, 8], "texture": "#0", "cullface": "west"},
				"south": {"uv": [15, 5, 15.5, 8], "texture": "#0", "cullface": "west"},
				"west": {"uv": [14.5, 5, 15, 8], "texture": "#0", "cullface": "west"}
			}
		},
		{
			"from": [-0.25, 8, 0.01],
			"to": [0.25, 11, 1.5],
			"faces": {
				"north": {"uv": [0, 5, 0.5, 8], "texture": "#0", "cullface": "west"},
				"south": {"uv": [1, 5, 1.5, 8], "texture": "#0", "cullface": "west"},
				"west": {"uv": [0, 5, 1.5, 8], "texture": "#0", "cullface": "west"}
			}
		},
		{
			"from": [-0.25, 9, 2.5],
			"to": [0.25, 10, 3.5],
			"faces": {
				"north": {"uv": [2.5, 6, 3, 7], "texture": "#0", "cullface": "west"},
				"south": {"uv": [2.5, 6, 3, 7], "texture": "#0", "cullface": "west"},
				"west": {"uv": [2.5, 6, 3.5, 7], "texture": "#0", "cullface": "west"},
				"up": {"uv": [2.5, 6, 3.5, 6.5], "rotation": 270, "texture": "#0", "cullface": "west"},
				"down": {"uv": [2.5, 6, 3.5, 6.5], "rotation": 90, "texture": "#0", "cullface": "west"}
			}
		},
		{
			"from": [-0.25, 9, 12.5],
			"to": [0.25, 10, 13.5],
			"faces": {
				"north": {"uv": [12.5, 6, 13.5, 7], "texture": "#0", "cullface": "west"},
				"south": {"uv": [12.5, 6, 13.5, 7], "texture": "#0", "cullface": "west"},
				"west": {"uv": [12.5, 6, 13.5, 7], "texture": "#0", "cullface": "west"},
				"up": {"uv": [13.5, 6, 12.5, 7], "rotation": 270, "texture": "#0", "cullface": "west"},
				"down": {"uv": [13.5, 6, 12.5, 7], "rotation": 90, "texture": "#0", "cullface": "west"}
			}
		},
		{
			"from": [-0.25, 9, 4.5],
			"to": [0.25, 11, 5.5],
			"faces": {
				"north": {"uv": [4.5, 5, 5, 7], "texture": "#0", "cullface": "west"},
				"south": {"uv": [5, 5, 5.5, 7], "texture": "#0", "cullface": "west"},
				"west": {"uv": [4.5, 5, 5.5, 7], "texture": "#0", "cullface": "west"},
				"down": {"uv": [5.5, 6.5, 4.5, 7], "rotation": 90, "texture": "#0", "cullface": "west"}
			}
		},
		{
			"from": [-0.25, 9, 10.5],
			"to": [0.25, 11, 11.5],
			"faces": {
				"north": {"uv": [10.5, 5, 11, 7], "texture": "#0", "cullface": "west"},
				"south": {"uv": [11, 5, 11.5, 7], "texture": "#0", "cullface": "west"},
				"west": {"uv": [10.5, 5, 11.5, 7], "texture": "#0", "cullface": "west"},
				"down": {"uv": [11.5, 6.5, 10.5, 7], "rotation": 90, "texture": "#0", "cullface": "west"}
			}
		},
		{
			"from": [0, 6.5, 8.5],
			"to": [0.25, 7, 9.5],
			"faces": {
				"north": {"uv": [8.5, 9, 9.5, 9.5], "texture": "#0", "cullface": "west"},
				"west": {"uv": [8.5, 9, 9.5, 9.5], "texture": "#0", "cullface": "west"},
				"up": {"uv": [8.5, 9, 9.5, 9.5], "rotation": 270, "texture": "#0", "cullface": "west"},
				"down": {"uv": [8.5, 9, 9.5, 9.5], "rotation": 90, "texture": "#0", "cullface": "west"}
			}
		},
		{
			"from": [0, 6.5, 6.5],
			"to": [0.25, 7, 7.5],
			"faces": {
				"south": {"uv": [6.5, 9, 7.5, 9.5], "texture": "#0", "cullface": "west"},
				"west": {"uv": [6.5, 9, 7.5, 9.5], "texture": "#0", "cullface": "west"},
				"up": {"uv": [6.5, 9, 7.5, 9.5], "rotation": 270, "texture": "#0", "cullface": "west"},
				"down": {"uv": [6.5, 9, 7.5, 9.5], "rotation": 90, "texture": "#0", "cullface": "west"}
			}
		},
		{
			"from": [9.5, 1, 15.75],
			"to": [15, 6, 16.25],
			"faces": {
				"east": {"uv": [15, 10, 15.5, 15], "texture": "#0", "cullface": "south"},
				"south": {"uv": [9.5, 10, 15, 15], "texture": "#0", "cullface": "south"},
				"west": {"uv": [9.5, 10, 10, 15], "texture": "#0", "cullface": "south"},
				"up": {"uv": [16, 10, 9.5, 10.5], "rotation": 180, "texture": "#0", "cullface": "south"},
				"down": {"uv": [0, 15.5, 6.5, 16], "rotation": 180, "texture": "#2", "cullface": "south"}
			}
		},
		{
			"from": [0.01, 1, 15.75],
			"to": [6.5, 6, 16.25],
			"faces": {
				"east": {"uv": [6, 10, 6.5, 15], "texture": "#0", "cullface": "south"},
				"south": {"uv": [0, 10, 6.5, 15], "texture": "#0", "cullface": "south"},
				"west": {"uv": [0, 10, 0.5, 15], "texture": "#0", "cullface": "south"},
				"up": {"uv": [6.5, 10, 0, 10.5], "rotation": 180, "texture": "#0", "cullface": "south"},
				"down": {"uv": [9.5, 15.5, 16, 16], "rotation": 180, "texture": "#2", "cullface": "south"}
			}
		},
		{
			"from": [6.5, 1, 15.75],
			"to": [9.5, 1.5, 16.25],
			"faces": {
				"south": {"uv": [6.5, 14.5, 9.5, 15], "texture": "#0", "cullface": "south"},
				"up": {"uv": [9.5, 14.5, 6.5, 15], "rotation": 180, "texture": "#0", "cullface": "south"},
				"down": {"uv": [6.5, 15.5, 9.5, 16], "rotation": 180, "texture": "#2", "cullface": "south"}
			}
		},
		{
			"from": [6.5, 1.5, 15.75],
			"to": [7.5, 2.5, 16.25],
			"faces": {
				"east": {"uv": [7, 13.5, 7.5, 14.5], "texture": "#0", "cullface": "south"},
				"south": {"uv": [6.5, 13.5, 7.5, 14.5], "texture": "#0", "cullface": "south"},
				"up": {"uv": [7.5, 13.5, 6.5, 14], "rotation": 180, "texture": "#0", "cullface": "south"}
			}
		},
		{
			"from": [8.5, 3.5, 15.75],
			"to": [9.5, 4, 16.25],
			"faces": {
				"south": {"uv": [8.5, 12, 9.5, 12.5], "texture": "#0", "cullface": "south"},
				"west": {"uv": [8.5, 12, 9, 12.5], "texture": "#0", "cullface": "south"},
				"up": {"uv": [9.5, 12, 8.5, 12.5], "rotation": 180, "texture": "#0", "cullface": "south"},
				"down": {"uv": [9.5, 12, 8.5, 12.5], "rotation": 180, "texture": "#0", "cullface": "south"}
			}
		},
		{
			"from": [8.5, 1.5, 15.75],
			"to": [9.5, 2.5, 16.25],
			"faces": {
				"south": {"uv": [8.5, 13.5, 9.5, 14.5], "texture": "#0", "cullface": "south"},
				"west": {"uv": [8.5, 13.5, 9, 14.5], "texture": "#0", "cullface": "south"},
				"up": {"uv": [9.5, 13.5, 8.5, 14], "rotation": 180, "texture": "#0", "cullface": "south"}
			}
		},
		{
			"from": [6.5, 3.5, 15.75],
			"to": [7.5, 4, 16.25],
			"faces": {
				"east": {"uv": [7, 12, 7.5, 12.5], "texture": "#0", "cullface": "south"},
				"south": {"uv": [6.5, 12, 7.5, 12.5], "texture": "#0", "cullface": "south"},
				"up": {"uv": [7.5, 12, 6.5, 12.5], "rotation": 180, "texture": "#0", "cullface": "south"},
				"down": {"uv": [7.5, 12, 6.5, 12.5], "rotation": 180, "texture": "#0", "cullface": "south"}
			}
		},
		{
			"from": [8.5, 5, 15.75],
			"to": [9.5, 5.5, 16.25],
			"faces": {
				"south": {"uv": [8.5, 10.5, 9.5, 11], "texture": "#0", "cullface": "south"},
				"west": {"uv": [8.5, 10.5, 9, 11], "texture": "#0", "cullface": "south"},
				"up": {"uv": [9.5, 10.5, 8.5, 11], "rotation": 180, "texture": "#0", "cullface": "south"},
				"down": {"uv": [9.5, 10.5, 8.5, 11], "rotation": 180, "texture": "#0", "cullface": "south"}
			}
		},
		{
			"from": [6.5, 5, 15.75],
			"to": [7.5, 5.5, 16.25],
			"faces": {
				"east": {"uv": [7, 10.5, 7.5, 11], "texture": "#0", "cullface": "south"},
				"south": {"uv": [6.5, 10.5, 7.5, 11], "texture": "#0", "cullface": "south"},
				"up": {"uv": [7.5, 10.5, 6.5, 11], "rotation": 180, "texture": "#0", "cullface": "south"},
				"down": {"uv": [7.5, 10.5, 6.5, 11], "rotation": 180, "texture": "#0", "cullface": "south"}
			}
		},
		{
			"from": [0, 6, 15.75],
			"to": [6.5, 7, 16],
			"faces": {
				"east": {"uv": [6, 9.5, 6.5, 10], "texture": "#0", "cullface": "south"},
				"south": {"uv": [0, 9, 6.5, 10], "texture": "#0", "cullface": "south"},
				"up": {"uv": [6.5, 9, 0, 9.25], "rotation": 180, "texture": "#0", "cullface": "south"}
			}
		},
		{
			"from": [9.5, 6, 15.75],
			"to": [16, 7, 16],
			"faces": {
				"south": {"uv": [0, 9, 6.5, 10], "texture": "#0", "cullface": "south"},
				"west": {"uv": [9.5, 9, 9.75, 10], "texture": "#0", "cullface": "south"},
				"up": {"uv": [16, 9, 9.5, 9.25], "rotation": 180, "texture": "#0", "cullface": "south"}
			}
		},
		{
			"from": [0, 0, 15.75],
			"to": [16, 1, 16],
			"faces": {
				"south": {"uv": [0, 15, 16, 16], "texture": "#0", "cullface": "south"}
			}
		},
		{
			"from": [15, 1, 15.75],
			"to": [16, 6, 16],
			"faces": {
				"south": {"uv": [15, 10, 16, 15], "texture": "#0", "cullface": "south"}
			}
		},
		{
			"from": [15, 7, 15.75],
			"to": [16, 13, 16],
			"faces": {
				"south": {"uv": [15, 3, 16, 9], "texture": "#0", "cullface": "south"}
			}
		},
		{
			"from": [6.5, 8, 15.75],
			"to": [9.5, 9, 16.25],
			"faces": {
				"east": {"uv": [9, 7, 9.5, 8], "texture": "#0", "cullface": "south"},
				"south": {"uv": [6.5, 7, 9.5, 8], "texture": "#0", "cullface": "south"},
				"west": {"uv": [6.5, 7, 7, 8], "texture": "#0", "cullface": "south"},
				"up": {"uv": [9.5, 7, 6.5, 7.5], "rotation": 180, "texture": "#0", "cullface": "south"},
				"down": {"uv": [9.5, 7.5, 6.5, 8], "rotation": 180, "texture": "#0", "cullface": "south"}
			}
		},
		{
			"from": [6.5, 10, 15.75],
			"to": [9.5, 11, 16.25],
			"faces": {
				"east": {"uv": [9, 5, 9.5, 6], "texture": "#0", "cullface": "south"},
				"south": {"uv": [6.5, 5, 9.5, 6], "texture": "#0", "cullface": "south"},
				"west": {"uv": [6.5, 5, 7, 6], "texture": "#0", "cullface": "south"},
				"up": {"uv": [9.5, 5, 6.5, 5.5], "rotation": 180, "texture": "#0", "cullface": "south"},
				"down": {"uv": [9.5, 5.5, 6.5, 6], "rotation": 180, "texture": "#0", "cullface": "south"}
			}
		},
		{
			"from": [7.5, 9, 15.75],
			"to": [8.5, 10, 16.25],
			"faces": {
				"east": {"uv": [8, 6, 8.5, 7], "texture": "#0", "cullface": "south"},
				"south": {"uv": [7.5, 6, 8.5, 7], "texture": "#0", "cullface": "south"},
				"west": {"uv": [7.5, 6, 8, 7], "texture": "#0", "cullface": "south"}
			}
		},
		{
			"from": [0.01, 7, 15.75],
			"to": [5.5, 8, 16.25],
			"faces": {
				"east": {"uv": [5, 8, 5.5, 9], "texture": "#0", "cullface": "south"},
				"south": {"uv": [0, 8, 5.5, 9], "texture": "#0", "cullface": "south"},
				"west": {"uv": [0, 8, 0.5, 9], "texture": "#0", "cullface": "south"},
				"up": {"uv": [5.5, 8, 0, 8.5], "rotation": 180, "texture": "#0", "cullface": "south"},
				"down": {"uv": [5.5, 8.5, 0, 9], "rotation": 180, "texture": "#0", "cullface": "south"}
			}
		},
		{
			"from": [0.01, 11, 15.75],
			"to": [5.5, 13, 16.25],
			"faces": {
				"east": {"uv": [5, 3, 5.5, 5], "texture": "#0", "cullface": "south"},
				"south": {"uv": [0, 3, 5.5, 5], "texture": "#0", "cullface": "south"},
				"west": {"uv": [0, 3, 0.5, 5], "texture": "#0", "cullface": "south"},
				"up": {"uv": [5.5, 3, 0, 3.5], "rotation": 180, "texture": "#0", "cullface": "south"},
				"down": {"uv": [5.5, 4.5, 0, 5], "rotation": 180, "texture": "#0", "cullface": "south"}
			}
		},
		{
			"from": [10.5, 11, 15.75],
			"to": [15, 13, 16.25],
			"faces": {
				"east": {"uv": [15, 3, 15.5, 5], "texture": "#0", "cullface": "south"},
				"south": {"uv": [10.5, 3, 15, 5], "texture": "#0", "cullface": "south"},
				"west": {"uv": [10.5, 3, 11, 5], "texture": "#0", "cullface": "south"},
				"up": {"uv": [15, 3, 10.5, 3.5], "rotation": 180, "texture": "#0", "cullface": "south"},
				"down": {"uv": [5.5, 4.5, 0, 5], "rotation": 180, "texture": "#0", "cullface": "south"}
			}
		},
		{
			"from": [0, 13, 15.75],
			"to": [16, 14, 16],
			"faces": {
				"south": {"uv": [0, 2, 16, 3], "texture": "#0", "cullface": "south"}
			}
		},
		{
			"from": [0, 14, 15.75],
			"to": [16, 16, 16.25],
			"faces": {
				"east": {"uv": [15.5, 0, 16, 2], "texture": "#0", "cullface": "south"},
				"south": {"uv": [0, 0, 16, 2], "texture": "#0", "cullface": "south"},
				"west": {"uv": [0, 0, 0.5, 2], "texture": "#0", "cullface": "south"},
				"up": {"uv": [0, 0, 16, 0.5], "rotation": 180, "texture": "#2", "cullface": "south"},
				"down": {"uv": [16, 1.5, 0, 2], "rotation": 180, "texture": "#0", "cullface": "south"}
			}
		},
		{
			"from": [5.5, 12, 15.75],
			"to": [10.5, 13, 16.25],
			"faces": {
				"south": {"uv": [5.5, 3, 10.5, 4], "texture": "#0", "cullface": "south"},
				"up": {"uv": [10.5, 3, 5.5, 3.5], "rotation": 180, "texture": "#0", "cullface": "south"},
				"down": {"uv": [10.5, 3.5, 5.5, 4], "rotation": 180, "texture": "#0", "cullface": "south"}
			}
		},
		{
			"from": [10.5, 7, 15.75],
			"to": [15, 8, 16.25],
			"faces": {
				"east": {"uv": [15, 8, 15.5, 9], "texture": "#0", "cullface": "south"},
				"south": {"uv": [10.5, 8, 15, 9], "texture": "#0", "cullface": "south"},
				"west": {"uv": [10.5, 8, 11, 9], "texture": "#0", "cullface": "south"},
				"up": {"uv": [16, 8, 10.5, 8.5], "rotation": 180, "texture": "#0", "cullface": "south"},
				"down": {"uv": [16, 8.5, 10.5, 9], "rotation": 180, "texture": "#0", "cullface": "south"}
			}
		},
		{
			"from": [14.5, 8, 15.75],
			"to": [15, 11, 16.25],
			"faces": {
				"east": {"uv": [15, 5, 15.5, 8], "texture": "#0", "cullface": "south"},
				"south": {"uv": [14.5, 5, 15, 8], "texture": "#0", "cullface": "south"},
				"west": {"uv": [14.5, 5, 15, 8], "texture": "#0", "cullface": "south"}
			}
		},
		{
			"from": [0.01, 8, 15.75],
			"to": [1.5, 11, 16.25],
			"faces": {
				"east": {"uv": [1, 5, 1.5, 8], "texture": "#0", "cullface": "south"},
				"south": {"uv": [0, 5, 1.5, 8], "texture": "#0", "cullface": "south"},
				"west": {"uv": [0, 5, 0.5, 8], "texture": "#0", "cullface": "south"}
			}
		},
		{
			"from": [2.5, 9, 15.75],
			"to": [3.5, 10, 16.25],
			"faces": {
				"east": {"uv": [2.5, 6, 3, 7], "texture": "#0", "cullface": "south"},
				"south": {"uv": [2.5, 6, 3.5, 7], "texture": "#0", "cullface": "south"},
				"west": {"uv": [2.5, 6, 3, 7], "texture": "#0", "cullface": "south"},
				"up": {"uv": [2.5, 6, 3.5, 6.5], "rotation": 180, "texture": "#0", "cullface": "south"},
				"down": {"uv": [2.5, 6, 3.5, 6.5], "rotation": 180, "texture": "#0", "cullface": "south"}
			}
		},
		{
			"from": [12.5, 9, 15.75],
			"to": [13.5, 10, 16.25],
			"faces": {
				"east": {"uv": [12.5, 6, 13.5, 7], "texture": "#0", "cullface": "south"},
				"south": {"uv": [12.5, 6, 13.5, 7], "texture": "#0", "cullface": "south"},
				"west": {"uv": [12.5, 6, 13.5, 7], "texture": "#0", "cullface": "south"},
				"up": {"uv": [13.5, 6, 12.5, 7], "rotation": 180, "texture": "#0", "cullface": "south"},
				"down": {"uv": [13.5, 6, 12.5, 7], "rotation": 180, "texture": "#0", "cullface": "south"}
			}
		},
		{
			"from": [4.5, 9, 15.75],
			"to": [5.5, 11, 16.25],
			"faces": {
				"east": {"uv": [5, 5, 5.5, 7], "texture": "#0", "cullface": "south"},
				"south": {"uv": [4.5, 5, 5.5, 7], "texture": "#0", "cullface": "south"},
				"west": {"uv": [4.5, 5, 5, 7], "texture": "#0", "cullface": "south"},
				"down": {"uv": [5.5, 6.5, 4.5, 7], "rotation": 180, "texture": "#0", "cullface": "south"}
			}
		},
		{
			"from": [10.5, 9, 15.75],
			"to": [11.5, 11, 16.25],
			"faces": {
				"east": {"uv": [11, 5, 11.5, 7], "texture": "#0", "cullface": "south"},
				"south": {"uv": [10.5, 5, 11.5, 7], "texture": "#0", "cullface": "south"},
				"west": {"uv": [10.5, 5, 11, 7], "texture": "#0", "cullface": "south"},
				"down": {"uv": [11.5, 6.5, 10.5, 7], "rotation": 180, "texture": "#0", "cullface": "south"}
			}
		},
		{
			"from": [8.5, 6.5, 15.75],
			"to": [9.5, 7, 16],
			"faces": {
				"south": {"uv": [8.5, 9, 9.5, 9.5], "texture": "#0", "cullface": "south"},
				"west": {"uv": [8.5, 9, 9.5, 9.5], "texture": "#0", "cullface": "south"},
				"up": {"uv": [8.5, 9, 9.5, 9.5], "rotation": 180, "texture": "#0", "cullface": "south"},
				"down": {"uv": [8.5, 9, 9.5, 9.5], "rotation": 180, "texture": "#0", "cullface": "south"}
			}
		},
		{
			"from": [6.5, 6.5, 15.75],
			"to": [7.5, 7, 16],
			"faces": {
				"east": {"uv": [6.5, 9, 7.5, 9.5], "texture": "#0", "cullface": "south"},
				"south": {"uv": [6.5, 9, 7.5, 9.5], "texture": "#0", "cullface": "south"},
				"up": {"uv": [6.5, 9, 7.5, 9.5], "rotation": 180, "texture": "#0", "cullface": "south"},
				"down": {"uv": [6.5, 9, 7.5, 9.5], "rotation": 180, "texture": "#0", "cullface": "south"}
			}
		},
		{
			"from": [15.75, 1, 1],
			"to": [16.25, 6, 6.5],
			"faces": {
				"north": {"uv": [15, 10, 15.5, 15], "texture": "#0", "cullface": "east"},
				"east": {"uv": [9.5, 10, 15, 15], "texture": "#0", "cullface": "east"},
				"south": {"uv": [9.5, 10, 10, 15], "texture": "#0", "cullface": "east"},
				"up": {"uv": [16, 10, 9.5, 10.5], "rotation": 90, "texture": "#0", "cullface": "east"},
				"down": {"uv": [0, 15.5, 6.5, 16], "rotation": 270, "texture": "#2", "cullface": "east"}
			}
		},
		{
			"from": [15.75, 1, 9.5],
			"to": [16.25, 6, 15.99],
			"faces": {
				"north": {"uv": [6, 10, 6.5, 15], "texture": "#0", "cullface": "east"},
				"east": {"uv": [0, 10, 6.5, 15], "texture": "#0", "cullface": "east"},
				"south": {"uv": [0, 10, 0.5, 15], "texture": "#0", "cullface": "east"},
				"up": {"uv": [6.5, 10, 0, 10.5], "rotation": 90, "texture": "#0", "cullface": "east"},
				"down": {"uv": [9.5, 15.5, 16, 16], "rotation": 270, "texture": "#2", "cullface": "east"}
			}
		},
		{
			"from": [15.75, 1, 6.5],
			"to": [16.25, 1.5, 9.5],
			"faces": {
				"east": {"uv": [6.5, 14.5, 9.5, 15], "texture": "#0", "cullface": "east"},
				"up": {"uv": [9.5, 14.5, 6.5, 15], "rotation": 90, "texture": "#0", "cullface": "east"},
				"down": {"uv": [6.5, 15.5, 9.5, 16], "rotation": 270, "texture": "#2", "cullface": "east"}
			}
		},
		{
			"from": [15.75, 1.5, 8.5],
			"to": [16.25, 2.5, 9.5],
			"faces": {
				"north": {"uv": [7, 13.5, 7.5, 14.5], "texture": "#0", "cullface": "east"},
				"east": {"uv": [6.5, 13.5, 7.5, 14.5], "texture": "#0", "cullface": "east"},
				"up": {"uv": [7.5, 13.5, 6.5, 14], "rotation": 90, "texture": "#0", "cullface": "east"}
			}
		},
		{
			"from": [15.75, 3.5, 6.5],
			"to": [16.25, 4, 7.5],
			"faces": {
				"east": {"uv": [8.5, 12, 9.5, 12.5], "texture": "#0", "cullface": "east"},
				"south": {"uv": [8.5, 12, 9, 12.5], "texture": "#0", "cullface": "east"},
				"up": {"uv": [9.5, 12, 8.5, 12.5], "rotation": 90, "texture": "#0", "cullface": "east"},
				"down": {"uv": [9.5, 12, 8.5, 12.5], "rotation": 270, "texture": "#0", "cullface": "east"}
			}
		},
		{
			"from": [15.75, 1.5, 6.5],
			"to": [16.25, 2.5, 7.5],
			"faces": {
				"east": {"uv": [8.5, 13.5, 9.5, 14.5], "texture": "#0", "cullface": "east"},
				"south": {"uv": [8.5, 13.5, 9, 14.5], "texture": "#0", "cullface": "east"},
				"up": {"uv": [9.5, 13.5, 8.5, 14], "rotation": 90, "texture": "#0", "cullface": "east"}
			}
		},
		{
			"from": [15.75, 3.5, 8.5],
			"to": [16.25, 4, 9.5],
			"faces": {
				"north": {"uv": [7, 12, 7.5, 12.5], "texture": "#0", "cullface": "east"},
				"east": {"uv": [6.5, 12, 7.5, 12.5], "texture": "#0", "cullface": "east"},
				"up": {"uv": [7.5, 12, 6.5, 12.5], "rotation": 90, "texture": "#0", "cullface": "east"},
				"down": {"uv": [7.5, 12, 6.5, 12.5], "rotation": 270, "texture": "#0", "cullface": "east"}
			}
		},
		{
			"from": [15.75, 5, 6.5],
			"to": [16.25, 5.5, 7.5],
			"faces": {
				"east": {"uv": [8.5, 10.5, 9.5, 11], "texture": "#0", "cullface": "east"},
				"south": {"uv": [8.5, 10.5, 9, 11], "texture": "#0", "cullface": "east"},
				"up": {"uv": [9.5, 10.5, 8.5, 11], "rotation": 90, "texture": "#0", "cullface": "east"},
				"down": {"uv": [9.5, 10.5, 8.5, 11], "rotation": 270, "texture": "#0", "cullface": "east"}
			}
		},
		{
			"from": [15.75, 5, 8.5],
			"to": [16.25, 5.5, 9.5],
			"faces": {
				"north": {"uv": [7, 10.5, 7.5, 11], "texture": "#0", "cullface": "east"},
				"east": {"uv": [6.5, 10.5, 7.5, 11], "texture": "#0", "cullface": "east"},
				"up": {"uv": [7.5, 10.5, 6.5, 11], "rotation": 90, "texture": "#0", "cullface": "east"},
				"down": {"uv": [7.5, 10.5, 6.5, 11], "rotation": 270, "texture": "#0", "cullface": "east"}
			}
		},
		{
			"from": [15.75, 6, 9.5],
			"to": [16, 7, 16],
			"faces": {
				"north": {"uv": [6, 9.5, 6.5, 10], "texture": "#0", "cullface": "east"},
				"east": {"uv": [0, 9, 6.5, 10], "texture": "#0", "cullface": "east"},
				"up": {"uv": [6.5, 9, 0, 9.25], "rotation": 90, "texture": "#0", "cullface": "east"}
			}
		},
		{
			"from": [15.75, 6, 0],
			"to": [16, 7, 6.5],
			"faces": {
				"east": {"uv": [0, 9, 6.5, 10], "texture": "#0", "cullface": "east"},
				"south": {"uv": [9.5, 9, 9.75, 10], "texture": "#0", "cullface": "east"},
				"up": {"uv": [16, 9, 9.5, 9.25], "rotation": 90, "texture": "#0", "cullface": "east"}
			}
		},
		{
			"from": [15.75, 0, 0],
			"to": [16, 1, 16],
			"faces": {
				"east": {"uv": [0, 15, 16, 16], "texture": "#0", "cullface": "east"}
			}
		},
		{
			"from": [15.75, 1, 0],
			"to": [16, 6, 1],
			"faces": {
				"east": {"uv": [15, 10, 16, 15], "texture": "#0", "cullface": "east"}
			}
		},
		{
			"from": [15.75, 7, 0],
			"to": [16, 13, 1],
			"faces": {
				"east": {"uv": [15, 3, 16, 9], "texture": "#0", "cullface": "east"}
			}
		},
		{
			"from": [15.75, 8, 6.5],
			"to": [16.25, 9, 9.5],
			"faces": {
				"north": {"uv": [9, 7, 9.5, 8], "texture": "#0", "cullface": "east"},
				"east": {"uv": [6.5, 7, 9.5, 8], "texture": "#0", "cullface": "east"},
				"south": {"uv": [6.5, 7, 7, 8], "texture": "#0", "cullface": "east"},
				"up": {"uv": [9.5, 7, 6.5, 7.5], "rotation": 90, "texture": "#0", "cullface": "east"},
				"down": {"uv": [9.5, 7.5, 6.5, 8], "rotation": 270, "texture": "#0", "cullface": "east"}
			}
		},
		{
			"from": [15.75, 10, 6.5],
			"to": [16.25, 11, 9.5],
			"faces": {
				"north": {"uv": [9, 5, 9.5, 6], "texture": "#0", "cullface": "east"},
				"east": {"uv": [6.5, 5, 9.5, 6], "texture": "#0", "cullface": "east"},
				"south": {"uv": [6.5, 5, 7, 6], "texture": "#0", "cullface": "east"},
				"up": {"uv": [9.5, 5, 6.5, 5.5], "rotation": 90, "texture": "#0", "cullface": "east"},
				"down": {"uv": [9.5, 5.5, 6.5, 6], "rotation": 270, "texture": "#0", "cullface": "east"}
			}
		},
		{
			"from": [15.75, 9, 7.5],
			"to": [16.25, 10, 8.5],
			"faces": {
				"north": {"uv": [8, 6, 8.5, 7], "texture": "#0", "cullface": "east"},
				"east": {"uv": [7.5, 6, 8.5, 7], "texture": "#0", "cullface": "east"},
				"south": {"uv": [7.5, 6, 8, 7], "texture": "#0", "cullface": "east"}
			}
		},
		{
			"from": [15.75, 7, 10.5],
			"to": [16.25, 8, 15.99],
			"faces": {
				"north": {"uv": [5, 8, 5.5, 9], "texture": "#0", "cullface": "east"},
				"east": {"uv": [0, 8, 5.5, 9], "texture": "#0", "cullface": "east"},
				"south": {"uv": [0, 8, 0.5, 9], "texture": "#0", "cullface": "east"},
				"up": {"uv": [5.5, 8, 0, 8.5], "rotation": 90, "texture": "#0", "cullface": "east"},
				"down": {"uv": [5.5, 8.5, 0, 9], "rotation": 270, "texture": "#0", "cullface": "east"}
			}
		},
		{
			"from": [15.75, 11, 10.5],
			"to": [16.25, 13, 15.99],
			"faces": {
				"north": {"uv": [5, 3, 5.5, 5], "texture": "#0", "cullface": "east"},
				"east": {"uv": [0, 3, 5.5, 5], "texture": "#0", "cullface": "east"},
				"south": {"uv": [0, 3, 0.5, 5], "texture": "#0", "cullface": "east"},
				"up": {"uv": [5.5, 3, 0, 3.5], "rotation": 90, "texture": "#0", "cullface": "east"},
				"down": {"uv": [5.5, 4.5, 0, 5], "rotation": 270, "texture": "#0", "cullface": "east"}
			}
		},
		{
			"from": [15.75, 11, 1],
			"to": [16.25, 13, 5.5],
			"faces": {
				"north": {"uv": [15, 3, 15.5, 5], "texture": "#0", "cullface": "east"},
				"east": {"uv": [10.5, 3, 15, 5], "texture": "#0", "cullface": "east"},
				"south": {"uv": [10.5, 3, 11, 5], "texture": "#0", "cullface": "east"},
				"up": {"uv": [15, 3, 10.5, 3.5], "rotation": 90, "texture": "#0", "cullface": "east"},
				"down": {"uv": [5.5, 4.5, 0, 5], "rotation": 270, "texture": "#0", "cullface": "east"}
			}
		},
		{
			"from": [15.75, 13, 0],
			"to": [16, 14, 16],
			"faces": {
				"east": {"uv": [0, 2, 16, 3], "texture": "#0", "cullface": "east"}
			}
		},
		{
			"from": [15.75, 14, 0],
			"to": [16.25, 16, 16],
			"faces": {
				"north": {"uv": [15.5, 0, 16, 2], "texture": "#0", "cullface": "east"},
				"east": {"uv": [0, 0, 16, 2], "texture": "#0", "cullface": "east"},
				"south": {"uv": [0, 0, 0.5, 2], "texture": "#0", "cullface": "east"},
				"up": {"uv": [0, 0, 16, 0.5], "rotation": 90, "texture": "#2", "cullface": "east"},
				"down": {"uv": [16, 1.5, 0, 2], "rotation": 270, "texture": "#0", "cullface": "east"}
			}
		},
		{
			"from": [15.75, 12, 5.5],
			"to": [16.25, 13, 10.5],
			"faces": {
				"east": {"uv": [5.5, 3, 10.5, 4], "texture": "#0", "cullface": "east"},
				"up": {"uv": [10.5, 3, 5.5, 3.5], "rotation": 90, "texture": "#0", "cullface": "east"},
				"down": {"uv": [10.5, 3.5, 5.5, 4], "rotation": 270, "texture": "#0", "cullface": "east"}
			}
		},
		{
			"from": [15.75, 7, 1],
			"to": [16.25, 8, 5.5],
			"faces": {
				"north": {"uv": [15, 8, 15.5, 9], "texture": "#0", "cullface": "east"},
				"east": {"uv": [10.5, 8, 15, 9], "texture": "#0", "cullface": "east"},
				"south": {"uv": [10.5, 8, 11, 9], "texture": "#0", "cullface": "east"},
				"up": {"uv": [16, 8, 10.5, 8.5], "rotation": 90, "texture": "#0", "cullface": "east"},
				"down": {"uv": [16, 8.5, 10.5, 9], "rotation": 270, "texture": "#0", "cullface": "east"}
			}
		},
		{
			"from": [15.75, 8, 1],
			"to": [16.25, 11, 1.5],
			"faces": {
				"north": {"uv": [15, 5, 15.5, 8], "texture": "#0", "cullface": "east"},
				"east": {"uv": [14.5, 5, 15, 8], "texture": "#0", "cullface": "east"},
				"south": {"uv": [14.5, 5, 15, 8], "texture": "#0", "cullface": "east"}
			}
		},
		{
			"from": [15.75, 8, 14.5],
			"to": [16.25, 11, 15.99],
			"faces": {
				"north": {"uv": [1, 5, 1.5, 8], "texture": "#0", "cullface": "east"},
				"east": {"uv": [0, 5, 1.5, 8], "texture": "#0", "cullface": "east"},
				"south": {"uv": [0, 5, 0.5, 8], "texture": "#0", "cullface": "east"}
			}
		},
		{
			"from": [15.75, 9, 12.5],
			"to": [16.25, 10, 13.5],
			"faces": {
				"north": {"uv": [2.5, 6, 3, 7], "texture": "#0", "cullface": "east"},
				"east": {"uv": [2.5, 6, 3.5, 7], "texture": "#0", "cullface": "east"},
				"south": {"uv": [2.5, 6, 3, 7], "texture": "#0", "cullface": "east"},
				"up": {"uv": [2.5, 6, 3.5, 6.5], "rotation": 90, "texture": "#0", "cullface": "east"},
				"down": {"uv": [2.5, 6, 3.5, 6.5], "rotation": 270, "texture": "#0", "cullface": "east"}
			}
		},
		{
			"from": [15.75, 9, 2.5],
			"to": [16.25, 10, 3.5],
			"faces": {
				"north": {"uv": [12.5, 6, 13.5, 7], "texture": "#0", "cullface": "east"},
				"east": {"uv": [12.5, 6, 13.5, 7], "texture": "#0", "cullface": "east"},
				"south": {"uv": [12.5, 6, 13.5, 7], "texture": "#0", "cullface": "east"},
				"up": {"uv": [13.5, 6, 12.5, 7], "rotation": 90, "texture": "#0", "cullface": "east"},
				"down": {"uv": [13.5, 6, 12.5, 7], "rotation": 270, "texture": "#0", "cullface": "east"}
			}
		},
		{
			"from": [15.75, 9, 10.5],
			"to": [16.25, 11, 11.5],
			"faces": {
				"north": {"uv": [5, 5, 5.5, 7], "texture": "#0", "cullface": "east"},
				"east": {"uv": [4.5, 5, 5.5, 7], "texture": "#0", "cullface": "east"},
				"south": {"uv": [4.5, 5, 5, 7], "texture": "#0", "cullface": "east"},
				"down": {"uv": [5.5, 6.5, 4.5, 7], "rotation": 270, "texture": "#0", "cullface": "east"}
			}
		},
		{
			"from": [15.75, 9, 4.5],
			"to": [16.25, 11, 5.5],
			"faces": {
				"north": {"uv": [11, 5, 11.5, 7], "texture": "#0", "cullface": "east"},
				"east": {"uv": [10.5, 5, 11.5, 7], "texture": "#0", "cullface": "east"},
				"south": {"uv": [10.5, 5, 11, 7], "texture": "#0", "cullface": "east"},
				"down": {"uv": [11.5, 6.5, 10.5, 7], "rotation": 270, "texture": "#0", "cullface": "east"}
			}
		},
		{
			"from": [15.75, 6.5, 6.5],
			"to": [16, 7, 7.5],
			"faces": {
				"east": {"uv": [8.5, 9, 9.5, 9.5], "texture": "#0", "cullface": "east"},
				"south": {"uv": [8.5, 9, 9.5, 9.5], "texture": "#0", "cullface": "east"},
				"up": {"uv": [8.5, 9, 9.5, 9.5], "rotation": 90, "texture": "#0", "cullface": "east"},
				"down": {"uv": [8.5, 9, 9.5, 9.5], "rotation": 270, "texture": "#0", "cullface": "east"}
			}
		},
		{
			"from": [15.75, 6.5, 8.5],
			"to": [16, 7, 9.5],
			"faces": {
				"north": {"uv": [6.5, 9, 7.5, 9.5], "texture": "#0", "cullface": "east"},
				"east": {"uv": [6.5, 9, 7.5, 9.5], "texture": "#0", "cullface": "east"},
				"up": {"uv": [6.5, 9, 7.5, 9.5], "rotation": 90, "texture": "#0", "cullface": "east"},
				"down": {"uv": [6.5, 9, 7.5, 9.5], "rotation": 270, "texture": "#0", "cullface": "east"}
			}
		}
	],
	"groups": [0, 1,
		{
			"name": "north",
			"origin": [10, 9, 7.75],
			"children": [2, 3, 4, 5, 6, 7, 8, 9, 10, 11, 12, 13, 14, 15, 16, 17, 18, 19, 20, 21, 22, 23, 24, 25, 26, 27, 28, 29, 30, 31, 32, 33]
		},
		{
			"name": "west",
			"origin": [10, 9, 7.75],
			"children": [34, 35, 36, 37, 38, 39, 40, 41, 42, 43, 44, 45, 46, 47, 48, 49, 50, 51, 52, 53, 54, 55, 56, 57, 58, 59, 60, 61, 62, 63, 64, 65]
		},
		{
			"name": "south",
			"origin": [10, 9, 7.75],
			"children": [66, 67, 68, 69, 70, 71, 72, 73, 74, 75, 76, 77, 78, 79, 80, 81, 82, 83, 84, 85, 86, 87, 88, 89, 90, 91, 92, 93, 94, 95, 96, 97]
		},
		{
			"name": "east",
			"origin": [10, 9, 7.75],
			"children": [98, 99, 100, 101, 102, 103, 104, 105, 106, 107, 108, 109, 110, 111, 112, 113, 114, 115, 116, 117, 118, 119, 120, 121, 122, 123, 124, 125, 126, 127, 128, 129]
		}
	]
}