{
	"credit": "Made with Blockbench",
	"textures": {
		"0": "block/dark_oak_sapling",
		"particle": "block/dark_oak_sapling"
	},
	"elements": [
		{
			"from": [5, 0, 5.25],
			"to": [10.5, 0.5, 10.75],
			"rotation": {"angle": 0, "axis": "y", "origin": [18, 8, 13.25]},
			"faces": {
				"north": {"uv": [5.5, 15.5, 11, 16], "texture": "#0"},
				"east": {"uv": [5.5, 15.5, 11, 16], "texture": "#0"},
				"south": {"uv": [11, 15.5, 5.5, 16], "texture": "#0"},
				"west": {"uv": [5.5, 15.5, 11, 16], "texture": "#0"},
				"up": {"uv": [6.5, 11.5, 10, 14.5], "texture": "#0"},
				"down": {"uv": [6.5, 11.5, 10, 14.5], "texture": "#0"}
			}
		},
		{
			"from": [5.5, 0.5, 5.75],
			"to": [10, 1.5, 10.25],
			"rotation": {"angle": 0, "axis": "y", "origin": [18, 8.5, 13.75]},
			"faces": {
				"north": {"uv": [6, 14.5, 10.5, 15.5], "texture": "#0"},
				"east": {"uv": [6, 14.5, 10.5, 15.5], "texture": "#0"},
				"south": {"uv": [10.5, 14.5, 6, 15.5], "texture": "#0"},
				"west": {"uv": [6, 14.5, 10.5, 15.5], "texture": "#0"},
				"up": {"uv": [6, 14.5, 10.5, 15.5], "rotation": 90, "texture": "#0"},
				"down": {"uv": [6, 14.5, 10.5, 15.5], "texture": "#0"}
			}
		},
		{
			"from": [5.5, 1.5, 6],
			"to": [9.5, 2, 10],
			"rotation": {"angle": 0, "axis": "y", "origin": [18, 9.5, 14]},
			"faces": {
				"north": {"uv": [6.5, 14, 10.5, 14.5], "texture": "#0"},
				"east": {"uv": [6.5, 14, 10.5, 14.5], "texture": "#0"},
				"south": {"uv": [10.5, 14, 6.5, 14.5], "texture": "#0"},
				"west": {"uv": [6.5, 14, 10.5, 14.5], "texture": "#0"},
				"up": {"uv": [6.5, 14, 10.5, 14.5], "texture": "#0"},
				"down": {"uv": [6.5, 14, 10.5, 14.5], "texture": "#0"}
			}
		},
		{
			"from": [6, 2, 6.25],
			"to": [9.5, 4.5, 9.75],
			"rotation": {"angle": 0, "axis": "y", "origin": [18, 10, 14.25]},
			"faces": {
				"north": {"uv": [6.5, 11.5, 10, 14], "texture": "#0"},
				"east": {"uv": [6.5, 11.5, 10, 14], "texture": "#0"},
				"south": {"uv": [10, 11.5, 6.5, 14], "texture": "#0"},
				"west": {"uv": [6.5, 11.5, 10, 14], "texture": "#0"},
				"up": {"uv": [6.5, 11.5, 10, 14], "texture": "#0"},
				"down": {"uv": [6.5, 11.5, 10, 14], "texture": "#0"}
			}
		},
		{
			"from": [6, 4.5, 6.5],
			"to": [9, 6, 9.5],
			"rotation": {"angle": 0, "axis": "y", "origin": [18, 12.5, 14.5]},
			"faces": {
				"north": {"uv": [7, 10, 10, 11.5], "texture": "#0"},
				"east": {"uv": [7, 10, 10, 11.5], "texture": "#0"},
				"south": {"uv": [10, 10, 7, 11.5], "texture": "#0"},
				"west": {"uv": [7, 10, 10, 11.5], "texture": "#0"},
				"up": {"uv": [7, 10, 10, 11.5], "texture": "#0"},
				"down": {"uv": [7, 10, 10, 11.5], "texture": "#0"}
			}
		},
		{
			"from": [9.5, 2.5, 7.75],
			"to": [10, 4, 8.25],
			"rotation": {"angle": 0, "axis": "y", "origin": [18.5, 10, 15.75]},
			"faces": {
				"north": {"uv": [6, 12, 6.5, 13.5], "texture": "#0"},
				"east": {"uv": [6, 12, 6.5, 13.5], "texture": "#0"},
				"south": {"uv": [6.5, 12, 6, 13.5], "texture": "#0"},
				"west": {"uv": [6, 12, 6.5, 13.5], "texture": "#0"},
				"up": {"uv": [6, 12, 6.5, 13.5], "texture": "#0"},
				"down": {"uv": [6, 12, 6.5, 13.5], "texture": "#0"}
			}
		},
		{
			"from": [10, 2.5, 7.75],
			"to": [10.5, 3.5, 8.25],
			"rotation": {"angle": 0, "axis": "y", "origin": [19, 10, 15.75]},
			"faces": {
				"north": {"uv": [5.5, 12.5, 6, 13.5], "texture": "#0"},
				"east": {"uv": [5.5, 12.5, 6, 13.5], "texture": "#0"},
				"south": {"uv": [6, 12.5, 5.5, 13.5], "texture": "#0"},
				"west": {"uv": [5.5, 12.5, 6, 13.5], "texture": "#0"},
				"up": {"uv": [5.5, 12.5, 6, 13.5], "texture": "#0"},
				"down": {"uv": [5.5, 12.5, 6, 13.5], "texture": "#0"}
			}
		},
		{
			"from": [10.5, 3, 7.5],
			"to": [11.5, 3.5, 8.5],
			"rotation": {"angle": 0, "axis": "y", "origin": [19.5, 10, 15.5]},
			"faces": {
				"north": {"uv": [4.5, 12.5, 5.5, 13], "texture": "#0"},
				"east": {"uv": [4.5, 12.5, 5.5, 13], "texture": "#0"},
				"south": {"uv": [5.5, 12.5, 4.5, 13], "texture": "#0"},
				"west": {"uv": [4.5, 12.5, 5.5, 13], "texture": "#0"},
				"up": {"uv": [4.5, 12.5, 5.5, 13], "texture": "#0"},
				"down": {"uv": [4.5, 12.5, 5.5, 13], "texture": "#0"}
			}
		},
		{
			"from": [9, 5.5, 7.5],
			"to": [10, 6, 8.5],
			"rotation": {"angle": 0, "axis": "y", "origin": [18, 12.5, 15.5]},
			"faces": {
				"north": {"uv": [6, 10, 7, 10.5], "texture": "#0"},
				"east": {"uv": [6, 10, 7, 10.5], "texture": "#0"},
				"south": {"uv": [7, 10, 6, 10.5], "texture": "#0"},
				"west": {"uv": [6, 10, 7, 10.5], "texture": "#0"},
				"up": {"uv": [6, 10, 7, 10.5], "texture": "#0"},
				"down": {"uv": [6, 10, 7, 10.5], "texture": "#0"}
			}
		},
		{
			"from": [7, 6, 6.75],
			"to": [9.5, 6.5, 9.25],
			"rotation": {"angle": 0, "axis": "y", "origin": [17.5, 13, 14.75]},
			"faces": {
				"north": {"uv": [6.5, 9.5, 9, 10], "texture": "#0"},
				"east": {"uv": [6.5, 9.5, 9, 10], "texture": "#0"},
				"south": {"uv": [9, 9.5, 6.5, 10], "texture": "#0"},
				"west": {"uv": [6.5, 9.5, 9, 10], "texture": "#0"},
				"up": {"uv": [6.5, 9.5, 9, 10], "texture": "#0"},
				"down": {"uv": [6.5, 9.5, 9, 10], "texture": "#0"}
			}
		},
		{
			"from": [7.5, 6.5, 7.75],
			"to": [9, 7, 8.25],
			"rotation": {"angle": 0, "axis": "y", "origin": [17.5, 13.5, 15.75]},
			"faces": {
				"north": {"uv": [7, 9, 8.5, 9.5], "texture": "#0"},
				"east": {"uv": [7, 9, 8.5, 9.5], "texture": "#0"},
				"south": {"uv": [8.5, 9, 7, 9.5], "texture": "#0"},
				"west": {"uv": [7, 9, 8.5, 9.5], "texture": "#0"},
				"up": {"uv": [7, 9, 8.5, 9.5], "texture": "#0"},
				"down": {"uv": [7, 9, 8.5, 9.5], "texture": "#0"}
			}
		},
		{
			"from": [8.5, 7, 7.75],
			"to": [9, 7.5, 8.25],
			"rotation": {"angle": 0, "axis": "y", "origin": [17.5, 14, 15.75]},
			"faces": {
				"north": {"uv": [7, 8.5, 7.5, 9], "texture": "#0"},
				"east": {"uv": [7, 8.5, 7.5, 9], "texture": "#0"},
				"south": {"uv": [7.5, 8.5, 7, 9], "texture": "#0"},
				"west": {"uv": [7, 8.5, 7.5, 9], "texture": "#0"},
				"up": {"uv": [7, 8.5, 7.5, 9], "texture": "#0"},
				"down": {"uv": [7, 8.5, 7.5, 9], "texture": "#0"}
			}
		},
		{
			"from": [5.5, 4.5, 7.75],
			"to": [6, 6, 8.25],
			"rotation": {"angle": 0, "axis": "y", "origin": [14.5, 11.5, 15.75]},
			"faces": {
				"north": {"uv": [10, 10, 10.5, 11.5], "texture": "#0"},
				"east": {"uv": [10, 10, 10.5, 11.5], "texture": "#0"},
				"south": {"uv": [10.5, 10, 10, 11.5], "texture": "#0"},
				"west": {"uv": [10, 10, 10.5, 11.5], "texture": "#0"},
				"up": {"uv": [10, 10, 10.5, 11.5], "texture": "#0"},
				"down": {"uv": [10, 10, 10.5, 11.5], "texture": "#0"}
			}
		},
		{
			"from": [5, 6, 7.25],
			"to": [6.5, 6.5, 8.75],
			"rotation": {"angle": 0, "axis": "y", "origin": [14.5, 13, 15.25]},
			"faces": {
				"north": {"uv": [9.5, 9.5, 11, 10], "texture": "#0"},
				"east": {"uv": [9.5, 9.5, 11, 10], "texture": "#0"},
				"south": {"uv": [11, 9.5, 9.5, 10], "texture": "#0"},
				"west": {"uv": [9.5, 9.5, 11, 10], "texture": "#0"},
				"up": {"uv": [9.5, 9.5, 11, 10], "texture": "#0"},
				"down": {"uv": [9.5, 9.5, 11, 10], "texture": "#0"}
			}
		},
		{
			"from": [5, 6.5, 7.75],
			"to": [5.5, 7, 8.25],
			"rotation": {"angle": 0, "axis": "y", "origin": [14, 13.5, 15.75]},
			"faces": {
				"north": {"uv": [10.5, 9, 11, 9.5], "texture": "#0"},
				"east": {"uv": [10.5, 9, 11, 9.5], "texture": "#0"},
				"south": {"uv": [11, 9, 10.5, 9.5], "texture": "#0"},
				"west": {"uv": [10.5, 9, 11, 9.5], "texture": "#0"},
				"up": {"uv": [10.5, 9, 11, 9.5], "texture": "#0"},
				"down": {"uv": [10.5, 9, 11, 9.5], "texture": "#0"}
			}
		},
		{
			"from": [4.5, 7, 7.5],
			"to": [5.5, 7.5, 8.5],
			"rotation": {"angle": 0, "axis": "y", "origin": [14, 14, 15.5]},
			"faces": {
				"north": {"uv": [10.5, 8.5, 11.5, 9], "texture": "#0"},
				"east": {"uv": [10.5, 8.5, 11.5, 9], "texture": "#0"},
				"south": {"uv": [11.5, 8.5, 10.5, 9], "texture": "#0"},
				"west": {"uv": [10.5, 8.5, 11.5, 9], "texture": "#0"},
				"up": {"uv": [10.5, 8.5, 11.5, 9], "texture": "#0"},
				"down": {"uv": [10.5, 8.5, 11.5, 9], "texture": "#0"}
			}
		},
		{
			"from": [3.5, 7.5, 7.25],
			"to": [5, 8, 8.75],
			"rotation": {"angle": 0, "axis": "y", "origin": [13.5, 14.5, 15.25]},
			"faces": {
				"north": {"uv": [11, 8, 12.5, 8.5], "texture": "#0"},
				"east": {"uv": [11, 8, 12.5, 8.5], "texture": "#0"},
				"south": {"uv": [12.5, 8, 11, 8.5], "texture": "#0"},
				"west": {"uv": [11, 8, 12.5, 8.5], "texture": "#0"},
				"up": {"uv": [11, 8, 12.5, 8.5], "texture": "#0"},
				"down": {"uv": [11, 8, 12.5, 8.5], "texture": "#0"}
			}
		},
		{
			"from": [3, 8, 7.25],
			"to": [4.5, 8.5, 8.75],
			"rotation": {"angle": 0, "axis": "y", "origin": [13, 15, 15.25]},
			"faces": {
				"north": {"uv": [11.5, 7.5, 13, 8], "texture": "#0"},
				"east": {"uv": [11.5, 7.5, 13, 8], "texture": "#0"},
				"south": {"uv": [13, 7.5, 11.5, 8], "texture": "#0"},
				"west": {"uv": [11.5, 7.5, 13, 8], "texture": "#0"},
				"up": {"uv": [11.5, 7.5, 13, 8], "texture": "#0"},
				"down": {"uv": [11.5, 7.5, 13, 8], "texture": "#0"}
			}
		},
		{
			"from": [5.5, 8, 7.75],
			"to": [6, 8.5, 8.25],
			"rotation": {"angle": 0, "axis": "y", "origin": [14.5, 15, 15.75]},
			"faces": {
				"north": {"uv": [10, 7.5, 10.5, 8], "texture": "#0"},
				"east": {"uv": [10, 7.5, 10.5, 8], "texture": "#0"},
				"south": {"uv": [10.5, 7.5, 10, 8], "texture": "#0"},
				"west": {"uv": [10, 7.5, 10.5, 8], "texture": "#0"},
				"up": {"uv": [10, 7.5, 10.5, 8], "texture": "#0"},
				"down": {"uv": [10, 7.5, 10.5, 8], "texture": "#0"}
			}
		},
		{
			"from": [5, 8.5, 7.5],
			"to": [6, 9, 8.5],
			"rotation": {"angle": 0, "axis": "y", "origin": [14.5, 15.5, 15.5]},
			"faces": {
				"north": {"uv": [10, 7, 11, 7.5], "texture": "#0"},
				"east": {"uv": [10, 7, 11, 7.5], "texture": "#0"},
				"south": {"uv": [11, 7, 10, 7.5], "texture": "#0"},
				"west": {"uv": [10, 7, 11, 7.5], "texture": "#0"},
				"up": {"uv": [10, 7, 11, 7.5], "texture": "#0"},
				"down": {"uv": [10, 7, 11, 7.5], "texture": "#0"}
			}
		},
		{
			"from": [5, 9, 7.75],
			"to": [5.5, 10, 8.25],
			"rotation": {"angle": 0, "axis": "y", "origin": [14, 16, 15.75]},
			"faces": {
				"north": {"uv": [10.5, 6, 11, 7], "texture": "#0"},
				"east": {"uv": [10.5, 6, 11, 7], "texture": "#0"},
				"south": {"uv": [11, 6, 10.5, 7], "texture": "#0"},
				"west": {"uv": [10.5, 6, 11, 7], "texture": "#0"},
				"up": {"uv": [10.5, 6, 11, 7], "texture": "#0"},
				"down": {"uv": [10.5, 6, 11, 7], "texture": "#0"}
			}
		},
		{
			"from": [4.5, 10, 7.75],
			"to": [5, 10.5, 8.25],
			"rotation": {"angle": 0, "axis": "y", "origin": [13.5, 17, 15.75]},
			"faces": {
				"north": {"uv": [11, 5.5, 11.5, 6], "texture": "#0"},
				"east": {"uv": [11, 5.5, 11.5, 6], "texture": "#0"},
				"south": {"uv": [11.5, 5.5, 11, 6], "texture": "#0"},
				"west": {"uv": [11, 5.5, 11.5, 6], "texture": "#0"},
				"up": {"uv": [11, 5.5, 11.5, 6], "texture": "#0"},
				"down": {"uv": [11, 5.5, 11.5, 6], "texture": "#0"}
			}
		},
		{
			"from": [9.5, 10, 7.75],
			"to": [10.5, 10.5, 8.25],
			"rotation": {"angle": 0, "axis": "y", "origin": [19, 17, 15.75]},
			"faces": {
				"north": {"uv": [5.5, 5.5, 6.5, 6], "texture": "#0"},
				"east": {"uv": [5.5, 5.5, 6.5, 6], "texture": "#0"},
				"south": {"uv": [6.5, 5.5, 5.5, 6], "texture": "#0"},
				"west": {"uv": [5.5, 5.5, 6.5, 6], "texture": "#0"},
				"up": {"uv": [5.5, 5.5, 6.5, 6], "texture": "#0"},
				"down": {"uv": [5.5, 5.5, 6.5, 6], "texture": "#0"}
			}
		},
		{
			"from": [10, 9.5, 7.25],
			"to": [11.5, 10, 8.75],
			"rotation": {"angle": 0, "axis": "y", "origin": [19.5, 16.5, 15.25]},
			"faces": {
				"north": {"uv": [4.5, 6, 6, 6.5], "texture": "#0"},
				"east": {"uv": [4.5, 6, 6, 6.5], "texture": "#0"},
				"south": {"uv": [6, 6, 4.5, 6.5], "texture": "#0"},
				"west": {"uv": [4.5, 6, 6, 6.5], "texture": "#0"},
				"up": {"uv": [4.5, 6, 6, 6.5], "texture": "#0"},
				"down": {"uv": [4.5, 6, 6, 6.5], "texture": "#0"}
			}
		},
		{
			"from": [11, 9, 7.75],
			"to": [12, 9.5, 8.75],
			"rotation": {"angle": 0, "axis": "y", "origin": [20.5, 16, 15.75]},
			"faces": {
				"north": {"uv": [4, 6.5, 5, 7], "texture": "#0"},
				"east": {"uv": [4, 6.5, 5, 7], "texture": "#0"},
				"south": {"uv": [5, 6.5, 4, 7], "texture": "#0"},
				"west": {"uv": [4, 6.5, 5, 7], "texture": "#0"},
				"up": {"uv": [4, 6.5, 5, 7], "texture": "#0"},
				"down": {"uv": [4, 6.5, 5, 7], "texture": "#0"}
			}
		},
		{
			"from": [11.5, 3, 7.75],
			"to": [12, 3.5, 8.25],
			"rotation": {"angle": 0, "axis": "y", "origin": [20.5, 10, 15.75]},
			"faces": {
				"north": {"uv": [4, 12.5, 4.5, 13], "texture": "#0"},
				"east": {"uv": [4, 12.5, 4.5, 13], "texture": "#0"},
				"south": {"uv": [4.5, 12.5, 4, 13], "texture": "#0"},
				"west": {"uv": [4, 12.5, 4.5, 13], "texture": "#0"},
				"up": {"uv": [4, 12.5, 4.5, 13], "texture": "#0"},
				"down": {"uv": [4, 12.5, 4.5, 13], "texture": "#0"}
			}
		},
		{
			"from": [10, 3.5, 7],
			"to": [12, 4, 9],
			"rotation": {"angle": 0, "axis": "y", "origin": [20.5, 10.5, 15]},
			"faces": {
				"north": {"uv": [4, 12, 6, 12.5], "texture": "#0"},
				"east": {"uv": [4, 12, 6, 12.5], "texture": "#0"},
				"south": {"uv": [6, 12, 4, 12.5], "texture": "#0"},
				"west": {"uv": [4, 12, 6, 12.5], "texture": "#0"},
				"up": {"uv": [4, 12, 6, 12.5], "texture": "#0"},
				"down": {"uv": [4, 12, 6, 12.5], "texture": "#0"}
			}
		},
		{
			"from": [9.5, 4, 7],
			"to": [11.5, 4.5, 9],
			"rotation": {"angle": 0, "axis": "y", "origin": [20, 11, 15]},
			"faces": {
				"north": {"uv": [4.5, 11.5, 6.5, 12], "texture": "#0"},
				"east": {"uv": [4.5, 11.5, 6.5, 12], "texture": "#0"},
				"south": {"uv": [6.5, 11.5, 4.5, 12], "texture": "#0"},
				"west": {"uv": [4.5, 11.5, 6.5, 12], "texture": "#0"},
				"up": {"uv": [4.5, 11.5, 6.5, 12], "texture": "#0"},
				"down": {"uv": [4.5, 11.5, 6.5, 12], "texture": "#0"}
			}
		},
		{
			"from": [9, 4.5, 6.5],
			"to": [11, 5, 9],
			"rotation": {"angle": 0, "axis": "y", "origin": [19.5, 11.5, 15]},
			"faces": {
				"north": {"uv": [5, 11, 7, 11.5], "texture": "#0"},
				"east": {"uv": [5, 11, 7, 11.5], "texture": "#0"},
				"south": {"uv": [7, 11, 5, 11.5], "texture": "#0"},
				"west": {"uv": [5, 11, 7, 11.5], "texture": "#0"},
				"up": {"uv": [5, 11, 7, 11.5], "texture": "#0"},
				"down": {"uv": [5, 11, 7, 11.5], "texture": "#0"}
			}
		},
		{
			"from": [9, 5, 7.5],
			"to": [10, 5.5, 8.5],
			"rotation": {"angle": 0, "axis": "y", "origin": [18, 12, 15.5]},
			"faces": {
				"north": {"uv": [6, 10.5, 7, 11], "texture": "#0"},
				"east": {"uv": [6, 10.5, 7, 11], "texture": "#0"},
				"south": {"uv": [7, 10.5, 6, 11], "texture": "#0"},
				"west": {"uv": [6, 10.5, 7, 11], "texture": "#0"},
				"up": {"uv": [6, 10.5, 7, 11], "texture": "#0"},
				"down": {"uv": [6, 10.5, 7, 11], "texture": "#0"}
			}
		},
		{
			"from": [9.5, 6, 7.75],
			"to": [10, 6.5, 8.25],
			"rotation": {"angle": 0, "axis": "y", "origin": [18, 13, 15.75]},
			"faces": {
				"north": {"uv": [6, 9.5, 6.5, 10], "texture": "#0"},
				"east": {"uv": [6, 9.5, 6.5, 10], "texture": "#0"},
				"south": {"uv": [6.5, 9.5, 6, 10], "texture": "#0"},
				"west": {"uv": [6, 9.5, 6.5, 10], "texture": "#0"},
				"up": {"uv": [6, 9.5, 6.5, 10], "texture": "#0"},
				"down": {"uv": [6, 9.5, 6.5, 10], "texture": "#0"}
			}
		},
		{
			"from": [9, 6.5, 7.25],
			"to": [10.5, 7, 8.75],
			"rotation": {"angle": 0, "axis": "y", "origin": [18, 13.5, 15.25]},
			"faces": {
				"north": {"uv": [5.5, 9, 7, 9.5], "texture": "#0"},
				"east": {"uv": [5.5, 9, 7, 9.5], "texture": "#0"},
				"south": {"uv": [7, 9, 5.5, 9.5], "texture": "#0"},
				"west": {"uv": [5.5, 9, 7, 9.5], "texture": "#0"},
				"up": {"uv": [5.5, 9, 7, 9.5], "texture": "#0"},
				"down": {"uv": [5.5, 9, 7, 9.5], "texture": "#0"}
			}
		},
		{
			"from": [9, 7, 6.25],
			"to": [12.5, 7.5, 9.75],
			"rotation": {"angle": 0, "axis": "y", "origin": [18, 14, 14.25]},
			"faces": {
				"north": {"uv": [3.5, 8.5, 7, 9], "texture": "#0"},
				"east": {"uv": [3.5, 8.5, 7, 9], "texture": "#0"},
				"south": {"uv": [7, 8.5, 3.5, 9], "texture": "#0"},
				"west": {"uv": [3.5, 8.5, 7, 9], "texture": "#0"},
				"up": {"uv": [3.5, 8.5, 7, 9], "texture": "#0"},
				"down": {"uv": [3.5, 8.5, 7, 9], "texture": "#0"}
			}
		},
		{
			"from": [11, 6.5, 7.25],
			"to": [12.5, 7, 8.75],
			"rotation": {"angle": 0, "axis": "y", "origin": [20, 13.5, 15.25]},
			"faces": {
				"north": {"uv": [3.5, 9, 5, 9.5], "texture": "#0"},
				"east": {"uv": [3.5, 9, 5, 9.5], "texture": "#0"},
				"south": {"uv": [5, 9, 3.5, 9.5], "texture": "#0"},
				"west": {"uv": [3.5, 9, 5, 9.5], "texture": "#0"},
				"up": {"uv": [3.5, 9, 5, 9.5], "texture": "#0"},
				"down": {"uv": [3.5, 9, 5, 9.5], "texture": "#0"}
			}
		},
		{
			"from": [12, 6, 7.5],
			"to": [13, 6.5, 8.5],
			"rotation": {"angle": 0, "axis": "y", "origin": [20.5, 13, 15.5]},
			"faces": {
				"north": {"uv": [3, 9.5, 4, 10], "texture": "#0"},
				"east": {"uv": [3, 9.5, 4, 10], "texture": "#0"},
				"south": {"uv": [4, 9.5, 3, 10], "texture": "#0"},
				"west": {"uv": [3, 9.5, 4, 10], "texture": "#0"},
				"up": {"uv": [3, 9.5, 4, 10], "texture": "#0"},
				"down": {"uv": [3, 9.5, 4, 10], "texture": "#0"}
			}
		},
		{
			"from": [6.5, 6, 7.75],
			"to": [7, 6.5, 8.25],
			"rotation": {"angle": 0, "axis": "y", "origin": [15.5, 13, 15.75]},
			"faces": {
				"north": {"uv": [9, 9.5, 9.5, 10], "texture": "#0"},
				"east": {"uv": [9, 9.5, 9.5, 10], "texture": "#0"},
				"south": {"uv": [9.5, 9.5, 9, 10], "texture": "#0"},
				"west": {"uv": [9, 9.5, 9.5, 10], "texture": "#0"},
				"up": {"uv": [9, 9.5, 9.5, 10], "texture": "#0"},
				"down": {"uv": [9, 9.5, 9.5, 10], "texture": "#0"}
			}
		},
		{
			"from": [3, 6.5, 7],
			"to": [5, 7, 9],
			"rotation": {"angle": 0, "axis": "y", "origin": [13.5, 13.5, 15]},
			"faces": {
				"north": {"uv": [11, 9, 13, 9.5], "texture": "#0"},
				"east": {"uv": [11, 9, 13, 9.5], "texture": "#0"},
				"south": {"uv": [13, 9, 11, 9.5], "texture": "#0"},
				"west": {"uv": [11, 9, 13, 9.5], "texture": "#0"},
				"up": {"uv": [11, 9, 13, 9.5], "texture": "#0"},
				"down": {"uv": [11, 9, 13, 9.5], "texture": "#0"}
			}
		},
		{
			"from": [5.5, 6.5, 7.75],
			"to": [7.5, 7, 8.25],
			"rotation": {"angle": 0, "axis": "y", "origin": [16, 13.5, 15.75]},
			"faces": {
				"north": {"uv": [8.5, 9, 10.5, 9.5], "texture": "#0"},
				"east": {"uv": [8.5, 9, 10.5, 9.5], "texture": "#0"},
				"south": {"uv": [10.5, 9, 8.5, 9.5], "texture": "#0"},
				"west": {"uv": [8.5, 9, 10.5, 9.5], "texture": "#0"},
				"up": {"uv": [8.5, 9, 10.5, 9.5], "texture": "#0"},
				"down": {"uv": [8.5, 9, 10.5, 9.5], "texture": "#0"}
			}
		},
		{
			"from": [3, 7.5, 7.75],
			"to": [3.5, 8, 8.25],
			"rotation": {"angle": 0, "axis": "y", "origin": [12, 14.5, 15.75]},
			"faces": {
				"north": {"uv": [12.5, 8, 13, 8.5], "texture": "#0"},
				"east": {"uv": [12.5, 8, 13, 8.5], "texture": "#0"},
				"south": {"uv": [13, 8, 12.5, 8.5], "texture": "#0"},
				"west": {"uv": [12.5, 8, 13, 8.5], "texture": "#0"},
				"up": {"uv": [12.5, 8, 13, 8.5], "texture": "#0"},
				"down": {"uv": [12.5, 8, 13, 8.5], "texture": "#0"}
			}
		},
		{
			"from": [3.5, 7, 7.5],
			"to": [4.5, 7.5, 8.5],
			"rotation": {"angle": 0, "axis": "y", "origin": [13, 14, 15.5]},
			"faces": {
				"north": {"uv": [11.5, 8.5, 12.5, 9], "texture": "#0"},
				"east": {"uv": [11.5, 8.5, 12.5, 9], "texture": "#0"},
				"south": {"uv": [12.5, 8.5, 11.5, 9], "texture": "#0"},
				"west": {"uv": [11.5, 8.5, 12.5, 9], "texture": "#0"},
				"up": {"uv": [11.5, 8.5, 12.5, 9], "texture": "#0"},
				"down": {"uv": [11.5, 8.5, 12.5, 9], "texture": "#0"}
			}
		},
		{
			"from": [5.5, 7, 6.5],
			"to": [8.5, 7.5, 9.5],
			"rotation": {"angle": 0, "axis": "y", "origin": [14.5, 14, 14.5]},
			"faces": {
				"north": {"uv": [7.5, 8.5, 10.5, 9], "texture": "#0"},
				"east": {"uv": [7.5, 8.5, 10.5, 9], "texture": "#0"},
				"south": {"uv": [10.5, 8.5, 7.5, 9], "texture": "#0"},
				"west": {"uv": [7.5, 8.5, 10.5, 9], "texture": "#0"},
				"up": {"uv": [7.5, 8.5, 10.5, 9], "texture": "#0"},
				"down": {"uv": [7.5, 8.5, 10.5, 9], "texture": "#0"}
			}
		},
		{
			"from": [8.5, 7.5, 6.25],
			"to": [12, 8, 9.75],
			"rotation": {"angle": 0, "axis": "y", "origin": [17.5, 14.5, 14.25]},
			"faces": {
				"north": {"uv": [4, 8, 7.5, 8.5], "texture": "#0"},
				"east": {"uv": [4, 8, 7.5, 8.5], "texture": "#0"},
				"south": {"uv": [7.5, 8, 4, 8.5], "texture": "#0"},
				"west": {"uv": [4, 8, 7.5, 8.5], "texture": "#0"},
				"up": {"uv": [4, 8, 7.5, 8.5], "texture": "#0"},
				"down": {"uv": [4, 8, 7.5, 8.5], "texture": "#0"}
			}
		},
		{
			"from": [9.5, 8, 6.75],
			"to": [11, 8.5, 8.75],
			"rotation": {"angle": 0, "axis": "y", "origin": [17.5, 15, 15.25]},
			"faces": {
				"north": {"uv": [5, 7.5, 6.5, 8], "texture": "#0"},
				"east": {"uv": [5, 7.5, 6.5, 8], "texture": "#0"},
				"south": {"uv": [6.5, 7.5, 5, 8], "texture": "#0"},
				"west": {"uv": [5, 7.5, 6.5, 8], "texture": "#0"},
				"up": {"uv": [5, 7.5, 6.5, 8], "texture": "#0"},
				"down": {"uv": [5, 7.5, 6.5, 8], "texture": "#0"}
			}
		},
		{
			"from": [9, 8.5, 6.75],
			"to": [11.5, 9, 9.25],
			"rotation": {"angle": 0, "axis": "y", "origin": [18, 15.5, 14.75]},
			"faces": {
				"north": {"uv": [4.5, 7, 7, 7.5], "texture": "#0"},
				"east": {"uv": [4.5, 7, 7, 7.5], "texture": "#0"},
				"south": {"uv": [7, 7, 4.5, 7.5], "texture": "#0"},
				"west": {"uv": [4.5, 7, 7, 7.5], "texture": "#0"},
				"up": {"uv": [4.5, 7, 7, 7.5], "texture": "#0"},
				"down": {"uv": [4.5, 7, 7, 7.5], "texture": "#0"}
			}
		},
		{
			"from": [8, 9, 7.75],
			"to": [11, 9.5, 10.75],
			"rotation": {"angle": 0, "axis": "y", "origin": [17.5, 16, 15.75]},
			"faces": {
				"north": {"uv": [5, 6.5, 8, 7], "texture": "#0"},
				"east": {"uv": [5, 6.5, 8, 7], "texture": "#0"},
				"south": {"uv": [8, 6.5, 5, 7], "texture": "#0"},
				"west": {"uv": [5, 6.5, 8, 7], "texture": "#0"},
				"up": {"uv": [5, 6.5, 8, 7], "texture": "#0"},
				"down": {"uv": [5, 6.5, 8, 7], "texture": "#0"}
			}
		},
		{
			"from": [7.5, 9.5, 6.75],
			"to": [10, 10, 9.25],
			"rotation": {"angle": 0, "axis": "y", "origin": [16.5, 16.5, 14.75]},
			"faces": {
				"north": {"uv": [6, 6, 8.5, 6.5], "texture": "#0"},
				"east": {"uv": [6, 6, 8.5, 6.5], "texture": "#0"},
				"south": {"uv": [8.5, 6, 6, 6.5], "texture": "#0"},
				"west": {"uv": [6, 6, 8.5, 6.5], "texture": "#0"},
				"up": {"uv": [6, 6, 8.5, 6.5], "texture": "#0"},
				"down": {"uv": [6, 6, 8.5, 6.5], "texture": "#0"}
			}
		},
		{
			"from": [7.5, 10, 7],
			"to": [9.5, 10.5, 9],
			"rotation": {"angle": 0, "axis": "y", "origin": [16.5, 17, 15]},
			"faces": {
				"north": {"uv": [6.5, 5.5, 8.5, 6], "texture": "#0"},
				"east": {"uv": [6.5, 5.5, 8.5, 6], "texture": "#0"},
				"south": {"uv": [8.5, 5.5, 6.5, 6], "texture": "#0"},
				"west": {"uv": [6.5, 5.5, 8.5, 6], "texture": "#0"},
				"up": {"uv": [6.5, 5.5, 8.5, 6], "texture": "#0"},
				"down": {"uv": [6.5, 5.5, 8.5, 6], "texture": "#0"}
			}
		},
		{
			"from": [7, 10.5, 7],
			"to": [9, 11, 9],
			"rotation": {"angle": 0, "axis": "y", "origin": [16, 17.5, 15]},
			"faces": {
				"north": {"uv": [7, 5, 9, 5.5], "texture": "#0"},
				"east": {"uv": [7, 5, 9, 5.5], "texture": "#0"},
				"south": {"uv": [9, 5, 7, 5.5], "texture": "#0"},
				"west": {"uv": [7, 5, 9, 5.5], "texture": "#0"},
				"up": {"uv": [7, 5, 9, 5.5], "texture": "#0"},
				"down": {"uv": [7, 5, 9, 5.5], "texture": "#0"}
			}
		},
		{
			"from": [9, 10.5, 6.25],
			"to": [12.5, 11, 9.75],
			"rotation": {"angle": 0, "axis": "y", "origin": [18, 17.5, 14.25]},
			"faces": {
				"north": {"uv": [3.5, 5, 7, 5.5], "texture": "#0"},
				"east": {"uv": [3.5, 5, 7, 5.5], "texture": "#0"},
				"south": {"uv": [7, 5, 3.5, 5.5], "texture": "#0"},
				"west": {"uv": [3.5, 5, 7, 5.5], "texture": "#0"},
				"up": {"uv": [3.5, 5, 7, 5.5], "texture": "#0"},
				"down": {"uv": [3.5, 5, 7, 5.5], "texture": "#0"}
			}
		},
		{
			"from": [11.5, 9.5, 7.25],
			"to": [13, 10, 8.75],
			"rotation": {"angle": 0, "axis": "y", "origin": [21, 16.5, 15.25]},
			"faces": {
				"north": {"uv": [3, 6, 4.5, 6.5], "texture": "#0"},
				"east": {"uv": [3, 6, 4.5, 6.5], "texture": "#0"},
				"south": {"uv": [4.5, 6, 3, 6.5], "texture": "#0"},
				"west": {"uv": [3, 6, 4.5, 6.5], "texture": "#0"},
				"up": {"uv": [3, 6, 4.5, 6.5], "texture": "#0"},
				"down": {"uv": [3, 6, 4.5, 6.5], "texture": "#0"}
			}
		},
		{
			"from": [12, 9, 7.75],
			"to": [12.5, 9.5, 8.25],
			"rotation": {"angle": 0, "axis": "y", "origin": [21.5, 16, 15.75]},
			"faces": {
				"north": {"uv": [3.5, 6.5, 4, 7], "texture": "#0"},
				"east": {"uv": [3.5, 6.5, 4, 7], "texture": "#0"},
				"south": {"uv": [4, 6.5, 3.5, 7], "texture": "#0"},
				"west": {"uv": [3.5, 6.5, 4, 7], "texture": "#0"},
				"up": {"uv": [3.5, 6.5, 4, 7], "texture": "#0"},
				"down": {"uv": [3.5, 6.5, 4, 7], "texture": "#0"}
			}
		},
		{
			"from": [10.5, 10, 6.25],
			"to": [13.5, 10.5, 9.75],
			"rotation": {"angle": 0, "axis": "y", "origin": [19, 17, 14.25]},
			"faces": {
				"north": {"uv": [2.5, 5.5, 5.5, 6], "texture": "#0"},
				"east": {"uv": [2.5, 5.5, 5.5, 6], "texture": "#0"},
				"south": {"uv": [5.5, 5.5, 2.5, 6], "texture": "#0"},
				"west": {"uv": [2.5, 5.5, 5.5, 6], "texture": "#0"},
				"up": {"uv": [2.5, 5.5, 5.5, 6], "texture": "#0"},
				"down": {"uv": [2.5, 5.5, 5.5, 6], "texture": "#0"}
			}
		},
		{
			"from": [9.5, 11, 6.75],
			"to": [12, 11.5, 9.25],
			"rotation": {"angle": 0, "axis": "y", "origin": [18.5, 18, 14.75]},
			"faces": {
				"north": {"uv": [4, 4.5, 6.5, 5], "texture": "#0"},
				"east": {"uv": [4, 4.5, 6.5, 5], "texture": "#0"},
				"south": {"uv": [6.5, 4.5, 4, 5], "texture": "#0"},
				"west": {"uv": [4, 4.5, 6.5, 5], "texture": "#0"},
				"up": {"uv": [4, 4.5, 6.5, 5], "texture": "#0"},
				"down": {"uv": [4, 4.5, 6.5, 5], "texture": "#0"}
			}
		},
		{
			"from": [11.5, 11.5, 7.5],
			"to": [12.5, 12, 8.5],
			"rotation": {"angle": 0, "axis": "y", "origin": [21, 18.5, 15.5]},
			"faces": {
				"north": {"uv": [3.5, 4, 4.5, 4.5], "texture": "#0"},
				"east": {"uv": [3.5, 4, 4.5, 4.5], "texture": "#0"},
				"south": {"uv": [4.5, 4, 3.5, 4.5], "texture": "#0"},
				"west": {"uv": [3.5, 4, 4.5, 4.5], "texture": "#0"},
				"up": {"uv": [3.5, 4, 4.5, 4.5], "texture": "#0"},
				"down": {"uv": [3.5, 4, 4.5, 4.5], "texture": "#0"}
			}
		},
		{
			"from": [4.5, 6, 7.75],
			"to": [5, 6.5, 8.25],
			"rotation": {"angle": 0, "axis": "y", "origin": [12.5, 13, 15.75]},
			"faces": {
				"north": {"uv": [11, 9.5, 11.5, 10], "texture": "#0"},
				"east": {"uv": [11, 9.5, 11.5, 10], "texture": "#0"},
				"south": {"uv": [11.5, 9.5, 11, 10], "texture": "#0"},
				"west": {"uv": [11, 9.5, 11.5, 10], "texture": "#0"},
				"up": {"uv": [11, 9.5, 11.5, 10], "texture": "#0"},
				"down": {"uv": [11, 9.5, 11.5, 10], "texture": "#0"}
			}
		},
		{
			"from": [5, 5.5, 7.75],
			"to": [5.5, 6, 8.25],
			"rotation": {"angle": 0, "axis": "y", "origin": [13, 12.5, 15.75]},
			"faces": {
				"north": {"uv": [10.5, 10, 11, 10.5], "texture": "#0"},
				"east": {"uv": [10.5, 10, 11, 10.5], "texture": "#0"},
				"south": {"uv": [11, 10, 10.5, 10.5], "texture": "#0"},
				"west": {"uv": [10.5, 10, 11, 10.5], "texture": "#0"},
				"up": {"uv": [10.5, 10, 11, 10.5], "texture": "#0"},
				"down": {"uv": [10.5, 10, 11, 10.5], "texture": "#0"}
			}
		},
		{
			"from": [5, 7.5, 6.25],
			"to": [8.5, 8, 9.75],
			"rotation": {"angle": 0, "axis": "y", "origin": [14, 14.5, 14.25]},
			"faces": {
				"north": {"uv": [7.5, 8, 11, 8.5], "texture": "#0"},
				"east": {"uv": [7.5, 8, 11, 8.5], "texture": "#0"},
				"south": {"uv": [11, 8, 7.5, 8.5], "texture": "#0"},
				"west": {"uv": [7.5, 8, 11, 8.5], "texture": "#0"},
				"up": {"uv": [7.5, 8, 11, 8.5], "texture": "#0"},
				"down": {"uv": [7.5, 8, 11, 8.5], "texture": "#0"}
			}
		},
		{
			"from": [6, 8, 6.25],
			"to": [9.5, 8.5, 9.75],
			"rotation": {"angle": 0, "axis": "y", "origin": [15, 15, 14.25]},
			"faces": {
				"north": {"uv": [6.5, 7.5, 10, 8], "texture": "#0"},
				"east": {"uv": [6.5, 7.5, 10, 8], "texture": "#0"},
				"south": {"uv": [10, 7.5, 6.5, 8], "texture": "#0"},
				"west": {"uv": [6.5, 7.5, 10, 8], "texture": "#0"},
				"up": {"uv": [6.5, 7.5, 10, 8], "texture": "#0"},
				"down": {"uv": [6.5, 7.5, 10, 8], "texture": "#0"}
			}
		},
		{
			"from": [4.5, 8, 7.5],
			"to": [5.5, 8.5, 8.5],
			"rotation": {"angle": 0, "axis": "y", "origin": [14, 15, 15.5]},
			"faces": {
				"north": {"uv": [10.5, 7.5, 11.5, 8], "texture": "#0"},
				"east": {"uv": [10.5, 7.5, 11.5, 8], "texture": "#0"},
				"south": {"uv": [11.5, 7.5, 10.5, 8], "texture": "#0"},
				"west": {"uv": [10.5, 7.5, 11.5, 8], "texture": "#0"},
				"up": {"uv": [10.5, 7.5, 11.5, 8], "texture": "#0"},
				"down": {"uv": [10.5, 7.5, 11.5, 8], "texture": "#0"}
			}
		},
		{
			"from": [4, 8.5, 7.5],
			"to": [5, 9, 8.5],
			"rotation": {"angle": 0, "axis": "y", "origin": [13.5, 15.5, 15.5]},
			"faces": {
				"north": {"uv": [11, 7, 12, 7.5], "texture": "#0"},
				"east": {"uv": [11, 7, 12, 7.5], "texture": "#0"},
				"south": {"uv": [12, 7, 11, 7.5], "texture": "#0"},
				"west": {"uv": [11, 7, 12, 7.5], "texture": "#0"},
				"up": {"uv": [11, 7, 12, 7.5], "texture": "#0"},
				"down": {"uv": [11, 7, 12, 7.5], "texture": "#0"}
			}
		},
		{
			"from": [4.5, 9, 7.75],
			"to": [5, 9.5, 8.25],
			"rotation": {"angle": 0, "axis": "y", "origin": [13.5, 16, 15.75]},
			"faces": {
				"north": {"uv": [11, 6.5, 11.5, 7], "texture": "#0"},
				"east": {"uv": [11, 6.5, 11.5, 7], "texture": "#0"},
				"south": {"uv": [11.5, 6.5, 11, 7], "texture": "#0"},
				"west": {"uv": [11, 6.5, 11.5, 7], "texture": "#0"},
				"up": {"uv": [11, 6.5, 11.5, 7], "texture": "#0"},
				"down": {"uv": [11, 6.5, 11.5, 7], "texture": "#0"}
			}
		},
		{
			"from": [3.5, 9.5, 7.25],
			"to": [5, 10, 8.75],
			"rotation": {"angle": 0, "axis": "y", "origin": [13.5, 16.5, 15.25]},
			"faces": {
				"north": {"uv": [11, 6, 12.5, 6.5], "texture": "#0"},
				"east": {"uv": [11, 6, 12.5, 6.5], "texture": "#0"},
				"south": {"uv": [12.5, 6, 11, 6.5], "texture": "#0"},
				"west": {"uv": [11, 6, 12.5, 6.5], "texture": "#0"},
				"up": {"uv": [11, 6, 12.5, 6.5], "texture": "#0"},
				"down": {"uv": [11, 6, 12.5, 6.5], "texture": "#0"}
			}
		},
		{
			"from": [3, 10, 7.25],
			"to": [4.5, 10.5, 8.75],
			"rotation": {"angle": 0, "axis": "y", "origin": [13, 17, 15.25]},
			"faces": {
				"north": {"uv": [11.5, 5.5, 13, 6], "texture": "#0"},
				"east": {"uv": [11.5, 5.5, 13, 6], "texture": "#0"},
				"south": {"uv": [13, 5.5, 11.5, 6], "texture": "#0"},
				"west": {"uv": [11.5, 5.5, 13, 6], "texture": "#0"},
				"up": {"uv": [11.5, 5.5, 13, 6], "texture": "#0"},
				"down": {"uv": [11.5, 5.5, 13, 6], "texture": "#0"}
			}
		},
		{
			"from": [3, 10.5, 6],
			"to": [7, 11, 10],
			"rotation": {"angle": 0, "axis": "y", "origin": [13, 17.5, 14]},
			"faces": {
				"north": {"uv": [8.5, 5.5, 11, 6], "texture": "#0"},
				"east": {"uv": [8.5, 5.5, 11, 6], "texture": "#0"},
				"south": {"uv": [11, 5.5, 8.5, 6], "texture": "#0"},
				"west": {"uv": [8.5, 5.5, 11, 6], "texture": "#0"},
				"up": {"uv": [8.5, 5.5, 11, 6], "texture": "#0"},
				"down": {"uv": [8.5, 5.5, 11, 6], "texture": "#0"}
			}
		},
		{
			"from": [5, 10, 6.75],
			"to": [7.5, 10.5, 9.25],
			"rotation": {"angle": 0, "axis": "y", "origin": [15, 17, 14.75]},
			"faces": {
				"north": {"uv": [8.5, 5.5, 11, 6], "texture": "#0"},
				"east": {"uv": [8.5, 5.5, 11, 6], "texture": "#0"},
				"south": {"uv": [11, 5.5, 8.5, 6], "texture": "#0"},
				"west": {"uv": [8.5, 5.5, 11, 6], "texture": "#0"},
				"up": {"uv": [8.5, 5.5, 11, 6], "texture": "#0"},
				"down": {"uv": [8.5, 5.5, 11, 6], "texture": "#0"}
			}
		},
		{
			"from": [5.5, 9.5, 7],
			"to": [7.5, 10, 9],
			"rotation": {"angle": 0, "axis": "y", "origin": [15, 16.5, 15]},
			"faces": {
				"north": {"uv": [8.5, 6, 10.5, 6.5], "texture": "#0"},
				"east": {"uv": [8.5, 6, 10.5, 6.5], "texture": "#0"},
				"south": {"uv": [10.5, 6, 8.5, 6.5], "texture": "#0"},
				"west": {"uv": [8.5, 6, 10.5, 6.5], "texture": "#0"},
				"up": {"uv": [8.5, 6, 10.5, 6.5], "texture": "#0"},
				"down": {"uv": [8.5, 6, 10.5, 6.5], "texture": "#0"}
			}
		},
		{
			"from": [5.5, 9, 6.75],
			"to": [8, 9.5, 9.25],
			"rotation": {"angle": 0, "axis": "y", "origin": [15, 16, 14.75]},
			"faces": {
				"north": {"uv": [8, 6.5, 10.5, 7], "texture": "#0"},
				"east": {"uv": [8, 6.5, 10.5, 7], "texture": "#0"},
				"south": {"uv": [10.5, 6.5, 8, 7], "texture": "#0"},
				"west": {"uv": [8, 6.5, 10.5, 7], "texture": "#0"},
				"up": {"uv": [8, 6.5, 10.5, 7], "texture": "#0"},
				"down": {"uv": [8, 6.5, 10.5, 7], "texture": "#0"}
			}
		},
		{
			"from": [6, 8.5, 6.5],
			"to": [9, 9, 9.5],
			"rotation": {"angle": 0, "axis": "y", "origin": [16, 15.5, 14.5]},
			"faces": {
				"north": {"uv": [7, 7, 10, 7.5], "texture": "#0"},
				"east": {"uv": [7, 7, 10, 7.5], "texture": "#0"},
				"south": {"uv": [10, 7, 7, 7.5], "texture": "#0"},
				"west": {"uv": [7, 7, 10, 7.5], "texture": "#0"},
				"up": {"uv": [7, 7, 10, 7.5], "texture": "#0"},
				"down": {"uv": [7, 7, 10, 7.5], "texture": "#0"}
			}
		},
		{
			"from": [3, 11, 7.5],
			"to": [4, 11.5, 8.5],
			"rotation": {"angle": 0, "axis": "y", "origin": [13, 18, 15.5]},
			"faces": {
				"north": {"uv": [12, 4.5, 13, 5], "texture": "#0"},
				"east": {"uv": [12, 4.5, 13, 5], "texture": "#0"},
				"south": {"uv": [13, 4.5, 12, 5], "texture": "#0"},
				"west": {"uv": [12, 4.5, 13, 5], "texture": "#0"},
				"up": {"uv": [12, 4.5, 13, 5], "texture": "#0"},
				"down": {"uv": [12, 4.5, 13, 5], "texture": "#0"}
			}
		},
		{
			"from": [3, 11.5, 7.75],
			"to": [3.5, 12, 8.25],
			"rotation": {"angle": 0, "axis": "y", "origin": [13, 18.5, 15.75]},
			"faces": {
				"north": {"uv": [12.5, 4, 13, 4.5], "texture": "#0"},
				"east": {"uv": [12.5, 4, 13, 4.5], "texture": "#0"},
				"south": {"uv": [13, 4, 12.5, 4.5], "texture": "#0"},
				"west": {"uv": [12.5, 4, 13, 4.5], "texture": "#0"},
				"up": {"uv": [12.5, 4, 13, 4.5], "texture": "#0"},
				"down": {"uv": [12.5, 4, 13, 4.5], "texture": "#0"}
			}
		},
		{
			"from": [4.5, 11, 7],
			"to": [6.5, 11.5, 9],
			"rotation": {"angle": 0, "axis": "y", "origin": [14.5, 18, 15]},
			"faces": {
				"north": {"uv": [9.5, 4.5, 11.5, 5], "texture": "#0"},
				"east": {"uv": [9.5, 4.5, 11.5, 5], "texture": "#0"},
				"south": {"uv": [11.5, 4.5, 9.5, 5], "texture": "#0"},
				"west": {"uv": [9.5, 4.5, 11.5, 5], "texture": "#0"},
				"up": {"uv": [9.5, 4.5, 11.5, 5], "texture": "#0"},
				"down": {"uv": [9.5, 4.5, 11.5, 5], "texture": "#0"}
			}
		},
		{
			"from": [4, 11.5, 7.75],
			"to": [6, 12, 8.25],
			"rotation": {"angle": 0, "axis": "y", "origin": [14, 18.5, 15.75]},
			"faces": {
				"north": {"uv": [10, 4, 12, 4.5], "texture": "#0"},
				"east": {"uv": [10, 4, 12, 4.5], "texture": "#0"},
				"south": {"uv": [12, 4, 10, 4.5], "texture": "#0"},
				"west": {"uv": [10, 4, 12, 4.5], "texture": "#0"},
				"up": {"uv": [10, 4, 12, 4.5], "texture": "#0"},
				"down": {"uv": [10, 4, 12, 4.5], "texture": "#0"}
			}
		},
		{
			"from": [3.5, 12, 7.75],
			"to": [5, 12.5, 8.25],
			"rotation": {"angle": 0, "axis": "y", "origin": [14, 19, 15.75]},
			"faces": {
				"north": {"uv": [11, 3.5, 12.5, 4], "texture": "#0"},
				"east": {"uv": [11, 3.5, 12.5, 4], "texture": "#0"},
				"south": {"uv": [12.5, 3.5, 11, 4], "texture": "#0"},
				"west": {"uv": [11, 3.5, 12.5, 4], "texture": "#0"},
				"up": {"uv": [11, 3.5, 12.5, 4], "texture": "#0"},
				"down": {"uv": [11, 3.5, 12.5, 4], "texture": "#0"}
			}
		},
		{
			"from": [7.46739, 2.3, 9.81159],
			"to": [7.96739, 3.8, 10.31159],
			"rotation": {"angle": 0, "axis": "y", "origin": [7.7029, 7.86522, 8.01449]},
			"faces": {
				"north": {"uv": [6, 12, 6.5, 13.5], "texture": "#0"},
				"east": {"uv": [6, 12, 6.5, 13.5], "texture": "#0"},
				"south": {"uv": [6, 12, 6.5, 13.5], "texture": "#0"},
				"west": {"uv": [6.5, 12, 6, 13.5], "texture": "#0"},
				"up": {"uv": [6, 12, 6.5, 13.5], "rotation": 90, "texture": "#0"},
				"down": {"uv": [6, 12, 6.5, 13.5], "rotation": 270, "texture": "#0"}
			}
		},
		{
			"from": [7.46739, 2.3, 10.31159],
			"to": [7.96739, 3.3, 10.81159],
			"rotation": {"angle": 0, "axis": "y", "origin": [7.7029, 7.86522, 8.01449]},
			"faces": {
				"north": {"uv": [5.5, 12.5, 6, 13.5], "texture": "#0"},
				"east": {"uv": [5.5, 12.5, 6, 13.5], "texture": "#0"},
				"south": {"uv": [5.5, 12.5, 6, 13.5], "texture": "#0"},
				"west": {"uv": [6, 12.5, 5.5, 13.5], "texture": "#0"},
				"up": {"uv": [5.5, 12.5, 6, 13.5], "rotation": 90, "texture": "#0"},
				"down": {"uv": [5.5, 12.5, 6, 13.5], "rotation": 270, "texture": "#0"}
			}
		},
		{
			"from": [7.21739, 2.8, 10.81159],
			"to": [8.21739, 3.3, 11.81159],
			"rotation": {"angle": 0, "axis": "y", "origin": [7.7029, 7.86522, 8.01449]},
			"faces": {
				"north": {"uv": [4.5, 12.5, 5.5, 13], "texture": "#0"},
				"east": {"uv": [4.5, 12.5, 5.5, 13], "texture": "#0"},
				"south": {"uv": [4.5, 12.5, 5.5, 13], "texture": "#0"},
				"west": {"uv": [5.5, 12.5, 4.5, 13], "texture": "#0"},
				"up": {"uv": [4.5, 12.5, 5.5, 13], "rotation": 90, "texture": "#0"},
				"down": {"uv": [4.5, 12.5, 5.5, 13], "rotation": 270, "texture": "#0"}
			}
		},
		{
			"from": [7.21739, 5.3, 9.31159],
			"to": [8.21739, 5.8, 10.31159],
			"rotation": {"angle": 0, "axis": "y", "origin": [7.7029, 7.86522, 8.01449]},
			"faces": {
				"north": {"uv": [6, 10, 7, 10.5], "texture": "#0"},
				"east": {"uv": [6, 10, 7, 10.5], "texture": "#0"},
				"south": {"uv": [6, 10, 7, 10.5], "texture": "#0"},
				"west": {"uv": [7, 10, 6, 10.5], "texture": "#0"},
				"up": {"uv": [6, 10, 7, 10.5], "rotation": 90, "texture": "#0"},
				"down": {"uv": [6, 10, 7, 10.5], "rotation": 270, "texture": "#0"}
			}
		},
		{
			"from": [6.46739, 5.8, 7.31159],
			"to": [8.96739, 6.3, 9.81159],
			"rotation": {"angle": 0, "axis": "y", "origin": [7.7029, 7.86522, 8.01449]},
			"faces": {
				"north": {"uv": [6.5, 9.5, 9, 10], "texture": "#0"},
				"east": {"uv": [6.5, 9.5, 9, 10], "texture": "#0"},
				"south": {"uv": [6.5, 9.5, 9, 10], "texture": "#0"},
				"west": {"uv": [9, 9.5, 6.5, 10], "texture": "#0"},
				"up": {"uv": [6.5, 9.5, 9, 10], "rotation": 90, "texture": "#0"},
				"down": {"uv": [6.5, 9.5, 9, 10], "rotation": 270, "texture": "#0"}
			}
		},
		{
			"from": [7.46739, 6.3, 7.81159],
			"to": [7.96739, 6.8, 9.31159],
			"rotation": {"angle": 0, "axis": "y", "origin": [7.7029, 7.86522, 8.01449]},
			"faces": {
				"north": {"uv": [7, 9, 8.5, 9.5], "texture": "#0"},
				"east": {"uv": [7, 9, 8.5, 9.5], "texture": "#0"},
				"south": {"uv": [7, 9, 8.5, 9.5], "texture": "#0"},
				"west": {"uv": [8.5, 9, 7, 9.5], "texture": "#0"},
				"up": {"uv": [7, 9, 8.5, 9.5], "rotation": 90, "texture": "#0"},
				"down": {"uv": [7, 9, 8.5, 9.5], "rotation": 270, "texture": "#0"}
			}
		},
		{
			"from": [7.46739, 6.8, 8.81159],
			"to": [7.96739, 7.3, 9.31159],
			"rotation": {"angle": 0, "axis": "y", "origin": [7.7029, 7.86522, 8.01449]},
			"faces": {
				"north": {"uv": [7, 8.5, 7.5, 9], "texture": "#0"},
				"east": {"uv": [7, 8.5, 7.5, 9], "texture": "#0"},
				"south": {"uv": [7, 8.5, 7.5, 9], "texture": "#0"},
				"west": {"uv": [7.5, 8.5, 7, 9], "texture": "#0"},
				"up": {"uv": [7, 8.5, 7.5, 9], "rotation": 90, "texture": "#0"},
				"down": {"uv": [7, 8.5, 7.5, 9], "rotation": 270, "texture": "#0"}
			}
		},
		{
			"from": [7.46739, 4.3, 5.81159],
			"to": [7.96739, 5.8, 6.31159],
			"rotation": {"angle": 0, "axis": "y", "origin": [7.7029, 7.86522, 8.01449]},
			"faces": {
				"north": {"uv": [10, 10, 10.5, 11.5], "texture": "#0"},
				"east": {"uv": [10, 10, 10.5, 11.5], "texture": "#0"},
				"south": {"uv": [10, 10, 10.5, 11.5], "texture": "#0"},
				"west": {"uv": [10.5, 10, 10, 11.5], "texture": "#0"},
				"up": {"uv": [10, 10, 10.5, 11.5], "rotation": 90, "texture": "#0"},
				"down": {"uv": [10, 10, 10.5, 11.5], "rotation": 270, "texture": "#0"}
			}
		},
		{
			"from": [6.96739, 5.8, 5.31159],
			"to": [8.46739, 6.3, 6.81159],
			"rotation": {"angle": 0, "axis": "y", "origin": [7.7029, 7.86522, 8.01449]},
			"faces": {
				"north": {"uv": [9.5, 9.5, 11, 10], "texture": "#0"},
				"east": {"uv": [9.5, 9.5, 11, 10], "texture": "#0"},
				"south": {"uv": [9.5, 9.5, 11, 10], "texture": "#0"},
				"west": {"uv": [11, 9.5, 9.5, 10], "texture": "#0"},
				"up": {"uv": [9.5, 9.5, 11, 10], "rotation": 90, "texture": "#0"},
				"down": {"uv": [9.5, 9.5, 11, 10], "rotation": 270, "texture": "#0"}
			}
		},
		{
			"from": [7.46739, 6.3, 5.31159],
			"to": [7.96739, 6.8, 5.81159],
			"rotation": {"angle": 0, "axis": "y", "origin": [7.7029, 7.86522, 8.01449]},
			"faces": {
				"north": {"uv": [10.5, 9, 11, 9.5], "texture": "#0"},
				"east": {"uv": [10.5, 9, 11, 9.5], "texture": "#0"},
				"south": {"uv": [10.5, 9, 11, 9.5], "texture": "#0"},
				"west": {"uv": [11, 9, 10.5, 9.5], "texture": "#0"},
				"up": {"uv": [10.5, 9, 11, 9.5], "rotation": 90, "texture": "#0"},
				"down": {"uv": [10.5, 9, 11, 9.5], "rotation": 270, "texture": "#0"}
			}
		},
		{
			"from": [7.21739, 6.8, 4.81159],
			"to": [8.21739, 7.3, 5.81159],
			"rotation": {"angle": 0, "axis": "y", "origin": [7.7029, 7.86522, 8.01449]},
			"faces": {
				"north": {"uv": [10.5, 8.5, 11.5, 9], "texture": "#0"},
				"east": {"uv": [10.5, 8.5, 11.5, 9], "texture": "#0"},
				"south": {"uv": [10.5, 8.5, 11.5, 9], "texture": "#0"},
				"west": {"uv": [11.5, 8.5, 10.5, 9], "texture": "#0"},
				"up": {"uv": [10.5, 8.5, 11.5, 9], "rotation": 90, "texture": "#0"},
				"down": {"uv": [10.5, 8.5, 11.5, 9], "rotation": 270, "texture": "#0"}
			}
		},
		{
			"from": [6.96739, 7.3, 3.81159],
			"to": [8.46739, 7.8, 5.31159],
			"rotation": {"angle": 0, "axis": "y", "origin": [7.7029, 7.86522, 8.01449]},
			"faces": {
				"north": {"uv": [11, 8, 12.5, 8.5], "texture": "#0"},
				"east": {"uv": [11, 8, 12.5, 8.5], "texture": "#0"},
				"south": {"uv": [11, 8, 12.5, 8.5], "texture": "#0"},
				"west": {"uv": [12.5, 8, 11, 8.5], "texture": "#0"},
				"up": {"uv": [11, 8, 12.5, 8.5], "rotation": 90, "texture": "#0"},
				"down": {"uv": [11, 8, 12.5, 8.5], "rotation": 270, "texture": "#0"}
			}
		},
		{
			"from": [6.96739, 7.8, 3.31159],
			"to": [8.46739, 8.3, 4.81159],
			"rotation": {"angle": 0, "axis": "y", "origin": [7.7029, 7.86522, 8.01449]},
			"faces": {
				"north": {"uv": [11.5, 7.5, 13, 8], "texture": "#0"},
				"east": {"uv": [11.5, 7.5, 13, 8], "texture": "#0"},
				"south": {"uv": [11.5, 7.5, 13, 8], "texture": "#0"},
				"west": {"uv": [13, 7.5, 11.5, 8], "texture": "#0"},
				"up": {"uv": [11.5, 7.5, 13, 8], "rotation": 90, "texture": "#0"},
				"down": {"uv": [11.5, 7.5, 13, 8], "rotation": 270, "texture": "#0"}
			}
		},
		{
			"from": [7.46739, 7.8, 5.81159],
			"to": [7.96739, 8.3, 6.31159],
			"rotation": {"angle": 0, "axis": "y", "origin": [7.7029, 7.86522, 8.01449]},
			"faces": {
				"north": {"uv": [10, 7.5, 10.5, 8], "texture": "#0"},
				"east": {"uv": [10, 7.5, 10.5, 8], "texture": "#0"},
				"south": {"uv": [10, 7.5, 10.5, 8], "texture": "#0"},
				"west": {"uv": [10.5, 7.5, 10, 8], "texture": "#0"},
				"up": {"uv": [10, 7.5, 10.5, 8], "rotation": 90, "texture": "#0"},
				"down": {"uv": [10, 7.5, 10.5, 8], "rotation": 270, "texture": "#0"}
			}
		},
		{
			"from": [7.21739, 8.3, 5.31159],
			"to": [8.21739, 8.8, 6.31159],
			"rotation": {"angle": 0, "axis": "y", "origin": [7.7029, 7.86522, 8.01449]},
			"faces": {
				"north": {"uv": [10, 7, 11, 7.5], "texture": "#0"},
				"east": {"uv": [10, 7, 11, 7.5], "texture": "#0"},
				"south": {"uv": [10, 7, 11, 7.5], "texture": "#0"},
				"west": {"uv": [11, 7, 10, 7.5], "texture": "#0"},
				"up": {"uv": [10, 7, 11, 7.5], "rotation": 90, "texture": "#0"},
				"down": {"uv": [10, 7, 11, 7.5], "rotation": 270, "texture": "#0"}
			}
		},
		{
			"from": [7.46739, 8.8, 5.31159],
			"to": [7.96739, 9.8, 5.81159],
			"rotation": {"angle": 0, "axis": "y", "origin": [7.7029, 7.86522, 8.01449]},
			"faces": {
				"north": {"uv": [10.5, 6, 11, 7], "texture": "#0"},
				"east": {"uv": [10.5, 6, 11, 7], "texture": "#0"},
				"south": {"uv": [10.5, 6, 11, 7], "texture": "#0"},
				"west": {"uv": [11, 6, 10.5, 7], "texture": "#0"},
				"up": {"uv": [10.5, 6, 11, 7], "rotation": 90, "texture": "#0"},
				"down": {"uv": [10.5, 6, 11, 7], "rotation": 270, "texture": "#0"}
			}
		},
		{
			"from": [7.46739, 9.8, 4.81159],
			"to": [7.96739, 10.3, 5.31159],
			"rotation": {"angle": 0, "axis": "y", "origin": [7.7029, 7.86522, 8.01449]},
			"faces": {
				"north": {"uv": [11, 5.5, 11.5, 6], "texture": "#0"},
				"east": {"uv": [11, 5.5, 11.5, 6], "texture": "#0"},
				"south": {"uv": [11, 5.5, 11.5, 6], "texture": "#0"},
				"west": {"uv": [11.5, 5.5, 11, 6], "texture": "#0"},
				"up": {"uv": [11, 5.5, 11.5, 6], "rotation": 90, "texture": "#0"},
				"down": {"uv": [11, 5.5, 11.5, 6], "rotation": 270, "texture": "#0"}
			}
		},
		{
			"from": [7.46739, 9.8, 9.81159],
			"to": [7.96739, 10.3, 10.81159],
			"rotation": {"angle": 0, "axis": "y", "origin": [7.7029, 7.86522, 8.01449]},
			"faces": {
				"north": {"uv": [5.5, 5.5, 6.5, 6], "texture": "#0"},
				"east": {"uv": [5.5, 5.5, 6.5, 6], "texture": "#0"},
				"south": {"uv": [5.5, 5.5, 6.5, 6], "texture": "#0"},
				"west": {"uv": [6.5, 5.5, 5.5, 6], "texture": "#0"},
				"up": {"uv": [5.5, 5.5, 6.5, 6], "rotation": 90, "texture": "#0"},
				"down": {"uv": [5.5, 5.5, 6.5, 6], "rotation": 270, "texture": "#0"}
			}
		},
		{
			"from": [6.96739, 9.3, 10.31159],
			"to": [8.46739, 9.8, 11.81159],
			"rotation": {"angle": 0, "axis": "y", "origin": [7.7029, 7.86522, 8.01449]},
			"faces": {
				"north": {"uv": [4.5, 6, 6, 6.5], "texture": "#0"},
				"east": {"uv": [4.5, 6, 6, 6.5], "texture": "#0"},
				"south": {"uv": [4.5, 6, 6, 6.5], "texture": "#0"},
				"west": {"uv": [6, 6, 4.5, 6.5], "texture": "#0"},
				"up": {"uv": [4.5, 6, 6, 6.5], "rotation": 90, "texture": "#0"},
				"down": {"uv": [4.5, 6, 6, 6.5], "rotation": 270, "texture": "#0"}
			}
		},
		{
			"from": [6.96739, 8.8, 11.31159],
			"to": [7.96739, 9.3, 12.31159],
			"rotation": {"angle": 0, "axis": "y", "origin": [7.7029, 7.86522, 8.01449]},
			"faces": {
				"north": {"uv": [4, 6.5, 5, 7], "texture": "#0"},
				"east": {"uv": [4, 6.5, 5, 7], "texture": "#0"},
				"south": {"uv": [4, 6.5, 5, 7], "texture": "#0"},
				"west": {"uv": [5, 6.5, 4, 7], "texture": "#0"},
				"up": {"uv": [4, 6.5, 5, 7], "rotation": 90, "texture": "#0"},
				"down": {"uv": [4, 6.5, 5, 7], "rotation": 270, "texture": "#0"}
			}
		},
		{
			"from": [7.46739, 2.8, 11.81159],
			"to": [7.96739, 3.3, 12.31159],
			"rotation": {"angle": 0, "axis": "y", "origin": [7.7029, 7.86522, 8.01449]},
			"faces": {
				"north": {"uv": [4, 12.5, 4.5, 13], "texture": "#0"},
				"east": {"uv": [4, 12.5, 4.5, 13], "texture": "#0"},
				"south": {"uv": [4, 12.5, 4.5, 13], "texture": "#0"},
				"west": {"uv": [4.5, 12.5, 4, 13], "texture": "#0"},
				"up": {"uv": [4, 12.5, 4.5, 13], "rotation": 90, "texture": "#0"},
				"down": {"uv": [4, 12.5, 4.5, 13], "rotation": 270, "texture": "#0"}
			}
		},
		{
			"from": [6.71739, 3.3, 10.31159],
			"to": [8.71739, 3.8, 12.31159],
			"rotation": {"angle": 0, "axis": "y", "origin": [7.7029, 7.86522, 8.01449]},
			"faces": {
				"north": {"uv": [4, 12, 6, 12.5], "texture": "#0"},
				"east": {"uv": [4, 12, 6, 12.5], "texture": "#0"},
				"south": {"uv": [4, 12, 6, 12.5], "texture": "#0"},
				"west": {"uv": [6, 12, 4, 12.5], "texture": "#0"},
				"up": {"uv": [4, 12, 6, 12.5], "rotation": 90, "texture": "#0"},
				"down": {"uv": [4, 12, 6, 12.5], "rotation": 270, "texture": "#0"}
			}
		},
		{
			"from": [6.71739, 3.8, 9.81159],
			"to": [8.71739, 4.3, 11.81159],
			"rotation": {"angle": 0, "axis": "y", "origin": [7.7029, 7.86522, 8.01449]},
			"faces": {
				"north": {"uv": [4.5, 11.5, 6.5, 12], "texture": "#0"},
				"east": {"uv": [4.5, 11.5, 6.5, 12], "texture": "#0"},
				"south": {"uv": [4.5, 11.5, 6.5, 12], "texture": "#0"},
				"west": {"uv": [6.5, 11.5, 4.5, 12], "texture": "#0"},
				"up": {"uv": [4.5, 11.5, 6.5, 12], "rotation": 90, "texture": "#0"},
				"down": {"uv": [4.5, 11.5, 6.5, 12], "rotation": 270, "texture": "#0"}
			}
		},
		{
			"from": [6.71739, 4.3, 9.31159],
			"to": [9.21739, 4.8, 11.31159],
			"rotation": {"angle": 0, "axis": "y", "origin": [7.7029, 7.86522, 8.01449]},
			"faces": {
				"north": {"uv": [5, 11, 7, 11.5], "texture": "#0"},
				"east": {"uv": [5, 11, 7, 11.5], "texture": "#0"},
				"south": {"uv": [5, 11, 7, 11.5], "texture": "#0"},
				"west": {"uv": [7, 11, 5, 11.5], "texture": "#0"},
				"up": {"uv": [5, 11, 7, 11.5], "rotation": 90, "texture": "#0"},
				"down": {"uv": [5, 11, 7, 11.5], "rotation": 270, "texture": "#0"}
			}
		},
		{
			"from": [7.21739, 4.8, 9.31159],
			"to": [8.21739, 5.3, 10.31159],
			"rotation": {"angle": 0, "axis": "y", "origin": [7.7029, 7.86522, 8.01449]},
			"faces": {
				"north": {"uv": [6, 10.5, 7, 11], "texture": "#0"},
				"east": {"uv": [6, 10.5, 7, 11], "texture": "#0"},
				"south": {"uv": [6, 10.5, 7, 11], "texture": "#0"},
				"west": {"uv": [7, 10.5, 6, 11], "texture": "#0"},
				"up": {"uv": [6, 10.5, 7, 11], "rotation": 90, "texture": "#0"},
				"down": {"uv": [6, 10.5, 7, 11], "rotation": 270, "texture": "#0"}
			}
		},
		{
			"from": [7.46739, 5.8, 9.81159],
			"to": [7.96739, 6.3, 10.31159],
			"rotation": {"angle": 0, "axis": "y", "origin": [7.7029, 7.86522, 8.01449]},
			"faces": {
				"north": {"uv": [6, 9.5, 6.5, 10], "texture": "#0"},
				"east": {"uv": [6, 9.5, 6.5, 10], "texture": "#0"},
				"south": {"uv": [6, 9.5, 6.5, 10], "texture": "#0"},
				"west": {"uv": [6.5, 9.5, 6, 10], "texture": "#0"},
				"up": {"uv": [6, 9.5, 6.5, 10], "rotation": 90, "texture": "#0"},
				"down": {"uv": [6, 9.5, 6.5, 10], "rotation": 270, "texture": "#0"}
			}
		},
		{
			"from": [6.96739, 6.3, 9.31159],
			"to": [8.46739, 6.8, 10.81159],
			"rotation": {"angle": 0, "axis": "y", "origin": [7.7029, 7.86522, 8.01449]},
			"faces": {
				"north": {"uv": [5.5, 9, 7, 9.5], "texture": "#0"},
				"east": {"uv": [5.5, 9, 7, 9.5], "texture": "#0"},
				"south": {"uv": [5.5, 9, 7, 9.5], "texture": "#0"},
				"west": {"uv": [7, 9, 5.5, 9.5], "texture": "#0"},
				"up": {"uv": [5.5, 9, 7, 9.5], "rotation": 90, "texture": "#0"},
				"down": {"uv": [5.5, 9, 7, 9.5], "rotation": 270, "texture": "#0"}
			}
		},
		{
			"from": [5.96739, 6.8, 9.31159],
			"to": [9.46739, 7.3, 12.81159],
			"rotation": {"angle": 0, "axis": "y", "origin": [7.7029, 7.86522, 8.01449]},
			"faces": {
				"north": {"uv": [3.5, 8.5, 7, 9], "texture": "#0"},
				"east": {"uv": [3.5, 8.5, 7, 9], "texture": "#0"},
				"south": {"uv": [3.5, 8.5, 7, 9], "texture": "#0"},
				"west": {"uv": [7, 8.5, 3.5, 9], "texture": "#0"},
				"up": {"uv": [3.5, 8.5, 7, 9], "rotation": 90, "texture": "#0"},
				"down": {"uv": [3.5, 8.5, 7, 9], "rotation": 270, "texture": "#0"}
			}
		},
		{
			"from": [6.96739, 6.3, 11.31159],
			"to": [8.46739, 6.8, 12.81159],
			"rotation": {"angle": 0, "axis": "y", "origin": [7.7029, 7.86522, 8.01449]},
			"faces": {
				"north": {"uv": [3.5, 9, 5, 9.5], "texture": "#0"},
				"east": {"uv": [3.5, 9, 5, 9.5], "texture": "#0"},
				"south": {"uv": [3.5, 9, 5, 9.5], "texture": "#0"},
				"west": {"uv": [5, 9, 3.5, 9.5], "texture": "#0"},
				"up": {"uv": [3.5, 9, 5, 9.5], "rotation": 90, "texture": "#0"},
				"down": {"uv": [3.5, 9, 5, 9.5], "rotation": 270, "texture": "#0"}
			}
		},
		{
			"from": [7.21739, 5.8, 12.31159],
			"to": [8.21739, 6.3, 13.31159],
			"rotation": {"angle": 0, "axis": "y", "origin": [7.7029, 7.86522, 8.01449]},
			"faces": {
				"north": {"uv": [3, 9.5, 4, 10], "texture": "#0"},
				"east": {"uv": [3, 9.5, 4, 10], "texture": "#0"},
				"south": {"uv": [3, 9.5, 4, 10], "texture": "#0"},
				"west": {"uv": [4, 9.5, 3, 10], "texture": "#0"},
				"up": {"uv": [3, 9.5, 4, 10], "rotation": 90, "texture": "#0"},
				"down": {"uv": [3, 9.5, 4, 10], "rotation": 270, "texture": "#0"}
			}
		},
		{
			"from": [7.46739, 5.8, 6.81159],
			"to": [7.96739, 6.3, 7.31159],
			"rotation": {"angle": 0, "axis": "y", "origin": [7.7029, 7.86522, 8.01449]},
			"faces": {
				"north": {"uv": [9, 9.5, 9.5, 10], "texture": "#0"},
				"east": {"uv": [9, 9.5, 9.5, 10], "texture": "#0"},
				"south": {"uv": [9, 9.5, 9.5, 10], "texture": "#0"},
				"west": {"uv": [9.5, 9.5, 9, 10], "texture": "#0"},
				"up": {"uv": [9, 9.5, 9.5, 10], "rotation": 90, "texture": "#0"},
				"down": {"uv": [9, 9.5, 9.5, 10], "rotation": 270, "texture": "#0"}
			}
		},
		{
			"from": [6.71739, 6.3, 3.31159],
			"to": [8.71739, 6.8, 5.31159],
			"rotation": {"angle": 0, "axis": "y", "origin": [7.7029, 7.86522, 8.01449]},
			"faces": {
				"north": {"uv": [11, 9, 13, 9.5], "texture": "#0"},
				"east": {"uv": [11, 9, 13, 9.5], "texture": "#0"},
				"south": {"uv": [11, 9, 13, 9.5], "texture": "#0"},
				"west": {"uv": [13, 9, 11, 9.5], "texture": "#0"},
				"up": {"uv": [11, 9, 13, 9.5], "rotation": 90, "texture": "#0"},
				"down": {"uv": [11, 9, 13, 9.5], "rotation": 270, "texture": "#0"}
			}
		},
		{
			"from": [7.46739, 6.3, 5.81159],
			"to": [7.96739, 6.8, 7.81159],
			"rotation": {"angle": 0, "axis": "y", "origin": [7.7029, 7.86522, 8.01449]},
			"faces": {
				"north": {"uv": [8.5, 9, 10.5, 9.5], "texture": "#0"},
				"east": {"uv": [8.5, 9, 10.5, 9.5], "texture": "#0"},
				"south": {"uv": [8.5, 9, 10.5, 9.5], "texture": "#0"},
				"west": {"uv": [10.5, 9, 8.5, 9.5], "texture": "#0"},
				"up": {"uv": [8.5, 9, 10.5, 9.5], "rotation": 90, "texture": "#0"},
				"down": {"uv": [8.5, 9, 10.5, 9.5], "rotation": 270, "texture": "#0"}
			}
		},
		{
			"from": [7.46739, 7.3, 3.31159],
			"to": [7.96739, 7.8, 3.81159],
			"rotation": {"angle": 0, "axis": "y", "origin": [7.7029, 7.86522, 8.01449]},
			"faces": {
				"north": {"uv": [12.5, 8, 13, 8.5], "texture": "#0"},
				"east": {"uv": [12.5, 8, 13, 8.5], "texture": "#0"},
				"south": {"uv": [12.5, 8, 13, 8.5], "texture": "#0"},
				"west": {"uv": [13, 8, 12.5, 8.5], "texture": "#0"},
				"up": {"uv": [12.5, 8, 13, 8.5], "rotation": 90, "texture": "#0"},
				"down": {"uv": [12.5, 8, 13, 8.5], "rotation": 270, "texture": "#0"}
			}
		},
		{
			"from": [7.21739, 6.8, 3.81159],
			"to": [8.21739, 7.3, 4.81159],
			"rotation": {"angle": 0, "axis": "y", "origin": [7.7029, 7.86522, 8.01449]},
			"faces": {
				"north": {"uv": [11.5, 8.5, 12.5, 9], "texture": "#0"},
				"east": {"uv": [11.5, 8.5, 12.5, 9], "texture": "#0"},
				"south": {"uv": [11.5, 8.5, 12.5, 9], "texture": "#0"},
				"west": {"uv": [12.5, 8.5, 11.5, 9], "texture": "#0"},
				"up": {"uv": [11.5, 8.5, 12.5, 9], "rotation": 90, "texture": "#0"},
				"down": {"uv": [11.5, 8.5, 12.5, 9], "rotation": 270, "texture": "#0"}
			}
		},
		{
			"from": [6.21739, 6.8, 5.81159],
			"to": [9.21739, 7.3, 8.81159],
			"rotation": {"angle": 0, "axis": "y", "origin": [7.7029, 7.86522, 8.01449]},
			"faces": {
				"north": {"uv": [7.5, 8.5, 10.5, 9], "texture": "#0"},
				"east": {"uv": [7.5, 8.5, 10.5, 9], "texture": "#0"},
				"south": {"uv": [7.5, 8.5, 10.5, 9], "texture": "#0"},
				"west": {"uv": [10.5, 8.5, 7.5, 9], "texture": "#0"},
				"up": {"uv": [7.5, 8.5, 10.5, 9], "rotation": 90, "texture": "#0"},
				"down": {"uv": [7.5, 8.5, 10.5, 9], "rotation": 270, "texture": "#0"}
			}
		},
		{
			"from": [5.96739, 7.3, 8.81159],
			"to": [9.46739, 7.8, 12.31159],
			"rotation": {"angle": 0, "axis": "y", "origin": [7.7029, 7.86522, 8.01449]},
			"faces": {
				"north": {"uv": [4, 8, 7.5, 8.5], "texture": "#0"},
				"east": {"uv": [4, 8, 7.5, 8.5], "texture": "#0"},
				"south": {"uv": [4, 8, 7.5, 8.5], "texture": "#0"},
				"west": {"uv": [7.5, 8, 4, 8.5], "texture": "#0"},
				"up": {"uv": [4, 8, 7.5, 8.5], "rotation": 90, "texture": "#0"},
				"down": {"uv": [4, 8, 7.5, 8.5], "rotation": 270, "texture": "#0"}
			}
		},
		{
			"from": [6.96739, 7.8, 9.81159],
			"to": [8.96739, 8.3, 11.31159],
			"rotation": {"angle": 0, "axis": "y", "origin": [7.7029, 7.86522, 8.01449]},
			"faces": {
				"north": {"uv": [5, 7.5, 6.5, 8], "texture": "#0"},
				"east": {"uv": [5, 7.5, 6.5, 8], "texture": "#0"},
				"south": {"uv": [5, 7.5, 6.5, 8], "texture": "#0"},
				"west": {"uv": [6.5, 7.5, 5, 8], "texture": "#0"},
				"up": {"uv": [5, 7.5, 6.5, 8], "rotation": 90, "texture": "#0"},
				"down": {"uv": [5, 7.5, 6.5, 8], "rotation": 270, "texture": "#0"}
			}
		},
		{
			"from": [6.46739, 8.3, 9.31159],
			"to": [8.96739, 8.8, 11.81159],
			"rotation": {"angle": 0, "axis": "y", "origin": [7.7029, 7.86522, 8.01449]},
			"faces": {
				"north": {"uv": [4.5, 7, 7, 7.5], "texture": "#0"},
				"east": {"uv": [4.5, 7, 7, 7.5], "texture": "#0"},
				"south": {"uv": [4.5, 7, 7, 7.5], "texture": "#0"},
				"west": {"uv": [7, 7, 4.5, 7.5], "texture": "#0"},
				"up": {"uv": [4.5, 7, 7, 7.5], "rotation": 90, "texture": "#0"},
				"down": {"uv": [4.5, 7, 7, 7.5], "rotation": 270, "texture": "#0"}
			}
		},
		{
			"from": [4.96739, 8.8, 8.31159],
			"to": [7.96739, 9.3, 11.31159],
			"rotation": {"angle": 0, "axis": "y", "origin": [7.7029, 7.86522, 8.01449]},
			"faces": {
				"north": {"uv": [5, 6.5, 8, 7], "texture": "#0"},
				"east": {"uv": [5, 6.5, 8, 7], "texture": "#0"},
				"south": {"uv": [5, 6.5, 8, 7], "texture": "#0"},
				"west": {"uv": [8, 6.5, 5, 7], "texture": "#0"},
				"up": {"uv": [5, 6.5, 8, 7], "rotation": 90, "texture": "#0"},
				"down": {"uv": [5, 6.5, 8, 7], "rotation": 270, "texture": "#0"}
			}
		},
		{
			"from": [6.46739, 9.3, 7.81159],
			"to": [8.96739, 9.8, 10.31159],
			"rotation": {"angle": 0, "axis": "y", "origin": [7.7029, 7.86522, 8.01449]},
			"faces": {
				"north": {"uv": [6, 6, 8.5, 6.5], "texture": "#0"},
				"east": {"uv": [6, 6, 8.5, 6.5], "texture": "#0"},
				"south": {"uv": [6, 6, 8.5, 6.5], "texture": "#0"},
				"west": {"uv": [8.5, 6, 6, 6.5], "texture": "#0"},
				"up": {"uv": [6, 6, 8.5, 6.5], "rotation": 90, "texture": "#0"},
				"down": {"uv": [6, 6, 8.5, 6.5], "rotation": 270, "texture": "#0"}
			}
		},
		{
			"from": [6.71739, 9.8, 7.81159],
			"to": [8.71739, 10.3, 9.81159],
			"rotation": {"angle": 0, "axis": "y", "origin": [7.7029, 7.86522, 8.01449]},
			"faces": {
				"north": {"uv": [6.5, 5.5, 8.5, 6], "texture": "#0"},
				"east": {"uv": [6.5, 5.5, 8.5, 6], "texture": "#0"},
				"south": {"uv": [6.5, 5.5, 8.5, 6], "texture": "#0"},
				"west": {"uv": [8.5, 5.5, 6.5, 6], "texture": "#0"},
				"up": {"uv": [6.5, 5.5, 8.5, 6], "rotation": 90, "texture": "#0"},
				"down": {"uv": [6.5, 5.5, 8.5, 6], "rotation": 270, "texture": "#0"}
			}
		},
		{
			"from": [6.71739, 10.3, 7.31159],
			"to": [8.71739, 10.8, 9.31159],
			"rotation": {"angle": 0, "axis": "y", "origin": [7.7029, 7.86522, 8.01449]},
			"faces": {
				"north": {"uv": [7, 5, 9, 5.5], "texture": "#0"},
				"east": {"uv": [7, 5, 9, 5.5], "texture": "#0"},
				"south": {"uv": [7, 5, 9, 5.5], "texture": "#0"},
				"west": {"uv": [9, 5, 7, 5.5], "texture": "#0"},
				"up": {"uv": [7, 5, 9, 5.5], "rotation": 90, "texture": "#0"},
				"down": {"uv": [7, 5, 9, 5.5], "rotation": 270, "texture": "#0"}
			}
		},
		{
			"from": [5.96739, 10.3, 9.31159],
			"to": [9.46739, 10.8, 12.81159],
			"rotation": {"angle": 0, "axis": "y", "origin": [7.7029, 7.86522, 8.01449]},
			"faces": {
				"north": {"uv": [3.5, 5, 7, 5.5], "texture": "#0"},
				"east": {"uv": [3.5, 5, 7, 5.5], "texture": "#0"},
				"south": {"uv": [3.5, 5, 7, 5.5], "texture": "#0"},
				"west": {"uv": [7, 5, 3.5, 5.5], "texture": "#0"},
				"up": {"uv": [3.5, 5, 7, 5.5], "rotation": 90, "texture": "#0"},
				"down": {"uv": [3.5, 5, 7, 5.5], "rotation": 270, "texture": "#0"}
			}
		},
		{
			"from": [6.96739, 9.3, 11.81159],
			"to": [8.46739, 9.8, 13.31159],
			"rotation": {"angle": 0, "axis": "y", "origin": [7.7029, 7.86522, 8.01449]},
			"faces": {
				"north": {"uv": [3, 6, 4.5, 6.5], "texture": "#0"},
				"east": {"uv": [3, 6, 4.5, 6.5], "texture": "#0"},
				"south": {"uv": [3, 6, 4.5, 6.5], "texture": "#0"},
				"west": {"uv": [4.5, 6, 3, 6.5], "texture": "#0"},
				"up": {"uv": [3, 6, 4.5, 6.5], "rotation": 90, "texture": "#0"},
				"down": {"uv": [3, 6, 4.5, 6.5], "rotation": 270, "texture": "#0"}
			}
		},
		{
			"from": [7.46739, 8.8, 12.31159],
			"to": [7.96739, 9.3, 12.81159],
			"rotation": {"angle": 0, "axis": "y", "origin": [7.7029, 7.86522, 8.01449]},
			"faces": {
				"north": {"uv": [3.5, 6.5, 4, 7], "texture": "#0"},
				"east": {"uv": [3.5, 6.5, 4, 7], "texture": "#0"},
				"south": {"uv": [3.5, 6.5, 4, 7], "texture": "#0"},
				"west": {"uv": [4, 6.5, 3.5, 7], "texture": "#0"},
				"up": {"uv": [3.5, 6.5, 4, 7], "rotation": 90, "texture": "#0"},
				"down": {"uv": [3.5, 6.5, 4, 7], "rotation": 270, "texture": "#0"}
			}
		},
		{
			"from": [5.96739, 9.8, 10.81159],
			"to": [9.46739, 10.3, 13.81159],
			"rotation": {"angle": 0, "axis": "y", "origin": [7.7029, 7.86522, 8.01449]},
			"faces": {
				"north": {"uv": [2.5, 5.5, 5.5, 6], "texture": "#0"},
				"east": {"uv": [2.5, 5.5, 5.5, 6], "texture": "#0"},
				"south": {"uv": [2.5, 5.5, 5.5, 6], "texture": "#0"},
				"west": {"uv": [5.5, 5.5, 2.5, 6], "texture": "#0"},
				"up": {"uv": [2.5, 5.5, 5.5, 6], "rotation": 90, "texture": "#0"},
				"down": {"uv": [2.5, 5.5, 5.5, 6], "rotation": 270, "texture": "#0"}
			}
		},
		{
			"from": [6.46739, 10.8, 9.81159],
			"to": [8.96739, 11.3, 12.31159],
			"rotation": {"angle": 0, "axis": "y", "origin": [7.7029, 7.86522, 8.01449]},
			"faces": {
				"north": {"uv": [4, 4.5, 6.5, 5], "texture": "#0"},
				"east": {"uv": [4, 4.5, 6.5, 5], "texture": "#0"},
				"south": {"uv": [4, 4.5, 6.5, 5], "texture": "#0"},
				"west": {"uv": [6.5, 4.5, 4, 5], "texture": "#0"},
				"up": {"uv": [4, 4.5, 6.5, 5], "rotation": 90, "texture": "#0"},
				"down": {"uv": [4, 4.5, 6.5, 5], "rotation": 270, "texture": "#0"}
			}
		},
		{
			"from": [7.21739, 11.3, 11.81159],
			"to": [8.21739, 11.8, 12.81159],
			"rotation": {"angle": 0, "axis": "y", "origin": [7.7029, 7.86522, 8.01449]},
			"faces": {
				"north": {"uv": [3.5, 4, 4.5, 4.5], "texture": "#0"},
				"east": {"uv": [3.5, 4, 4.5, 4.5], "texture": "#0"},
				"south": {"uv": [3.5, 4, 4.5, 4.5], "texture": "#0"},
				"west": {"uv": [4.5, 4, 3.5, 4.5], "texture": "#0"},
				"up": {"uv": [3.5, 4, 4.5, 4.5], "rotation": 90, "texture": "#0"},
				"down": {"uv": [3.5, 4, 4.5, 4.5], "rotation": 270, "texture": "#0"}
			}
		},
		{
			"from": [7.46739, 5.8, 4.81159],
			"to": [7.96739, 6.3, 5.31159],
			"rotation": {"angle": 0, "axis": "y", "origin": [7.7029, 7.86522, 8.01449]},
			"faces": {
				"north": {"uv": [11, 9.5, 11.5, 10], "texture": "#0"},
				"east": {"uv": [11, 9.5, 11.5, 10], "texture": "#0"},
				"south": {"uv": [11, 9.5, 11.5, 10], "texture": "#0"},
				"west": {"uv": [11.5, 9.5, 11, 10], "texture": "#0"},
				"up": {"uv": [11, 9.5, 11.5, 10], "rotation": 90, "texture": "#0"},
				"down": {"uv": [11, 9.5, 11.5, 10], "rotation": 270, "texture": "#0"}
			}
		},
		{
			"from": [7.46739, 5.3, 5.31159],
			"to": [7.96739, 5.8, 5.81159],
			"rotation": {"angle": 0, "axis": "y", "origin": [7.7029, 7.86522, 8.01449]},
			"faces": {
				"north": {"uv": [10.5, 10, 11, 10.5], "texture": "#0"},
				"east": {"uv": [10.5, 10, 11, 10.5], "texture": "#0"},
				"south": {"uv": [10.5, 10, 11, 10.5], "texture": "#0"},
				"west": {"uv": [11, 10, 10.5, 10.5], "texture": "#0"},
				"up": {"uv": [10.5, 10, 11, 10.5], "rotation": 90, "texture": "#0"},
				"down": {"uv": [10.5, 10, 11, 10.5], "rotation": 270, "texture": "#0"}
			}
		},
		{
			"from": [5.96739, 7.3, 5.31159],
			"to": [9.46739, 7.8, 8.81159],
			"rotation": {"angle": 0, "axis": "y", "origin": [7.7029, 7.86522, 8.01449]},
			"faces": {
				"north": {"uv": [7.5, 8, 11, 8.5], "texture": "#0"},
				"east": {"uv": [7.5, 8, 11, 8.5], "texture": "#0"},
				"south": {"uv": [7.5, 8, 11, 8.5], "texture": "#0"},
				"west": {"uv": [11, 8, 7.5, 8.5], "texture": "#0"},
				"up": {"uv": [7.5, 8, 11, 8.5], "rotation": 90, "texture": "#0"},
				"down": {"uv": [7.5, 8, 11, 8.5], "rotation": 270, "texture": "#0"}
			}
		},
		{
			"from": [5.96739, 7.8, 6.31159],
			"to": [9.46739, 8.3, 9.81159],
			"rotation": {"angle": 0, "axis": "y", "origin": [7.7029, 7.86522, 8.01449]},
			"faces": {
				"north": {"uv": [6.5, 7.5, 10, 8], "texture": "#0"},
				"east": {"uv": [6.5, 7.5, 10, 8], "texture": "#0"},
				"south": {"uv": [6.5, 7.5, 10, 8], "texture": "#0"},
				"west": {"uv": [10, 7.5, 6.5, 8], "texture": "#0"},
				"up": {"uv": [6.5, 7.5, 10, 8], "rotation": 90, "texture": "#0"},
				"down": {"uv": [6.5, 7.5, 10, 8], "rotation": 270, "texture": "#0"}
			}
		},
		{
			"from": [7.21739, 7.8, 4.81159],
			"to": [8.21739, 8.3, 5.81159],
			"rotation": {"angle": 0, "axis": "y", "origin": [7.7029, 7.86522, 8.01449]},
			"faces": {
				"north": {"uv": [10.5, 7.5, 11.5, 8], "texture": "#0"},
				"east": {"uv": [10.5, 7.5, 11.5, 8], "texture": "#0"},
				"south": {"uv": [10.5, 7.5, 11.5, 8], "texture": "#0"},
				"west": {"uv": [11.5, 7.5, 10.5, 8], "texture": "#0"},
				"up": {"uv": [10.5, 7.5, 11.5, 8], "rotation": 90, "texture": "#0"},
				"down": {"uv": [10.5, 7.5, 11.5, 8], "rotation": 270, "texture": "#0"}
			}
		},
		{
			"from": [7.21739, 8.3, 4.31159],
			"to": [8.21739, 8.8, 5.31159],
			"rotation": {"angle": 0, "axis": "y", "origin": [7.7029, 7.86522, 8.01449]},
			"faces": {
				"north": {"uv": [11, 7, 12, 7.5], "texture": "#0"},
				"east": {"uv": [11, 7, 12, 7.5], "texture": "#0"},
				"south": {"uv": [11, 7, 12, 7.5], "texture": "#0"},
				"west": {"uv": [12, 7, 11, 7.5], "texture": "#0"},
				"up": {"uv": [11, 7, 12, 7.5], "rotation": 90, "texture": "#0"},
				"down": {"uv": [11, 7, 12, 7.5], "rotation": 270, "texture": "#0"}
			}
		},
		{
			"from": [7.46739, 8.8, 4.81159],
			"to": [7.96739, 9.3, 5.31159],
			"rotation": {"angle": 0, "axis": "y", "origin": [7.7029, 7.86522, 8.01449]},
			"faces": {
				"north": {"uv": [11, 6.5, 11.5, 7], "texture": "#0"},
				"east": {"uv": [11, 6.5, 11.5, 7], "texture": "#0"},
				"south": {"uv": [11, 6.5, 11.5, 7], "texture": "#0"},
				"west": {"uv": [11.5, 6.5, 11, 7], "texture": "#0"},
				"up": {"uv": [11, 6.5, 11.5, 7], "rotation": 90, "texture": "#0"},
				"down": {"uv": [11, 6.5, 11.5, 7], "rotation": 270, "texture": "#0"}
			}
		},
		{
			"from": [6.96739, 9.3, 3.81159],
			"to": [8.46739, 9.8, 5.31159],
			"rotation": {"angle": 0, "axis": "y", "origin": [7.7029, 7.86522, 8.01449]},
			"faces": {
				"north": {"uv": [11, 6, 12.5, 6.5], "texture": "#0"},
				"east": {"uv": [11, 6, 12.5, 6.5], "texture": "#0"},
				"south": {"uv": [11, 6, 12.5, 6.5], "texture": "#0"},
				"west": {"uv": [12.5, 6, 11, 6.5], "texture": "#0"},
				"up": {"uv": [11, 6, 12.5, 6.5], "rotation": 90, "texture": "#0"},
				"down": {"uv": [11, 6, 12.5, 6.5], "rotation": 270, "texture": "#0"}
			}
		},
		{
			"from": [6.96739, 9.8, 3.31159],
			"to": [8.46739, 10.3, 4.81159],
			"rotation": {"angle": 0, "axis": "y", "origin": [7.7029, 7.86522, 8.01449]},
			"faces": {
				"north": {"uv": [11.5, 5.5, 13, 6], "texture": "#0"},
				"east": {"uv": [11.5, 5.5, 13, 6], "texture": "#0"},
				"south": {"uv": [11.5, 5.5, 13, 6], "texture": "#0"},
				"west": {"uv": [13, 5.5, 11.5, 6], "texture": "#0"},
				"up": {"uv": [11.5, 5.5, 13, 6], "rotation": 90, "texture": "#0"},
				"down": {"uv": [11.5, 5.5, 13, 6], "rotation": 270, "texture": "#0"}
			}
		},
		{
			"from": [5.71739, 10.3, 3.31159],
			"to": [9.71739, 10.8, 7.31159],
			"rotation": {"angle": 0, "axis": "y", "origin": [7.7029, 7.86522, 8.01449]},
			"faces": {
				"north": {"uv": [8.5, 5.5, 11, 6], "texture": "#0"},
				"east": {"uv": [8.5, 5.5, 11, 6], "texture": "#0"},
				"south": {"uv": [8.5, 5.5, 11, 6], "texture": "#0"},
				"west": {"uv": [11, 5.5, 8.5, 6], "texture": "#0"},
				"up": {"uv": [8.5, 5.5, 11, 6], "rotation": 90, "texture": "#0"},
				"down": {"uv": [8.5, 5.5, 11, 6], "rotation": 270, "texture": "#0"}
			}
		},
		{
			"from": [6.46739, 9.8, 5.31159],
			"to": [8.96739, 10.3, 7.81159],
			"rotation": {"angle": 0, "axis": "y", "origin": [7.7029, 7.86522, 8.01449]},
			"faces": {
				"north": {"uv": [8.5, 5.5, 11, 6], "texture": "#0"},
				"east": {"uv": [8.5, 5.5, 11, 6], "texture": "#0"},
				"south": {"uv": [8.5, 5.5, 11, 6], "texture": "#0"},
				"west": {"uv": [11, 5.5, 8.5, 6], "texture": "#0"},
				"up": {"uv": [8.5, 5.5, 11, 6], "rotation": 90, "texture": "#0"},
				"down": {"uv": [8.5, 5.5, 11, 6], "rotation": 270, "texture": "#0"}
			}
		},
		{
			"from": [6.71739, 9.3, 5.81159],
			"to": [8.71739, 9.8, 7.81159],
			"rotation": {"angle": 0, "axis": "y", "origin": [7.7029, 7.86522, 8.01449]},
			"faces": {
				"north": {"uv": [8.5, 6, 10.5, 6.5], "texture": "#0"},
				"east": {"uv": [8.5, 6, 10.5, 6.5], "texture": "#0"},
				"south": {"uv": [8.5, 6, 10.5, 6.5], "texture": "#0"},
				"west": {"uv": [10.5, 6, 8.5, 6.5], "texture": "#0"},
				"up": {"uv": [8.5, 6, 10.5, 6.5], "rotation": 90, "texture": "#0"},
				"down": {"uv": [8.5, 6, 10.5, 6.5], "rotation": 270, "texture": "#0"}
			}
		},
		{
			"from": [6.46739, 8.8, 5.81159],
			"to": [8.96739, 9.3, 8.31159],
			"rotation": {"angle": 0, "axis": "y", "origin": [7.7029, 7.86522, 8.01449]},
			"faces": {
				"north": {"uv": [8, 6.5, 10.5, 7], "texture": "#0"},
				"east": {"uv": [8, 6.5, 10.5, 7], "texture": "#0"},
				"south": {"uv": [8, 6.5, 10.5, 7], "texture": "#0"},
				"west": {"uv": [10.5, 6.5, 8, 7], "texture": "#0"},
				"up": {"uv": [8, 6.5, 10.5, 7], "rotation": 90, "texture": "#0"},
				"down": {"uv": [8, 6.5, 10.5, 7], "rotation": 270, "texture": "#0"}
			}
		},
		{
			"from": [6.21739, 8.3, 6.31159],
			"to": [9.21739, 8.8, 9.31159],
			"rotation": {"angle": 0, "axis": "y", "origin": [7.7029, 7.86522, 8.01449]},
			"faces": {
				"north": {"uv": [7, 7, 10, 7.5], "texture": "#0"},
				"east": {"uv": [7, 7, 10, 7.5], "texture": "#0"},
				"south": {"uv": [7, 7, 10, 7.5], "texture": "#0"},
				"west": {"uv": [10, 7, 7, 7.5], "texture": "#0"},
				"up": {"uv": [7, 7, 10, 7.5], "rotation": 90, "texture": "#0"},
				"down": {"uv": [7, 7, 10, 7.5], "rotation": 270, "texture": "#0"}
			}
		},
		{
			"from": [7.21739, 10.8, 3.31159],
			"to": [8.21739, 11.3, 4.31159],
			"rotation": {"angle": 0, "axis": "y", "origin": [7.7029, 7.86522, 8.01449]},
			"faces": {
				"north": {"uv": [12, 4.5, 13, 5], "texture": "#0"},
				"east": {"uv": [12, 4.5, 13, 5], "texture": "#0"},
				"south": {"uv": [12, 4.5, 13, 5], "texture": "#0"},
				"west": {"uv": [13, 4.5, 12, 5], "texture": "#0"},
				"up": {"uv": [12, 4.5, 13, 5], "rotation": 90, "texture": "#0"},
				"down": {"uv": [12, 4.5, 13, 5], "rotation": 270, "texture": "#0"}
			}
		},
		{
			"from": [7.46739, 11.3, 3.31159],
			"to": [7.96739, 11.8, 3.81159],
			"rotation": {"angle": 0, "axis": "y", "origin": [7.7029, 7.86522, 8.01449]},
			"faces": {
				"north": {"uv": [12.5, 4, 13, 4.5], "texture": "#0"},
				"east": {"uv": [12.5, 4, 13, 4.5], "texture": "#0"},
				"south": {"uv": [12.5, 4, 13, 4.5], "texture": "#0"},
				"west": {"uv": [13, 4, 12.5, 4.5], "texture": "#0"},
				"up": {"uv": [12.5, 4, 13, 4.5], "rotation": 90, "texture": "#0"},
				"down": {"uv": [12.5, 4, 13, 4.5], "rotation": 270, "texture": "#0"}
			}
		},
		{
			"from": [6.71739, 10.8, 4.81159],
			"to": [8.71739, 11.3, 6.81159],
			"rotation": {"angle": 0, "axis": "y", "origin": [7.7029, 7.86522, 8.01449]},
			"faces": {
				"north": {"uv": [9.5, 4.5, 11.5, 5], "texture": "#0"},
				"east": {"uv": [9.5, 4.5, 11.5, 5], "texture": "#0"},
				"south": {"uv": [9.5, 4.5, 11.5, 5], "texture": "#0"},
				"west": {"uv": [11.5, 4.5, 9.5, 5], "texture": "#0"},
				"up": {"uv": [9.5, 4.5, 11.5, 5], "rotation": 90, "texture": "#0"},
				"down": {"uv": [9.5, 4.5, 11.5, 5], "rotation": 270, "texture": "#0"}
			}
		},
		{
			"from": [7.46739, 11.3, 4.31159],
			"to": [7.96739, 11.8, 6.31159],
			"rotation": {"angle": 0, "axis": "y", "origin": [7.7029, 7.86522, 8.01449]},
			"faces": {
				"north": {"uv": [10, 4, 12, 4.5], "texture": "#0"},
				"east": {"uv": [10, 4, 12, 4.5], "texture": "#0"},
				"south": {"uv": [10, 4, 12, 4.5], "texture": "#0"},
				"west": {"uv": [12, 4, 10, 4.5], "texture": "#0"},
				"up": {"uv": [10, 4, 12, 4.5], "rotation": 90, "texture": "#0"},
				"down": {"uv": [10, 4, 12, 4.5], "rotation": 270, "texture": "#0"}
			}
		},
		{
			"from": [7.46739, 11.8, 3.81159],
			"to": [7.96739, 12.3, 5.31159],
			"rotation": {"angle": 0, "axis": "y", "origin": [7.7029, 7.86522, 8.01449]},
			"faces": {
				"north": {"uv": [11, 3.5, 12.5, 4], "texture": "#0"},
				"east": {"uv": [11, 3.5, 12.5, 4], "texture": "#0"},
				"south": {"uv": [11, 3.5, 12.5, 4], "texture": "#0"},
				"west": {"uv": [12.5, 3.5, 11, 4], "texture": "#0"},
				"up": {"uv": [11, 3.5, 12.5, 4], "rotation": 90, "texture": "#0"},
				"down": {"uv": [11, 3.5, 12.5, 4], "rotation": 270, "texture": "#0"}
			}
		}
	],
	"gui_light": "front",
	"display": {
		"thirdperson_righthand": {
			"translation": [0, 3, 1],
			"scale": [0.55, 0.55, 0.55]
		},
		"gui": {
			"translation": [0, 2.5, 0]
		},
		"fixed": {
			"translation": [0, 1.5, 0]
		}
	},
	"groups": [0, 1, 2, 3, 4,
		{
			"name": "group",
			"origin": [14, 19, 15.75],
			"children": [5, 6, 7, 8, 9, 10, 11, 12, 13, 14, 15, 16, 17, 18, 19, 20, 21, 22, 23, 24, 25, 26, 27, 28, 29, 30, 31, 32, 33, 34, 35, 36, 37, 38, 39, 40, 41, 42, 43, 44, 45, 46, 47, 48, 49, 50, 51, 52, 53, 54, 55, 56, 57, 58, 59, 60, 61, 62, 63, 64, 65, 66, 67, 68, 69, 70, 71, 72]
		},
		{
			"name": "group",
			"origin": [14, 19, 15.75],
			"children": [73, 74, 75, 76, 77, 78, 79, 80, 81, 82, 83, 84, 85, 86, 87, 88, 89, 90, 91, 92, 93, 94, 95, 96, 97, 98, 99, 100, 101, 102, 103, 104, 105, 106, 107, 108, 109, 110, 111, 112, 113, 114, 115, 116, 117, 118, 119, 120, 121, 122, 123, 124, 125, 126, 127, 128, 129, 130, 131, 132, 133, 134, 135, 136, 137, 138, 139, 140]
		}
	]
}