{
	"credit": "Made with Blockbench by Juknum",
	"parent": "block/block",
	"ambientocclusion": false,
	"textures": {
		"down": "block/furnace_top",
		"particle": "block/dispenser_front",
		"north": "block/dispenser_front",
		"south": "block/furnace_side"
	},
	"elements": [
		{
			"from": [9, 4, 0],
			"to": [10, 4.5, 1],
			"faces": {
				"north": {"uv": [10, 11.5, 9, 12], "texture": "#north", "cullface": "north"},
				"east": {"uv": [1, 11.5, 0, 12], "texture": "#south", "cullface": "east"},
				"south": {"uv": [9, 11.5, 10, 12], "texture": "#south", "cullface": "south"},
				"west": {"uv": [0, 11.5, 1, 12], "texture": "#south", "cullface": "north"},
				"up": {"uv": [9, 0, 10, 1], "texture": "#down", "cullface": "north"},
				"down": {"uv": [9, 0, 10, 1], "texture": "#down", "cullface": "down"}
			}
		},
		{
			"from": [9, 7.5, 0],
			"to": [10, 8, 1],
			"faces": {
				"north": {"uv": [10, 8, 9, 8.5], "texture": "#north", "cullface": "north"},
				"east": {"uv": [1, 8, 0, 8.5], "texture": "#south", "cullface": "east"},
				"south": {"uv": [9, 8, 10, 8.5], "texture": "#south", "cullface": "south"},
				"west": {"uv": [0, 8, 1, 8.5], "texture": "#south", "cullface": "north"},
				"up": {"uv": [9, 0, 10, 1], "texture": "#down", "cullface": "up"},
				"down": {"uv": [9, 0, 10, 1], "texture": "#down", "cullface": "north"}
			}
		},
		{
			"from": [6, 4, 0],
			"to": [7, 4.5, 1],
			"faces": {
				"north": {"uv": [7, 11.5, 6, 12], "texture": "#north", "cullface": "north"},
				"east": {"uv": [1, 11.5, 0, 12], "texture": "#south", "cullface": "north"},
				"south": {"uv": [6, 11.5, 7, 12], "texture": "#south", "cullface": "south"},
				"west": {"uv": [0, 11.5, 1, 12], "texture": "#south", "cullface": "west"},
				"up": {"uv": [6, 0, 7, 1], "texture": "#down", "cullface": "north"},
				"down": {"uv": [6, 0, 7, 1], "texture": "#down", "cullface": "down"}
			}
		},
		{
			"from": [6, 7.5, 0],
			"to": [7, 8, 1],
			"faces": {
				"north": {"uv": [7, 8, 6, 8.5], "texture": "#north", "cullface": "north"},
				"east": {"uv": [1, 8, 0, 8.5], "texture": "#south", "cullface": "north"},
				"south": {"uv": [6, 8, 7, 8.5], "texture": "#south", "cullface": "south"},
				"west": {"uv": [0, 8, 1, 8.5], "texture": "#south", "cullface": "west"},
				"up": {"uv": [6, 0, 7, 1], "texture": "#down", "cullface": "up"},
				"down": {"uv": [6, 0, 7, 1], "texture": "#down", "cullface": "north"}
			}
		},
		{
			"from": [9.5, 4, 0],
			"to": [10, 5, 1],
			"faces": {
				"north": {"uv": [10, 11, 9.5, 12], "texture": "#north", "cullface": "north"},
				"east": {"uv": [1, 11, 0, 12], "texture": "#south", "cullface": "east"},
				"south": {"uv": [9.5, 11, 10, 12], "texture": "#south", "cullface": "south"},
				"west": {"uv": [0, 11, 1, 12], "texture": "#south", "cullface": "north"},
				"up": {"uv": [9.5, 0, 10, 1], "texture": "#down", "cullface": "north"},
				"down": {"uv": [9.5, 0, 10, 1], "texture": "#down", "cullface": "down"}
			}
		},
		{
			"from": [9.5, 7, 0],
			"to": [10, 8, 1],
			"faces": {
				"north": {"uv": [10, 8, 9.5, 9], "texture": "#north", "cullface": "north"},
				"east": {"uv": [1, 8, 0, 9], "texture": "#south", "cullface": "east"},
				"south": {"uv": [9.5, 8, 10, 9], "texture": "#south", "cullface": "south"},
				"west": {"uv": [0, 8, 1, 9], "texture": "#south", "cullface": "north"},
				"up": {"uv": [9.5, 0, 10, 1], "texture": "#down", "cullface": "up"},
				"down": {"uv": [9.5, 0, 10, 1], "texture": "#down", "cullface": "north"}
			}
		},
		{
			"from": [6, 4, 0],
			"to": [6.5, 5, 1],
			"faces": {
				"north": {"uv": [6.5, 11, 6, 12], "texture": "#north", "cullface": "north"},
				"east": {"uv": [1, 11, 0, 12], "texture": "#south", "cullface": "north"},
				"south": {"uv": [6, 11, 6.5, 12], "texture": "#south", "cullface": "south"},
				"west": {"uv": [0, 11, 1, 12], "texture": "#south", "cullface": "west"},
				"up": {"uv": [6, 0, 6.5, 1], "texture": "#down", "cullface": "north"},
				"down": {"uv": [6, 0, 6.5, 1], "texture": "#down", "cullface": "down"}
			}
		},
		{
			"from": [6, 7, 0],
			"to": [6.5, 8, 1],
			"faces": {
				"north": {"uv": [6.5, 8, 6, 9], "texture": "#north", "cullface": "north"},
				"east": {"uv": [1, 8, 0, 9], "texture": "#south", "cullface": "north"},
				"south": {"uv": [6, 8, 6.5, 9], "texture": "#south", "cullface": "south"},
				"west": {"uv": [0, 8, 1, 9], "texture": "#south", "cullface": "west"},
				"up": {"uv": [6, 0, 6.5, 1], "texture": "#down", "cullface": "up"},
				"down": {"uv": [6, 0, 6.5, 1], "texture": "#down", "cullface": "north"}
			}
		},
		{
			"from": [6, 0, 0],
			"to": [10, 4, 1],
			"faces": {
				"north": {"uv": [10, 12, 6, 16], "texture": "#north", "cullface": "north"},
				"east": {"uv": [1, 12, 0, 16], "texture": "#south", "cullface": "east"},
				"south": {"uv": [6, 12, 10, 16], "texture": "#south", "cullface": "south"},
				"west": {"uv": [0, 12, 1, 16], "texture": "#south", "cullface": "west"},
				"up": {"uv": [6, 0, 10, 1], "texture": "#down", "cullface": "north"},
				"down": {"uv": [6, 15, 10, 16], "texture": "#down", "cullface": "down"}
			}
		},
		{
			"from": [10, 0, 0],
			"to": [16, 12, 1],
			"faces": {
				"north": {"uv": [16, 4, 10, 16], "texture": "#north", "cullface": "north"},
				"east": {"uv": [1, 4, 0, 16], "texture": "#south", "cullface": "east"},
				"south": {"uv": [10, 4, 16, 16], "texture": "#south", "cullface": "south"},
				"west": {"uv": [0, 4, 1, 16], "texture": "#south", "cullface": "north"},
				"up": {"uv": [10, 0, 16, 1], "texture": "#down", "cullface": "up"},
				"down": {"uv": [10, 15, 16, 16], "texture": "#down", "cullface": "down"}
			}
		},
		{
			"from": [0, 0, 0],
			"to": [6, 12, 1],
			"faces": {
				"north": {"uv": [6, 4, 0, 16], "texture": "#north", "cullface": "north"},
				"east": {"uv": [1, 4, 0, 16], "texture": "#south", "cullface": "north"},
				"south": {"uv": [0, 4, 6, 16], "texture": "#south", "cullface": "south"},
				"west": {"uv": [0, 4, 1, 16], "texture": "#south", "cullface": "west"},
				"up": {"uv": [0, 0, 6, 1], "texture": "#down", "cullface": "up"},
				"down": {"uv": [0, 15, 6, 16], "texture": "#down", "cullface": "down"}
			}
		},
		{
			"from": [0, 12, 0],
			"to": [16, 16, 1],
			"faces": {
				"north": {"uv": [16, 0, 0, 4], "texture": "#north", "cullface": "north"},
				"east": {"uv": [1, 0, 0, 4], "texture": "#south", "cullface": "east"},
				"south": {"uv": [0, 0, 16, 4], "texture": "#south", "cullface": "south"},
				"west": {"uv": [0, 0, 1, 4], "texture": "#south", "cullface": "west"},
				"up": {"uv": [0, 0, 16, 1], "texture": "#down", "cullface": "up"},
				"down": {"uv": [0, 0, 16, 1], "texture": "#down", "cullface": "down"}
			}
		},
		{
			"from": [0, 0, 1],
			"to": [16, 16, 16],
			"faces": {
				"north": {"uv": [0, 0, 16, 16], "texture": "#north", "cullface": "north"},
				"east": {"uv": [0, 0, 15, 16], "texture": "#south", "cullface": "east"},
				"south": {"uv": [0, 0, 16, 16], "texture": "#south", "cullface": "south"},
				"west": {"uv": [1, 0, 16, 16], "texture": "#south", "cullface": "west"},
				"up": {"uv": [0, 1, 16, 16], "texture": "#down", "cullface": "up"},
				"down": {"uv": [0, 0, 16, 15], "texture": "#down", "cullface": "down"}
			}
		},
		{
			"from": [6, 8, 0],
			"to": [10, 12, 1],
			"faces": {
				"north": {"uv": [10, 4, 6, 8], "texture": "#north", "cullface": "north"},
				"east": {"uv": [1, 4, 0, 8], "texture": "#south", "cullface": "east"},
				"south": {"uv": [6, 4, 10, 8], "texture": "#south", "cullface": "south"},
				"west": {"uv": [0, 4, 1, 8], "texture": "#south", "cullface": "west"},
				"up": {"uv": [6, 0, 10, 1], "texture": "#down", "cullface": "up"},
				"down": {"uv": [6, 0, 10, 1], "texture": "#down", "cullface": "north"}
			}
		}
	]
}