{
	"credit": "Made with Blockbench by Juknum",
	"parent": "block/block",
	"ambientocclusion": false,
	"textures": {
		"down": "block/furnace_top",
		"particle": "block/dropper_front",
		"north": "block/dropper_front",
		"south": "block/furnace_side"
	},
	"elements": [
		{
			"from": [5, 6.5, 0],
			"to": [11, 12, 1],
			"faces": {
				"north": {"uv": [11, 4, 5, 9.5], "texture": "#north", "cullface": "north"},
				"east": {"uv": [1, 4, 0, 9.5], "texture": "#south", "cullface": "east"},
				"south": {"uv": [5, 4, 11, 9.5], "texture": "#south", "cullface": "south"},
				"west": {"uv": [0, 4, 1, 9.5], "texture": "#south", "cullface": "west"},
				"up": {"uv": [5, 0, 11, 1], "texture": "#down", "cullface": "up"},
				"down": {"uv": [5, 0, 11, 1], "texture": "#down", "cullface": "north"}
			}
		},
		{
			"from": [0, 0, 1],
			"to": [16, 16, 16],
			"faces": {
				"north": {"uv": [0, 0, 16, 16], "texture": "#north", "cullface": "north"},
				"east": {"uv": [0, 0, 15, 16], "texture": "#south", "cullface": "east"},
				"south": {"uv": [0, 0, 16, 16], "texture": "#south", "cullface": "south"},
				"west": {"uv": [1, 0, 16, 16], "texture": "#south", "cullface": "west"},
				"up": {"uv": [0, 1, 16, 16], "texture": "#down", "cullface": "up"},
				"down": {"uv": [0, 0, 16, 15], "texture": "#down", "cullface": "down"}
			}
		},
		{
			"from": [0, 12, 0],
			"to": [16, 16, 1],
			"faces": {
				"north": {"uv": [16, 0, 0, 4], "texture": "#north", "cullface": "north"},
				"east": {"uv": [1, 0, 0, 4], "texture": "#south", "cullface": "east"},
				"south": {"uv": [0, 0, 16, 4], "texture": "#south", "cullface": "south"},
				"west": {"uv": [0, 0, 1, 4], "texture": "#south", "cullface": "west"},
				"up": {"uv": [0, 0, 16, 1], "texture": "#down", "cullface": "up"},
				"down": {"uv": [0, 0, 16, 1], "texture": "#down", "cullface": "down"}
			}
		},
		{
			"from": [0, 0, 0],
			"to": [5, 12, 1],
			"faces": {
				"north": {"uv": [5, 4, 0, 16], "texture": "#north", "cullface": "north"},
				"east": {"uv": [1, 4, 0, 16], "texture": "#south", "cullface": "north"},
				"south": {"uv": [0, 4, 5, 16], "texture": "#south", "cullface": "south"},
				"west": {"uv": [0, 4, 1, 16], "texture": "#south", "cullface": "west"},
				"up": {"uv": [0, 0, 5, 1], "texture": "#down", "cullface": "up"},
				"down": {"uv": [0, 15, 5, 16], "texture": "#down", "cullface": "down"}
			}
		},
		{
			"from": [11, 0, 0],
			"to": [16, 12, 1],
			"faces": {
				"north": {"uv": [16, 4, 11, 16], "texture": "#north", "cullface": "north"},
				"east": {"uv": [1, 4, 0, 16], "texture": "#south", "cullface": "east"},
				"south": {"uv": [11, 4, 16, 16], "texture": "#south", "cullface": "south"},
				"west": {"uv": [0, 4, 1, 16], "texture": "#south", "cullface": "north"},
				"up": {"uv": [11, 0, 16, 1], "texture": "#down", "cullface": "up"},
				"down": {"uv": [11, 15, 16, 16], "texture": "#down", "cullface": "down"}
			}
		},
		{
			"from": [5, 0, 0],
			"to": [11, 4, 1],
			"faces": {
				"north": {"uv": [10, 12, 6, 16], "texture": "#north", "cullface": "north"},
				"east": {"uv": [1, 12, 0, 16], "texture": "#south", "cullface": "east"},
				"south": {"uv": [6, 12, 10, 16], "texture": "#south", "cullface": "south"},
				"west": {"uv": [0, 12, 1, 16], "texture": "#south", "cullface": "west"},
				"up": {"uv": [6, 0, 10, 1], "texture": "#down", "cullface": "north"},
				"down": {"uv": [5, 15, 9, 16], "texture": "#down", "cullface": "down"}
			}
		},
		{
			"from": [5, 5, 0],
			"to": [6, 5.5, 1],
			"faces": {
				"north": {"uv": [6, 10.5, 5, 11], "texture": "#north", "cullface": "north"},
				"east": {"uv": [1, 10.5, 0, 11], "texture": "#south", "cullface": "north"},
				"south": {"uv": [5, 10.5, 6, 11], "texture": "#south", "cullface": "south"},
				"west": {"uv": [0, 10.5, 1, 11], "texture": "#south", "cullface": "west"},
				"up": {"uv": [5, 0, 6, 1], "texture": "#down", "cullface": "north"},
				"down": {"uv": [5, 0, 6, 1], "texture": "#down", "cullface": "down"}
			}
		},
		{
			"from": [5, 4.5, 0],
			"to": [6.5, 5, 1],
			"faces": {
				"north": {"uv": [6.5, 11, 5, 11.5], "texture": "#north", "cullface": "north"},
				"east": {"uv": [1, 11, 0, 11.5], "texture": "#south", "cullface": "north"},
				"south": {"uv": [5, 11, 6.5, 11.5], "texture": "#south", "cullface": "south"},
				"west": {"uv": [0, 11, 1, 11.5], "texture": "#south", "cullface": "west"},
				"up": {"uv": [5, 0, 6.5, 1], "texture": "#down", "cullface": "north"},
				"down": {"uv": [5, 0, 6.5, 1], "texture": "#down", "cullface": "down"}
			}
		},
		{
			"from": [5, 5.5, 0],
			"to": [5.5, 6, 1],
			"faces": {
				"north": {"uv": [5.5, 10, 5, 10.5], "texture": "#north", "cullface": "north"},
				"east": {"uv": [1, 10, 0, 10.5], "texture": "#south", "cullface": "north"},
				"south": {"uv": [5, 10, 5.5, 10.5], "texture": "#south", "cullface": "south"},
				"west": {"uv": [0, 10, 1, 10.5], "texture": "#south", "cullface": "west"},
				"up": {"uv": [5, 0, 5.5, 1], "texture": "#down", "cullface": "north"},
				"down": {"uv": [5, 0, 5.5, 1], "texture": "#down", "cullface": "down"}
			}
		},
		{
			"from": [9.5, 4.5, 0],
			"to": [11, 5, 1],
			"faces": {
				"north": {"uv": [11, 11, 9.5, 11.5], "texture": "#north", "cullface": "north"},
				"east": {"uv": [1, 11, 0, 11.5], "texture": "#south", "cullface": "east"},
				"south": {"uv": [9.5, 11, 11, 11.5], "texture": "#south", "cullface": "south"},
				"west": {"uv": [0, 11, 1, 11.5], "texture": "#south", "cullface": "north"},
				"up": {"uv": [9.5, 0, 11, 1], "texture": "#down", "cullface": "north"},
				"down": {"uv": [9.5, 0, 11, 1], "texture": "#down", "cullface": "down"}
			}
		},
		{
			"from": [5, 4, 0],
			"to": [7, 4.5, 1],
			"faces": {
				"north": {"uv": [7, 11.5, 5, 12], "texture": "#north", "cullface": "north"},
				"east": {"uv": [1, 11.5, 0, 12], "texture": "#south", "cullface": "north"},
				"south": {"uv": [5, 11.5, 7, 12], "texture": "#south", "cullface": "south"},
				"west": {"uv": [0, 11.5, 1, 12], "texture": "#south", "cullface": "west"},
				"up": {"uv": [5, 0, 7, 1], "texture": "#down", "cullface": "north"},
				"down": {"uv": [5, 0, 7, 1], "texture": "#down", "cullface": "down"}
			}
		},
		{
			"from": [9, 4, 0],
			"to": [11, 4.5, 1],
			"faces": {
				"north": {"uv": [11, 11.5, 9, 12], "texture": "#north", "cullface": "north"},
				"east": {"uv": [1, 11.5, 0, 12], "texture": "#south", "cullface": "east"},
				"south": {"uv": [9, 11.5, 11, 12], "texture": "#south", "cullface": "south"},
				"west": {"uv": [0, 11.5, 1, 12], "texture": "#south", "cullface": "north"},
				"up": {"uv": [9, 0, 11, 1], "texture": "#down", "cullface": "north"},
				"down": {"uv": [9, 0, 11, 1], "texture": "#down", "cullface": "down"}
			}
		},
		{
			"from": [10, 5, 0],
			"to": [11, 5.5, 1],
			"faces": {
				"north": {"uv": [11, 10.5, 10, 11], "texture": "#north", "cullface": "north"},
				"east": {"uv": [1, 10.5, 0, 11], "texture": "#south", "cullface": "east"},
				"south": {"uv": [10, 10.5, 11, 11], "texture": "#south", "cullface": "south"},
				"west": {"uv": [0, 10.5, 1, 11], "texture": "#south", "cullface": "north"},
				"up": {"uv": [10, 0, 11, 1], "texture": "#down", "cullface": "north"},
				"down": {"uv": [10, 0, 11, 1], "texture": "#down", "cullface": "down"}
			}
		},
		{
			"from": [10.5, 5.5, 0],
			"to": [11, 6, 1],
			"faces": {
				"north": {"uv": [11, 10, 10.5, 10.5], "texture": "#north", "cullface": "north"},
				"east": {"uv": [1, 10, 0, 10.5], "texture": "#south", "cullface": "east"},
				"south": {"uv": [10.5, 10, 11, 10.5], "texture": "#south", "cullface": "south"},
				"west": {"uv": [0, 10, 1, 10.5], "texture": "#south", "cullface": "north"},
				"up": {"uv": [10.5, 0, 11, 1], "texture": "#down", "cullface": "north"},
				"down": {"uv": [10.5, 0, 11, 1], "texture": "#down", "cullface": "down"}
			}
		}
	]
}