{
	"credit": "Made with Blockbench by Juknum",
	"parent": "block/block",
	"ambientocclusion": false,
	"textures": {
		"particle": "block/flower_pot",
		"flowerpot": "block/flower_pot",
		"dirt": "block/dirt"
	},
	"elements": [
		{
			"from": [2.6, 4, 8],
			"to": [13.4, 16, 8],
			"rotation": {"angle": 45, "axis": "y", "origin": [8, 8, 8], "rescale": true},
			"faces": {
				"north": {"uv": [0, 0, 16, 16], "texture": "#plant"},
				"south": {"uv": [0, 0, 16, 16], "texture": "#plant"}
			}
		},
		{
			"from": [8, 4, 2.6],
			"to": [8, 16, 13.4],
			"rotation": {"angle": 45, "axis": "y", "origin": [8, 8, 8], "rescale": true},
			"faces": {
				"east": {"uv": [0, 0, 16, 16], "texture": "#plant"},
				"west": {"uv": [0, 0, 16, 16], "texture": "#plant"}
			}
		},
		{
			"from": [5, 0, 5],
			"to": [6, 4.5, 11],
			"faces": {
				"north": {"uv": [10, 11.5, 11, 16], "texture": "#flowerpot"},
				"east": {"uv": [6, 11.5, 10, 16], "texture": "#flowerpot"},
				"south": {"uv": [5, 11.5, 6, 16], "texture": "#flowerpot"},
				"west": {"uv": [5, 11.5, 11, 16], "texture": "#flowerpot"},
				"up": {"uv": [5, 5, 6, 11], "texture": "#flowerpot"},
				"down": {"uv": [5, 5, 6, 11], "texture": "#flowerpot", "cullface": "down"}
			}
		},
		{
			"from": [10, 0, 5],
			"to": [11, 4.5, 11],
			"faces": {
				"north": {"uv": [5, 11.5, 6, 16], "texture": "#flowerpot"},
				"east": {"uv": [5, 11.5, 11, 16], "texture": "#flowerpot"},
				"south": {"uv": [10, 11.5, 11, 16], "texture": "#flowerpot"},
				"west": {"uv": [6, 11.5, 10, 16], "texture": "#flowerpot"},
				"up": {"uv": [10, 5, 11, 11], "texture": "#flowerpot"},
				"down": {"uv": [10, 5, 11, 11], "texture": "#flowerpot", "cullface": "down"}
			}
		},
		{
			"from": [6, 0, 5],
			"to": [10, 4.5, 6],
			"faces": {
				"north": {"uv": [6, 11.5, 10, 16], "texture": "#flowerpot"},
				"south": {"uv": [6, 11.5, 10, 16], "texture": "#flowerpot"},
				"up": {"uv": [6, 5, 10, 6], "texture": "#flowerpot"},
				"down": {"uv": [6, 10, 10, 11], "texture": "#flowerpot", "cullface": "down"}
			}
		},
		{
			"from": [6, 0, 10],
			"to": [10, 4.5, 11],
			"faces": {
				"north": {"uv": [6, 11.5, 10, 16], "texture": "#flowerpot"},
				"south": {"uv": [6, 11.5, 10, 16], "texture": "#flowerpot"},
				"up": {"uv": [6, 10, 10, 11], "texture": "#flowerpot"},
				"down": {"uv": [6, 5, 10, 6], "texture": "#flowerpot", "cullface": "down"}
			}
		},
		{
			"from": [6, 0, 6],
			"to": [10, 4, 10],
			"faces": {
				"up": {"uv": [6, 6, 10, 10], "texture": "#dirt"},
				"down": {"uv": [6, 12, 10, 16], "texture": "#flowerpot", "cullface": "down"}
			}
		},
		{
			"from": [5, 5, 5],
			"to": [11, 6, 6],
			"rotation": {"angle": 0, "axis": "y", "origin": [13, 12.5, 13]},
			"faces": {
				"north": {"uv": [5, 10.5, 11, 11.5], "texture": "#flowerpot"},
				"east": {"uv": [10, 10.5, 11, 11.5], "texture": "#flowerpot"},
				"south": {"uv": [5, 10, 11, 11], "texture": "#flowerpot"},
				"west": {"uv": [5, 10.5, 6, 11.5], "texture": "#flowerpot"},
				"up": {"uv": [5, 10, 11, 11], "texture": "#flowerpot"},
				"down": {"uv": [5, 11, 11, 12], "texture": "#flowerpot"}
			}
		},
		{
			"from": [6, 5, 10],
			"to": [11, 6, 11],
			"rotation": {"angle": 0, "axis": "y", "origin": [13, 12.5, 18]},
			"faces": {
				"north": {"uv": [5, 10, 11, 11], "texture": "#flowerpot"},
				"east": {"uv": [5, 10.5, 6, 11.5], "texture": "#flowerpot"},
				"south": {"uv": [6, 10.5, 11, 11.5], "texture": "#flowerpot"},
				"up": {"uv": [5, 10, 11, 11], "texture": "#flowerpot"},
				"down": {"uv": [5, 11, 11, 12], "texture": "#flowerpot"}
			}
		},
		{
			"from": [5, 5, 6],
			"to": [6, 6, 11],
			"rotation": {"angle": 0, "axis": "y", "origin": [13, 12.5, 4]},
			"faces": {
				"east": {"uv": [5, 10, 10, 11], "texture": "#flowerpot"},
				"south": {"uv": [5, 10.5, 6, 11.5], "texture": "#flowerpot"},
				"west": {"uv": [6, 10.5, 11, 11.5], "texture": "#flowerpot"},
				"up": {"uv": [5, 10, 11, 11], "rotation": 270, "texture": "#flowerpot"},
				"down": {"uv": [5, 11, 11, 12], "rotation": 90, "texture": "#flowerpot"}
			}
		},
		{
			"from": [10, 5, 6],
			"to": [11, 6, 10],
			"rotation": {"angle": 0, "axis": "y", "origin": [18, 12.5, 4]},
			"faces": {
				"east": {"uv": [6, 10.5, 10, 11.5], "texture": "#flowerpot"},
				"west": {"uv": [6, 10, 11, 11], "texture": "#flowerpot"},
				"up": {"uv": [6, 10, 10, 11], "rotation": 270, "texture": "#flowerpot"},
				"down": {"uv": [5, 11, 11, 12], "rotation": 90, "texture": "#flowerpot"}
			}
		},
		{
			"from": [5.5, 4.5, 5.5],
			"to": [6, 5, 10.5],
			"rotation": {"angle": 0, "axis": "y", "origin": [13, 12.5, 13]},
			"faces": {
				"north": {"uv": [5.5, 11.5, 6, 12], "texture": "#flowerpot"},
				"east": {"uv": [5.5, 11, 10.5, 11.5], "texture": "#flowerpot"},
				"south": {"uv": [5.5, 11.5, 6, 12], "texture": "#flowerpot"},
				"west": {"uv": [5.5, 11.5, 10.5, 12], "texture": "#flowerpot"}
			}
		},
		{
			"from": [6, 4.5, 10],
			"to": [10.5, 5, 10.5],
			"rotation": {"angle": 0, "axis": "y", "origin": [13, 12.5, 3]},
			"faces": {
				"north": {"uv": [5.5, 11, 10, 11.5], "texture": "#flowerpot"},
				"east": {"uv": [5, 11.5, 5.5, 12], "texture": "#flowerpot"},
				"south": {"uv": [6, 11.5, 10, 12], "texture": "#flowerpot"}
			}
		},
		{
			"from": [10, 4.5, 5.5],
			"to": [10.5, 5, 10],
			"rotation": {"angle": 0, "axis": "y", "origin": [3, 12.5, 3]},
			"faces": {
				"north": {"uv": [5.5, 11.5, 6, 12], "texture": "#flowerpot"},
				"east": {"uv": [5.5, 11.5, 10.5, 12], "texture": "#flowerpot"},
				"west": {"uv": [5.5, 11, 10, 11.5], "texture": "#flowerpot"}
			}
		},
		{
			"from": [6, 4.5, 5.5],
			"to": [10, 5, 6],
			"rotation": {"angle": 0, "axis": "y", "origin": [13, 12.5, -1.5]},
			"faces": {
				"north": {"uv": [6, 11.5, 10, 12], "texture": "#flowerpot"},
				"south": {"uv": [6, 11, 10, 11.5], "texture": "#flowerpot"}
			}
		}
	],
	"display": {
		"thirdperson_righthand": {
			"rotation": [75, 45, 0],
			"translation": [0, 1.5, 2.5],
			"scale": [0.375, 0.375, 0.375]
		},
		"thirdperson_lefthand": {
			"rotation": [75, 45, 0],
			"translation": [0, 1.5, 2.5],
			"scale": [0.375, 0.375, 0.375]
		},
		"firstperson_righthand": {
			"rotation": [0, 45, 0],
			"translation": [0, 2.2, 0],
			"scale": [0.4, 0.4, 0.4]
		},
		"firstperson_lefthand": {
			"rotation": [0, 45, 0],
			"translation": [0, 2.2, 0],
			"scale": [0.4, 0.4, 0.4]
		},
		"ground": {
			"translation": [0, 3, 0],
			"scale": [0.75, 0.75, 0.75]
		},
		"gui": {
			"rotation": [30, 225, 0],
			"translation": [0, 1, 0]
		},
		"head": {
			"translation": [0, 14.5, 0]
		}
	},
	"groups": [0, 1,
		{
			"name": "flower_pot",
			"origin": [8, 8, 8],
			"children": []
		},
		{
			"name": "flower_pot",
			"origin": [8, 8, 8],
			"children": [2, 3, 4, 5, 6, 7, 8, 9, 10, 11, 12, 13, 14]
		}
	]
}