{
    "__comment": "Hello there :)",
    "textures": {
		"particle": "block/spruce_planks",
		"arm": "block/ladder_arms",
		"step": "block/ladder_steps"
    },
    "elements": [
        {
            "name": "L Pole",
            "from": [ 2,  0, 14 ], 
            "to":   [ 4, 16, 16 ], 
            "faces": {
                "north": { "texture": "#arm", "uv": [ 2,    0,  4,  16 ] },
                "east":  { "texture": "#arm", "uv": [ 4,    0,  6,  16 ] },
                "south": { "texture": "#arm", "uv": [ 6,    0,  8,  16 ] },
                "west":  { "texture": "#arm", "uv": [ 0,    0,  2,  16 ] },
                "up":    { "texture": "#arm", "uv": [ 2,  2.5,  4, 4.5 ] },
                "down":  { "texture": "#arm", "uv": [ 2,  4.5,  4, 2.5 ] }
            }
        },
        {
            "name": "R Pole",
            "from": [ 12,  0, 14 ], 
            "to":   [ 14, 16, 16 ], 
            "faces": {
                "north": { "texture": "#arm", "uv": [ 10,    0, 12,  16 ] },
                "east":  { "texture": "#arm", "uv": [ 12,    0, 14,  16 ] },
                "south": { "texture": "#arm", "uv": [ 14,    0, 16,  16 ] },
                "west":  { "texture": "#arm", "uv": [  8,    0, 10,  16 ] },
                "up":    { "texture": "#arm", "uv": [  2,  2.5,  4, 4.5 ] },
                "down":  { "texture": "#arm", "uv": [  2,  4.5,  4, 2.5 ] }
            }
        },
        {
            "name": "Step1",
            "from": [  1, 3, 13 ], 
            "to":   [ 15, 6, 14 ], 
            "faces": {
                "north": { "texture": "#step", "uv": [  1, 1, 15, 4 ] },
                "east":  { "texture": "#step", "uv": [ 15, 1, 16, 4 ] },
                "south": { "texture": "#step", "uv": [  1, 5, 15, 8 ] },
                "west":  { "texture": "#step", "uv": [  0, 1,  1, 4 ] },
                "up":    { "texture": "#step", "uv": [  1, 0, 15, 1 ] },
                "down":  { "texture": "#step", "uv": [  1, 4, 15, 5 ] }
            }
        },
        {
            "name": "Step2",
            "from": [  1, 11, 13 ], 
            "to":   [ 15, 14, 14 ], 
            "faces": {
                "north": { "texture": "#step", "uv": [  1,  9, 15, 12 ] },
                "east":  { "texture": "#step", "uv": [ 15,  9, 16, 12 ] },
                "south": { "texture": "#step", "uv": [  1, 13, 15, 16 ] },
                "west":  { "texture": "#step", "uv": [  0,  9,  1, 12 ] },
                "up":    { "texture": "#step", "uv": [  1,  8, 15,  9 ] },
                "down":  { "texture": "#step", "uv": [  1, 12, 15, 13 ] }
            }
        }
    ]
}