{
	"credit": "Made with Blockbench",
	"textures": {
		"0": "block/oxeye_daisy",
		"particle": "block/oxeye_daisy"
	},
	"elements": [
		{
			"from": [8, 0, 7.5],
			"to": [9, 9.375, 8.5],
			"rotation": {"angle": 0, "axis": "y", "origin": [16, 8, 0.5]},
			"faces": {
				"north": {"uv": [8, 9, 7, 16], "texture": "#0"},
				"east": {"uv": [7, 9, 8, 16], "texture": "#0"},
				"south": {"uv": [8, 9, 7, 16], "texture": "#0"},
				"west": {"uv": [7, 9, 8, 16], "texture": "#0"},
				"up": {"uv": [7, 10, 8, 9], "texture": "#0"},
				"down": {"uv": [7, 16, 8, 15], "texture": "#0"}
			}
		},
		{
			"from": [7.5, 1, 7.75],
			"to": [8, 3, 8.25],
			"rotation": {"angle": 0, "axis": "y", "origin": [15.5, 8, 0.25]},
			"faces": {
				"north": {"uv": [8.5, 13, 8, 15], "texture": "#0"},
				"east": {"uv": [8.5, 13, 8, 15], "texture": "#0"},
				"south": {"uv": [8.5, 13, 8, 15], "texture": "#0"},
				"west": {"uv": [0.5, 0, 0, 0.5], "texture": "#0"},
				"up": {"uv": [8, 15, 8.5, 13], "texture": "#0"},
				"down": {"uv": [8, 15, 8.5, 13], "texture": "#0"}
			}
		},
		{
			"from": [9, 2.5, 7.75],
			"to": [9.5, 4.5, 8.25],
			"rotation": {"angle": 0, "axis": "y", "origin": [1.5, 9.5, 0.25]},
			"faces": {
				"north": {"uv": [7, 11.5, 6.5, 13.5], "texture": "#0"},
				"east": {"uv": [7, 11.5, 6.5, 13.5], "texture": "#0"},
				"south": {"uv": [7, 11.5, 6.5, 13.5], "texture": "#0"},
				"west": {"uv": [7, 11.5, 6.5, 13.5], "texture": "#0"},
				"up": {"uv": [6.5, 12, 7, 11.5], "texture": "#0"},
				"down": {"uv": [6.5, 13.5, 7, 13], "texture": "#0"}
			}
		},
		{
			"from": [7, 1.5, 7.75],
			"to": [7.5, 3.5, 8.25],
			"rotation": {"angle": 0, "axis": "y", "origin": [15, 8.5, 0.25]},
			"faces": {
				"north": {"uv": [9, 12.5, 8.5, 14.5], "texture": "#0"},
				"east": {"uv": [9, 12.5, 8.5, 14.5], "texture": "#0"},
				"south": {"uv": [9, 12.5, 8.5, 14.5], "texture": "#0"},
				"west": {"uv": [9, 12.5, 8.5, 14.5], "texture": "#0"},
				"up": {"uv": [8.5, 14.5, 9, 12.5], "texture": "#0"},
				"down": {"uv": [8.5, 14.5, 9, 12.5], "texture": "#0"}
			}
		},
		{
			"from": [9.5, 3, 7.75],
			"to": [10, 5, 8.25],
			"rotation": {"angle": 0, "axis": "y", "origin": [2, 10, 0.25]},
			"faces": {
				"north": {"uv": [6.5, 11, 6, 13], "texture": "#0"},
				"east": {"uv": [6.5, 11, 6, 13], "texture": "#0"},
				"south": {"uv": [6.5, 11, 6, 13], "texture": "#0"},
				"west": {"uv": [6.5, 11, 6, 13], "texture": "#0"},
				"up": {"uv": [6, 11.5, 6.5, 11], "texture": "#0"},
				"down": {"uv": [6, 13, 6.5, 12.5], "texture": "#0"}
			}
		},
		{
			"from": [6.5, 2.5, 7.75],
			"to": [7, 3.5, 8.25],
			"rotation": {"angle": 0, "axis": "y", "origin": [14.5, 8.5, 0.25]},
			"faces": {
				"north": {"uv": [9.5, 12.5, 9, 13.5], "texture": "#0"},
				"east": {"uv": [9.5, 12.5, 9, 13.5], "texture": "#0"},
				"south": {"uv": [9.5, 12.5, 9, 13.5], "texture": "#0"},
				"west": {"uv": [9.5, 12.5, 9, 13.5], "texture": "#0"},
				"up": {"uv": [9, 13.5, 9.5, 12.5], "texture": "#0"},
				"down": {"uv": [9, 13.5, 9.5, 12.5], "texture": "#0"}
			}
		},
		{
			"from": [7.5, 5.5, 7.75],
			"to": [8, 6.5, 8.25],
			"rotation": {"angle": 0, "axis": "y", "origin": [15.5, 11.5, 0.25]},
			"faces": {
				"north": {"uv": [8.5, 9.5, 8, 10.5], "texture": "#0"},
				"east": {"uv": [8.5, 9.5, 8, 10.5], "texture": "#0"},
				"south": {"uv": [8.5, 9.5, 8, 10.5], "texture": "#0"},
				"west": {"uv": [8.5, 9.5, 8, 10.5], "texture": "#0"},
				"up": {"uv": [8, 10.5, 8.5, 9.5], "texture": "#0"},
				"down": {"uv": [8, 10.5, 8.5, 9.5], "texture": "#0"}
			}
		},
		{
			"from": [7, 6, 7.75],
			"to": [7.5, 7, 8.25],
			"rotation": {"angle": 0, "axis": "y", "origin": [15, 12, 0.25]},
			"faces": {
				"north": {"uv": [9, 9, 8.5, 10], "texture": "#0"},
				"east": {"uv": [0.5, 0, 0, 0.5], "texture": "#0"},
				"south": {"uv": [9, 9, 8.5, 10], "texture": "#0"},
				"west": {"uv": [9, 9, 8.5, 10], "texture": "#0"},
				"up": {"uv": [8.5, 10, 9, 9], "texture": "#0"},
				"down": {"uv": [8.5, 10, 9, 9], "texture": "#0"}
			}
		},
		{
			"from": [10, 4, 7.75],
			"to": [10.5, 5, 8.25],
			"rotation": {"angle": 0, "axis": "y", "origin": [2.5, 10, 0.25]},
			"faces": {
				"north": {"uv": [6, 11, 5.5, 12], "texture": "#0"},
				"east": {"uv": [6, 11, 5.5, 12], "texture": "#0"},
				"south": {"uv": [6, 11, 5.5, 12], "texture": "#0"},
				"west": {"uv": [6, 11, 5.5, 12], "texture": "#0"},
				"up": {"uv": [5.5, 11.5, 6, 11], "texture": "#0"},
				"down": {"uv": [5.5, 12, 6, 11.5], "texture": "#0"}
			}
		},
		{
			"from": [6, 3, 7.75],
			"to": [6.5, 3.5, 8.25],
			"rotation": {"angle": 0, "axis": "y", "origin": [14, 8.5, 0.25]},
			"faces": {
				"north": {"uv": [10, 12.5, 9.5, 13], "texture": "#0"},
				"east": {"uv": [10, 12.5, 9.5, 13], "texture": "#0"},
				"south": {"uv": [10, 12.5, 9.5, 13], "texture": "#0"},
				"west": {"uv": [10, 12.5, 9.5, 13], "texture": "#0"},
				"up": {"uv": [9.5, 13, 10, 12.5], "texture": "#0"},
				"down": {"uv": [9.5, 13, 10, 12.5], "texture": "#0"}
			}
		},
		{
			"from": [10.5, 4.5, 7.75],
			"to": [11, 5, 8.25],
			"rotation": {"angle": 0, "axis": "y", "origin": [3, 10, 0.25]},
			"faces": {
				"north": {"uv": [5.5, 11, 5, 11.5], "texture": "#0"},
				"east": {"uv": [5.5, 11, 5, 11.5], "texture": "#0"},
				"south": {"uv": [5.5, 11, 5, 11.5], "texture": "#0"},
				"west": {"uv": [5.5, 11, 5, 11.5], "texture": "#0"},
				"up": {"uv": [5, 11.5, 5.5, 11], "texture": "#0"},
				"down": {"uv": [5, 11.5, 5.5, 11], "texture": "#0"}
			}
		},
		{
			"from": [7.5, 6, 7.89],
			"to": [10, 6.5, 8.11],
			"rotation": {"angle": 22.5, "axis": "x", "origin": [8.5, 9.5, 8]},
			"faces": {
				"north": {"uv": [8.5, 8.5, 6, 9], "texture": "#0"},
				"east": {"uv": [6.22, 8.5, 6, 9], "texture": "#0"},
				"south": {"uv": [8.5, 8.5, 6, 9], "texture": "#0"},
				"west": {"uv": [6, 8.5, 6.22, 9], "texture": "#0"},
				"up": {"uv": [6, 9, 8.5, 8.5], "texture": "#0"},
				"down": {"uv": [6, 9, 8.5, 8.5], "texture": "#0"}
			}
		},
		{
			"from": [7, 6.5, 7.78],
			"to": [10.5, 7, 8.22],
			"rotation": {"angle": 22.5, "axis": "x", "origin": [8.5, 9.5, 8]},
			"faces": {
				"north": {"uv": [9, 8, 5.5, 8.5], "texture": "#0"},
				"east": {"uv": [5.94, 8, 5.5, 8.5], "texture": "#0"},
				"south": {"uv": [9, 8, 5.5, 8.5], "texture": "#0"},
				"west": {"uv": [5.5, 8, 5.94, 8.5], "texture": "#0"},
				"up": {"uv": [5.5, 8.5, 9, 8], "texture": "#0"},
				"down": {"uv": [5.5, 8.5, 9, 8], "texture": "#0"}
			}
		},
		{
			"from": [6, 7, 7.615],
			"to": [11, 7.5, 8.385],
			"rotation": {"angle": 22.5, "axis": "x", "origin": [8.5, 9.5, 8]},
			"faces": {
				"north": {"uv": [10, 7.5, 5, 8], "texture": "#0"},
				"east": {"uv": [5.77, 7.5, 5, 8], "texture": "#0"},
				"south": {"uv": [10, 7.5, 5, 8], "texture": "#0"},
				"west": {"uv": [5, 7.5, 5.77, 8], "texture": "#0"},
				"up": {"uv": [5, 8, 10, 7.5], "texture": "#0"},
				"down": {"uv": [5, 8, 10, 7.5], "texture": "#0"}
			}
		},
		{
			"from": [5, 8.5, 7.4225],
			"to": [12, 10.5, 7.9725],
			"rotation": {"angle": 22.5, "axis": "x", "origin": [8.5, 9.5, 8]},
			"faces": {
				"north": {"uv": [11, 4.5, 4, 6.5], "texture": "#0"},
				"east": {"uv": [7.05, 2, 6.5, 4], "texture": "#0"},
				"south": {"uv": [11, 4.5, 4, 6.5], "texture": "#0"},
				"west": {"uv": [7.05, 2, 6.5, 4], "texture": "#0"},
				"up": {"uv": [4, 6.5, 11, 4.5], "texture": "#0"},
				"down": {"uv": [4, 6.5, 11, 4.5], "texture": "#0"}
			}
		},
		{
			"from": [5, 8, 7.45],
			"to": [11.5, 8.5, 8.55],
			"rotation": {"angle": 22.5, "axis": "x", "origin": [8.5, 9.5, 8]},
			"faces": {
				"north": {"uv": [4.5, 6.5, 11, 7], "texture": "#0"},
				"east": {"uv": [6.1, 7, 5, 7.5], "texture": "#0"},
				"south": {"uv": [10, 3.5, 4.5, 4], "texture": "#0"},
				"west": {"uv": [4.5, 3.5, 9.5, 4], "texture": "#0"},
				"up": {"uv": [4.5, 7, 11, 6.5], "texture": "#0"},
				"down": {"uv": [4.5, 7, 11, 6.5], "texture": "#0"}
			}
		},
		{
			"from": [5.5, 7.5, 7.56],
			"to": [11, 8, 8.44],
			"rotation": {"angle": 22.5, "axis": "x", "origin": [8.5, 9.5, 8]},
			"faces": {
				"north": {"uv": [10.5, 7, 5, 7.5], "texture": "#0"},
				"east": {"uv": [5.88, 7, 5, 7.5], "texture": "#0"},
				"south": {"uv": [10.5, 7, 5, 7.5], "texture": "#0"},
				"west": {"uv": [5, 7, 5.88, 7.5], "texture": "#0"},
				"up": {"uv": [5, 7.5, 10.5, 7], "texture": "#0"},
				"down": {"uv": [5, 7.5, 10.5, 7], "texture": "#0"}
			}
		},
		{
			"from": [5.5, 10.5, 7.45],
			"to": [12, 11, 8.55],
			"rotation": {"angle": 22.5, "axis": "x", "origin": [8.5, 9.5, 8]},
			"faces": {
				"north": {"uv": [4, 4, 10.5, 4.5], "texture": "#0"},
				"east": {"uv": [5.6, 3.5, 4.5, 4], "texture": "#0"},
				"south": {"uv": [10, 3.5, 4.5, 4], "texture": "#0"},
				"west": {"uv": [5, 3.5, 10, 4], "texture": "#0"},
				"up": {"uv": [4, 5.5, 5.5, 4.5], "texture": "#0"},
				"down": {"uv": [4, 4.5, 10.5, 4], "texture": "#0"}
			}
		},
		{
			"from": [6, 11, 7.56],
			"to": [11.5, 11.5, 8.44],
			"rotation": {"angle": 22.5, "axis": "x", "origin": [8.5, 9.5, 8]},
			"faces": {
				"north": {"uv": [10, 3.5, 4.5, 4], "texture": "#0"},
				"east": {"uv": [5.38, 3.5, 4.5, 4], "texture": "#0"},
				"south": {"uv": [10, 3.5, 4.5, 4], "texture": "#0"},
				"west": {"uv": [4.5, 3.5, 5.38, 4], "texture": "#0"},
				"up": {"uv": [4.5, 4, 10, 3.5], "texture": "#0"},
				"down": {"uv": [4.5, 4, 10, 3.5], "texture": "#0"}
			}
		},
		{
			"from": [6, 11.5, 7.615],
			"to": [11, 12, 8.385],
			"rotation": {"angle": 22.5, "axis": "x", "origin": [8.5, 9.5, 8]},
			"faces": {
				"north": {"uv": [10, 3, 5, 3.5], "texture": "#0"},
				"east": {"uv": [5.77, 3, 5, 3.5], "texture": "#0"},
				"south": {"uv": [10, 3, 5, 3.5], "texture": "#0"},
				"west": {"uv": [5, 3, 5.77, 3.5], "texture": "#0"},
				"up": {"uv": [5, 3.5, 10, 3], "texture": "#0"},
				"down": {"uv": [5, 3.5, 10, 3], "texture": "#0"}
			}
		},
		{
			"from": [6.5, 12, 7.78],
			"to": [10, 12.5, 8.22],
			"rotation": {"angle": 22.5, "axis": "x", "origin": [8.5, 9.5, 8]},
			"faces": {
				"north": {"uv": [9.5, 2.5, 6, 3], "texture": "#0"},
				"east": {"uv": [6.44, 2.5, 6, 3], "texture": "#0"},
				"south": {"uv": [9.5, 2.5, 6, 3], "texture": "#0"},
				"west": {"uv": [6, 2.5, 6.44, 3], "texture": "#0"},
				"up": {"uv": [6, 3, 9.5, 2.5], "texture": "#0"},
				"down": {"uv": [6, 3, 9.5, 2.5], "texture": "#0"}
			}
		},
		{
			"from": [7, 12.5, 7.89],
			"to": [9.5, 13, 8.11],
			"rotation": {"angle": 22.5, "axis": "x", "origin": [8.5, 9.5, 8]},
			"faces": {
				"north": {"uv": [9, 2, 6.5, 2.5], "texture": "#0"},
				"east": {"uv": [6.72, 2, 6.5, 2.5], "texture": "#0"},
				"south": {"uv": [9, 2, 6.5, 2.5], "texture": "#0"},
				"west": {"uv": [6.5, 2, 6.72, 2.5], "texture": "#0"},
				"up": {"uv": [6.5, 2.5, 9, 2], "texture": "#0"},
				"down": {"uv": [6.5, 2.5, 9, 2], "texture": "#0"}
			}
		},
		{
			"from": [10, 8.5, 7.9725],
			"to": [12, 10.5, 8.6325],
			"rotation": {"angle": 22.5, "axis": "x", "origin": [8.5, 9.5, 8]},
			"faces": {
				"north": {"uv": [11, 4.5, 4, 6.5], "texture": "#0"},
				"east": {"uv": [7.16, 2, 6.5, 4], "texture": "#0"},
				"south": {"uv": [6, 4.5, 4, 6.5], "texture": "#0"},
				"west": {"uv": [7.16, 2, 6.5, 4], "texture": "#0"},
				"up": {"uv": [4, 5.5, 5.5, 4.5], "texture": "#0"},
				"down": {"uv": [4, 6.5, 11, 4.5], "texture": "#0"}
			}
		},
		{
			"from": [8, 8.5, 7.9725],
			"to": [10, 10.5, 8.6325],
			"rotation": {"angle": 22.5, "axis": "x", "origin": [6.5, 9.5, 8]},
			"faces": {
				"north": {"uv": [11, 4.5, 4, 6.5], "texture": "#0"},
				"east": {"uv": [7.16, 2, 6.5, 4], "texture": "#0"},
				"south": {"uv": [6, 4.5, 4, 6.5], "texture": "#0"},
				"west": {"uv": [7.16, 2, 6.5, 4], "texture": "#0"},
				"up": {"uv": [4, 5.5, 5.5, 4.5], "texture": "#0"},
				"down": {"uv": [4, 6.5, 11, 4.5], "texture": "#0"}
			}
		},
		{
			"from": [6, 8.5, 7.9725],
			"to": [8, 10.5, 8.6325],
			"rotation": {"angle": 22.5, "axis": "x", "origin": [4.5, 9.5, 8]},
			"faces": {
				"north": {"uv": [11, 4.5, 4, 6.5], "texture": "#0"},
				"east": {"uv": [7.16, 2, 6.5, 4], "texture": "#0"},
				"south": {"uv": [6, 4.5, 4, 6.5], "texture": "#0"},
				"west": {"uv": [7.16, 2, 6.5, 4], "texture": "#0"},
				"up": {"uv": [4, 5.5, 5.5, 4.5], "texture": "#0"},
				"down": {"uv": [4, 6.5, 11, 4.5], "texture": "#0"}
			}
		},
		{
			"from": [5, 8.5, 7.9725],
			"to": [6, 10.5, 8.6325],
			"rotation": {"angle": 22.5, "axis": "x", "origin": [2.5, 9.5, 8]},
			"faces": {
				"north": {"uv": [11, 4.5, 4, 6.5], "texture": "#0"},
				"east": {"uv": [7.16, 2, 6.5, 4], "texture": "#0"},
				"south": {"uv": [6, 4.5, 4, 6.5], "texture": "#0"},
				"west": {"uv": [7.16, 2, 6.5, 4], "texture": "#0"},
				"up": {"uv": [4, 5.5, 5.5, 4.5], "texture": "#0"},
				"down": {"uv": [4, 6.5, 11, 4.5], "texture": "#0"}
			}
		}
	],
	"groups": [0, 1, 2, 3, 4, 5, 6, 7, 8, 9, 10,
		{
			"name": "group",
			"origin": [16.5, 15.5, 8.7975],
			"children": [11, 12, 13, 14, 15, 16, 17, 18, 19, 20, 21, 22, 23, 24, 25]
		}
	]
}