{
	"credit": "Made with Blockbench",
	"textures": {
		"0": "block/peony_top",
		"particle": "block/peony_bottom"
	},
	"elements": [
		{
			"from": [4.5, 0, 6.25],
			"to": [8, 0.5, 9.75],
			"rotation": {"angle": 0, "axis": "y", "origin": [15.5, 8, 14.25]},
			"faces": {
				"north": {"uv": [8, 15.5, 11.5, 16], "texture": "#0"},
				"east": {"uv": [8, 15.5, 11.5, 16], "texture": "#0"},
				"south": {"uv": [11.5, 15.5, 8, 16], "texture": "#0"},
				"west": {"uv": [8, 15.5, 11.5, 16], "texture": "#0"},
				"up": {"uv": [8, 15.5, 11.5, 16], "texture": "#0"},
				"down": {"uv": [8, 15.5, 11.5, 16], "texture": "#0"}
			}
		},
		{
			"from": [4, 0.5, 6.25],
			"to": [7.5, 1, 9.75],
			"rotation": {"angle": 0, "axis": "y", "origin": [15, 8.5, 14.25]},
			"faces": {
				"north": {"uv": [8.5, 15, 12, 15.5], "texture": "#0"},
				"east": {"uv": [8.5, 15, 12, 15.5], "texture": "#0"},
				"south": {"uv": [12, 15, 8.5, 15.5], "texture": "#0"},
				"west": {"uv": [8.5, 15, 12, 15.5], "texture": "#0"},
				"up": {"uv": [8.5, 15, 12, 15.5], "texture": "#0"},
				"down": {"uv": [8.5, 15, 12, 15.5], "texture": "#0"}
			}
		},
		{
			"from": [3.5, 1, 6.25],
			"to": [7, 1.5, 9.75],
			"rotation": {"angle": 0, "axis": "y", "origin": [14.5, 9, 14.25]},
			"faces": {
				"north": {"uv": [9, 14.5, 12.5, 15], "texture": "#0"},
				"east": {"uv": [9, 14.5, 12.5, 15], "texture": "#0"},
				"south": {"uv": [12.5, 14.5, 9, 15], "texture": "#0"},
				"west": {"uv": [9, 14.5, 12.5, 15], "texture": "#0"},
				"up": {"uv": [9, 14.5, 12.5, 15], "texture": "#0"},
				"down": {"uv": [9, 14.5, 12.5, 15], "texture": "#0"}
			}
		},
		{
			"from": [4, 1.5, 6.5],
			"to": [7, 2.5, 9.5],
			"rotation": {"angle": 0, "axis": "y", "origin": [14.5, 9.5, 14.5]},
			"faces": {
				"north": {"uv": [9, 13.5, 12, 14.5], "texture": "#0"},
				"east": {"uv": [9, 13.5, 12, 14.5], "texture": "#0"},
				"south": {"uv": [12, 13.5, 9, 14.5], "texture": "#0"},
				"west": {"uv": [9, 13.5, 12, 14.5], "texture": "#0"},
				"up": {"uv": [9, 13.5, 12, 14.5], "texture": "#0"},
				"down": {"uv": [9, 13.5, 12, 14.5], "texture": "#0"}
			}
		},
		{
			"from": [3.5, 2.5, 6.25],
			"to": [7, 3, 9.75],
			"rotation": {"angle": 0, "axis": "y", "origin": [14.5, 10, 14.25]},
			"faces": {
				"north": {"uv": [9, 13, 12.5, 13.5], "texture": "#0"},
				"east": {"uv": [9, 13, 12.5, 13.5], "texture": "#0"},
				"south": {"uv": [12.5, 13, 9, 13.5], "texture": "#0"},
				"west": {"uv": [9, 13, 12.5, 13.5], "texture": "#0"},
				"up": {"uv": [9, 13, 12.5, 13.5], "texture": "#0"},
				"down": {"uv": [9, 13, 12.5, 13.5], "texture": "#0"}
			}
		},
		{
			"from": [2.5, 3, 6.5],
			"to": [5.5, 3.5, 9.5],
			"rotation": {"angle": 0, "axis": "y", "origin": [13.5, 10.5, 14.5]},
			"faces": {
				"north": {"uv": [10.5, 12.5, 13.5, 13], "texture": "#0"},
				"east": {"uv": [9, 13, 12.5, 13.5], "texture": "#0"},
				"south": {"uv": [12.5, 13, 9, 13.5], "texture": "#0"},
				"west": {"uv": [9, 13, 12.5, 13.5], "texture": "#0"},
				"up": {"uv": [9, 13, 12.5, 13.5], "texture": "#0"},
				"down": {"uv": [9, 13, 12.5, 13.5], "texture": "#0"}
			}
		},
		{
			"from": [2, 3.5, 7],
			"to": [4, 4, 9],
			"rotation": {"angle": 0, "axis": "y", "origin": [13, 11, 15]},
			"faces": {
				"north": {"uv": [12, 12, 14, 12.5], "texture": "#0"},
				"east": {"uv": [12, 12, 14, 12.5], "texture": "#0"},
				"south": {"uv": [14, 12, 12, 12.5], "texture": "#0"},
				"west": {"uv": [12, 12, 14, 12.5], "texture": "#0"},
				"up": {"uv": [12, 12, 14, 12.5], "texture": "#0"},
				"down": {"uv": [12, 12, 14, 12.5], "texture": "#0"}
			}
		},
		{
			"from": [1.5, 4, 7.25],
			"to": [3, 4.5, 8.75],
			"rotation": {"angle": 0, "axis": "y", "origin": [12.5, 11.5, 15.25]},
			"faces": {
				"north": {"uv": [13, 11.5, 14.5, 12], "texture": "#0"},
				"east": {"uv": [13, 11.5, 14.5, 12], "texture": "#0"},
				"south": {"uv": [14.5, 11.5, 13, 12], "texture": "#0"},
				"west": {"uv": [13, 11.5, 14.5, 12], "texture": "#0"},
				"up": {"uv": [13, 11.5, 14.5, 12], "texture": "#0"},
				"down": {"uv": [13, 11.5, 14.5, 12], "texture": "#0"}
			}
		},
		{
			"from": [5.5, 3, 7],
			"to": [7.5, 3.5, 9],
			"rotation": {"angle": 0, "axis": "y", "origin": [15.5, 10.5, 15]},
			"faces": {
				"north": {"uv": [8.5, 12.5, 10.5, 13], "texture": "#0"},
				"east": {"uv": [8.5, 12.5, 10.5, 13], "texture": "#0"},
				"south": {"uv": [10.5, 12.5, 8.5, 13], "texture": "#0"},
				"west": {"uv": [8.5, 12.5, 10.5, 13], "texture": "#0"},
				"up": {"uv": [8.5, 12.5, 10.5, 13], "texture": "#0"},
				"down": {"uv": [8.5, 12.5, 10.5, 13], "texture": "#0"}
			}
		},
		{
			"from": [4.5, 3.5, 6.25],
			"to": [8, 4, 9.75],
			"rotation": {"angle": 0, "axis": "y", "origin": [16, 11, 14.25]},
			"faces": {
				"north": {"uv": [8, 12, 11.5, 12.5], "texture": "#0"},
				"east": {"uv": [8, 12, 11.5, 12.5], "texture": "#0"},
				"south": {"uv": [11.5, 12, 8, 12.5], "texture": "#0"},
				"west": {"uv": [8, 12, 11.5, 12.5], "texture": "#0"},
				"up": {"uv": [8, 12, 11.5, 12.5], "texture": "#0"},
				"down": {"uv": [8, 12, 11.5, 12.5], "texture": "#0"}
			}
		},
		{
			"from": [4.5, 4, 6.5],
			"to": [7.5, 4.5, 9.5],
			"rotation": {"angle": 0, "axis": "y", "origin": [16, 11.5, 14.5]},
			"faces": {
				"north": {"uv": [8.5, 11.5, 11.5, 12], "texture": "#0"},
				"east": {"uv": [8.5, 11.5, 11.5, 12], "texture": "#0"},
				"south": {"uv": [11.5, 11.5, 8.5, 12], "texture": "#0"},
				"west": {"uv": [8.5, 11.5, 11.5, 12], "texture": "#0"},
				"up": {"uv": [8.5, 11.5, 11.5, 12], "texture": "#0"},
				"down": {"uv": [8.5, 11.5, 11.5, 12], "texture": "#0"}
			}
		},
		{
			"from": [4, 4.5, 6.5],
			"to": [7, 5, 9.5],
			"rotation": {"angle": 0, "axis": "y", "origin": [15.5, 12, 14.5]},
			"faces": {
				"north": {"uv": [9, 11, 12, 11.5], "texture": "#0"},
				"east": {"uv": [9, 11, 12, 11.5], "texture": "#0"},
				"south": {"uv": [12, 11, 9, 11.5], "texture": "#0"},
				"west": {"uv": [9, 11, 12, 11.5], "texture": "#0"},
				"up": {"uv": [9, 11, 12, 11.5], "texture": "#0"},
				"down": {"uv": [9, 11, 12, 11.5], "texture": "#0"}
			}
		},
		{
			"from": [3.5, 5, 6.5],
			"to": [6.5, 5.5, 9.5],
			"rotation": {"angle": 0, "axis": "y", "origin": [15, 12.5, 14.5]},
			"faces": {
				"north": {"uv": [9.5, 10.5, 12.5, 11], "texture": "#0"},
				"east": {"uv": [9.5, 10.5, 12.5, 11], "texture": "#0"},
				"south": {"uv": [12.5, 10.5, 9.5, 11], "texture": "#0"},
				"west": {"uv": [9.5, 10.5, 12.5, 11], "texture": "#0"},
				"up": {"uv": [9.5, 10.5, 12.5, 11], "texture": "#0"},
				"down": {"uv": [9.5, 10.5, 12.5, 11], "texture": "#0"}
			}
		},
		{
			"from": [3, 5.5, 6.5],
			"to": [6, 6, 9.5],
			"rotation": {"angle": 0, "axis": "y", "origin": [14.5, 13, 14.5]},
			"faces": {
				"north": {"uv": [10, 10, 13, 10.5], "texture": "#0"},
				"east": {"uv": [10, 10, 13, 10.5], "texture": "#0"},
				"south": {"uv": [13, 10, 10, 10.5], "texture": "#0"},
				"west": {"uv": [10, 10, 13, 10.5], "texture": "#0"},
				"up": {"uv": [10, 10, 13, 10.5], "texture": "#0"},
				"down": {"uv": [10, 10, 13, 10.5], "texture": "#0"}
			}
		},
		{
			"from": [2.5, 6, 7.25],
			"to": [4, 6.5, 8.75],
			"rotation": {"angle": 0, "axis": "y", "origin": [14, 13.5, 15.25]},
			"faces": {
				"north": {"uv": [12, 9.5, 13.5, 10], "texture": "#0"},
				"east": {"uv": [12, 9.5, 13.5, 10], "texture": "#0"},
				"south": {"uv": [13.5, 9.5, 12, 10], "texture": "#0"},
				"west": {"uv": [12, 9.5, 13.5, 10], "texture": "#0"},
				"up": {"uv": [12, 9.5, 13.5, 10], "texture": "#0"},
				"down": {"uv": [12, 9.5, 13.5, 10], "texture": "#0"}
			}
		},
		{
			"from": [2, 6.5, 7.5],
			"to": [3, 7, 8.5],
			"rotation": {"angle": 0, "axis": "y", "origin": [13.5, 14, 15.5]},
			"faces": {
				"north": {"uv": [13, 9, 14, 9.5], "texture": "#0"},
				"east": {"uv": [13, 9, 14, 9.5], "texture": "#0"},
				"south": {"uv": [14, 9, 13, 9.5], "texture": "#0"},
				"west": {"uv": [13, 9, 14, 9.5], "texture": "#0"},
				"up": {"uv": [13, 9, 14, 9.5], "texture": "#0"},
				"down": {"uv": [13, 9, 14, 9.5], "texture": "#0"}
			}
		},
		{
			"from": [11.5, 2.5, 7.75],
			"to": [12, 3, 8.25],
			"rotation": {"angle": 0, "axis": "y", "origin": [22, 10, 15.75]},
			"faces": {
				"north": {"uv": [4, 13, 4.5, 13.5], "texture": "#0"},
				"east": {"uv": [4, 13, 4.5, 13.5], "texture": "#0"},
				"south": {"uv": [4.5, 13, 4, 13.5], "texture": "#0"},
				"west": {"uv": [4, 13, 4.5, 13.5], "texture": "#0"},
				"up": {"uv": [4, 13, 4.5, 13.5], "texture": "#0"},
				"down": {"uv": [4, 13, 4.5, 13.5], "texture": "#0"}
			}
		},
		{
			"from": [10.5, 3, 6.75],
			"to": [13, 3.5, 9.25],
			"rotation": {"angle": 0, "axis": "y", "origin": [22, 10.5, 14.75]},
			"faces": {
				"north": {"uv": [3, 12.5, 5.5, 13], "texture": "#0"},
				"east": {"uv": [3, 12.5, 5.5, 13], "texture": "#0"},
				"south": {"uv": [5.5, 12.5, 3, 13], "texture": "#0"},
				"west": {"uv": [3, 12.5, 5.5, 13], "texture": "#0"},
				"up": {"uv": [3, 12.5, 5.5, 13], "texture": "#0"},
				"down": {"uv": [3, 12.5, 5.5, 13], "texture": "#0"}
			}
		},
		{
			"from": [11, 3.5, 6.5],
			"to": [14, 4, 9.5],
			"rotation": {"angle": 0, "axis": "y", "origin": [23, 11, 14.5]},
			"faces": {
				"north": {"uv": [2, 12, 5, 12.5], "texture": "#0"},
				"east": {"uv": [2, 12, 5, 12.5], "texture": "#0"},
				"south": {"uv": [5, 12, 2, 12.5], "texture": "#0"},
				"west": {"uv": [2, 12, 5, 12.5], "texture": "#0"},
				"up": {"uv": [2, 12, 5, 12.5], "texture": "#0"},
				"down": {"uv": [2, 12, 5, 12.5], "texture": "#0"}
			}
		},
		{
			"from": [11.5, 4, 6.5],
			"to": [14.5, 4.5, 9.5],
			"rotation": {"angle": 0, "axis": "y", "origin": [23.5, 11.5, 14.5]},
			"faces": {
				"north": {"uv": [1.5, 11.5, 4.5, 12], "texture": "#0"},
				"east": {"uv": [1.5, 11.5, 4.5, 12], "texture": "#0"},
				"south": {"uv": [4.5, 11.5, 1.5, 12], "texture": "#0"},
				"west": {"uv": [1.5, 11.5, 4.5, 12], "texture": "#0"},
				"up": {"uv": [1.5, 11.5, 4.5, 12], "texture": "#0"},
				"down": {"uv": [1.5, 11.5, 4.5, 12], "texture": "#0"}
			}
		},
		{
			"from": [12.5, 4.5, 6.75],
			"to": [15, 5, 9.25],
			"rotation": {"angle": 0, "axis": "y", "origin": [24, 12, 14.75]},
			"faces": {
				"north": {"uv": [1, 11, 3.5, 11.5], "texture": "#0"},
				"east": {"uv": [1, 11, 3.5, 11.5], "texture": "#0"},
				"south": {"uv": [3.5, 11, 1, 11.5], "texture": "#0"},
				"west": {"uv": [1, 11, 3.5, 11.5], "texture": "#0"},
				"up": {"uv": [1, 11, 3.5, 11.5], "texture": "#0"},
				"down": {"uv": [1, 11, 3.5, 11.5], "texture": "#0"}
			}
		},
		{
			"from": [14, 5, 7.25],
			"to": [15.5, 5.5, 8.75],
			"rotation": {"angle": 0, "axis": "y", "origin": [24.5, 12.5, 15.25]},
			"faces": {
				"north": {"uv": [0.5, 10.5, 2, 11], "texture": "#0"},
				"east": {"uv": [0.5, 10.5, 2, 11], "texture": "#0"},
				"south": {"uv": [2, 10.5, 0.5, 11], "texture": "#0"},
				"west": {"uv": [0.5, 10.5, 2, 11], "texture": "#0"},
				"up": {"uv": [0.5, 10.5, 2, 11], "texture": "#0"},
				"down": {"uv": [0.5, 10.5, 2, 11], "texture": "#0"}
			}
		},
		{
			"from": [10, 3.5, 7.5],
			"to": [11, 4, 8.5],
			"rotation": {"angle": 0, "axis": "y", "origin": [22, 11, 15.5]},
			"faces": {
				"north": {"uv": [5, 12, 6, 12.5], "texture": "#0"},
				"east": {"uv": [5, 12, 6, 12.5], "texture": "#0"},
				"south": {"uv": [6, 12, 5, 12.5], "texture": "#0"},
				"west": {"uv": [5, 12, 6, 12.5], "texture": "#0"},
				"up": {"uv": [5, 12, 6, 12.5], "texture": "#0"},
				"down": {"uv": [5, 12, 6, 12.5], "texture": "#0"}
			}
		},
		{
			"from": [9.5, 4, 7],
			"to": [11.5, 4.5, 9],
			"rotation": {"angle": 0, "axis": "y", "origin": [22.5, 11.5, 15]},
			"faces": {
				"north": {"uv": [4.5, 11.5, 6.5, 12], "texture": "#0"},
				"east": {"uv": [4.5, 11.5, 6.5, 12], "texture": "#0"},
				"south": {"uv": [6.5, 11.5, 4.5, 12], "texture": "#0"},
				"west": {"uv": [4.5, 11.5, 6.5, 12], "texture": "#0"},
				"up": {"uv": [4.5, 11.5, 6.5, 12], "texture": "#0"},
				"down": {"uv": [4.5, 11.5, 6.5, 12], "texture": "#0"}
			}
		},
		{
			"from": [9.5, 4.5, 6.75],
			"to": [12, 5.5, 9.25],
			"rotation": {"angle": 0, "axis": "y", "origin": [23, 12, 14.75]},
			"faces": {
				"north": {"uv": [4, 10.5, 6.5, 11.5], "texture": "#0"},
				"east": {"uv": [4, 10.5, 6.5, 11.5], "texture": "#0"},
				"south": {"uv": [6.5, 10.5, 4, 11.5], "texture": "#0"},
				"west": {"uv": [4, 10.5, 6.5, 11.5], "texture": "#0"},
				"up": {"uv": [4, 10.5, 6.5, 11.5], "texture": "#0"},
				"down": {"uv": [4, 10.5, 6.5, 11.5], "texture": "#0"}
			}
		},
		{
			"from": [10, 5.5, 6.75],
			"to": [12.5, 6, 9.25],
			"rotation": {"angle": 0, "axis": "y", "origin": [23.5, 12.5, 14.75]},
			"faces": {
				"north": {"uv": [3.5, 10, 6, 10.5], "texture": "#0"},
				"east": {"uv": [3.5, 10, 6, 10.5], "texture": "#0"},
				"south": {"uv": [6, 10, 3.5, 10.5], "texture": "#0"},
				"west": {"uv": [3.5, 10, 6, 10.5], "texture": "#0"},
				"up": {"uv": [3.5, 10, 6, 10.5], "texture": "#0"},
				"down": {"uv": [3.5, 10, 6, 10.5], "texture": "#0"}
			}
		},
		{
			"from": [10.5, 6, 7.75],
			"to": [11, 6.5, 8.25],
			"rotation": {"angle": 0, "axis": "y", "origin": [24, 13, 15.75]},
			"faces": {
				"north": {"uv": [5, 9.5, 5.5, 10], "texture": "#0"},
				"east": {"uv": [0, 0, 0.5, 0.5], "texture": "#0"},
				"south": {"uv": [0.5, 0, 0, 0.5], "texture": "#0"},
				"west": {"uv": [0, 0, 0.5, 0.5], "texture": "#0"},
				"up": {"uv": [0, 0, 0.5, 0.5], "texture": "#0"},
				"down": {"uv": [0, 0, 0.5, 0.5], "texture": "#0"}
			}
		},
		{
			"from": [7.5, 4, 7],
			"to": [9.5, 4.5, 9],
			"rotation": {"angle": 0, "axis": "y", "origin": [18, 11.5, 15]},
			"faces": {
				"north": {"uv": [6.5, 11.5, 8.5, 12], "texture": "#0"},
				"east": {"uv": [6.5, 11.5, 8.5, 12], "texture": "#0"},
				"south": {"uv": [8.5, 11.5, 6.5, 12], "texture": "#0"},
				"west": {"uv": [6.5, 11.5, 8.5, 12], "texture": "#0"},
				"up": {"uv": [6.5, 11.5, 8.5, 12], "texture": "#0"},
				"down": {"uv": [6.5, 11.5, 8.5, 12], "texture": "#0"}
			}
		},
		{
			"from": [7, 4.5, 6.75],
			"to": [9.5, 5, 9.25],
			"rotation": {"angle": 0, "axis": "y", "origin": [18, 12, 14.75]},
			"faces": {
				"north": {"uv": [6.5, 11, 9, 11.5], "texture": "#0"},
				"east": {"uv": [6.5, 11, 9, 11.5], "texture": "#0"},
				"south": {"uv": [9, 11, 6.5, 11.5], "texture": "#0"},
				"west": {"uv": [6.5, 11, 9, 11.5], "texture": "#0"},
				"up": {"uv": [6.5, 11, 9, 11.5], "texture": "#0"},
				"down": {"uv": [6.5, 11, 9, 11.5], "texture": "#0"}
			}
		},
		{
			"from": [6.5, 5, 6.5],
			"to": [9.5, 5.5, 9.5],
			"rotation": {"angle": 0, "axis": "y", "origin": [18, 12.5, 14.5]},
			"faces": {
				"north": {"uv": [6.5, 10.5, 9.5, 11], "texture": "#0"},
				"east": {"uv": [6.5, 10.5, 9.5, 11], "texture": "#0"},
				"south": {"uv": [9.5, 10.5, 6.5, 11], "texture": "#0"},
				"west": {"uv": [6.5, 10.5, 9.5, 11], "texture": "#0"},
				"up": {"uv": [6.5, 10.5, 9.5, 11], "texture": "#0"},
				"down": {"uv": [6.5, 10.5, 9.5, 11], "texture": "#0"}
			}
		},
		{
			"from": [6, 5.5, 6],
			"to": [10, 6, 10],
			"rotation": {"angle": 0, "axis": "y", "origin": [18, 13, 14]},
			"faces": {
				"north": {"uv": [6, 10, 10, 10.5], "texture": "#0"},
				"east": {"uv": [6, 10, 10, 10.5], "texture": "#0"},
				"south": {"uv": [10, 10, 6, 10.5], "texture": "#0"},
				"west": {"uv": [6, 10, 10, 10.5], "texture": "#0"},
				"up": {"uv": [6, 10, 10, 10.5], "texture": "#0"},
				"down": {"uv": [6, 10, 10, 10.5], "texture": "#0"}
			}
		},
		{
			"from": [9.5, 6.5, 7.5],
			"to": [10.5, 7, 8.5],
			"rotation": {"angle": 0, "axis": "y", "origin": [23.5, 13.5, 15.5]},
			"faces": {
				"north": {"uv": [5.5, 9, 6.5, 9.5], "texture": "#0"},
				"east": {"uv": [0, 0, 0.5, 0.5], "texture": "#0"},
				"south": {"uv": [0.5, 0, 0, 0.5], "texture": "#0"},
				"west": {"uv": [0, 0, 0.5, 0.5], "texture": "#0"},
				"up": {"uv": [0, 0, 0.5, 0.5], "texture": "#0"},
				"down": {"uv": [0, 0, 0.5, 0.5], "texture": "#0"}
			}
		},
		{
			"from": [8.5, 7.5, 7.75],
			"to": [9, 9, 8.25],
			"rotation": {"angle": 0, "axis": "y", "origin": [22.5, 14.5, 15.75]},
			"faces": {
				"north": {"uv": [7, 7, 7.5, 8.5], "texture": "#0"},
				"east": {"uv": [7, 7, 7.5, 8.5], "texture": "#0"},
				"south": {"uv": [7.5, 7, 7, 8.5], "texture": "#0"},
				"west": {"uv": [7, 7, 7.5, 8.5], "texture": "#0"},
				"up": {"uv": [7, 7, 7.5, 7.5], "texture": "#0"},
				"down": {"uv": [7, 7, 7.5, 7.5], "texture": "#0"}
			}
		},
		{
			"from": [5, 6, 7.5],
			"to": [6, 6.5, 8.5],
			"rotation": {"angle": 0, "axis": "y", "origin": [14.5, 13.5, 15.5]},
			"faces": {
				"north": {"uv": [10, 9.5, 11, 10], "texture": "#0"},
				"east": {"uv": [10, 9.5, 11, 10], "texture": "#0"},
				"south": {"uv": [11, 9.5, 10, 10], "texture": "#0"},
				"west": {"uv": [10, 9.5, 11, 10], "texture": "#0"},
				"up": {"uv": [10, 9.5, 11, 10], "texture": "#0"},
				"down": {"uv": [10, 9.5, 11, 10], "texture": "#0"}
			}
		},
		{
			"from": [5, 6.5, 7.75],
			"to": [5.5, 7, 8.25],
			"rotation": {"angle": 0, "axis": "y", "origin": [14.5, 14, 15.75]},
			"faces": {
				"north": {"uv": [10.5, 9, 11, 9.5], "texture": "#0"},
				"east": {"uv": [10.5, 9, 11, 9.5], "texture": "#0"},
				"south": {"uv": [11, 9, 10.5, 9.5], "texture": "#0"},
				"west": {"uv": [10.5, 9, 11, 9.5], "texture": "#0"},
				"up": {"uv": [10.5, 9, 11, 9.5], "texture": "#0"},
				"down": {"uv": [10.5, 9, 11, 9.5], "texture": "#0"}
			}
		},
		{
			"from": [6, 6, 5.5],
			"to": [11, 6.5, 10.5],
			"rotation": {"angle": 0, "axis": "y", "origin": [18, 13.5, 13.5]},
			"faces": {
				"north": {"uv": [5, 9.5, 10, 10], "texture": "#0"},
				"east": {"uv": [5, 9.5, 10, 10], "texture": "#0"},
				"south": {"uv": [10, 9.5, 5, 10], "texture": "#0"},
				"west": {"uv": [5, 9.5, 10, 10], "texture": "#0"},
				"up": {"uv": [5, 9.5, 10, 10], "texture": "#0"},
				"down": {"uv": [5, 9.5, 10, 10], "texture": "#0"}
			}
		},
		{
			"from": [5.5, 6.5, 5.5],
			"to": [10.5, 7, 10.5],
			"rotation": {"angle": 0, "axis": "y", "origin": [17.5, 14, 13.5]},
			"faces": {
				"north": {"uv": [5.5, 9, 10.5, 9.5], "texture": "#0"},
				"east": {"uv": [5, 9.5, 10, 10], "texture": "#0"},
				"south": {"uv": [10, 9.5, 5, 10], "texture": "#0"},
				"west": {"uv": [5, 9.5, 10, 10], "texture": "#0"},
				"up": {"uv": [5, 9.5, 10, 10], "texture": "#0"},
				"down": {"uv": [5, 9.5, 10, 10], "texture": "#0"}
			}
		},
		{
			"from": [5, 7, 5.75],
			"to": [9.5, 7.5, 10.25],
			"rotation": {"angle": 0, "axis": "y", "origin": [17.5, 14.5, 13.75]},
			"faces": {
				"north": {"uv": [6.5, 8.5, 11, 9], "texture": "#0"},
				"east": {"uv": [5, 9.5, 10, 10], "texture": "#0"},
				"south": {"uv": [11, 8.5, 6.5, 9], "texture": "#0"},
				"west": {"uv": [6.5, 8.5, 11, 9], "texture": "#0"},
				"up": {"uv": [6.5, 8.5, 11, 9], "texture": "#0"},
				"down": {"uv": [6.5, 8.5, 11, 9], "texture": "#0"}
			}
		},
		{
			"from": [5.5, 7.5, 6.5],
			"to": [8.5, 8, 9.5],
			"rotation": {"angle": 0, "axis": "y", "origin": [16.5, 15, 14.5]},
			"faces": {
				"north": {"uv": [7.5, 8, 10.5, 8.5], "texture": "#0"},
				"east": {"uv": [7.5, 8, 10.5, 8.5], "texture": "#0"},
				"south": {"uv": [10.5, 8, 7.5, 8.5], "texture": "#0"},
				"west": {"uv": [7.5, 8, 10.5, 8.5], "texture": "#0"},
				"up": {"uv": [7.5, 8, 10.5, 8.5], "texture": "#0"},
				"down": {"uv": [7.5, 8, 10.5, 8.5], "texture": "#0"}
			}
		},
		{
			"from": [6, 8, 7],
			"to": [8, 8.5, 9],
			"rotation": {"angle": 0, "axis": "y", "origin": [16, 15.5, 15]},
			"faces": {
				"north": {"uv": [8, 7.5, 10, 8], "texture": "#0"},
				"east": {"uv": [8, 7.5, 10, 8], "texture": "#0"},
				"south": {"uv": [10, 7.5, 8, 8], "texture": "#0"},
				"west": {"uv": [8, 7.5, 10, 8], "texture": "#0"},
				"up": {"uv": [8, 7.5, 10, 8], "texture": "#0"},
				"down": {"uv": [8, 7.5, 10, 8], "texture": "#0"}
			}
		},
		{
			"from": [6.5, 8.5, 7.25],
			"to": [8, 9, 8.75],
			"rotation": {"angle": 0, "axis": "y", "origin": [16, 16, 15.25]},
			"faces": {
				"north": {"uv": [8, 7, 9.5, 7.5], "texture": "#0"},
				"east": {"uv": [8, 7.5, 10, 8], "texture": "#0"},
				"south": {"uv": [10, 7.5, 8, 8], "texture": "#0"},
				"west": {"uv": [8, 7.5, 10, 8], "texture": "#0"},
				"up": {"uv": [8, 7.5, 10, 8], "texture": "#0"},
				"down": {"uv": [8, 7.5, 10, 8], "texture": "#0"}
			}
		},
		{
			"from": [7, 9, 7.75],
			"to": [7.5, 10, 8.25],
			"rotation": {"angle": 0, "axis": "y", "origin": [16, 16.5, 15.75]},
			"faces": {
				"north": {"uv": [8.5, 6, 9, 7], "texture": "#0"},
				"east": {"uv": [8.5, 6, 9, 7], "texture": "#0"},
				"south": {"uv": [9, 6, 8.5, 7], "texture": "#0"},
				"west": {"uv": [8.5, 6, 9, 7], "texture": "#0"},
				"up": {"uv": [8.5, 6, 9, 7], "texture": "#0"},
				"down": {"uv": [8.5, 6, 9, 7], "texture": "#0"}
			}
		},
		{
			"from": [4, 0, 7.75],
			"to": [4.5, 0.5, 8.25],
			"rotation": {"angle": 0, "axis": "y", "origin": [14.5, 7.5, 15.75]},
			"faces": {
				"north": {"uv": [11.5, 15.5, 12, 16], "texture": "#0"},
				"east": {"uv": [11.5, 15.5, 12, 16], "texture": "#0"},
				"south": {"uv": [12, 15.5, 11.5, 16], "texture": "#0"},
				"west": {"uv": [11.5, 15.5, 12, 16], "texture": "#0"},
				"up": {"uv": [11.5, 15.5, 12, 16], "texture": "#0"},
				"down": {"uv": [11.5, 15.5, 12, 16], "texture": "#0"}
			}
		},
		{
			"from": [2, 1, 7.25],
			"to": [3.5, 1.5, 8.75],
			"rotation": {"angle": 0, "axis": "y", "origin": [13, 8.5, 15.25]},
			"faces": {
				"north": {"uv": [12.5, 14.5, 14, 15], "texture": "#0"},
				"east": {"uv": [12.5, 14.5, 14, 15], "texture": "#0"},
				"south": {"uv": [14, 14.5, 12.5, 15], "texture": "#0"},
				"west": {"uv": [12.5, 14.5, 14, 15], "texture": "#0"},
				"up": {"uv": [12.5, 14.5, 14, 15], "texture": "#0"},
				"down": {"uv": [12.5, 14.5, 14, 15], "texture": "#0"}
			}
		},
		{
			"from": [2, 2.5, 7.25],
			"to": [3.5, 3, 8.75],
			"rotation": {"angle": 0, "axis": "y", "origin": [13, 10, 15.25]},
			"faces": {
				"north": {"uv": [12.5, 13, 14, 13.5], "texture": "#0"},
				"east": {"uv": [12.5, 13, 14, 13.5], "texture": "#0"},
				"south": {"uv": [14, 13, 12.5, 13.5], "texture": "#0"},
				"west": {"uv": [12.5, 13, 14, 13.5], "texture": "#0"},
				"up": {"uv": [12.5, 13, 14, 13.5], "texture": "#0"},
				"down": {"uv": [12.5, 13, 14, 13.5], "texture": "#0"}
			}
		},
		{
			"from": [1.5, 1.5, 6.75],
			"to": [4, 2.5, 9.25],
			"rotation": {"angle": 0, "axis": "y", "origin": [13.5, 9, 14.75]},
			"faces": {
				"north": {"uv": [12, 13.5, 14.5, 14.5], "texture": "#0"},
				"east": {"uv": [12, 13.5, 14.5, 14.5], "texture": "#0"},
				"south": {"uv": [14.5, 13.5, 12, 14.5], "texture": "#0"},
				"west": {"uv": [12, 13.5, 14.5, 14.5], "texture": "#0"},
				"up": {"uv": [12, 13.5, 14.5, 14.5], "texture": "#0"},
				"down": {"uv": [12, 13.5, 14.5, 14.5], "texture": "#0"}
			}
		},
		{
			"from": [8, 3.5, 7],
			"to": [10, 4, 9],
			"rotation": {"angle": 0, "axis": "y", "origin": [18.5, 11, 15]},
			"faces": {
				"north": {"uv": [6, 12, 8, 12.5], "texture": "#0"},
				"east": {"uv": [6, 12, 8, 12.5], "texture": "#0"},
				"south": {"uv": [8, 12, 6, 12.5], "texture": "#0"},
				"west": {"uv": [6, 12, 8, 12.5], "texture": "#0"},
				"up": {"uv": [6, 12, 8, 12.5], "texture": "#0"},
				"down": {"uv": [6, 12, 8, 12.5], "texture": "#0"}
			}
		},
		{
			"from": [7.5, 3, 7],
			"to": [10.5, 3.5, 9],
			"rotation": {"angle": 0, "axis": "y", "origin": [18.5, 10.5, 15]},
			"faces": {
				"north": {"uv": [5.5, 12.5, 8.5, 13], "texture": "#0"},
				"east": {"uv": [5.5, 12.5, 8.5, 13], "texture": "#0"},
				"south": {"uv": [8.5, 12.5, 5.5, 13], "texture": "#0"},
				"west": {"uv": [5.5, 12.5, 8.5, 13], "texture": "#0"},
				"up": {"uv": [5.5, 12.5, 8.5, 13], "texture": "#0"},
				"down": {"uv": [5.5, 12.5, 8.5, 13], "texture": "#0"}
			}
		},
		{
			"from": [7, 2.5, 5.75],
			"to": [11.5, 3, 10.25],
			"rotation": {"angle": 0, "axis": "y", "origin": [18, 10, 13.75]},
			"faces": {
				"north": {"uv": [4.5, 13, 9, 13.5], "texture": "#0"},
				"east": {"uv": [4, 13.5, 9, 15], "texture": "#0"},
				"south": {"uv": [9, 13.5, 4, 15], "texture": "#0"},
				"west": {"uv": [4, 13.5, 9, 15], "texture": "#0"},
				"up": {"uv": [4, 13.5, 9, 15], "texture": "#0"},
				"down": {"uv": [4, 13.5, 9, 15], "texture": "#0"}
			}
		},
		{
			"from": [7, 1, 5.5],
			"to": [12, 2.5, 10.5],
			"rotation": {"angle": 0, "axis": "y", "origin": [18, 9.5, 13.5]},
			"faces": {
				"north": {"uv": [4, 13.5, 9, 15], "texture": "#0"},
				"east": {"uv": [4, 13.5, 9, 15], "texture": "#0"},
				"south": {"uv": [9, 13.5, 4, 15], "texture": "#0"},
				"west": {"uv": [4, 13.5, 9, 15], "texture": "#0"},
				"up": {"uv": [4, 13.5, 9, 15], "texture": "#0"},
				"down": {"uv": [4, 13.5, 9, 15], "texture": "#0"}
			}
		},
		{
			"from": [7.5, 0.5, 6],
			"to": [11.5, 1, 10],
			"rotation": {"angle": 0, "axis": "y", "origin": [18, 9, 14]},
			"faces": {
				"north": {"uv": [4.5, 15, 8.5, 15.5], "texture": "#0"},
				"east": {"uv": [4.5, 15, 8.5, 15.5], "texture": "#0"},
				"south": {"uv": [8.5, 15, 4.5, 15.5], "texture": "#0"},
				"west": {"uv": [4.5, 15, 8.5, 15.5], "texture": "#0"},
				"up": {"uv": [4.5, 15, 8.5, 15.5], "texture": "#0"},
				"down": {"uv": [4.5, 15, 8.5, 15.5], "texture": "#0"}
			}
		},
		{
			"from": [8, 0, 6.5],
			"to": [11, 0.5, 9.5],
			"rotation": {"angle": 0, "axis": "y", "origin": [18.5, 8.5, 14.5]},
			"faces": {
				"north": {"uv": [5, 15.5, 8, 16], "texture": "#0"},
				"east": {"uv": [5, 15.5, 8, 16], "texture": "#0"},
				"south": {"uv": [8, 15.5, 5, 16], "texture": "#0"},
				"west": {"uv": [5, 15.5, 8, 16], "texture": "#0"},
				"up": {"uv": [5, 15.5, 8, 16], "texture": "#0"},
				"down": {"uv": [5, 15.5, 8, 16], "texture": "#0"}
			}
		},
		{
			"from": [9, 7.5, 5.5],
			"to": [14, 10, 10.5],
			"rotation": {"angle": 0, "axis": "y", "origin": [20, 16, 13.5]},
			"faces": {
				"north": {"uv": [2, 6, 7, 8.5], "texture": "#0"},
				"east": {"uv": [2, 6, 7, 8.5], "texture": "#0"},
				"south": {"uv": [7, 6, 2, 8.5], "texture": "#0"},
				"west": {"uv": [2, 6, 7, 8.5], "texture": "#0"},
				"up": {"uv": [2, 6, 7, 8.5], "texture": "#0"},
				"down": {"uv": [2, 6, 7, 8.5], "texture": "#0"}
			}
		},
		{
			"from": [9.5, 7, 5.75],
			"to": [14, 7.5, 10.25],
			"rotation": {"angle": 0, "axis": "y", "origin": [20, 15.5, 13.75]},
			"faces": {
				"north": {"uv": [2, 8.5, 6.5, 9], "texture": "#0"},
				"east": {"uv": [2, 8.5, 6.5, 9], "texture": "#0"},
				"south": {"uv": [6.5, 8.5, 2, 9], "texture": "#0"},
				"west": {"uv": [2, 8.5, 6.5, 9], "texture": "#0"},
				"up": {"uv": [2, 8.5, 6.5, 9], "texture": "#0"},
				"down": {"uv": [2, 8.5, 6.5, 9], "texture": "#0"}
			}
		},
		{
			"from": [10.5, 6.5, 6.5],
			"to": [13.5, 7, 9.5],
			"rotation": {"angle": 0, "axis": "y", "origin": [20, 15, 14.5]},
			"faces": {
				"north": {"uv": [2.5, 9, 5.5, 9.5], "texture": "#0"},
				"east": {"uv": [2.5, 9, 5.5, 9.5], "texture": "#0"},
				"south": {"uv": [5.5, 9, 2.5, 9.5], "texture": "#0"},
				"west": {"uv": [2.5, 9, 5.5, 9.5], "texture": "#0"},
				"up": {"uv": [2.5, 9, 5.5, 9.5], "texture": "#0"},
				"down": {"uv": [2.5, 9, 5.5, 9.5], "texture": "#0"}
			}
		},
		{
			"from": [11, 6, 7],
			"to": [13, 6.5, 9],
			"rotation": {"angle": 0, "axis": "y", "origin": [19.5, 14.5, 15]},
			"faces": {
				"north": {"uv": [3, 9.5, 5, 10], "texture": "#0"},
				"east": {"uv": [3, 9.5, 5, 10], "texture": "#0"},
				"south": {"uv": [5, 9.5, 3, 10], "texture": "#0"},
				"west": {"uv": [3, 9.5, 5, 10], "texture": "#0"},
				"up": {"uv": [3, 9.5, 5, 10], "texture": "#0"},
				"down": {"uv": [3, 9.5, 5, 10], "texture": "#0"}
			}
		},
		{
			"from": [9.5, 10, 6],
			"to": [13.5, 10.5, 10],
			"rotation": {"angle": 0, "axis": "y", "origin": [19, 17.5, 14]},
			"faces": {
				"north": {"uv": [2.5, 5.5, 6.5, 6], "texture": "#0"},
				"east": {"uv": [2.5, 5.5, 6.5, 6], "texture": "#0"},
				"south": {"uv": [6.5, 5.5, 2.5, 6], "texture": "#0"},
				"west": {"uv": [2.5, 5.5, 6.5, 6], "texture": "#0"},
				"up": {"uv": [2.5, 5.5, 6.5, 6], "texture": "#0"},
				"down": {"uv": [2.5, 5.5, 6.5, 6], "texture": "#0"}
			}
		},
		{
			"from": [10, 10.5, 6.5],
			"to": [13, 11, 9.5],
			"rotation": {"angle": 0, "axis": "y", "origin": [19, 18, 14.5]},
			"faces": {
				"north": {"uv": [3, 5, 6, 5.5], "texture": "#0"},
				"east": {"uv": [3, 5, 6, 5.5], "texture": "#0"},
				"south": {"uv": [6, 5, 3, 5.5], "texture": "#0"},
				"west": {"uv": [3, 5, 6, 5.5], "texture": "#0"},
				"up": {"uv": [3, 5, 6, 5.5], "texture": "#0"},
				"down": {"uv": [3, 5, 6, 5.5], "texture": "#0"}
			}
		},
		{
			"from": [3, 7, 7],
			"to": [5, 7.5, 9],
			"rotation": {"angle": 0, "axis": "y", "origin": [15.5, 14.5, 15]},
			"faces": {
				"north": {"uv": [11, 8.5, 13, 9], "texture": "#0"},
				"east": {"uv": [11, 8.5, 13, 9], "texture": "#0"},
				"south": {"uv": [13, 8.5, 11, 9], "texture": "#0"},
				"west": {"uv": [11, 8.5, 13, 9], "texture": "#0"},
				"up": {"uv": [11, 8.5, 13, 9], "texture": "#0"},
				"down": {"uv": [11, 8.5, 13, 9], "texture": "#0"}
			}
		},
		{
			"from": [2.5, 7.5, 6.5],
			"to": [5.5, 8, 9.5],
			"rotation": {"angle": 0, "axis": "y", "origin": [15.5, 15, 14.5]},
			"faces": {
				"north": {"uv": [10.5, 8, 13.5, 8.5], "texture": "#0"},
				"east": {"uv": [10.5, 8, 13.5, 8.5], "texture": "#0"},
				"south": {"uv": [13.5, 8, 10.5, 8.5], "texture": "#0"},
				"west": {"uv": [10.5, 8, 13.5, 8.5], "texture": "#0"},
				"up": {"uv": [10.5, 8, 13.5, 8.5], "texture": "#0"},
				"down": {"uv": [10.5, 8, 13.5, 8.5], "texture": "#0"}
			}
		},
		{
			"from": [2, 8, 6],
			"to": [6, 8.5, 10],
			"rotation": {"angle": 0, "axis": "y", "origin": [15.5, 15.5, 14]},
			"faces": {
				"north": {"uv": [10, 7.5, 14, 8], "texture": "#0"},
				"east": {"uv": [10, 7.5, 14, 8], "texture": "#0"},
				"south": {"uv": [14, 7.5, 10, 8], "texture": "#0"},
				"west": {"uv": [10, 7.5, 14, 8], "texture": "#0"},
				"up": {"uv": [10, 7.5, 14, 8], "texture": "#0"},
				"down": {"uv": [10, 7.5, 14, 8], "texture": "#0"}
			}
		},
		{
			"from": [2, 8.5, 6],
			"to": [6.5, 9, 10.5],
			"rotation": {"angle": 0, "axis": "y", "origin": [16, 16, 14]},
			"faces": {
				"north": {"uv": [9.5, 7, 14, 7.5], "texture": "#0"},
				"east": {"uv": [9.5, 7, 14, 7.5], "texture": "#0"},
				"south": {"uv": [14, 7, 9.5, 7.5], "texture": "#0"},
				"west": {"uv": [9.5, 7, 14, 7.5], "texture": "#0"},
				"up": {"uv": [9.5, 7, 14, 7.5], "texture": "#0"},
				"down": {"uv": [9.5, 7, 14, 7.5], "texture": "#0"}
			}
		},
		{
			"from": [2, 9, 5.5],
			"to": [7, 9.5, 10.5],
			"rotation": {"angle": 0, "axis": "y", "origin": [17, 16.5, 13.5]},
			"faces": {
				"north": {"uv": [9, 6.5, 14, 7], "texture": "#0"},
				"east": {"uv": [9, 6.5, 14, 7], "texture": "#0"},
				"south": {"uv": [14, 6.5, 9, 7], "texture": "#0"},
				"west": {"uv": [9, 6.5, 14, 7], "texture": "#0"},
				"up": {"uv": [9, 6.5, 14, 7], "texture": "#0"},
				"down": {"uv": [9, 6.5, 14, 7], "texture": "#0"}
			}
		},
		{
			"from": [2.5, 9.5, 5.75],
			"to": [7, 10.5, 10.25],
			"rotation": {"angle": 0, "axis": "y", "origin": [17, 17, 13.75]},
			"faces": {
				"north": {"uv": [9, 5.5, 13.5, 6.5], "texture": "#0"},
				"east": {"uv": [9, 5.5, 13.5, 6.5], "texture": "#0"},
				"south": {"uv": [13.5, 5.5, 9, 6.5], "texture": "#0"},
				"west": {"uv": [9, 5.5, 13.5, 6.5], "texture": "#0"},
				"up": {"uv": [9, 5.5, 13.5, 6.5], "texture": "#0"},
				"down": {"uv": [9, 5.5, 13.5, 6.5], "texture": "#0"}
			}
		},
		{
			"from": [3, 10.5, 6],
			"to": [7, 11, 10],
			"rotation": {"angle": 0, "axis": "y", "origin": [17, 17.5, 14]},
			"faces": {
				"north": {"uv": [9, 5, 13, 5.5], "texture": "#0"},
				"east": {"uv": [9, 5, 13, 5.5], "texture": "#0"},
				"south": {"uv": [13, 5, 9, 5.5], "texture": "#0"},
				"west": {"uv": [9, 5, 13, 5.5], "texture": "#0"},
				"up": {"uv": [9, 5, 13, 5.5], "texture": "#0"},
				"down": {"uv": [9, 5, 13, 5.5], "texture": "#0"}
			}
		},
		{
			"from": [4, 11, 6.75],
			"to": [6.5, 11.5, 9.25],
			"rotation": {"angle": 0, "axis": "y", "origin": [17, 18, 14.75]},
			"faces": {
				"north": {"uv": [9.5, 4.5, 12, 5], "texture": "#0"},
				"east": {"uv": [9.5, 4.5, 12, 5], "texture": "#0"},
				"south": {"uv": [12, 4.5, 9.5, 5], "texture": "#0"},
				"west": {"uv": [9.5, 4.5, 12, 5], "texture": "#0"},
				"up": {"uv": [9.5, 4.5, 12, 5], "texture": "#0"},
				"down": {"uv": [9.5, 4.5, 12, 5], "texture": "#0"}
			}
		},
		{
			"from": [5, 11.5, 7.5],
			"to": [6, 12, 8.5],
			"rotation": {"angle": 0, "axis": "y", "origin": [17, 18.5, 15.5]},
			"faces": {
				"north": {"uv": [10, 4, 11, 4.5], "texture": "#0"},
				"east": {"uv": [10, 4, 11, 4.5], "texture": "#0"},
				"south": {"uv": [11, 4, 10, 4.5], "texture": "#0"},
				"west": {"uv": [10, 4, 11, 4.5], "texture": "#0"},
				"up": {"uv": [10, 4, 11, 4.5], "texture": "#0"},
				"down": {"uv": [10, 4, 11, 4.5], "texture": "#0"}
			}
		}
	],
	"groups": [
		{
			"name": "group",
			"origin": [17, 18.5, 15.5],
			"children": [0, 1, 2, 3, 4, 5, 6, 7, 8, 9, 10, 11, 12, 13, 14, 15, 16, 17, 18, 19, 20, 21, 22, 23, 24, 25, 26, 27, 28, 29, 30, 31, 32, 33, 34, 35, 36, 37, 38, 39, 40, 41, 42, 43, 44, 45, 46, 47, 48, 49, 50, 51, 52, 53, 54, 55, 56, 57, 58, 59, 60, 61, 62, 63, 64, 65, 66]
		}
	]
}