{
	"credit": "Made with Blockbench",
	"textures": {
		"0": "block/poppy",
		"particle": "block/poppy"
	},
	"elements": [
		{
			"from": [7.5, 0, 7.5],
			"to": [8.5, 7.5, 8.5],
			"rotation": {"angle": 0, "axis": "y", "origin": [15.5, 8, 15.5]},
			"faces": {
				"north": {"uv": [7.5, 8.5, 8.5, 16], "texture": "#0"},
				"east": {"uv": [7.5, 8.5, 8.5, 16], "texture": "#0"},
				"south": {"uv": [8.5, 8.5, 7.5, 16], "texture": "#0"},
				"west": {"uv": [7.5, 8.5, 8.5, 16], "texture": "#0"},
				"up": {"uv": [7.5, 8.5, 8.5, 9.5], "texture": "#0"},
				"down": {"uv": [7.5, 14.5, 8.5, 15.5], "texture": "#0"}
			}
		},
		{
			"from": [8.375, 6.125, 7.4375],
			"to": [9.5, 6.5, 8.5625],
			"rotation": {"angle": 0, "axis": "y", "origin": [15.5, 10.375, 15.4375]},
			"faces": {
				"north": {"uv": [6.5, 9.5, 7.5, 10], "texture": "#0"},
				"east": {"uv": [6.5, 9.5, 7.5, 10], "texture": "#0"},
				"south": {"uv": [6.5, 9.5, 7.5, 10], "texture": "#0"},
				"west": {"uv": [6.5, 9.5, 7.5, 10], "texture": "#0"},
				"up": {"uv": [0, 0, 0.125, 0.125], "texture": "#missing"},
				"down": {"uv": [6.5, 9, 7.5, 10], "texture": "#0"}
			}
		},
		{
			"from": [5.5, 2, 7.75],
			"to": [7.125, 2.5, 8.125],
			"rotation": {"angle": 0, "axis": "y", "origin": [11.5, 6.375, 14.625]},
			"faces": {
				"north": {"uv": [5.5, 14, 7, 14.5], "texture": "#0"},
				"east": {"uv": [5, 13.5, 5.375, 14], "texture": "#0"},
				"south": {"uv": [5.5, 14, 7, 14.5], "texture": "#0"},
				"west": {"uv": [5, 13.5, 5.375, 14], "texture": "#0"},
				"up": {"uv": [5, 13.5, 6.5, 14], "texture": "#0"},
				"down": {"uv": [5, 13.5, 6.5, 14], "texture": "#0"}
			}
		},
		{
			"from": [9.25, 2, 7.75],
			"to": [10.875, 2.5, 8.125],
			"rotation": {"angle": 0, "axis": "y", "origin": [4.875, 6.375, 14.625]},
			"faces": {
				"north": {"uv": [6.5, 13.5, 5, 14], "texture": "#0"},
				"east": {"uv": [6.5, 13.5, 5, 14], "texture": "#0"},
				"south": {"uv": [6.5, 13.5, 5, 14], "texture": "#0"},
				"west": {"uv": [6.5, 13.5, 5, 14], "texture": "#0"},
				"up": {"uv": [6.5, 13.5, 5, 14], "texture": "#0"},
				"down": {"uv": [6.5, 13.5, 5, 14], "texture": "#0"}
			}
		},
		{
			"from": [6, 1.5, 7.75],
			"to": [7.125, 2, 8.125],
			"rotation": {"angle": 0, "axis": "y", "origin": [11.5, 5.875, 14.625]},
			"faces": {
				"north": {"uv": [6, 14.5, 7, 15], "texture": "#0"},
				"east": {"uv": [6, 14.5, 7, 15], "texture": "#0"},
				"south": {"uv": [6, 14.5, 7, 15], "texture": "#0"},
				"west": {"uv": [6, 14.5, 6.375, 15], "texture": "#0"},
				"up": {"uv": [6, 14.5, 7, 15], "texture": "#0"},
				"down": {"uv": [6, 14.5, 7.125, 14.875], "texture": "#0"}
			}
		},
		{
			"from": [8.875, 1.5, 7.75],
			"to": [10, 2, 8.125],
			"rotation": {"angle": 0, "axis": "y", "origin": [4.5, 5.875, 14.625]},
			"faces": {
				"north": {"uv": [7, 14.5, 6, 15], "texture": "#0"},
				"east": {"uv": [6.375, 14.5, 6, 15], "texture": "#0"},
				"south": {"uv": [7, 14.5, 6, 15], "texture": "#0"},
				"west": {"uv": [7, 14.5, 6, 15], "texture": "#0"},
				"up": {"uv": [7, 14.5, 6, 15], "texture": "#0"},
				"down": {"uv": [7.125, 14.5, 6, 14.875], "texture": "#0"}
			}
		},
		{
			"from": [7, 4.625, 7.75],
			"to": [7.5, 5, 8.125],
			"rotation": {"angle": 0, "axis": "y", "origin": [11.875, 8.875, 14.625]},
			"faces": {
				"north": {"uv": [8.5, 11, 9, 11.5], "texture": "#0"},
				"east": {"uv": [0, 0, 0.125, 0.125], "texture": "#missing"},
				"south": {"uv": [8.5, 11, 9, 11.5], "texture": "#0"},
				"west": {"uv": [8.5, 10.5, 8.875, 10.875], "texture": "#0"},
				"up": {"uv": [0, 0, 0.125, 0.125], "texture": "#missing"},
				"down": {"uv": [8.5, 10.5, 9, 10.875], "texture": "#0"}
			}
		},
		{
			"from": [8.5, 3.125, 7.75],
			"to": [9, 3.5, 8.125],
			"rotation": {"angle": 0, "axis": "y", "origin": [4.125, 7.375, 14.625]},
			"faces": {
				"north": {"uv": [8.5, 11, 9, 11.5], "texture": "#0"},
				"east": {"uv": [8.5, 10.5, 8.875, 10.875], "texture": "#0"},
				"south": {"uv": [8.5, 10.5, 9, 10.875], "texture": "#0"},
				"west": {"uv": [0.125, 0, 0, 0.125], "texture": "#missing"},
				"up": {"uv": [0.125, 0, 0, 0.125], "texture": "#missing"},
				"down": {"uv": [8.5, 10.5, 9, 10.875], "texture": "#0"}
			}
		},
		{
			"from": [6.5, 5, 7.75],
			"to": [7.5, 5.5, 8.125],
			"rotation": {"angle": 0, "axis": "y", "origin": [11.875, 9.375, 14.625]},
			"faces": {
				"north": {"uv": [8.5, 10.5, 9.5, 11], "texture": "#0"},
				"east": {"uv": [0, 0, 0.125, 0.125], "texture": "#missing"},
				"south": {"uv": [8.5, 10.5, 9.5, 11], "texture": "#0"},
				"west": {"uv": [8.5, 10.5, 8.875, 11], "texture": "#0"},
				"up": {"uv": [8.5, 10.5, 9.5, 11], "texture": "#0"},
				"down": {"uv": [8.5, 10.5, 9.5, 11], "texture": "#0"}
			}
		},
		{
			"from": [8.5, 3.5, 7.75],
			"to": [9.5, 4, 8.125],
			"rotation": {"angle": 0, "axis": "y", "origin": [4.125, 7.875, 14.625]},
			"faces": {
				"north": {"uv": [8.5, 10.5, 9.5, 11], "texture": "#0"},
				"east": {"uv": [8.5, 10.5, 8.875, 11], "texture": "#0"},
				"south": {"uv": [8.5, 10.5, 9.5, 11], "texture": "#0"},
				"west": {"uv": [0.125, 0, 0, 0.125], "texture": "#missing"},
				"up": {"uv": [8.5, 10.5, 9.5, 11], "texture": "#0"},
				"down": {"uv": [8.5, 10.5, 9.5, 11], "texture": "#0"}
			}
		},
		{
			"from": [6, 0.5, 7.75],
			"to": [7.5, 1.5, 8.125],
			"rotation": {"angle": 0, "axis": "y", "origin": [12, 5.375, 14.625]},
			"faces": {
				"north": {"uv": [8, 15, 6.5, 16], "texture": "#0"},
				"east": {"uv": [0, 0, 0.125, 0.125], "texture": "#missing"},
				"south": {"uv": [8, 15, 6.5, 16], "texture": "#0"},
				"west": {"uv": [6.5, 15, 7, 16], "texture": "#0"},
				"up": {"uv": [6, 14.5, 7.5, 14.875], "texture": "#0"},
				"down": {"uv": [12, 12.5, 10.5, 13], "texture": "#0"}
			}
		},
		{
			"from": [8.5, 0.5, 7.75],
			"to": [10, 1.5, 8.125],
			"rotation": {"angle": 0, "axis": "y", "origin": [4, 5.375, 14.625]},
			"faces": {
				"north": {"uv": [8, 15, 6.5, 16], "texture": "#0"},
				"east": {"uv": [7, 15, 6.5, 16], "texture": "#0"},
				"south": {"uv": [8, 15, 6.5, 16], "texture": "#0"},
				"west": {"uv": [0.125, 0, 0, 0.125], "texture": "#missing"},
				"up": {"uv": [7.5, 14.5, 6, 14.875], "texture": "#0"},
				"down": {"uv": [12, 12.5, 10.5, 13], "texture": "#0"}
			}
		},
		{
			"from": [6.5, 0.125, 7.75],
			"to": [7.5, 0.5, 8.125],
			"rotation": {"angle": 0, "axis": "y", "origin": [12, 5, 14.625]},
			"faces": {
				"north": {"uv": [6.5, 15.5, 7.5, 15.875], "texture": "#0"},
				"east": {"uv": [0, 0, 0.125, 0.125], "texture": "#missing"},
				"south": {"uv": [6.5, 15.5, 7.5, 15.875], "texture": "#0"},
				"west": {"uv": [6, 14.5, 6.375, 14.875], "texture": "#0"},
				"up": {"uv": [0, 0, 0.125, 0.125], "texture": "#missing"},
				"down": {"uv": [11.5, 12.5, 10.5, 12.875], "texture": "#0"}
			}
		},
		{
			"from": [8.5, 0.125, 7.75],
			"to": [9.5, 0.5, 8.125],
			"rotation": {"angle": 0, "axis": "y", "origin": [4, 5, 14.625]},
			"faces": {
				"north": {"uv": [7.5, 15.5, 6.5, 15.875], "texture": "#0"},
				"east": {"uv": [6.375, 14.5, 6, 14.875], "texture": "#0"},
				"south": {"uv": [7.5, 15.5, 6.5, 15.875], "texture": "#0"},
				"west": {"uv": [0.125, 0, 0, 0.125], "texture": "#missing"},
				"up": {"uv": [0.125, 0, 0, 0.125], "texture": "#missing"},
				"down": {"uv": [11.5, 12.5, 10.5, 12.875], "texture": "#0"}
			}
		},
		{
			"from": [5.125, 2.5, 7.75],
			"to": [6.625, 3, 8.125],
			"rotation": {"angle": 0, "axis": "y", "origin": [11.125, 6.875, 14.625]},
			"faces": {
				"north": {"uv": [5, 13.5, 6.5, 14], "texture": "#0"},
				"east": {"uv": [5, 13.5, 5.375, 14], "texture": "#0"},
				"south": {"uv": [5, 13.5, 6.5, 14], "texture": "#0"},
				"west": {"uv": [5, 13.5, 5.375, 14], "texture": "#0"},
				"up": {"uv": [5, 13.5, 6.5, 13.875], "texture": "#0"},
				"down": {"uv": [5, 13.5, 6.5, 13.875], "texture": "#0"}
			}
		},
		{
			"from": [9.875, 2.5, 7.75],
			"to": [11.375, 3, 8.125],
			"rotation": {"angle": 0, "axis": "y", "origin": [5.375, 6.875, 14.625]},
			"faces": {
				"north": {"uv": [6.5, 13.5, 5, 14], "texture": "#0"},
				"east": {"uv": [5.375, 13.5, 5, 14], "texture": "#0"},
				"south": {"uv": [6.5, 13.5, 5, 14], "texture": "#0"},
				"west": {"uv": [5.375, 13.5, 5, 14], "texture": "#0"},
				"up": {"uv": [6.5, 13.5, 5, 13.875], "texture": "#0"},
				"down": {"uv": [6.5, 13.5, 5, 13.875], "texture": "#0"}
			}
		},
		{
			"from": [4.625, 3, 7.75],
			"to": [5.625, 3.5, 8.125],
			"rotation": {"angle": 0, "axis": "y", "origin": [10.125, 7.375, 14.625]},
			"faces": {
				"north": {"uv": [4.5, 13, 5.5, 13.5], "texture": "#0"},
				"east": {"uv": [4.5, 13, 4.875, 13.5], "texture": "#0"},
				"south": {"uv": [4.5, 13, 5.5, 13.5], "texture": "#0"},
				"west": {"uv": [4.5, 13, 4.875, 13.5], "texture": "#0"},
				"up": {"uv": [4.5, 13, 5.5, 13.375], "texture": "#0"},
				"down": {"uv": [4.5, 13, 5.5, 13.375], "texture": "#0"}
			}
		},
		{
			"from": [10.875, 3, 7.75],
			"to": [11.875, 3.5, 8.125],
			"rotation": {"angle": 0, "axis": "y", "origin": [6.375, 7.375, 14.625]},
			"faces": {
				"north": {"uv": [5.5, 13, 4.5, 13.5], "texture": "#0"},
				"east": {"uv": [4.875, 13, 4.5, 13.5], "texture": "#0"},
				"south": {"uv": [5.5, 13, 4.5, 13.5], "texture": "#0"},
				"west": {"uv": [4.875, 13, 4.5, 13.5], "texture": "#0"},
				"up": {"uv": [5.5, 13, 4.5, 13.375], "texture": "#0"},
				"down": {"uv": [5.5, 13, 4.5, 13.375], "texture": "#0"}
			}
		},
		{
			"from": [11.375, 3.5, 7.75],
			"to": [12.75, 4, 8.125],
			"rotation": {"angle": 0, "axis": "y", "origin": [6.875, 7.875, 14.625]},
			"faces": {
				"north": {"uv": [12, 12.5, 10.5, 13], "texture": "#0"},
				"east": {"uv": [10.875, 12.5, 10.5, 13], "texture": "#0"},
				"south": {"uv": [12, 12.5, 10.5, 13], "texture": "#0"},
				"west": {"uv": [12, 12.5, 10.5, 13], "texture": "#0"},
				"up": {"uv": [11.875, 12.5, 10.5, 12.875], "texture": "#0"},
				"down": {"uv": [5.5, 13, 4.5, 13.375], "texture": "#0"}
			}
		},
		{
			"from": [8, 6.5, 7],
			"to": [10, 7.5, 9],
			"rotation": {"angle": 0, "axis": "y", "origin": [15.5, 10.875, 15]},
			"faces": {
				"north": {"uv": [6, 8.5, 8, 9.5], "texture": "#0"},
				"east": {"uv": [6, 8.5, 8, 9.5], "texture": "#0"},
				"south": {"uv": [6, 8.5, 8, 9.5], "texture": "#0"},
				"west": {"uv": [6, 8.5, 8, 9.5], "texture": "#0"},
				"up": {"uv": [6, 8.5, 8, 9.5], "texture": "#0"},
				"down": {"uv": [6, 8.5, 8, 9.5], "texture": "#0"}
			}
		},
		{
			"from": [8, 7.5, 7.25],
			"to": [10.5, 8, 8.75],
			"rotation": {"angle": 0, "axis": "y", "origin": [15.5, 10.875, 15.25]},
			"faces": {
				"north": {"uv": [8.5, 8, 10.5, 8.5], "texture": "#0"},
				"east": {"uv": [8.5, 8, 10.5, 8.5], "texture": "#0"},
				"south": {"uv": [8.5, 8, 10.5, 8.5], "texture": "#0"},
				"west": {"uv": [8.5, 8, 10.5, 8.5], "texture": "#0"},
				"up": {"uv": [8.5, 8, 10.5, 8.5], "texture": "#0"},
				"down": {"uv": [8, 5, 10, 7], "texture": "#0"}
			}
		},
		{
			"from": [8.5, 8.5, 6.75],
			"to": [11, 9, 9.25],
			"rotation": {"angle": 0, "axis": "y", "origin": [15.5, 11.375, 14.75]},
			"faces": {
				"north": {"uv": [5, 7, 7, 7.5], "texture": "#0"},
				"east": {"uv": [5, 7, 7, 7.5], "texture": "#0"},
				"south": {"uv": [5, 7, 7, 7.5], "texture": "#0"},
				"west": {"uv": [5, 7, 7, 7.5], "texture": "#0"},
				"up": {"uv": [8, 5, 10, 7], "texture": "#0"},
				"down": {"uv": [5, 7, 7, 7.5], "texture": "#0"}
			}
		},
		{
			"from": [8.125, 9, 6.8125],
			"to": [10.5, 9.5, 9.1875],
			"rotation": {"angle": 0, "axis": "y", "origin": [15.5, 11.875, 14.8125]},
			"faces": {
				"north": {"uv": [5, 7, 7, 7.5], "texture": "#0"},
				"east": {"uv": [5, 7, 7, 7.5], "texture": "#0"},
				"south": {"uv": [5, 7, 7, 7.5], "texture": "#0"},
				"west": {"uv": [5, 7, 7, 7.5], "texture": "#0"},
				"up": {"uv": [8, 5, 10, 7], "texture": "#0"},
				"down": {"uv": [5, 7, 7, 7.5], "texture": "#0"}
			}
		},
		{
			"from": [8, 9.5, 7],
			"to": [10, 10, 9],
			"rotation": {"angle": 0, "axis": "y", "origin": [15, 12.375, 15]},
			"faces": {
				"north": {"uv": [8.5, 6.5, 10.5, 7], "texture": "#0"},
				"east": {"uv": [8.5, 6.5, 10.5, 7], "texture": "#0"},
				"south": {"uv": [8.5, 6.5, 10.5, 7], "texture": "#0"},
				"west": {"uv": [8.5, 6.5, 10.5, 7], "texture": "#0"},
				"up": {"uv": [8, 5, 10, 7], "texture": "#0"},
				"down": {"uv": [8.5, 6.5, 10.5, 7], "texture": "#0"}
			}
		},
		{
			"from": [5.5, 9.5, 6.75],
			"to": [8, 10, 9.25],
			"rotation": {"angle": 0, "axis": "y", "origin": [13, 12.375, 14.75]},
			"faces": {
				"north": {"uv": [8, 6, 10.5, 6.5], "texture": "#0"},
				"east": {"uv": [8, 6, 10.5, 6.5], "texture": "#0"},
				"south": {"uv": [8, 6, 10.5, 6.5], "texture": "#0"},
				"west": {"uv": [8, 6, 10.5, 6.5], "texture": "#0"},
				"up": {"uv": [8, 6, 10.5, 6.5], "texture": "#0"},
				"down": {"uv": [8, 5, 10, 7], "texture": "#0"}
			}
		},
		{
			"from": [5.25, 10, 6.5],
			"to": [8.5, 10.5, 9.5],
			"rotation": {"angle": 0, "axis": "y", "origin": [13, 12.875, 14.5]},
			"faces": {
				"north": {"uv": [7.5, 5.5, 10.5, 6], "texture": "#0"},
				"east": {"uv": [7.5, 5.5, 10.5, 6], "texture": "#0"},
				"south": {"uv": [7.5, 5.5, 10.5, 6], "texture": "#0"},
				"west": {"uv": [7.5, 5.5, 10.5, 6], "texture": "#0"},
				"up": {"uv": [8, 5, 10, 7], "texture": "#0"},
				"down": {"uv": [8, 5, 10, 7], "texture": "#0"}
			}
		},
		{
			"from": [5.75, 10.5, 6.875],
			"to": [8, 11, 9.125],
			"rotation": {"angle": 0, "axis": "y", "origin": [13, 13.375, 14.875]},
			"faces": {
				"north": {"uv": [8, 5, 10, 5.5], "texture": "#0"},
				"east": {"uv": [8, 5, 10, 5.5], "texture": "#0"},
				"south": {"uv": [8, 5, 10, 5.5], "texture": "#0"},
				"west": {"uv": [8, 5, 10, 5.5], "texture": "#0"},
				"up": {"uv": [8, 5, 10, 7], "texture": "#0"},
				"down": {"uv": [0, 0, 0.125, 0.125], "texture": "#missing"}
			}
		},
		{
			"from": [9, 8, 7],
			"to": [11, 8.5, 9],
			"rotation": {"angle": 0, "axis": "y", "origin": [15.5, 10.875, 15]},
			"faces": {
				"north": {"uv": [8.5, 7.5, 10.5, 8], "texture": "#0"},
				"east": {"uv": [8.5, 7.5, 10.5, 8], "texture": "#0"},
				"south": {"uv": [8.5, 7.5, 10.5, 8], "texture": "#0"},
				"west": {"uv": [8.5, 7.5, 10.5, 8], "texture": "#0"},
				"up": {"uv": [8.5, 7.5, 10.5, 8], "texture": "#0"},
				"down": {"uv": [8.5, 7.5, 10.5, 8], "texture": "#0"}
			}
		},
		{
			"from": [6, 7, 7],
			"to": [8, 7.5, 9],
			"rotation": {"angle": 0, "axis": "y", "origin": [15.5, 11.5, 15]},
			"faces": {
				"north": {"uv": [8, 8.5, 10, 9], "texture": "#0"},
				"east": {"uv": [8, 8.5, 10, 9], "texture": "#0"},
				"south": {"uv": [8, 8.5, 10, 9], "texture": "#0"},
				"west": {"uv": [8, 8.5, 10, 9], "texture": "#0"},
				"up": {"uv": [8, 8.5, 10, 9], "texture": "#0"},
				"down": {"uv": [8, 8.5, 10, 9], "texture": "#0"}
			}
		},
		{
			"from": [5.5, 7.5, 6.75],
			"to": [8, 8, 9.25],
			"rotation": {"angle": 0, "axis": "y", "origin": [15.5, 11.875, 14.75]},
			"faces": {
				"north": {"uv": [8, 8, 10.5, 8.5], "texture": "#0"},
				"east": {"uv": [8, 8, 10.5, 8.5], "texture": "#0"},
				"south": {"uv": [8, 8, 10.5, 8.5], "texture": "#0"},
				"west": {"uv": [8, 8, 10.5, 8.5], "texture": "#0"},
				"up": {"uv": [0, 0, 0.125, 0.125], "texture": "#missing"},
				"down": {"uv": [8, 8.5, 10, 9], "texture": "#0"}
			}
		},
		{
			"from": [4.875, 8, 6.5],
			"to": [8, 8.5, 9.5],
			"rotation": {"angle": 0, "axis": "y", "origin": [15.5, 12.375, 14.5]},
			"faces": {
				"north": {"uv": [7.5, 7.5, 10.5, 8], "texture": "#0"},
				"east": {"uv": [7.5, 7.5, 10.5, 8], "texture": "#0"},
				"south": {"uv": [8, 7.5, 11, 8], "texture": "#0"},
				"west": {"uv": [7.5, 7.5, 10.5, 8], "texture": "#0"},
				"up": {"uv": [8, 6.5, 10.5, 8], "texture": "#0"},
				"down": {"uv": [8, 8.5, 10, 9], "texture": "#0"}
			}
		},
		{
			"from": [5, 8.5, 6.6875],
			"to": [7.625, 9, 9.3125],
			"rotation": {"angle": 0, "axis": "y", "origin": [15.5, 12.875, 14.6875]},
			"faces": {
				"north": {"uv": [8.5, 7, 11, 7.5], "texture": "#0"},
				"east": {"uv": [8.5, 7, 11, 7.5], "texture": "#0"},
				"south": {"uv": [8.5, 7, 11, 7.5], "texture": "#0"},
				"west": {"uv": [8.5, 7, 11, 7.5], "texture": "#0"},
				"up": {"uv": [8.5, 7, 11, 7.5], "texture": "#0"},
				"down": {"uv": [0, 0, 0.125, 0.125], "texture": "#missing"}
			}
		},
		{
			"from": [5.5, 9, 7.1875],
			"to": [7.125, 9.5, 8.8125],
			"rotation": {"angle": 0, "axis": "y", "origin": [15.5, 13.375, 15.1875]},
			"faces": {
				"north": {"uv": [9, 6.5, 10, 7], "texture": "#0"},
				"east": {"uv": [9, 6.5, 10, 7], "texture": "#0"},
				"south": {"uv": [9, 6.5, 10, 7], "texture": "#0"},
				"west": {"uv": [9, 6.5, 10, 7], "texture": "#0"},
				"up": {"uv": [0, 0, 0.125, 0.125], "texture": "#missing"},
				"down": {"uv": [0, 0, 0.125, 0.125], "texture": "#missing"}
			}
		},
		{
			"from": [6.125, 7.75, 7.4375],
			"to": [10, 9.5, 8.4375],
			"rotation": {"angle": 0, "axis": "y", "origin": [15.5, 13.375, 15.1875]},
			"faces": {
				"north": {"uv": [6, 6.5, 10, 8], "texture": "#0"},
				"east": {"uv": [9, 6.5, 10, 7], "texture": "#0"},
				"south": {"uv": [6, 6.5, 10, 8.5], "texture": "#0"},
				"west": {"uv": [9, 6.5, 10, 7], "texture": "#0"},
				"up": {"uv": [0, 0, 0.125, 0.125], "texture": "#missing"},
				"down": {"uv": [0, 0, 0.125, 0.125], "texture": "#missing"}
			}
		}
	],
	"display": {
		"thirdperson_righthand": {
			"translation": [0, 3, 1],
			"scale": [0.55, 0.55, 0.55]
		},
		"thirdperson_lefthand": {
			"translation": [0, 3, 1],
			"scale": [0.55, 0.55, 0.55]
		},
		"firstperson_righthand": {
			"rotation": [0, -90, 25],
			"translation": [1.13, 3.2, 1.13],
			"scale": [0.68, 0.68, 0.68]
		},
		"firstperson_lefthand": {
			"rotation": [0, -90, 25],
			"translation": [1.13, 3.2, 1.13],
			"scale": [0.68, 0.68, 0.68]
		},
		"ground": {
			"translation": [0, 7.75, 0]
		},
		"gui": {
			"translation": [0, 3, 0]
		},
		"head": {
			"translation": [0, -33, 0]
		}
	}
}