{
	"credit": "Made with Blockbench",
	"parent": "block/block",
	"ambientocclusion": false,
	"textures": {
		"1": "block/allium"
	},
	"elements": [
		{
			"from": [7.3525, 14.462, 7.3488],
			"to": [8.6549, 14.869, 8.6512],
			"rotation": {"angle": 0, "axis": "y", "origin": [12.6435, 14.462, 13.1282]},
			"faces": {
				"north": {"uv": [6.5, 1.5, 8.5, 2.5], "texture": "#1"},
				"east": {"uv": [8.5, 1.5, 6.5, 2.5], "texture": "#1"},
				"south": {"uv": [6.5, 1.5, 8.5, 2.5], "texture": "#1"},
				"west": {"uv": [8.5, 1.5, 6.5, 2.5], "texture": "#1"},
				"up": {"uv": [5, 2.5, 7, 4.5], "texture": "#1"},
				"down": {"uv": [6.5, 4, 8.5, 6], "texture": "#1"}
			}
		},
		{
			"from": [7.7188, 4.8568, 7.7151],
			"to": [8.2886, 10.0664, 8.2849],
			"rotation": {"angle": 0, "axis": "y", "origin": [13.0098, 10.0664, 13.0875]},
			"faces": {
				"north": {"uv": [7, 8, 8, 16], "texture": "#1"},
				"east": {"uv": [8, 8, 7, 16], "texture": "#1"},
				"south": {"uv": [7, 8, 8, 16], "texture": "#1"},
				"west": {"uv": [8, 8, 7, 16], "texture": "#1"},
				"up": {"uv": [7, 8, 7.875, 8.875], "texture": "#1"},
				"down": {"uv": [7, 15, 8, 16], "texture": "#1"}
			}
		},
		{
			"from": [7.6374, 9.578, 7.6337],
			"to": [8.37, 9.8222, 8.3663],
			"rotation": {"angle": 0, "axis": "y", "origin": [13.0098, 10.392, 13.0875]},
			"faces": {
				"north": {"uv": [7, 8, 8.125, 8.375], "texture": "#1"},
				"east": {"uv": [7, 8, 8.125, 8.375], "texture": "#1"},
				"south": {"uv": [7, 8, 8.125, 8.375], "texture": "#1"},
				"west": {"uv": [7, 8, 8.125, 8.375], "texture": "#1"},
				"up": {"uv": [7, 8, 8.125, 8.375], "texture": "#1"},
				"down": {"uv": [7, 15, 8, 16], "texture": "#1"}
			}
		},
		{
			"from": [7.3932, 10.0664, 7.3895],
			"to": [8.6142, 10.4734, 8.6105],
			"rotation": {"angle": 0, "axis": "y", "origin": [12.6842, 10.1478, 13.0875]},
			"faces": {
				"north": {"uv": [6.5, 7, 8.5, 8], "texture": "#1"},
				"east": {"uv": [6.5, 7, 8.5, 8], "texture": "#1"},
				"south": {"uv": [6.5, 7, 8.5, 8], "texture": "#1"},
				"west": {"uv": [8.5, 7, 6.5, 8], "texture": "#1"},
				"down": {"uv": [6.5, 4, 8.5, 6], "texture": "#1"}
			}
		},
		{
			"from": [6.742, 10.4734, 6.7383],
			"to": [9.184, 10.8804, 9.2617],
			"rotation": {"angle": 0, "axis": "y", "origin": [12.033, 10.4734, 13.0875]},
			"faces": {
				"north": {"uv": [5.5, 6, 9.5, 7], "texture": "#1"},
				"east": {"uv": [9.5, 6, 5.5, 7], "texture": "#1"},
				"south": {"uv": [5.5, 6, 9.5, 7], "texture": "#1"},
				"west": {"uv": [9.5, 6, 5.5, 7], "texture": "#1"},
				"up": {"uv": [0, 0, 0.125, 0.125], "texture": "#1"},
				"down": {"uv": [5.5, 3, 9.5, 7], "texture": "#1"}
			}
		},
		{
			"from": [6.335, 10.8804, 6.3313],
			"to": [9.6724, 11.2874, 9.6687],
			"rotation": {"angle": 0, "axis": "y", "origin": [11.626, 10.9618, 13.0875]},
			"faces": {
				"north": {"uv": [5, 6, 10, 7], "texture": "#1"},
				"east": {"uv": [10, 6, 5, 7], "texture": "#1"},
				"south": {"uv": [5, 6, 10, 7], "texture": "#1"},
				"west": {"uv": [10, 6, 5, 7], "texture": "#1"},
				"up": {"uv": [0, 0, 0.125, 0.125], "texture": "#1"},
				"down": {"uv": [5, 2.5, 10, 7], "texture": "#1"}
			}
		},
		{
			"from": [6.0908, 11.2874, 6.0871],
			"to": [9.9166, 11.9386, 9.9129],
			"rotation": {"angle": 0, "axis": "y", "origin": [11.3818, 11.2874, 13.0875]},
			"faces": {
				"north": {"uv": [4.5, 5.5, 10.5, 6.5], "texture": "#1"},
				"east": {"uv": [10.5, 5.5, 4.5, 6.5], "texture": "#1"},
				"south": {"uv": [4.5, 5.5, 10.5, 6.5], "texture": "#1"},
				"west": {"uv": [10.5, 5.5, 4.5, 6.5], "texture": "#1"},
				"up": {"uv": [0, 0, 0.125, 0.125], "texture": "#1"},
				"down": {"uv": [5, 2.5, 10, 7], "texture": "#1"}
			}
		},
		{
			"from": [5.7652, 11.9386, 5.7615],
			"to": [10.2422, 12.9154, 10.2385],
			"rotation": {"angle": 0, "axis": "y", "origin": [11.0562, 11.9386, 13.0875]},
			"faces": {
				"north": {"uv": [4, 4, 11, 5.5], "texture": "#1"},
				"east": {"uv": [11, 4, 4, 5.5], "texture": "#1"},
				"south": {"uv": [4, 4, 11, 5.5], "texture": "#1"},
				"west": {"uv": [11, 4, 4, 5.5], "texture": "#1"},
				"up": {"uv": [5, 2.5, 10, 7], "texture": "#1"},
				"down": {"uv": [5, 2.5, 10, 7], "texture": "#1"}
			}
		},
		{
			"from": [6.0908, 12.9154, 6.0871],
			"to": [9.9166, 13.648, 9.9129],
			"rotation": {"angle": 0, "axis": "y", "origin": [11.3818, 12.9154, 13.0875]},
			"faces": {
				"north": {"uv": [4.5, 3, 10.5, 4], "texture": "#1"},
				"east": {"uv": [10.5, 3, 4.5, 4], "texture": "#1"},
				"south": {"uv": [4.5, 3, 10.5, 4], "texture": "#1"},
				"west": {"uv": [10.375, 3, 4.5, 4.125], "texture": "#1"},
				"up": {"uv": [5, 2.5, 10, 7], "texture": "#1"},
				"down": {"uv": [6.5, 4, 8.5, 6], "texture": "#1"}
			}
		},
		{
			"from": [6.4164, 13.648, 6.4127],
			"to": [9.591, 14.055, 9.5873],
			"rotation": {"angle": 0, "axis": "y", "origin": [11.7074, 13.648, 13.0875]},
			"faces": {
				"north": {"uv": [5, 2.5, 10, 3.5], "texture": "#1"},
				"east": {"uv": [10, 2.5, 5, 3.5], "texture": "#1"},
				"south": {"uv": [5, 2.5, 10, 3.5], "texture": "#1"},
				"west": {"uv": [10, 2.5, 5, 3.5], "texture": "#1"},
				"up": {"uv": [5, 2.5, 10, 7], "texture": "#1"},
				"down": {"uv": [6.5, 4, 8.5, 6], "texture": "#1"}
			}
		},
		{
			"from": [6.742, 14.055, 6.7383],
			"to": [9.2654, 14.462, 9.2617],
			"rotation": {"angle": 0, "axis": "y", "origin": [12.033, 14.055, 13.0875]},
			"faces": {
				"north": {"uv": [5.5, 2, 9.5, 3], "texture": "#1"},
				"east": {"uv": [9.5, 2, 5.5, 3], "texture": "#1"},
				"south": {"uv": [5.5, 2, 9.5, 3], "texture": "#1"},
				"west": {"uv": [9.5, 2, 5.5, 3], "texture": "#1"},
				"up": {"uv": [5.5, 2, 9.5, 2.5], "texture": "#1"},
				"down": {"uv": [6.5, 4, 8.5, 6], "texture": "#1"}
			}
		}
	],
	"display": {
		"thirdperson_righthand": {
			"rotation": [75, 45, 0],
			"translation": [0, 1.5, 2.5],
			"scale": [0.375, 0.375, 0.375]
		},
		"thirdperson_lefthand": {
			"rotation": [75, 45, 0],
			"translation": [0, 1.5, 2.5],
			"scale": [0.375, 0.375, 0.375]
		},
		"firstperson_righthand": {
			"rotation": [0, 45, 0],
			"translation": [0, 2.2, 0],
			"scale": [0.4, 0.4, 0.4]
		},
		"firstperson_lefthand": {
			"rotation": [0, 45, 0],
			"translation": [0, 2.2, 0],
			"scale": [0.4, 0.4, 0.4]
		},
		"ground": {
			"translation": [0, 3, 0],
			"scale": [0.75, 0.75, 0.75]
		},
		"gui": {
			"rotation": [30, 225, 0],
			"translation": [0, 1, 0]
		},
		"head": {
			"translation": [0, 14.5, 0]
		},
		"fixed": {
			"rotation": [0, 180, 0]
		}
	},
	"groups": [
		{
			"name": "group",
			"origin": [14.1875, 14.125, 15.8125],
			"children": [0, 1, 2, 3, 4, 5, 6, 7, 8, 9, 10]
		}
	]
}