{
	"credit": "Made with Blockbench",
	"parent": "block/block",
	"ambientocclusion": false,
	"textures": {
		"0": "block/blue_orchid"
	},
	"elements": [
		{
			"from": [7.26328, 4.8934, 7.66003],
			"to": [8.00248, 7.573, 8.39923],
			"rotation": {"angle": 0, "axis": "y", "origin": [13.17688, 10.807, 13.57363]},
			"faces": {
				"north": {"uv": [8.5, 12.5, 9.5, 16], "texture": "#0"},
				"east": {"uv": [8.5, 12.5, 9.5, 16], "texture": "#0"},
				"south": {"uv": [8.5, 12.5, 9.5, 16], "texture": "#0"},
				"west": {"uv": [8.5, 12.5, 9.5, 16], "texture": "#0"},
				"up": {"uv": [8.5, 12.5, 9.5, 16], "texture": "#0"},
				"down": {"uv": [8.5, 12.5, 9.5, 16], "texture": "#0"}
			}
		},
		{
			"from": [6.52408, 8.6818, 6.92083],
			"to": [8.74168, 9.0514, 9.13843],
			"rotation": {"angle": 0, "axis": "y", "origin": [13.17688, 11.9158, 13.01923]},
			"faces": {
				"north": {"uv": [7.5, 10.5, 10.5, 11], "texture": "#0"},
				"east": {"uv": [8, 11, 10.5, 11.5], "texture": "#0"},
				"south": {"uv": [8, 11, 10.5, 11.5], "texture": "#0"},
				"west": {"uv": [8, 11, 10.5, 11.5], "texture": "#0"},
				"up": {"uv": [8, 11, 10.5, 11.5], "texture": "#0"},
				"down": {"uv": [8, 11, 10.5, 11.5], "texture": "#0"}
			}
		},
		{
			"from": [8.37208, 6.7414, 7.79863],
			"to": [8.74168, 7.9426, 8.26063],
			"rotation": {"angle": 0, "axis": "y", "origin": [13.91608, 11.4538, 13.43503]},
			"faces": {
				"north": {"uv": [7.5, 12, 8, 13.5], "texture": "#0"},
				"east": {"uv": [7.5, 12, 8, 13.5], "texture": "#0"},
				"south": {"uv": [7.5, 12, 8, 13.5], "texture": "#0"},
				"west": {"uv": [7.5, 12, 8, 13.5], "texture": "#0"},
				"up": {"uv": [7.5, 12, 8, 12.625], "texture": "#0"},
				"down": {"uv": [7.5, 12, 8, 12.625], "texture": "#0"}
			}
		},
		{
			"from": [8.13766, 6.7414, 8.94507],
			"to": [8.59966, 7.9426, 9.31467],
			"rotation": {"angle": 0, "axis": "y", "origin": [2.96326, 11.4538, 14.48907]},
			"faces": {
				"north": {"uv": [7.5, 12, 8, 13.5], "texture": "#0"},
				"east": {"uv": [7.5, 12, 8, 13.5], "texture": "#0"},
				"south": {"uv": [7.5, 12, 8, 13.5], "texture": "#0"},
				"west": {"uv": [7.5, 12, 8, 13.5], "texture": "#0"},
				"up": {"uv": [7.5, 12, 8, 12.625], "rotation": 90, "texture": "#0"},
				"down": {"uv": [7.5, 12, 8, 12.625], "rotation": 270, "texture": "#0"}
			}
		},
		{
			"from": [8.74168, 7.4806, 7.79863],
			"to": [9.11128, 8.3122, 8.26063],
			"rotation": {"angle": 0, "axis": "y", "origin": [14.28568, 11.8234, 13.43503]},
			"faces": {
				"north": {"uv": [7, 11.5, 7.5, 12.5], "texture": "#0"},
				"east": {"uv": [7, 11.5, 7.5, 12.5], "texture": "#0"},
				"south": {"uv": [7, 11.5, 7.5, 12.5], "texture": "#0"},
				"west": {"uv": [7, 11.5, 7.5, 12.5], "texture": "#0"},
				"up": {"uv": [7, 11.5, 7.5, 12], "texture": "#0"},
				"down": {"uv": [7, 12, 7.5, 12.5], "texture": "#0"}
			}
		},
		{
			"from": [8.13766, 7.4806, 9.31467],
			"to": [8.59966, 8.3122, 9.68427],
			"rotation": {"angle": 0, "axis": "y", "origin": [2.96326, 11.8234, 14.85867]},
			"faces": {
				"north": {"uv": [7, 11.5, 7.5, 12.5], "texture": "#0"},
				"east": {"uv": [7, 11.5, 7.5, 12.5], "texture": "#0"},
				"south": {"uv": [7, 11.5, 7.5, 12.5], "texture": "#0"},
				"west": {"uv": [7, 11.5, 7.5, 12.5], "texture": "#0"},
				"up": {"uv": [7, 11.5, 7.5, 12], "rotation": 90, "texture": "#0"},
				"down": {"uv": [7, 12, 7.5, 12.5], "rotation": 270, "texture": "#0"}
			}
		},
		{
			"from": [9.11128, 7.8502, 7.79863],
			"to": [9.48088, 8.6818, 8.26063],
			"rotation": {"angle": 0, "axis": "y", "origin": [14.65528, 12.193, 13.43503]},
			"faces": {
				"north": {"uv": [6.5, 11, 7, 12], "texture": "#0"},
				"east": {"uv": [6.5, 11, 7, 12], "texture": "#0"},
				"south": {"uv": [6.5, 11, 7, 12], "texture": "#0"},
				"west": {"uv": [6.5, 11, 7, 12], "texture": "#0"},
				"up": {"uv": [6.5, 11, 7, 11.625], "texture": "#0"},
				"down": {"uv": [6.5, 11.5, 7, 12], "texture": "#0"}
			}
		},
		{
			"from": [8.13766, 7.8502, 9.68427],
			"to": [8.59966, 8.6818, 10.05387],
			"rotation": {"angle": 0, "axis": "y", "origin": [2.96326, 12.193, 15.22827]},
			"faces": {
				"north": {"uv": [6.5, 11, 7, 12], "texture": "#0"},
				"east": {"uv": [6.5, 11, 7, 12], "texture": "#0"},
				"south": {"uv": [6.5, 11, 7, 12], "texture": "#0"},
				"west": {"uv": [6.5, 11, 7, 12], "texture": "#0"},
				"up": {"uv": [6.5, 11, 7, 11.625], "rotation": 90, "texture": "#0"},
				"down": {"uv": [6.5, 11.5, 7, 12], "rotation": 270, "texture": "#0"}
			}
		},
		{
			"from": [9.48088, 8.2198, 7.79863],
			"to": [9.85048, 9.0514, 8.26063],
			"rotation": {"angle": 0, "axis": "y", "origin": [15.02488, 12.5626, 13.43503]},
			"faces": {
				"north": {"uv": [6, 10.5, 6.5, 11.625], "texture": "#0"},
				"east": {"uv": [6, 10.5, 6.5, 11.625], "texture": "#0"},
				"south": {"uv": [6, 10.5, 6.5, 11.625], "texture": "#0"},
				"west": {"uv": [6, 10.5, 6.5, 11.625], "texture": "#0"},
				"up": {"uv": [6, 10.5, 6.5, 11.625], "texture": "#0"},
				"down": {"uv": [6, 10.5, 6.5, 11.625], "texture": "#0"}
			}
		},
		{
			"from": [8.13766, 8.2198, 10.05387],
			"to": [8.59966, 9.0514, 10.42347],
			"rotation": {"angle": 0, "axis": "y", "origin": [2.96326, 12.5626, 15.59787]},
			"faces": {
				"north": {"uv": [6, 10.5, 6.5, 11.625], "texture": "#0"},
				"east": {"uv": [6, 10.5, 6.5, 11.625], "texture": "#0"},
				"south": {"uv": [6, 10.5, 6.5, 11.625], "texture": "#0"},
				"west": {"uv": [6, 10.5, 6.5, 11.625], "texture": "#0"},
				"up": {"uv": [6, 10.5, 6.5, 11.625], "rotation": 90, "texture": "#0"},
				"down": {"uv": [6, 10.5, 6.5, 11.625], "rotation": 270, "texture": "#0"}
			}
		},
		{
			"from": [9.85048, 8.5894, 7.79863],
			"to": [10.22008, 9.0514, 8.26063],
			"rotation": {"angle": 0, "axis": "y", "origin": [15.02488, 12.5626, 13.43503]},
			"faces": {
				"north": {"uv": [5.5, 10.5, 6, 11], "texture": "#0"},
				"east": {"uv": [5.5, 10.5, 6, 11], "texture": "#0"},
				"south": {"uv": [5.5, 10.5, 6, 11], "texture": "#0"},
				"west": {"uv": [5.5, 10.5, 6, 11], "texture": "#0"},
				"up": {"uv": [5.5, 10.5, 6, 11], "texture": "#0"},
				"down": {"uv": [5.5, 10.5, 6, 11], "texture": "#0"}
			}
		},
		{
			"from": [8.13766, 8.5894, 10.42347],
			"to": [8.59966, 9.0514, 10.79307],
			"rotation": {"angle": 0, "axis": "y", "origin": [2.96326, 12.5626, 15.59787]},
			"faces": {
				"north": {"uv": [5.5, 10.5, 6, 11], "texture": "#0"},
				"east": {"uv": [5.5, 10.5, 6, 11], "texture": "#0"},
				"south": {"uv": [5.5, 10.5, 6, 11], "texture": "#0"},
				"west": {"uv": [5.5, 10.5, 6, 11], "texture": "#0"},
				"up": {"uv": [5.5, 10.5, 6, 11], "rotation": 90, "texture": "#0"},
				"down": {"uv": [5.5, 10.5, 6, 11], "rotation": 270, "texture": "#0"}
			}
		},
		{
			"from": [10.22008, 8.5894, 7.79863],
			"to": [10.58968, 9.421, 8.26063],
			"rotation": {"angle": 0, "axis": "y", "origin": [15.39448, 12.5626, 13.43503]},
			"faces": {
				"north": {"uv": [5, 10, 5.5, 11], "texture": "#0"},
				"east": {"uv": [5, 10, 5.5, 11], "texture": "#0"},
				"south": {"uv": [5, 10, 5.5, 11], "texture": "#0"},
				"west": {"uv": [5, 10, 5.5, 11], "texture": "#0"},
				"up": {"uv": [5, 10, 5.5, 11], "texture": "#0"},
				"down": {"uv": [5, 10, 5.5, 11], "texture": "#0"}
			}
		},
		{
			"from": [8.13766, 8.5894, 10.79307],
			"to": [8.59966, 9.421, 11.16267],
			"rotation": {"angle": 0, "axis": "y", "origin": [2.96326, 12.5626, 15.96747]},
			"faces": {
				"north": {"uv": [5, 10, 5.5, 11], "texture": "#0"},
				"east": {"uv": [5, 10, 5.5, 11], "texture": "#0"},
				"south": {"uv": [5, 10, 5.5, 11], "texture": "#0"},
				"west": {"uv": [5, 10, 5.5, 11], "texture": "#0"},
				"up": {"uv": [5, 10, 5.5, 11], "rotation": 90, "texture": "#0"},
				"down": {"uv": [5, 10, 5.5, 11], "rotation": 270, "texture": "#0"}
			}
		},
		{
			"from": [10.95928, 8.3122, 7.47523],
			"to": [12.06808, 8.6818, 8.58403],
			"rotation": {"angle": 0, "axis": "y", "origin": [16.13368, 12.5626, 13.11163]},
			"faces": {
				"north": {"uv": [3, 11, 4.5, 11.5], "texture": "#0"},
				"east": {"uv": [3, 11, 4.5, 11.5], "texture": "#0"},
				"south": {"uv": [3, 11, 4.5, 11.5], "texture": "#0"},
				"west": {"uv": [3, 11, 4.5, 11.5], "texture": "#0"},
				"up": {"uv": [0, 0, 0.125, 0.125], "texture": "#missing"},
				"down": {"uv": [3, 10, 4.5, 11.5], "texture": "#0"}
			}
		},
		{
			"from": [7.81426, 8.3122, 11.53227],
			"to": [8.92306, 8.6818, 12.64107],
			"rotation": {"angle": 0, "axis": "y", "origin": [3.28666, 12.5626, 16.70667]},
			"faces": {
				"north": {"uv": [3, 11, 4.5, 11.5], "texture": "#0"},
				"east": {"uv": [3, 11, 4.5, 11.5], "texture": "#0"},
				"south": {"uv": [3, 11, 4.5, 11.5], "texture": "#0"},
				"west": {"uv": [3, 11, 4.5, 11.5], "texture": "#0"},
				"up": {"uv": [0, 0, 0.125, 0.125], "rotation": 90, "texture": "#missing"},
				"down": {"uv": [3, 10, 4.5, 11.5], "rotation": 270, "texture": "#0"}
			}
		},
		{
			"from": [10.58968, 9.421, 7.33663],
			"to": [12.06808, 9.7906, 8.72263],
			"rotation": {"angle": 0, "axis": "y", "origin": [16.13368, 13.6714, 12.97303]},
			"faces": {
				"north": {"uv": [3, 9.5, 5, 10], "texture": "#0"},
				"east": {"uv": [3, 9.5, 5, 10], "texture": "#0"},
				"south": {"uv": [3, 9.5, 5, 10], "texture": "#0"},
				"west": {"uv": [3, 9.5, 5, 10], "texture": "#0"},
				"up": {"uv": [3, 9.5, 5, 10], "texture": "#0"},
				"down": {"uv": [3, 9.5, 5, 10], "texture": "#0"}
			}
		},
		{
			"from": [7.67566, 9.421, 11.16267],
			"to": [9.06166, 9.7906, 12.64107],
			"rotation": {"angle": 0, "axis": "y", "origin": [3.42526, 13.6714, 16.70667]},
			"faces": {
				"north": {"uv": [3, 9.5, 5, 10], "texture": "#0"},
				"east": {"uv": [3, 9.5, 5, 10], "texture": "#0"},
				"south": {"uv": [3, 9.5, 5, 10], "texture": "#0"},
				"west": {"uv": [3, 9.5, 5, 10], "texture": "#0"},
				"up": {"uv": [3, 9.5, 5, 10], "rotation": 90, "texture": "#0"},
				"down": {"uv": [3, 9.5, 5, 10], "rotation": 270, "texture": "#0"}
			}
		},
		{
			"from": [10.95928, 9.7906, 7.61383],
			"to": [11.69848, 10.1602, 8.35303],
			"rotation": {"angle": 0, "axis": "y", "origin": [16.13368, 14.041, 13.25023]},
			"faces": {
				"north": {"uv": [3.5, 9, 4.5, 9.5], "texture": "#0"},
				"east": {"uv": [3.5, 9, 4.625, 9.5], "texture": "#0"},
				"south": {"uv": [3.5, 9, 4.625, 9.5], "texture": "#0"},
				"west": {"uv": [3.5, 9, 4.625, 9.5], "texture": "#0"},
				"up": {"uv": [3.5, 9, 4.5, 10], "texture": "#0"},
				"down": {"uv": [3.5, 9, 4.625, 9.5], "texture": "#0"}
			}
		},
		{
			"from": [8.04526, 9.7906, 11.53227],
			"to": [8.78446, 10.1602, 12.27147],
			"rotation": {"angle": 0, "axis": "y", "origin": [3.14806, 14.041, 16.70667]},
			"faces": {
				"north": {"uv": [3.5, 9, 4.625, 9.5], "texture": "#0"},
				"east": {"uv": [3.5, 9, 4.5, 9.5], "texture": "#0"},
				"south": {"uv": [3.5, 9, 4.625, 9.5], "texture": "#0"},
				"west": {"uv": [3.5, 9, 4.625, 9.5], "texture": "#0"},
				"up": {"uv": [3.5, 9, 4.5, 10], "rotation": 90, "texture": "#0"},
				"down": {"uv": [3.5, 9, 4.625, 9.5], "rotation": 270, "texture": "#0"}
			}
		},
		{
			"from": [8.74168, 11.269, 7.47523],
			"to": [9.85048, 11.6386, 8.58403],
			"rotation": {"angle": 0, "axis": "y", "origin": [13.91608, 15.5194, 13.11163]},
			"faces": {
				"north": {"uv": [6, 7, 7.5, 7.5], "texture": "#0"},
				"east": {"uv": [6, 7, 7.5, 7.5], "texture": "#0"},
				"south": {"uv": [6, 7, 7.5, 7.5], "texture": "#0"},
				"west": {"uv": [6, 7, 7.5, 7.5], "texture": "#0"},
				"up": {"uv": [6, 7, 7.5, 7.5], "texture": "#0"},
				"down": {"uv": [6, 7, 7.5, 7.5], "texture": "#0"}
			}
		},
		{
			"from": [9.11128, 11.6386, 7.47523],
			"to": [10.22008, 12.0082, 8.58403],
			"rotation": {"angle": 0, "axis": "y", "origin": [14.28568, 15.889, 13.11163]},
			"faces": {
				"north": {"uv": [5.5, 6.5, 7, 7], "texture": "#0"},
				"east": {"uv": [5.5, 6.5, 7, 7], "texture": "#0"},
				"south": {"uv": [5.5, 6.5, 7, 7], "texture": "#0"},
				"west": {"uv": [5.5, 6.5, 7, 7], "texture": "#0"},
				"up": {"uv": [5.5, 6.5, 7, 7], "texture": "#0"},
				"down": {"uv": [5.5, 6.5, 7, 7], "texture": "#0"}
			}
		},
		{
			"from": [8.64928, 12.0082, 7.10563],
			"to": [10.49728, 12.7474, 8.95363],
			"rotation": {"angle": 0, "axis": "y", "origin": [14.19328, 16.2586, 12.74203]},
			"faces": {
				"north": {"uv": [5, 5.5, 7, 6.5], "texture": "#0"},
				"east": {"uv": [5, 5.5, 7, 6.5], "texture": "#0"},
				"south": {"uv": [5, 5.5, 7, 6.5], "texture": "#0"},
				"west": {"uv": [5, 5.5, 7, 6.5], "texture": "#0"},
				"up": {"uv": [5, 5.5, 7, 6.5], "texture": "#0"},
				"down": {"uv": [5, 5.5, 7, 6.5], "texture": "#0"}
			}
		},
		{
			"from": [7.26328, 12.2854, 7.29043],
			"to": [8.74168, 12.7474, 8.76883],
			"rotation": {"angle": 0, "axis": "y", "origin": [12.80728, 16.2586, 12.92683]},
			"faces": {
				"north": {"uv": [7, 5.5, 9, 6], "texture": "#0"},
				"east": {"uv": [7, 5.5, 9, 6], "texture": "#0"},
				"south": {"uv": [7, 5.5, 9, 6], "texture": "#0"},
				"west": {"uv": [7, 5.5, 9, 6], "texture": "#0"},
				"up": {"uv": [7, 5.5, 9, 6], "texture": "#0"},
				"down": {"uv": [7, 5.5, 9, 6], "texture": "#0"}
			}
		},
		{
			"from": [7.63288, 12.7474, 6.73603],
			"to": [10.22008, 13.117, 9.32323],
			"rotation": {"angle": 0, "axis": "y", "origin": [14.28568, 16.6282, 12.37243]},
			"faces": {
				"north": {"uv": [5.5, 5, 9, 5.5], "texture": "#0"},
				"east": {"uv": [5.5, 5, 9, 5.5], "texture": "#0"},
				"south": {"uv": [5.5, 5, 9, 5.5], "texture": "#0"},
				"west": {"uv": [5.5, 5, 9, 5.5], "texture": "#0"},
				"up": {"uv": [5.5, 5, 9, 5.5], "texture": "#0"},
				"down": {"uv": [5.5, 5, 9, 5.5], "texture": "#0"}
			}
		},
		{
			"from": [7.81768, 13.117, 7.29043],
			"to": [9.66568, 13.579, 9.13843],
			"rotation": {"angle": 0, "axis": "y", "origin": [14.47048, 16.9978, 12.92683]},
			"faces": {
				"north": {"uv": [6.5, 4.5, 9, 5], "texture": "#0"},
				"east": {"uv": [6.5, 4.5, 9, 5], "texture": "#0"},
				"south": {"uv": [6.5, 4.5, 9, 5], "texture": "#0"},
				"west": {"uv": [6.5, 4.5, 9, 5], "texture": "#0"},
				"up": {"uv": [6.5, 4.5, 9, 5], "texture": "#0"},
				"down": {"uv": [6.5, 4.5, 9, 5], "texture": "#0"}
			}
		},
		{
			"from": [8.00248, 13.579, 7.29043],
			"to": [9.48088, 13.9486, 8.76883],
			"rotation": {"angle": 0, "axis": "y", "origin": [14.65528, 17.4598, 12.92683]},
			"faces": {
				"north": {"uv": [6.5, 4, 8.5, 4.5], "texture": "#0"},
				"east": {"uv": [6.5, 4, 8.5, 4.5], "texture": "#0"},
				"south": {"uv": [6.5, 4, 8.5, 4.5], "texture": "#0"},
				"west": {"uv": [6.5, 4, 8.5, 4.5], "texture": "#0"},
				"up": {"uv": [6.5, 4, 8.5, 4.5], "texture": "#0"},
				"down": {"uv": [6.5, 4, 8.5, 4.5], "texture": "#0"}
			}
		},
		{
			"from": [8.37208, 13.9486, 7.66003],
			"to": [9.11128, 14.3182, 8.39923],
			"rotation": {"angle": 0, "axis": "y", "origin": [14.84008, 17.8294, 13.29643]},
			"faces": {
				"north": {"uv": [7, 3.5, 8, 4], "texture": "#0"},
				"east": {"uv": [7, 3.5, 8, 4], "texture": "#0"},
				"south": {"uv": [7, 3.5, 8, 4], "texture": "#0"},
				"west": {"uv": [7, 3.5, 8, 4], "texture": "#0"},
				"up": {"uv": [7, 3.5, 8, 4], "texture": "#0"},
				"down": {"uv": [7, 3.5, 8, 4], "texture": "#0"}
			}
		},
		{
			"from": [10.58968, 8.6818, 7.10563],
			"to": [12.43768, 9.421, 8.95363],
			"rotation": {"angle": 0, "axis": "y", "origin": [16.13368, 12.9322, 12.74203]},
			"faces": {
				"north": {"uv": [2.5, 10, 5, 11], "texture": "#0"},
				"east": {"uv": [2.5, 10, 5, 11], "texture": "#0"},
				"south": {"uv": [2.5, 10, 5, 11], "texture": "#0"},
				"west": {"uv": [2.5, 10, 5, 11], "texture": "#0"},
				"up": {"uv": [2.5, 10, 5, 11], "texture": "#0"},
				"down": {"uv": [2.5, 10, 5, 11], "texture": "#0"}
			}
		},
		{
			"from": [7.44466, 8.6818, 11.16267],
			"to": [9.29266, 9.421, 13.01067],
			"rotation": {"angle": 0, "axis": "y", "origin": [3.65626, 12.9322, 16.70667]},
			"faces": {
				"north": {"uv": [2.5, 10, 5, 11], "texture": "#0"},
				"east": {"uv": [2.5, 10, 5, 11], "texture": "#0"},
				"south": {"uv": [2.5, 10, 5, 11], "texture": "#0"},
				"west": {"uv": [2.5, 10, 5, 11], "texture": "#0"},
				"up": {"uv": [2.5, 10, 5, 11], "rotation": 90, "texture": "#0"},
				"down": {"uv": [2.5, 10, 5, 11], "rotation": 270, "texture": "#0"}
			}
		},
		{
			"from": [8.00248, 6.0022, 7.79863],
			"to": [8.37208, 7.2958, 8.26063],
			"rotation": {"angle": 0, "axis": "y", "origin": [13.54648, 10.807, 13.43503]},
			"faces": {
				"north": {"uv": [8, 13, 8.5, 14.5], "texture": "#0"},
				"east": {"uv": [8, 13, 8.5, 14.5], "texture": "#0"},
				"south": {"uv": [8, 13, 8.5, 14.5], "texture": "#0"},
				"west": {"uv": [8, 13, 8.5, 14.5], "texture": "#0"},
				"up": {"uv": [8, 13, 8.5, 13.625], "texture": "#0"},
				"down": {"uv": [8, 13, 8.5, 13.625], "texture": "#0"}
			}
		},
		{
			"from": [8.13766, 6.0022, 8.57547],
			"to": [8.59966, 7.2958, 8.94507],
			"rotation": {"angle": 0, "axis": "y", "origin": [2.96326, 10.807, 14.11947]},
			"faces": {
				"north": {"uv": [8, 13, 8.5, 14.5], "texture": "#0"},
				"east": {"uv": [8, 13, 8.5, 14.5], "texture": "#0"},
				"south": {"uv": [8, 13, 8.5, 14.5], "texture": "#0"},
				"west": {"uv": [8, 13, 8.5, 14.5], "texture": "#0"},
				"up": {"uv": [8, 13, 8.5, 13.625], "rotation": 90, "texture": "#0"},
				"down": {"uv": [8, 13, 8.5, 13.625], "rotation": 270, "texture": "#0"}
			}
		},
		{
			"from": [6.89368, 6.0022, 7.79863],
			"to": [7.26328, 6.8338, 8.26063],
			"rotation": {"angle": 0, "axis": "y", "origin": [12.43768, 10.7146, 13.43503]},
			"faces": {
				"north": {"uv": [9.5, 13.5, 10, 14.5], "texture": "#0"},
				"east": {"uv": [9.5, 13.5, 10, 14.5], "texture": "#0"},
				"south": {"uv": [9.5, 13.5, 10, 14.5], "texture": "#0"},
				"west": {"uv": [9.5, 13.5, 10, 14.5], "texture": "#0"},
				"up": {"uv": [9.5, 13.5, 10, 14.125], "texture": "#0"},
				"down": {"uv": [9.5, 13.5, 10, 14.125], "texture": "#0"}
			}
		},
		{
			"from": [8.13766, 6.0022, 7.46667],
			"to": [8.59966, 6.8338, 7.83627],
			"rotation": {"angle": 0, "axis": "y", "origin": [2.96326, 10.7146, 13.01067]},
			"faces": {
				"north": {"uv": [9.5, 13.5, 10, 14.5], "texture": "#0"},
				"east": {"uv": [9.5, 13.5, 10, 14.5], "texture": "#0"},
				"south": {"uv": [9.5, 13.5, 10, 14.5], "texture": "#0"},
				"west": {"uv": [9.5, 13.5, 10, 14.5], "texture": "#0"},
				"up": {"uv": [9.5, 13.5, 10, 14.125], "rotation": 90, "texture": "#0"},
				"down": {"uv": [9.5, 13.5, 10, 14.125], "rotation": 270, "texture": "#0"}
			}
		},
		{
			"from": [6.52408, 6.3718, 7.79863],
			"to": [6.89368, 7.2034, 8.26063],
			"rotation": {"angle": 0, "axis": "y", "origin": [12.06808, 11.269, 13.43503]},
			"faces": {
				"north": {"uv": [10, 13, 10.5, 14], "texture": "#0"},
				"east": {"uv": [10, 13, 10.5, 14], "texture": "#0"},
				"south": {"uv": [10, 13, 10.5, 14], "texture": "#0"},
				"west": {"uv": [10, 13, 10.5, 14], "texture": "#0"},
				"up": {"uv": [10, 13, 10.5, 13.625], "texture": "#0"},
				"down": {"uv": [10, 13, 10.5, 13.625], "texture": "#0"}
			}
		},
		{
			"from": [8.13766, 6.3718, 7.09707],
			"to": [8.59966, 7.2034, 7.46667],
			"rotation": {"angle": 0, "axis": "y", "origin": [2.96326, 11.269, 12.64107]},
			"faces": {
				"north": {"uv": [10, 13, 10.5, 14], "texture": "#0"},
				"east": {"uv": [10, 13, 10.5, 14], "texture": "#0"},
				"south": {"uv": [10, 13, 10.5, 14], "texture": "#0"},
				"west": {"uv": [10, 13, 10.5, 14], "texture": "#0"},
				"up": {"uv": [10, 13, 10.5, 13.625], "rotation": 90, "texture": "#0"},
				"down": {"uv": [10, 13, 10.5, 13.625], "rotation": 270, "texture": "#0"}
			}
		},
		{
			"from": [6.89368, 9.5134, 7.79863],
			"to": [7.26328, 10.2526, 8.26063],
			"rotation": {"angle": 0, "axis": "y", "origin": [12.43768, 14.4106, 13.43503]},
			"faces": {
				"north": {"uv": [9.5, 9, 10, 10], "texture": "#0"},
				"east": {"uv": [9.5, 9, 10, 10], "texture": "#0"},
				"south": {"uv": [9.5, 9, 10, 10], "texture": "#0"},
				"west": {"uv": [9.5, 9, 10, 10], "texture": "#0"},
				"up": {"uv": [9.5, 9, 10, 9.625], "texture": "#0"},
				"down": {"uv": [9.5, 9, 10, 9.625], "texture": "#0"}
			}
		},
		{
			"from": [8.13766, 9.5134, 7.46667],
			"to": [8.59966, 10.2526, 7.83627],
			"rotation": {"angle": 0, "axis": "y", "origin": [2.96326, 14.4106, 13.01067]},
			"faces": {
				"north": {"uv": [9.5, 9, 10, 10], "texture": "#0"},
				"east": {"uv": [9.5, 9, 10, 10], "texture": "#0"},
				"south": {"uv": [9.5, 9, 10, 10], "texture": "#0"},
				"west": {"uv": [9.5, 9, 10, 10], "texture": "#0"},
				"up": {"uv": [9.5, 9, 10, 9.625], "rotation": 90, "texture": "#0"},
				"down": {"uv": [9.5, 9, 10, 9.625], "rotation": 270, "texture": "#0"}
			}
		},
		{
			"from": [7.63288, 9.7906, 7.79863],
			"to": [8.00248, 10.5298, 8.26063],
			"rotation": {"angle": 0, "axis": "y", "origin": [13.17688, 14.6878, 13.43503]},
			"faces": {
				"north": {"uv": [8.5, 8.5, 9, 9.5], "texture": "#0"},
				"east": {"uv": [8.5, 8.5, 9, 9.5], "texture": "#0"},
				"south": {"uv": [8.5, 8.5, 9, 9.5], "texture": "#0"},
				"west": {"uv": [8.5, 8.5, 9, 9.5], "texture": "#0"},
				"up": {"uv": [8.5, 8.5, 9, 9.5], "texture": "#0"},
				"down": {"uv": [8.5, 8.5, 9, 9.5], "texture": "#0"}
			}
		},
		{
			"from": [8.00248, 10.1602, 7.79863],
			"to": [8.37208, 11.269, 8.26063],
			"rotation": {"angle": 0, "axis": "y", "origin": [13.54648, 15.0574, 13.43503]},
			"faces": {
				"north": {"uv": [8, 7.5, 8.5, 9], "texture": "#0"},
				"east": {"uv": [8, 7.5, 8.5, 9], "texture": "#0"},
				"south": {"uv": [8, 7.5, 8.5, 9], "texture": "#0"},
				"west": {"uv": [8, 7.5, 8.5, 9], "texture": "#0"},
				"up": {"uv": [8, 7.5, 8.5, 9], "texture": "#0"},
				"down": {"uv": [8, 7.5, 8.5, 8.125], "texture": "#0"}
			}
		},
		{
			"from": [8.37208, 10.807, 7.79863],
			"to": [8.74168, 12.3778, 8.26063],
			"rotation": {"angle": 0, "axis": "y", "origin": [13.91608, 15.7042, 13.43503]},
			"faces": {
				"north": {"uv": [7.5, 6, 8, 8], "texture": "#0"},
				"east": {"uv": [7.5, 6, 8, 8], "texture": "#0"},
				"south": {"uv": [7.5, 6, 8, 8], "texture": "#0"},
				"west": {"uv": [7.5, 6, 8, 8], "texture": "#0"},
				"up": {"uv": [7.5, 6, 8, 8], "texture": "#0"},
				"down": {"uv": [7.5, 6, 8, 6.625], "texture": "#0"}
			}
		},
		{
			"from": [6.52408, 9.7906, 7.79863],
			"to": [6.89368, 10.5298, 8.26063],
			"rotation": {"angle": 0, "axis": "y", "origin": [12.06808, 14.6878, 13.43503]},
			"faces": {
				"north": {"uv": [10, 8.5, 10.5, 9.5], "texture": "#0"},
				"east": {"uv": [10, 8.5, 10.5, 9.5], "texture": "#0"},
				"south": {"uv": [10, 8.5, 10.5, 9.5], "texture": "#0"},
				"west": {"uv": [10, 8.5, 10.5, 9.5], "texture": "#0"},
				"up": {"uv": [10, 8.5, 10.5, 9.5], "texture": "#0"},
				"down": {"uv": [10, 8.5, 10.5, 9.5], "texture": "#0"}
			}
		},
		{
			"from": [8.13766, 9.7906, 7.09707],
			"to": [8.59966, 10.5298, 7.46667],
			"rotation": {"angle": 0, "axis": "y", "origin": [2.96326, 14.6878, 12.64107]},
			"faces": {
				"north": {"uv": [10, 8.5, 10.5, 9.5], "texture": "#0"},
				"east": {"uv": [10, 8.5, 10.5, 9.5], "texture": "#0"},
				"south": {"uv": [10, 8.5, 10.5, 9.5], "texture": "#0"},
				"west": {"uv": [10, 8.5, 10.5, 9.5], "texture": "#0"},
				"up": {"uv": [10, 8.5, 10.5, 9.5], "rotation": 90, "texture": "#0"},
				"down": {"uv": [10, 8.5, 10.5, 9.5], "rotation": 270, "texture": "#0"}
			}
		},
		{
			"from": [6.15448, 10.1602, 7.79863],
			"to": [6.52408, 10.8994, 8.26063],
			"rotation": {"angle": 0, "axis": "y", "origin": [11.69848, 15.0574, 13.43503]},
			"faces": {
				"north": {"uv": [10.5, 8, 11, 9], "texture": "#0"},
				"east": {"uv": [10.5, 8, 11, 9], "texture": "#0"},
				"south": {"uv": [10.5, 8, 11, 9], "texture": "#0"},
				"west": {"uv": [10.5, 8, 11, 9], "texture": "#0"},
				"up": {"uv": [10.5, 8, 11, 8.625], "texture": "#0"},
				"down": {"uv": [10.5, 8, 11, 8.625], "texture": "#0"}
			}
		},
		{
			"from": [8.13766, 10.1602, 6.72747],
			"to": [8.59966, 10.8994, 7.09707],
			"rotation": {"angle": 0, "axis": "y", "origin": [2.96326, 15.0574, 12.27147]},
			"faces": {
				"north": {"uv": [10.5, 8, 11, 9], "texture": "#0"},
				"east": {"uv": [10.5, 8, 11, 9], "texture": "#0"},
				"south": {"uv": [10.5, 8, 11, 9], "texture": "#0"},
				"west": {"uv": [10.5, 8, 11, 9], "texture": "#0"},
				"up": {"uv": [10.5, 8, 11, 8.625], "rotation": 90, "texture": "#0"},
				"down": {"uv": [10.5, 8, 11, 8.625], "rotation": 270, "texture": "#0"}
			}
		},
		{
			"from": [5.78488, 10.5298, 7.79863],
			"to": [6.15448, 11.269, 8.26063],
			"rotation": {"angle": 0, "axis": "y", "origin": [11.32888, 15.427, 13.43503]},
			"faces": {
				"north": {"uv": [11, 7.5, 11.5, 8.5], "texture": "#0"},
				"east": {"uv": [11, 7.5, 11.5, 8.5], "texture": "#0"},
				"south": {"uv": [11, 7.5, 11.5, 8.5], "texture": "#0"},
				"west": {"uv": [11, 7.5, 11.5, 8.5], "texture": "#0"},
				"up": {"uv": [11, 7.5, 11.5, 8.125], "texture": "#0"},
				"down": {"uv": [11, 7.5, 11.5, 8.125], "texture": "#0"}
			}
		},
		{
			"from": [8.13766, 10.5298, 6.35787],
			"to": [8.59966, 11.269, 6.72747],
			"rotation": {"angle": 0, "axis": "y", "origin": [2.96326, 15.427, 11.90187]},
			"faces": {
				"north": {"uv": [11, 7.5, 11.5, 8.5], "texture": "#0"},
				"east": {"uv": [11, 7.5, 11.5, 8.5], "texture": "#0"},
				"south": {"uv": [11, 7.5, 11.5, 8.5], "texture": "#0"},
				"west": {"uv": [11, 7.5, 11.5, 8.5], "texture": "#0"},
				"up": {"uv": [11, 7.5, 11.5, 8.125], "rotation": 90, "texture": "#0"},
				"down": {"uv": [11, 7.5, 11.5, 8.125], "rotation": 270, "texture": "#0"}
			}
		},
		{
			"from": [5.04568, 10.8994, 7.79863],
			"to": [5.41528, 11.6386, 8.26063],
			"rotation": {"angle": 0, "axis": "y", "origin": [10.58968, 15.7966, 13.43503]},
			"faces": {
				"north": {"uv": [12, 7, 12.5, 8], "texture": "#0"},
				"east": {"uv": [12, 7, 12.5, 8], "texture": "#0"},
				"south": {"uv": [12, 7, 12.5, 8], "texture": "#0"},
				"west": {"uv": [12, 7, 12.5, 8], "texture": "#0"},
				"up": {"uv": [12, 7, 12.5, 7.625], "texture": "#0"},
				"down": {"uv": [12, 7, 12.5, 7.625], "texture": "#0"}
			}
		},
		{
			"from": [8.13766, 10.8994, 5.61867],
			"to": [8.59966, 11.6386, 5.98827],
			"rotation": {"angle": 0, "axis": "y", "origin": [2.96326, 15.7966, 11.16267]},
			"faces": {
				"north": {"uv": [12, 7, 12.5, 8], "texture": "#0"},
				"east": {"uv": [12, 7, 12.5, 8], "texture": "#0"},
				"south": {"uv": [12, 7, 12.5, 8], "texture": "#0"},
				"west": {"uv": [12, 7, 12.5, 8], "texture": "#0"},
				"up": {"uv": [12, 7, 12.5, 7.625], "rotation": 90, "texture": "#0"},
				"down": {"uv": [12, 7, 12.5, 7.625], "rotation": 270, "texture": "#0"}
			}
		},
		{
			"from": [5.41528, 10.8994, 7.79863],
			"to": [5.78488, 11.269, 8.26063],
			"rotation": {"angle": 0, "axis": "y", "origin": [10.95928, 15.7966, 13.43503]},
			"faces": {
				"north": {"uv": [11.5, 7.5, 12, 8], "texture": "#0"},
				"east": {"uv": [11.5, 7.5, 12, 8], "texture": "#0"},
				"south": {"uv": [11.5, 7.5, 12, 8], "texture": "#0"},
				"west": {"uv": [11.5, 7.5, 12, 8], "texture": "#0"},
				"up": {"uv": [11.5, 7.5, 12, 8], "texture": "#0"},
				"down": {"uv": [11.5, 7.5, 12, 8], "texture": "#0"}
			}
		},
		{
			"from": [8.13766, 10.8994, 5.98827],
			"to": [8.59966, 11.269, 6.35787],
			"rotation": {"angle": 0, "axis": "y", "origin": [2.96326, 15.7966, 11.53227]},
			"faces": {
				"north": {"uv": [11.5, 7.5, 12, 8], "texture": "#0"},
				"east": {"uv": [11.5, 7.5, 12, 8], "texture": "#0"},
				"south": {"uv": [11.5, 7.5, 12, 8], "texture": "#0"},
				"west": {"uv": [11.5, 7.5, 12, 8], "texture": "#0"},
				"up": {"uv": [11.5, 7.5, 12, 8], "rotation": 90, "texture": "#0"},
				"down": {"uv": [11.5, 7.5, 12, 8], "rotation": 270, "texture": "#0"}
			}
		},
		{
			"from": [4.67608, 11.269, 7.79863],
			"to": [5.04568, 11.6386, 8.26063],
			"rotation": {"angle": 0, "axis": "y", "origin": [10.22008, 16.1662, 13.43503]},
			"faces": {
				"north": {"uv": [13, 7, 13.5, 7.5], "texture": "#0"},
				"east": {"uv": [13, 7, 13.5, 7.5], "texture": "#0"},
				"south": {"uv": [13, 7, 13.5, 7.5], "texture": "#0"},
				"west": {"uv": [13, 7, 13.5, 7.5], "texture": "#0"},
				"up": {"uv": [13, 7, 13.5, 7.5], "texture": "#0"},
				"down": {"uv": [13, 7, 13.5, 7.5], "texture": "#0"}
			}
		},
		{
			"from": [8.13766, 11.269, 5.24907],
			"to": [8.59966, 11.6386, 5.61867],
			"rotation": {"angle": 0, "axis": "y", "origin": [2.96326, 16.1662, 10.79307]},
			"faces": {
				"north": {"uv": [13, 7, 13.5, 7.5], "texture": "#0"},
				"east": {"uv": [13, 7, 13.5, 7.5], "texture": "#0"},
				"south": {"uv": [13, 7, 13.5, 7.5], "texture": "#0"},
				"west": {"uv": [13, 7, 13.5, 7.5], "texture": "#0"},
				"up": {"uv": [13, 7, 13.5, 7.5], "rotation": 90, "texture": "#0"},
				"down": {"uv": [13, 7, 13.5, 7.5], "rotation": 270, "texture": "#0"}
			}
		},
		{
			"from": [3.93688, 10.8994, 7.79863],
			"to": [4.30648, 11.269, 8.16823],
			"rotation": {"angle": 0, "axis": "y", "origin": [9.48088, 15.7966, 13.43503]},
			"faces": {
				"north": {"uv": [13.5, 7.5, 14, 8], "texture": "#0"},
				"east": {"uv": [8, 11.5, 8.5, 12], "texture": "#0"},
				"south": {"uv": [13.5, 7.5, 14, 8], "texture": "#0"},
				"west": {"uv": [13, 7, 14.5, 7.5], "texture": "#0"},
				"up": {"uv": [0, 0, 0.125, 0.125], "texture": "#missing"},
				"down": {"uv": [13.5, 7.5, 14, 8], "texture": "#0"}
			}
		},
		{
			"from": [8.23006, 10.8994, 4.50987],
			"to": [8.59966, 11.269, 4.87947],
			"rotation": {"angle": 0, "axis": "y", "origin": [2.96326, 15.7966, 10.05387]},
			"faces": {
				"north": {"uv": [13, 7, 14.5, 7.5], "texture": "#0"},
				"east": {"uv": [13.5, 7.5, 14, 8], "texture": "#0"},
				"south": {"uv": [8, 11.5, 8.5, 12], "texture": "#0"},
				"west": {"uv": [13.5, 7.5, 14, 8], "texture": "#0"},
				"up": {"uv": [0, 0, 0.125, 0.125], "rotation": 90, "texture": "#missing"},
				"down": {"uv": [13.5, 7.5, 14, 8], "rotation": 270, "texture": "#0"}
			}
		},
		{
			"from": [8.00248, 11.5462, 7.79863],
			"to": [8.37208, 12.2854, 8.16823],
			"rotation": {"angle": 0, "axis": "y", "origin": [13.54648, 16.4434, 13.43503]},
			"faces": {
				"north": {"uv": [8, 6, 8.5, 7], "texture": "#0"},
				"east": {"uv": [8, 6, 8.5, 7], "texture": "#0"},
				"south": {"uv": [8, 6, 8.5, 7], "texture": "#0"},
				"west": {"uv": [8, 6, 8.5, 7], "texture": "#0"},
				"up": {"uv": [8, 6, 8.5, 7], "texture": "#0"},
				"down": {"uv": [8, 6, 8.5, 6.5], "texture": "#0"}
			}
		},
		{
			"from": [3.56728, 11.269, 7.47523],
			"to": [4.67608, 11.6386, 8.58403],
			"rotation": {"angle": 0, "axis": "y", "origin": [9.48088, 16.1662, 13.11163]},
			"faces": {
				"north": {"uv": [13, 7, 14.5, 7.5], "texture": "#0"},
				"east": {"uv": [13, 7, 14.5, 7.5], "texture": "#0"},
				"south": {"uv": [13, 7, 14.5, 7.5], "texture": "#0"},
				"west": {"uv": [13, 7, 14.5, 7.5], "texture": "#0"},
				"up": {"uv": [13, 7, 14.5, 7.5], "texture": "#0"},
				"down": {"uv": [13, 7, 14.5, 7.5], "texture": "#0"}
			}
		},
		{
			"from": [7.81426, 11.269, 4.14027],
			"to": [8.92306, 11.6386, 5.24907],
			"rotation": {"angle": 0, "axis": "y", "origin": [3.28666, 16.1662, 10.05387]},
			"faces": {
				"north": {"uv": [13, 7, 14.5, 7.5], "texture": "#0"},
				"east": {"uv": [13, 7, 14.5, 7.5], "texture": "#0"},
				"south": {"uv": [13, 7, 14.5, 7.5], "texture": "#0"},
				"west": {"uv": [13, 7, 14.5, 7.5], "texture": "#0"},
				"up": {"uv": [13, 7, 14.5, 7.5], "rotation": 90, "texture": "#0"},
				"down": {"uv": [13, 7, 14.5, 7.5], "rotation": 270, "texture": "#0"}
			}
		},
		{
			"from": [3.19768, 11.6386, 7.10563],
			"to": [5.04568, 12.0082, 8.95363],
			"rotation": {"angle": 0, "axis": "y", "origin": [9.48088, 16.5358, 12.74203]},
			"faces": {
				"north": {"uv": [12.5, 6.5, 15, 7], "texture": "#0"},
				"east": {"uv": [12.5, 6.5, 15, 7], "texture": "#0"},
				"south": {"uv": [12.5, 6.5, 15, 7], "texture": "#0"},
				"west": {"uv": [12.5, 6.5, 15, 7], "texture": "#0"},
				"up": {"uv": [12.5, 6.5, 15, 7], "texture": "#0"},
				"down": {"uv": [12.5, 6.5, 15, 7], "texture": "#0"}
			}
		},
		{
			"from": [7.44466, 11.6386, 3.77067],
			"to": [9.29266, 12.0082, 5.61867],
			"rotation": {"angle": 0, "axis": "y", "origin": [3.65626, 16.5358, 10.05387]},
			"faces": {
				"north": {"uv": [12.5, 6.5, 15, 7], "texture": "#0"},
				"east": {"uv": [12.5, 6.5, 15, 7], "texture": "#0"},
				"south": {"uv": [12.5, 6.5, 15, 7], "texture": "#0"},
				"west": {"uv": [12.5, 6.5, 15, 7], "texture": "#0"},
				"up": {"uv": [12.5, 6.5, 15, 7], "rotation": 90, "texture": "#0"},
				"down": {"uv": [12.5, 6.5, 15, 7], "rotation": 270, "texture": "#0"}
			}
		},
		{
			"from": [3.19768, 12.0082, 6.87463],
			"to": [5.50768, 12.3778, 9.18463],
			"rotation": {"angle": 0, "axis": "y", "origin": [9.94288, 16.9054, 12.51103]},
			"faces": {
				"north": {"uv": [12, 6, 15, 6.5], "texture": "#0"},
				"east": {"uv": [12, 6, 15, 6.5], "texture": "#0"},
				"south": {"uv": [12, 6, 15, 6.5], "texture": "#0"},
				"west": {"uv": [12, 6, 15, 6.5], "texture": "#0"},
				"up": {"uv": [12, 6, 15, 6.5], "texture": "#0"},
				"down": {"uv": [12, 6, 15, 6.5], "texture": "#0"}
			}
		},
		{
			"from": [7.21366, 12.0082, 3.77067],
			"to": [9.52366, 12.3778, 6.08067],
			"rotation": {"angle": 0, "axis": "y", "origin": [3.88726, 16.9054, 10.51587]},
			"faces": {
				"north": {"uv": [12, 6, 15, 6.5], "texture": "#0"},
				"east": {"uv": [12, 6, 15, 6.5], "texture": "#0"},
				"south": {"uv": [12, 6, 15, 6.5], "texture": "#0"},
				"west": {"uv": [12, 6, 15, 6.5], "texture": "#0"},
				"up": {"uv": [12, 6, 15, 6.5], "rotation": 90, "texture": "#0"},
				"down": {"uv": [12, 6, 15, 6.5], "rotation": 270, "texture": "#0"}
			}
		},
		{
			"from": [3.56728, 12.3778, 7.29043],
			"to": [5.04568, 12.7474, 8.76883],
			"rotation": {"angle": 0, "axis": "y", "origin": [10.03528, 17.275, 12.92683]},
			"faces": {
				"north": {"uv": [12.5, 5.5, 14.5, 6], "texture": "#0"},
				"east": {"uv": [12.5, 5.5, 14.5, 6], "texture": "#0"},
				"south": {"uv": [12.5, 5.5, 14.5, 6], "texture": "#0"},
				"west": {"uv": [12.5, 5.5, 14.5, 6], "texture": "#0"},
				"up": {"uv": [12.5, 5.5, 14.5, 6], "texture": "#0"},
				"down": {"uv": [12.5, 5.5, 14.5, 6], "texture": "#0"}
			}
		},
		{
			"from": [7.62946, 12.3778, 4.14027],
			"to": [9.10786, 12.7474, 5.61867],
			"rotation": {"angle": 0, "axis": "y", "origin": [3.47146, 17.275, 10.60827]},
			"faces": {
				"north": {"uv": [12.5, 5.5, 14.5, 6], "texture": "#0"},
				"east": {"uv": [12.5, 5.5, 14.5, 6], "texture": "#0"},
				"south": {"uv": [12.5, 5.5, 14.5, 6], "texture": "#0"},
				"west": {"uv": [12.5, 5.5, 14.5, 6], "texture": "#0"},
				"up": {"uv": [12.5, 5.5, 14.5, 6], "rotation": 90, "texture": "#0"},
				"down": {"uv": [12.5, 5.5, 14.5, 6], "rotation": 270, "texture": "#0"}
			}
		},
		{
			"from": [3.93688, 12.7474, 7.66003],
			"to": [4.67608, 13.117, 8.39923],
			"rotation": {"angle": 0, "axis": "y", "origin": [10.40488, 17.6446, 13.29643]},
			"faces": {
				"north": {"uv": [13, 5, 14, 5.5], "texture": "#0"},
				"east": {"uv": [13, 5, 14, 5.5], "texture": "#0"},
				"south": {"uv": [13, 5, 14, 5.5], "texture": "#0"},
				"west": {"uv": [13, 5, 14, 5.5], "texture": "#0"},
				"up": {"uv": [13, 5, 14, 5.5], "texture": "#0"},
				"down": {"uv": [13, 5, 14, 5.5], "texture": "#0"}
			}
		},
		{
			"from": [7.99906, 12.7474, 4.50987],
			"to": [8.73826, 13.117, 5.24907],
			"rotation": {"angle": 0, "axis": "y", "origin": [3.10186, 17.6446, 10.97787]},
			"faces": {
				"north": {"uv": [13, 5, 14, 5.5], "texture": "#0"},
				"east": {"uv": [13, 5, 14, 5.5], "texture": "#0"},
				"south": {"uv": [13, 5, 14, 5.5], "texture": "#0"},
				"west": {"uv": [13, 5, 14, 5.5], "texture": "#0"},
				"up": {"uv": [13, 5, 14, 5.5], "rotation": 90, "texture": "#0"},
				"down": {"uv": [13, 5, 14, 5.5], "rotation": 270, "texture": "#0"}
			}
		},
		{
			"from": [8.74168, 11.6386, 7.79863],
			"to": [9.11128, 12.0082, 8.26063],
			"rotation": {"angle": 0, "axis": "y", "origin": [14.28568, 16.5358, 13.43503]},
			"faces": {
				"north": {"uv": [7, 6.5, 7.5, 7], "texture": "#0"},
				"east": {"uv": [7, 6.5, 7.5, 7], "texture": "#0"},
				"south": {"uv": [7, 6.5, 7.5, 7], "texture": "#0"},
				"west": {"uv": [7, 6.5, 7.5, 7], "texture": "#0"},
				"up": {"uv": [7, 6.5, 7.5, 7], "texture": "#0"},
				"down": {"uv": [7, 6.5, 7.5, 7], "texture": "#0"}
			}
		},
		{
			"from": [7.26328, 9.421, 7.79863],
			"to": [7.63288, 9.7906, 8.26063],
			"rotation": {"angle": 0, "axis": "y", "origin": [12.80728, 14.3182, 13.43503]},
			"faces": {
				"north": {"uv": [9, 9.5, 9.5, 10], "texture": "#0"},
				"east": {"uv": [9, 9.5, 9.5, 10], "texture": "#0"},
				"south": {"uv": [9, 9.5, 9.5, 10], "texture": "#0"},
				"west": {"uv": [9, 9.5, 9.5, 10], "texture": "#0"},
				"up": {"uv": [9, 9.5, 9.5, 10], "texture": "#0"},
				"down": {"uv": [9, 9.5, 9.5, 10], "texture": "#0"}
			}
		},
		{
			"from": [7.17088, 7.573, 7.56763],
			"to": [8.09488, 7.9426, 8.49163],
			"rotation": {"angle": 0, "axis": "y", "origin": [13.26928, 10.807, 13.66603]},
			"faces": {
				"north": {"uv": [8.5, 12, 9.5, 12.5], "texture": "#0"},
				"east": {"uv": [8.5, 12, 9.5, 12.5], "texture": "#0"},
				"south": {"uv": [8.5, 12, 9.5, 12.5], "texture": "#0"},
				"west": {"uv": [8.5, 12, 9.5, 12.5], "texture": "#0"},
				"up": {"uv": [8.5, 12, 9.5, 12.5], "texture": "#0"},
				"down": {"uv": [8.5, 12, 9.5, 12.5], "texture": "#0"}
			}
		},
		{
			"from": [6.80128, 7.9426, 7.24423],
			"to": [8.46448, 8.3122, 8.81503],
			"rotation": {"angle": 0, "axis": "y", "origin": [13.17688, 11.1766, 13.34263]},
			"faces": {
				"north": {"uv": [8, 11.5, 10, 12], "texture": "#0"},
				"east": {"uv": [8, 11.5, 10, 12], "texture": "#0"},
				"south": {"uv": [8, 11.5, 10, 12], "texture": "#0"},
				"west": {"uv": [8, 11.5, 10, 12], "texture": "#0"},
				"up": {"uv": [8, 11.5, 10, 12], "texture": "#0"},
				"down": {"uv": [8, 11.5, 10, 12], "texture": "#0"}
			}
		},
		{
			"from": [6.52408, 8.3122, 7.01323],
			"to": [8.46448, 8.6818, 9.04603],
			"rotation": {"angle": 0, "axis": "y", "origin": [13.36168, 11.5462, 13.11163]},
			"faces": {
				"north": {"uv": [8, 11, 10.5, 11.5], "texture": "#0"},
				"east": {"uv": [8, 11, 10.5, 11.5], "texture": "#0"},
				"south": {"uv": [8, 11, 10.5, 11.5], "texture": "#0"},
				"west": {"uv": [8, 11, 10.5, 11.5], "texture": "#0"},
				"up": {"uv": [8, 11, 10.5, 11.5], "texture": "#0"},
				"down": {"uv": [8, 11, 10.5, 11.5], "texture": "#0"}
			}
		},
		{
			"from": [6.89368, 9.0514, 7.24423],
			"to": [8.74168, 9.421, 8.81503],
			"rotation": {"angle": 0, "axis": "y", "origin": [13.54648, 12.2854, 13.34263]},
			"faces": {
				"north": {"uv": [7.5, 10, 10, 10.5], "texture": "#0"},
				"east": {"uv": [7.5, 10, 10, 10.5], "texture": "#0"},
				"south": {"uv": [7.5, 10, 10, 10.5], "texture": "#0"},
				"west": {"uv": [7.5, 10, 10, 10.5], "texture": "#0"},
				"up": {"uv": [7.5, 10, 10, 10.5], "texture": "#0"},
				"down": {"uv": [7.5, 10, 10, 10.5], "texture": "#0"}
			}
		},
		{
			"from": [7.63288, 9.421, 7.66003],
			"to": [8.37208, 9.7906, 8.39923],
			"rotation": {"angle": 0, "axis": "y", "origin": [13.54648, 12.655, 13.75843]},
			"faces": {
				"north": {"uv": [8, 9.5, 9, 10], "texture": "#0"},
				"east": {"uv": [8, 9.5, 9, 10], "texture": "#0"},
				"south": {"uv": [8, 9.5, 9, 10], "texture": "#0"},
				"west": {"uv": [8, 9.5, 9, 10], "texture": "#0"},
				"up": {"uv": [8, 9.5, 9, 10.5], "texture": "#0"},
				"down": {"uv": [8, 9.5, 9.125, 10.625], "texture": "#0"}
			}
		}
	],
	"display": {
		"thirdperson_righthand": {
			"rotation": [75, 45, 0],
			"translation": [0, 1.5, 2.5],
			"scale": [0.375, 0.375, 0.375]
		},
		"thirdperson_lefthand": {
			"rotation": [75, 45, 0],
			"translation": [0, 1.5, 2.5],
			"scale": [0.375, 0.375, 0.375]
		},
		"firstperson_righthand": {
			"rotation": [0, 45, 0],
			"translation": [0, 2.2, 0],
			"scale": [0.4, 0.4, 0.4]
		},
		"firstperson_lefthand": {
			"rotation": [0, 45, 0],
			"translation": [0, 2.2, 0],
			"scale": [0.4, 0.4, 0.4]
		},
		"ground": {
			"translation": [0, 3, 0],
			"scale": [0.75, 0.75, 0.75]
		},
		"gui": {
			"rotation": [30, 225, 0],
			"translation": [0, 1, 0]
		},
		"head": {
			"translation": [0, 14.5, 0]
		}
	},
	"groups": [
		{
			"name": "group",
			"origin": [15, 10.5, 15.75],
			"children": [0, 1, 2, 3, 4, 5, 6, 7, 8, 9, 10, 11, 12, 13, 14, 15, 16, 17, 18, 19, 20, 21, 22, 23, 24, 25, 26, 27, 28, 29, 30, 31, 32, 33, 34, 35, 36, 37, 38, 39, 40, 41, 42, 43, 44, 45, 46, 47, 48, 49, 50, 51, 52, 53, 54, 55, 56, 57, 58, 59, 60, 61, 62, 63, 64, 65, 66, 67, 68, 69, 70, 71, 72]
		}
	]
}