{
	"credit": "Made with Blockbench",
	"parent": "block/block",
	"ambientocclusion": false,
	"textures": {
		"0": "block/azure_bluet"
	},
	"elements": [
		{
			"from": [7.52049, 6.30185, 7.76445],
			"to": [7.93049, 7.53185, 8.17445],
			"rotation": {"angle": 0, "axis": "y", "origin": [14.08049, 12.04185, 14.32445]},
			"faces": {
				"north": {"uv": [8.5, 13.5, 9, 15], "texture": "#0"},
				"east": {"uv": [8.5, 13.5, 9, 15], "texture": "#0"},
				"south": {"uv": [8.5, 13.5, 9, 15], "texture": "#0"},
				"west": {"uv": [8.5, 13.5, 9, 15], "texture": "#0"},
				"up": {"uv": [8.5, 13.5, 9, 14], "texture": "#0"},
				"down": {"uv": [8.5, 14.5, 9, 15], "texture": "#0"}
			}
		},
		{
			"from": [7.93049, 5.98185, 7.76445],
			"to": [8.34049, 7.94185, 8.17445],
			"rotation": {"angle": 0, "axis": "y", "origin": [14.49049, 12.04185, 14.32445]},
			"faces": {
				"north": {"uv": [8, 13, 8.5, 16], "texture": "#0"},
				"east": {"uv": [8, 13, 8.5, 16], "texture": "#0"},
				"south": {"uv": [8, 13, 8.5, 16], "texture": "#0"},
				"west": {"uv": [8, 13, 8.5, 16], "texture": "#0"},
				"up": {"uv": [8, 13, 8.5, 13.5], "texture": "#0"},
				"down": {"uv": [8, 15.5, 8.5, 16], "texture": "#0"}
			}
		},
		{
			"from": [7.62299, 6.30185, 7.35445],
			"to": [8.03299, 7.53185, 7.76445],
			"rotation": {"angle": 0, "axis": "y", "origin": [1.47299, 12.04185, 13.91445]},
			"faces": {
				"north": {"uv": [8.5, 13.5, 9, 15], "texture": "#0"},
				"east": {"uv": [8.5, 13.5, 9, 15], "texture": "#0"},
				"south": {"uv": [8.5, 13.5, 9, 15], "texture": "#0"},
				"west": {"uv": [8.5, 13.5, 9, 15], "texture": "#0"},
				"up": {"uv": [8.5, 13.5, 9, 14], "rotation": 90, "texture": "#0"},
				"down": {"uv": [8.5, 14.5, 9, 15], "rotation": 270, "texture": "#0"}
			}
		},
		{
			"from": [7.11049, 7.12185, 7.76445],
			"to": [7.52049, 7.94185, 8.17445],
			"rotation": {"angle": 0, "axis": "y", "origin": [13.67049, 12.45185, 14.32445]},
			"faces": {
				"north": {"uv": [9, 13, 9.5, 14], "texture": "#0"},
				"east": {"uv": [9, 13, 9.5, 14], "texture": "#0"},
				"south": {"uv": [9, 13, 9.5, 14], "texture": "#0"},
				"west": {"uv": [9, 13, 9.5, 14], "texture": "#0"},
				"up": {"uv": [9, 13, 9.5, 13.5], "texture": "#0"},
				"down": {"uv": [9, 13, 9.5, 13.5], "texture": "#0"}
			}
		},
		{
			"from": [7.62299, 7.12185, 6.94445],
			"to": [8.03299, 7.94185, 7.35445],
			"rotation": {"angle": 0, "axis": "y", "origin": [1.47299, 12.45185, 13.50445]},
			"faces": {
				"north": {"uv": [9, 13, 9.5, 14], "texture": "#0"},
				"east": {"uv": [9, 13, 9.5, 14], "texture": "#0"},
				"south": {"uv": [9, 13, 9.5, 14], "texture": "#0"},
				"west": {"uv": [9, 13, 9.5, 14], "texture": "#0"},
				"up": {"uv": [9, 13, 9.5, 13.5], "rotation": 90, "texture": "#0"},
				"down": {"uv": [9, 13, 9.5, 13.5], "rotation": 270, "texture": "#0"}
			}
		},
		{
			"from": [6.70049, 7.53185, 7.76445],
			"to": [7.11049, 7.94185, 8.17445],
			"rotation": {"angle": 0, "axis": "y", "origin": [13.26049, 12.45185, 14.32445]},
			"faces": {
				"north": {"uv": [9.5, 13, 10, 13.5], "texture": "#0"},
				"east": {"uv": [9.5, 13, 10, 13.5], "texture": "#0"},
				"south": {"uv": [9.5, 13, 10, 13.5], "texture": "#0"},
				"west": {"uv": [9.5, 13, 10, 13.5], "texture": "#0"},
				"up": {"uv": [9.5, 13, 10, 13.5], "texture": "#0"},
				"down": {"uv": [9.5, 13, 10, 13.5], "texture": "#0"}
			}
		},
		{
			"from": [7.62299, 7.53185, 6.53445],
			"to": [8.03299, 7.94185, 6.94445],
			"rotation": {"angle": 0, "axis": "y", "origin": [1.47299, 12.45185, 13.09445]},
			"faces": {
				"north": {"uv": [9.5, 13, 10, 13.5], "texture": "#0"},
				"east": {"uv": [9.5, 13, 10, 13.5], "texture": "#0"},
				"south": {"uv": [9.5, 13, 10, 13.5], "texture": "#0"},
				"west": {"uv": [9.5, 13, 10, 13.5], "texture": "#0"},
				"up": {"uv": [9.5, 13, 10, 13.5], "rotation": 90, "texture": "#0"},
				"down": {"uv": [9.5, 13, 10, 13.5], "rotation": 270, "texture": "#0"}
			}
		},
		{
			"from": [6.29049, 7.94185, 7.76445],
			"to": [7.11049, 8.35185, 8.17445],
			"rotation": {"angle": 0, "axis": "y", "origin": [13.26049, 12.86185, 14.32445]},
			"faces": {
				"north": {"uv": [9.5, 12.5, 10.5, 13], "texture": "#0"},
				"east": {"uv": [9.5, 12.5, 10, 13], "texture": "#0"},
				"south": {"uv": [9.5, 12.5, 10.5, 13], "texture": "#0"},
				"west": {"uv": [9.5, 12.5, 10, 13], "texture": "#0"},
				"up": {"uv": [9.5, 12.5, 10.5, 13], "texture": "#0"},
				"down": {"uv": [9.5, 12.5, 10.5, 13], "texture": "#0"}
			}
		},
		{
			"from": [7.62299, 7.94185, 6.12445],
			"to": [8.03299, 8.35185, 6.94445],
			"rotation": {"angle": 0, "axis": "y", "origin": [1.47299, 12.86185, 13.09445]},
			"faces": {
				"north": {"uv": [9.5, 12.5, 10, 13], "texture": "#0"},
				"east": {"uv": [9.5, 12.5, 10.5, 13], "texture": "#0"},
				"south": {"uv": [9.5, 12.5, 10, 13], "texture": "#0"},
				"west": {"uv": [9.5, 12.5, 10.5, 13], "texture": "#0"},
				"up": {"uv": [9.5, 12.5, 10.5, 13], "rotation": 90, "texture": "#0"},
				"down": {"uv": [9.5, 12.5, 10.5, 13], "rotation": 270, "texture": "#0"}
			}
		},
		{
			"from": [7.52049, 7.94185, 7.76445],
			"to": [8.75049, 8.35185, 8.17445],
			"rotation": {"angle": 0, "axis": "y", "origin": [14.90049, 12.86185, 14.32445]},
			"faces": {
				"north": {"uv": [7.5, 12.5, 9, 13], "texture": "#0"},
				"east": {"uv": [7.5, 12.5, 8, 13], "texture": "#0"},
				"south": {"uv": [7.5, 12.5, 9, 13], "texture": "#0"},
				"west": {"uv": [7.5, 12.5, 8, 13], "texture": "#0"},
				"up": {"uv": [7.5, 12.5, 9, 13], "texture": "#0"},
				"down": {"uv": [7.5, 12.5, 9, 13], "texture": "#0"}
			}
		},
		{
			"from": [7.62299, 7.94185, 7.35445],
			"to": [8.03299, 8.35185, 8.58445],
			"rotation": {"angle": 0, "axis": "y", "origin": [1.47299, 12.86185, 14.73445]},
			"faces": {
				"north": {"uv": [7.5, 12.5, 8, 13], "texture": "#0"},
				"east": {"uv": [7.5, 12.5, 9, 13], "texture": "#0"},
				"south": {"uv": [7.5, 12.5, 8, 13], "texture": "#0"},
				"west": {"uv": [7.5, 12.5, 9, 13], "texture": "#0"},
				"up": {"uv": [7.5, 12.5, 9, 13], "rotation": 90, "texture": "#0"},
				"down": {"uv": [7.5, 12.5, 9, 13], "rotation": 270, "texture": "#0"}
			}
		},
		{
			"from": [7.52049, 8.35185, 7.76445],
			"to": [8.75049, 8.76185, 8.17445],
			"rotation": {"angle": 0, "axis": "y", "origin": [14.90049, 13.27185, 14.32445]},
			"faces": {
				"north": {"uv": [7.5, 12, 9, 12.5], "texture": "#0"},
				"east": {"uv": [7.5, 12, 9, 12.5], "texture": "#0"},
				"south": {"uv": [7.5, 12, 9, 12.5], "texture": "#0"},
				"west": {"uv": [7.5, 12, 8, 12.5], "texture": "#0"},
				"up": {"uv": [7.5, 12, 9, 12.5], "texture": "#0"},
				"down": {"uv": [0, 0, 0.125, 0.125], "texture": "#0"}
			}
		},
		{
			"from": [7.62299, 8.35185, 7.35445],
			"to": [8.03299, 8.76185, 8.58445],
			"rotation": {"angle": 0, "axis": "y", "origin": [1.47299, 13.27185, 14.73445]},
			"faces": {
				"north": {"uv": [7.5, 12, 8, 12.5], "texture": "#0"},
				"east": {"uv": [7.5, 12, 9, 12.5], "texture": "#0"},
				"south": {"uv": [7.5, 12, 9, 12.5], "texture": "#0"},
				"west": {"uv": [7.5, 12, 9, 12.5], "texture": "#0"},
				"up": {"uv": [7.5, 12, 9, 12.5], "rotation": 90, "texture": "#0"},
				"down": {"uv": [0, 0, 0.125, 0.125], "rotation": 270, "texture": "#0"}
			}
		},
		{
			"from": [7.11049, 8.76185, 7.76445],
			"to": [7.93049, 9.17185, 8.07195],
			"rotation": {"angle": 0, "axis": "y", "origin": [14.49049, 13.68185, 14.32445]},
			"faces": {
				"north": {"uv": [8.5, 11.5, 9.5, 12], "texture": "#0"},
				"east": {"uv": [8.5, 11.5, 8.875, 12], "texture": "#0"},
				"south": {"uv": [8.5, 11.5, 9.5, 12], "texture": "#0"},
				"west": {"uv": [8.5, 11.5, 8.875, 12], "texture": "#0"},
				"up": {"uv": [8.5, 11.5, 9.5, 12], "texture": "#0"},
				"down": {"uv": [8.5, 11.5, 9.5, 12], "texture": "#0"}
			}
		},
		{
			"from": [7.72549, 8.76185, 6.94445],
			"to": [8.03299, 9.17185, 7.76445],
			"rotation": {"angle": 0, "axis": "y", "origin": [1.47299, 13.68185, 14.32445]},
			"faces": {
				"north": {"uv": [8.5, 11.5, 8.875, 12], "texture": "#0"},
				"east": {"uv": [8.5, 11.5, 9.5, 12], "texture": "#0"},
				"south": {"uv": [8.5, 11.5, 8.875, 12], "texture": "#0"},
				"west": {"uv": [8.5, 11.5, 9.5, 12], "texture": "#0"},
				"up": {"uv": [8.5, 11.5, 9.5, 12], "rotation": 90, "texture": "#0"},
				"down": {"uv": [8.5, 11.5, 9.5, 12], "rotation": 270, "texture": "#0"}
			}
		},
		{
			"from": [7.11049, 9.17185, 7.76445],
			"to": [7.52049, 9.99185, 8.17445],
			"rotation": {"angle": 0, "axis": "y", "origin": [14.49049, 14.09185, 14.32445]},
			"faces": {
				"north": {"uv": [9, 10.5, 9.5, 11.5], "texture": "#0"},
				"east": {"uv": [9, 10.5, 9.5, 11.5], "texture": "#0"},
				"south": {"uv": [9, 10.5, 9.5, 11.5], "texture": "#0"},
				"west": {"uv": [9, 10.5, 9.5, 11.5], "texture": "#0"},
				"up": {"uv": [9, 10.5, 9.5, 11], "texture": "#0"},
				"down": {"uv": [9, 10.5, 9.5, 11], "texture": "#0"}
			}
		},
		{
			"from": [7.62299, 9.17185, 6.94445],
			"to": [8.03299, 9.99185, 7.35445],
			"rotation": {"angle": 0, "axis": "y", "origin": [1.47299, 14.09185, 14.32445]},
			"faces": {
				"north": {"uv": [9, 10.5, 9.5, 11.5], "texture": "#0"},
				"east": {"uv": [9, 10.5, 9.5, 11.5], "texture": "#0"},
				"south": {"uv": [9, 10.5, 9.5, 11.5], "texture": "#0"},
				"west": {"uv": [9, 10.5, 9.5, 11.5], "texture": "#0"},
				"up": {"uv": [9, 10.5, 9.5, 11], "rotation": 90, "texture": "#0"},
				"down": {"uv": [9, 10.5, 9.5, 11], "rotation": 270, "texture": "#0"}
			}
		},
		{
			"from": [6.70049, 9.58185, 7.86695],
			"to": [7.11049, 10.40185, 8.17445],
			"rotation": {"angle": 0, "axis": "y", "origin": [14.08049, 14.50185, 14.32445]},
			"faces": {
				"north": {"uv": [9.5, 10, 10, 11], "texture": "#0"},
				"east": {"uv": [9.5, 10, 10, 11], "texture": "#0"},
				"south": {"uv": [9.5, 10, 10, 11], "texture": "#0"},
				"west": {"uv": [9.5, 10, 10, 11], "texture": "#0"},
				"up": {"uv": [9.5, 10, 10, 10.375], "texture": "#0"},
				"down": {"uv": [9.5, 10, 10, 10.375], "texture": "#0"}
			}
		},
		{
			"from": [7.62299, 9.58185, 6.53445],
			"to": [7.93049, 10.40185, 6.94445],
			"rotation": {"angle": 0, "axis": "y", "origin": [1.47299, 14.50185, 13.91445]},
			"faces": {
				"north": {"uv": [9.5, 10, 10, 11], "texture": "#0"},
				"east": {"uv": [9.5, 10, 10, 11], "texture": "#0"},
				"south": {"uv": [9.5, 10, 10, 11], "texture": "#0"},
				"west": {"uv": [9.5, 10, 10, 11], "texture": "#0"},
				"up": {"uv": [9.5, 10, 10, 10.375], "rotation": 90, "texture": "#0"},
				"down": {"uv": [9.5, 10, 10, 10.375], "rotation": 270, "texture": "#0"}
			}
		},
		{
			"from": [6.29049, 10.40185, 7.76445],
			"to": [6.70049, 10.81185, 8.17445],
			"rotation": {"angle": 0, "axis": "y", "origin": [13.67049, 14.91185, 14.32445]},
			"faces": {
				"north": {"uv": [10, 9.5, 10.5, 10], "texture": "#0"},
				"east": {"uv": [10, 9.5, 10.5, 10], "texture": "#0"},
				"south": {"uv": [10, 9.5, 10.5, 10], "texture": "#0"},
				"west": {"uv": [10, 9.5, 10.5, 10], "texture": "#0"},
				"up": {"uv": [10, 9.5, 10.5, 10], "texture": "#0"},
				"down": {"uv": [10, 9.5, 10.5, 10], "texture": "#0"}
			}
		},
		{
			"from": [7.62299, 10.40185, 6.12445],
			"to": [8.03299, 10.81185, 6.53445],
			"rotation": {"angle": 0, "axis": "y", "origin": [1.47299, 14.91185, 13.50445]},
			"faces": {
				"north": {"uv": [10, 9.5, 10.5, 10], "texture": "#0"},
				"east": {"uv": [10, 9.5, 10.5, 10], "texture": "#0"},
				"south": {"uv": [10, 9.5, 10.5, 10], "texture": "#0"},
				"west": {"uv": [10, 9.5, 10.5, 10], "texture": "#0"},
				"up": {"uv": [10, 9.5, 10.5, 10], "rotation": 90, "texture": "#0"},
				"down": {"uv": [10, 9.5, 10.5, 10], "rotation": 270, "texture": "#0"}
			}
		},
		{
			"from": [8.34049, 8.76185, 7.76445],
			"to": [8.75049, 9.99185, 8.17445],
			"rotation": {"angle": 0, "axis": "y", "origin": [15.72049, 13.27185, 14.32445]},
			"faces": {
				"north": {"uv": [7.5, 10.5, 8, 12], "texture": "#0"},
				"east": {"uv": [7.5, 10.5, 8, 12], "texture": "#0"},
				"south": {"uv": [7.5, 10.5, 8, 12], "texture": "#0"},
				"west": {"uv": [7.5, 10.5, 8, 12], "texture": "#0"},
				"up": {"uv": [7.5, 10.5, 8, 11], "texture": "#0"},
				"down": {"uv": [7.5, 10.5, 8, 11], "texture": "#0"}
			}
		},
		{
			"from": [7.62299, 8.76185, 8.17445],
			"to": [8.03299, 9.99185, 8.58445],
			"rotation": {"angle": 0, "axis": "y", "origin": [1.47299, 13.27185, 15.55445]},
			"faces": {
				"north": {"uv": [7.5, 10.5, 8, 12], "texture": "#0"},
				"east": {"uv": [7.5, 10.5, 8, 12], "texture": "#0"},
				"south": {"uv": [7.5, 10.5, 8, 12], "texture": "#0"},
				"west": {"uv": [7.5, 10.5, 8, 12], "texture": "#0"},
				"up": {"uv": [7.5, 10.5, 8, 11], "rotation": 90, "texture": "#0"},
				"down": {"uv": [7.5, 10.5, 8, 11], "rotation": 270, "texture": "#0"}
			}
		},
		{
			"from": [8.75049, 8.76185, 7.76445],
			"to": [9.16049, 9.17185, 8.17445],
			"rotation": {"angle": 0, "axis": "y", "origin": [16.13049, 13.27185, 14.32445]},
			"faces": {
				"north": {"uv": [7, 11.5, 7.5, 12], "texture": "#0"},
				"east": {"uv": [7, 11.5, 7.5, 12], "texture": "#0"},
				"south": {"uv": [7, 11.5, 7.5, 12], "texture": "#0"},
				"west": {"uv": [7, 11.5, 7.5, 12], "texture": "#0"},
				"up": {"uv": [7, 11.5, 7.5, 12], "texture": "#0"},
				"down": {"uv": [7, 11.5, 7.5, 12], "texture": "#0"}
			}
		},
		{
			"from": [7.62299, 8.76185, 8.58445],
			"to": [8.03299, 9.17185, 8.99445],
			"rotation": {"angle": 0, "axis": "y", "origin": [1.47299, 13.27185, 15.96445]},
			"faces": {
				"north": {"uv": [7, 11.5, 7.5, 12], "texture": "#0"},
				"east": {"uv": [7, 11.5, 7.5, 12], "texture": "#0"},
				"south": {"uv": [7, 11.5, 7.5, 12], "texture": "#0"},
				"west": {"uv": [7, 11.5, 7.5, 12], "texture": "#0"},
				"up": {"uv": [7, 11.5, 7.5, 12], "rotation": 90, "texture": "#0"},
				"down": {"uv": [7, 11.5, 7.5, 12], "rotation": 270, "texture": "#0"}
			}
		},
		{
			"from": [8.75049, 8.76185, 7.76445],
			"to": [9.16049, 9.17185, 8.17445],
			"rotation": {"angle": 0, "axis": "y", "origin": [16.13049, 13.27185, 14.32445]},
			"faces": {
				"north": {"uv": [0, 0, 0.125, 0.125], "texture": "#0"},
				"east": {"uv": [0, 0, 0.125, 0.125], "texture": "#0"},
				"south": {"uv": [0, 0, 0.125, 0.125], "texture": "#0"},
				"west": {"uv": [0, 0, 0.125, 0.125], "texture": "#0"},
				"up": {"uv": [0, 0, 0.125, 0.125], "texture": "#0"},
				"down": {"uv": [0, 0, 0.125, 0.125], "texture": "#0"}
			}
		},
		{
			"from": [7.62299, 8.76185, 8.58445],
			"to": [8.03299, 9.17185, 8.99445],
			"rotation": {"angle": 0, "axis": "y", "origin": [1.47299, 13.27185, 15.96445]},
			"faces": {
				"north": {"uv": [0, 0, 0.125, 0.125], "texture": "#0"},
				"east": {"uv": [0, 0, 0.125, 0.125], "texture": "#0"},
				"south": {"uv": [0, 0, 0.125, 0.125], "texture": "#0"},
				"west": {"uv": [0, 0, 0.125, 0.125], "texture": "#0"},
				"up": {"uv": [0, 0, 0.125, 0.125], "rotation": 90, "texture": "#0"},
				"down": {"uv": [0, 0, 0.125, 0.125], "rotation": 270, "texture": "#0"}
			}
		},
		{
			"from": [9.16049, 9.17185, 7.76445],
			"to": [10.80049, 9.58185, 8.17445],
			"rotation": {"angle": 0, "axis": "y", "origin": [16.54049, 13.68185, 14.32445]},
			"faces": {
				"north": {"uv": [5, 11, 7, 11.5], "texture": "#0"},
				"east": {"uv": [5, 11, 5.5, 11.5], "texture": "#0"},
				"south": {"uv": [5, 11, 7, 11.5], "texture": "#0"},
				"west": {"uv": [5, 11, 5.5, 11.5], "texture": "#0"},
				"up": {"uv": [5, 11, 7, 11.5], "texture": "#0"},
				"down": {"uv": [5, 11, 7, 11.5], "texture": "#0"}
			}
		},
		{
			"from": [7.62299, 9.17185, 8.99445],
			"to": [8.03299, 9.58185, 10.63445],
			"rotation": {"angle": 0, "axis": "y", "origin": [1.47299, 13.68185, 16.37445]},
			"faces": {
				"north": {"uv": [5, 11, 5.5, 11.5], "texture": "#0"},
				"east": {"uv": [5, 11, 7, 11.5], "texture": "#0"},
				"south": {"uv": [5, 11, 5.5, 11.5], "texture": "#0"},
				"west": {"uv": [5, 11, 7, 11.5], "texture": "#0"},
				"up": {"uv": [5, 11, 7, 11.5], "rotation": 90, "texture": "#0"},
				"down": {"uv": [5, 11, 7, 11.5], "rotation": 270, "texture": "#0"}
			}
		},
		{
			"from": [10.39049, 9.58185, 7.76445],
			"to": [10.80049, 9.99185, 8.17445],
			"rotation": {"angle": 0, "axis": "y", "origin": [16.54049, 13.68185, 14.32445]},
			"faces": {
				"north": {"uv": [5, 10.5, 5.5, 11], "texture": "#0"},
				"east": {"uv": [5, 10.5, 5.5, 11], "texture": "#0"},
				"south": {"uv": [5, 10.5, 5.5, 11], "texture": "#0"},
				"west": {"uv": [5, 10.5, 5.5, 11], "texture": "#0"},
				"up": {"uv": [5, 10.5, 5.5, 11], "texture": "#0"},
				"down": {"uv": [5, 10.5, 5.5, 11], "texture": "#0"}
			}
		},
		{
			"from": [7.62299, 9.58185, 10.22445],
			"to": [8.03299, 9.99185, 10.63445],
			"rotation": {"angle": 0, "axis": "y", "origin": [1.47299, 13.68185, 16.37445]},
			"faces": {
				"north": {"uv": [5, 10.5, 5.5, 11], "texture": "#0"},
				"east": {"uv": [5, 10.5, 5.5, 11], "texture": "#0"},
				"south": {"uv": [5, 10.5, 5.5, 11], "texture": "#0"},
				"west": {"uv": [5, 10.5, 5.5, 11], "texture": "#0"},
				"up": {"uv": [5, 10.5, 5.5, 11], "rotation": 90, "texture": "#0"},
				"down": {"uv": [5, 10.5, 5.5, 11], "rotation": 270, "texture": "#0"}
			}
		},
		{
			"from": [10.80049, 9.58185, 7.55945],
			"to": [11.62049, 9.99185, 8.37945],
			"rotation": {"angle": 0, "axis": "y", "origin": [16.95049, 13.68185, 14.52945]},
			"faces": {
				"north": {"uv": [4, 10.5, 5, 11], "texture": "#0"},
				"east": {"uv": [4, 10.5, 5, 11], "texture": "#0"},
				"south": {"uv": [4, 10.5, 5, 11], "texture": "#0"},
				"west": {"uv": [4, 10.5, 5, 11], "texture": "#0"},
				"up": {"uv": [4, 10.5, 5, 11], "texture": "#0"},
				"down": {"uv": [0, 0, 0.125, 0.125], "texture": "#0"}
			}
		},
		{
			"from": [7.41799, 9.58185, 10.63445],
			"to": [8.23799, 9.99185, 11.45445],
			"rotation": {"angle": 0, "axis": "y", "origin": [1.26799, 13.68185, 16.78445]},
			"faces": {
				"north": {"uv": [4, 10.5, 5, 11], "texture": "#0"},
				"east": {"uv": [4, 10.5, 5, 11], "texture": "#0"},
				"south": {"uv": [4, 10.5, 5, 11], "texture": "#0"},
				"west": {"uv": [4, 10.5, 5, 11], "texture": "#0"},
				"up": {"uv": [4, 10.5, 5, 11], "rotation": 90, "texture": "#0"},
				"down": {"uv": [0, 0, 0.125, 0.125], "rotation": 270, "texture": "#0"}
			}
		},
		{
			"from": [10.39049, 10.81185, 7.55945],
			"to": [11.21049, 11.22185, 8.37945],
			"rotation": {"angle": 0, "axis": "y", "origin": [16.54049, 14.91185, 14.52945]},
			"faces": {
				"north": {"uv": [4, 10.5, 5, 11], "texture": "#0"},
				"east": {"uv": [4, 10.5, 5, 11], "texture": "#0"},
				"south": {"uv": [4, 10.5, 5, 11], "texture": "#0"},
				"west": {"uv": [4, 10.5, 5, 11], "texture": "#0"},
				"up": {"uv": [4, 10.5, 5, 11], "texture": "#0"},
				"down": {"uv": [0, 0, 0.125, 0.125], "texture": "#0"}
			}
		},
		{
			"from": [7.41799, 10.81185, 10.22445],
			"to": [8.23799, 11.22185, 11.04445],
			"rotation": {"angle": 0, "axis": "y", "origin": [1.26799, 14.91185, 16.37445]},
			"faces": {
				"north": {"uv": [4, 10.5, 5, 11], "texture": "#0"},
				"east": {"uv": [4, 10.5, 5, 11], "texture": "#0"},
				"south": {"uv": [4, 10.5, 5, 11], "texture": "#0"},
				"west": {"uv": [4, 10.5, 5, 11], "texture": "#0"},
				"up": {"uv": [4, 10.5, 5, 11], "rotation": 90, "texture": "#0"},
				"down": {"uv": [0, 0, 0.125, 0.125], "rotation": 270, "texture": "#0"}
			}
		},
		{
			"from": [10.39049, 10.40185, 7.35445],
			"to": [11.62049, 10.81185, 8.58445],
			"rotation": {"angle": 0, "axis": "y", "origin": [16.95049, 14.50185, 14.32445]},
			"faces": {
				"north": {"uv": [4, 9.5, 5.5, 10], "texture": "#0"},
				"east": {"uv": [4, 9.5, 5.5, 10], "texture": "#0"},
				"south": {"uv": [4, 9.5, 5, 10], "texture": "#0"},
				"west": {"uv": [4, 9.5, 5, 10], "texture": "#0"},
				"up": {"uv": [4, 9.5, 5, 10.5], "texture": "#0"},
				"down": {"uv": [4, 9.5, 5, 10.5], "texture": "#0"}
			}
		},
		{
			"from": [7.21299, 10.40185, 10.22445],
			"to": [8.44299, 10.81185, 11.45445],
			"rotation": {"angle": 0, "axis": "y", "origin": [1.47299, 14.50185, 16.78445]},
			"faces": {
				"north": {"uv": [4, 9.5, 5, 10], "texture": "#0"},
				"east": {"uv": [4, 9.5, 5.5, 10], "texture": "#0"},
				"south": {"uv": [4, 9.5, 5.5, 10], "texture": "#0"},
				"west": {"uv": [4, 9.5, 5.5, 10], "texture": "#0"},
				"up": {"uv": [4, 9.5, 5, 10.5], "rotation": 90, "texture": "#0"},
				"down": {"uv": [4, 9.5, 5, 10.5], "rotation": 270, "texture": "#0"}
			}
		},
		{
			"from": [10.39049, 9.99185, 7.35445],
			"to": [11.62049, 10.40185, 8.58445],
			"rotation": {"angle": 0, "axis": "y", "origin": [16.95049, 14.09185, 14.73445]},
			"faces": {
				"north": {"uv": [4, 10, 5.5, 10.5], "texture": "#0"},
				"east": {"uv": [4, 10, 5.5, 10.5], "texture": "#0"},
				"south": {"uv": [4, 10, 5.5, 10.5], "texture": "#0"},
				"west": {"uv": [4, 10, 5.5, 10.5], "texture": "#0"},
				"up": {"uv": [4, 9.5, 5.5, 10.5], "texture": "#0"},
				"down": {"uv": [5.5, 9.5, 4, 11], "texture": "#0"}
			}
		},
		{
			"from": [7.21299, 9.99185, 10.22445],
			"to": [8.44299, 10.40185, 11.45445],
			"rotation": {"angle": 0, "axis": "y", "origin": [1.06299, 14.09185, 16.78445]},
			"faces": {
				"north": {"uv": [4, 10, 5.5, 10.5], "texture": "#0"},
				"east": {"uv": [4, 10, 5.5, 10.5], "texture": "#0"},
				"south": {"uv": [4, 10, 5.5, 10.5], "texture": "#0"},
				"west": {"uv": [4, 10, 5.5, 10.5], "texture": "#0"},
				"up": {"uv": [4, 9.5, 5.5, 10.5], "rotation": 90, "texture": "#0"},
				"down": {"uv": [5.5, 9.5, 4, 11], "rotation": 270, "texture": "#0"}
			}
		},
		{
			"from": [9.16049, 11.22185, 7.55945],
			"to": [9.98049, 11.63185, 8.37945],
			"rotation": {"angle": 0, "axis": "y", "origin": [15.72049, 15.32185, 14.93945]},
			"faces": {
				"north": {"uv": [6, 8.5, 7, 9], "texture": "#0"},
				"east": {"uv": [6, 8.5, 7, 9], "texture": "#0"},
				"south": {"uv": [6, 8.5, 7, 9], "texture": "#0"},
				"west": {"uv": [6, 8.5, 7, 9], "texture": "#0"},
				"up": {"uv": [6, 8.5, 7, 9], "texture": "#0"},
				"down": {"uv": [6, 8.5, 7, 9], "texture": "#0"}
			}
		},
		{
			"from": [7.41799, 11.22185, 9.19945],
			"to": [8.23799, 11.63185, 10.01945],
			"rotation": {"angle": 0, "axis": "y", "origin": [0.85799, 15.32185, 15.75945]},
			"faces": {
				"north": {"uv": [6, 8.5, 7, 9], "texture": "#0"},
				"east": {"uv": [6, 8.5, 7, 9], "texture": "#0"},
				"south": {"uv": [6, 8.5, 7, 9], "texture": "#0"},
				"west": {"uv": [6, 8.5, 7, 9], "texture": "#0"},
				"up": {"uv": [6, 8.5, 7, 9], "rotation": 90, "texture": "#0"},
				"down": {"uv": [6, 8.5, 7, 9], "rotation": 270, "texture": "#0"}
			}
		},
		{
			"from": [8.75049, 11.63185, 7.14945],
			"to": [10.39049, 12.45185, 8.78945],
			"rotation": {"angle": 0, "axis": "y", "origin": [15.72049, 15.73185, 14.52945]},
			"faces": {
				"north": {"uv": [5.5, 7.5, 7.5, 8.5], "texture": "#0"},
				"east": {"uv": [5.5, 7.5, 7.5, 8.5], "texture": "#0"},
				"south": {"uv": [5.5, 7.5, 7.5, 8.5], "texture": "#0"},
				"west": {"uv": [5.5, 7.5, 7.5, 8.5], "texture": "#0"},
				"up": {"uv": [6, 7.5, 7.5, 8.5], "texture": "#0"},
				"down": {"uv": [6, 7.5, 7.5, 8.5], "texture": "#0"}
			}
		},
		{
			"from": [7.00799, 11.63185, 8.78945],
			"to": [8.64799, 12.45185, 10.42945],
			"rotation": {"angle": 0, "axis": "y", "origin": [1.26799, 15.73185, 15.75945]},
			"faces": {
				"north": {"uv": [5.5, 7.5, 7.5, 8.5], "texture": "#0"},
				"east": {"uv": [5.5, 7.5, 7.5, 8.5], "texture": "#0"},
				"south": {"uv": [5.5, 7.5, 7.5, 8.5], "texture": "#0"},
				"west": {"uv": [5.5, 7.5, 7.5, 8.5], "texture": "#0"},
				"up": {"uv": [6, 7.5, 7.5, 8.5], "rotation": 90, "texture": "#0"},
				"down": {"uv": [6, 7.5, 7.5, 8.5], "rotation": 270, "texture": "#0"}
			}
		},
		{
			"from": [5.06049, 10.81185, 7.14945],
			"to": [6.70049, 11.63185, 8.78945],
			"rotation": {"angle": 0, "axis": "y", "origin": [12.03049, 14.91185, 14.52945]},
			"faces": {
				"north": {"uv": [10, 8.5, 12, 9.5], "texture": "#0"},
				"east": {"uv": [10, 8.5, 12, 9.5], "texture": "#0"},
				"south": {"uv": [10, 8.5, 12, 9.5], "texture": "#0"},
				"west": {"uv": [10, 8.5, 12, 9.5], "texture": "#0"},
				"up": {"uv": [10, 8.5, 11.5, 9.5], "texture": "#0"},
				"down": {"uv": [10, 8.5, 11.5, 9.5], "texture": "#0"}
			}
		},
		{
			"from": [7.00799, 10.81185, 4.89445],
			"to": [8.64799, 11.63185, 6.53445],
			"rotation": {"angle": 0, "axis": "y", "origin": [1.26799, 14.91185, 11.86445]},
			"faces": {
				"north": {"uv": [10, 8.5, 12, 9.5], "texture": "#0"},
				"east": {"uv": [10, 8.5, 12, 9.5], "texture": "#0"},
				"south": {"uv": [10, 8.5, 12, 9.5], "texture": "#0"},
				"west": {"uv": [10, 8.5, 12, 9.5], "texture": "#0"},
				"up": {"uv": [10, 8.5, 11.5, 9.5], "rotation": 90, "texture": "#0"},
				"down": {"uv": [10, 8.5, 11.5, 9.5], "rotation": 270, "texture": "#0"}
			}
		},
		{
			"from": [4.65049, 8.65935, 7.14945],
			"to": [6.29049, 9.47935, 8.78945],
			"rotation": {"angle": 0, "axis": "y", "origin": [11.62049, 12.75935, 14.52945]},
			"faces": {
				"north": {"uv": [10.5, 11, 12.5, 12], "texture": "#0"},
				"east": {"uv": [10.5, 11, 12.5, 12], "texture": "#0"},
				"south": {"uv": [10.5, 11, 12.5, 12], "texture": "#0"},
				"west": {"uv": [10.5, 11, 12.5, 12], "texture": "#0"},
				"up": {"uv": [10.5, 11, 12.5, 12], "texture": "#0"},
				"down": {"uv": [10.5, 11, 12.5, 12], "texture": "#0"}
			}
		},
		{
			"from": [7.00799, 8.65935, 4.48445],
			"to": [8.64799, 9.47935, 6.12445],
			"rotation": {"angle": 0, "axis": "y", "origin": [1.26799, 12.75935, 11.45445]},
			"faces": {
				"north": {"uv": [10.5, 11, 12.5, 12], "texture": "#0"},
				"east": {"uv": [10.5, 11, 12.5, 12], "texture": "#0"},
				"south": {"uv": [10.5, 11, 12.5, 12], "texture": "#0"},
				"west": {"uv": [10.5, 11, 12.5, 12], "texture": "#0"},
				"up": {"uv": [10.5, 11, 12.5, 12], "rotation": 90, "texture": "#0"},
				"down": {"uv": [10.5, 11, 12.5, 12], "rotation": 270, "texture": "#0"}
			}
		},
		{
			"from": [7.11049, 10.29935, 7.35445],
			"to": [8.34049, 10.70935, 8.58445],
			"rotation": {"angle": 0, "axis": "y", "origin": [13.67049, 14.39935, 14.73445]},
			"faces": {
				"north": {"uv": [8, 7.5, 9.5, 8], "texture": "#0"},
				"east": {"uv": [8, 7.5, 9.5, 8], "texture": "#0"},
				"south": {"uv": [8, 7.5, 9.5, 8], "texture": "#0"},
				"west": {"uv": [8, 7.5, 9.5, 8], "texture": "#0"},
				"up": {"uv": [8, 7.5, 9.5, 8], "texture": "#0"},
				"down": {"uv": [8, 7.5, 9.5, 8], "texture": "#0"}
			}
		},
		{
			"from": [7.11049, 12.04185, 7.35445],
			"to": [8.34049, 12.45185, 8.58445],
			"rotation": {"angle": 0, "axis": "y", "origin": [13.67049, 16.14185, 14.73445]},
			"faces": {
				"north": {"uv": [8, 7.5, 9.5, 8], "texture": "#0"},
				"east": {"uv": [8, 7.5, 9.5, 8], "texture": "#0"},
				"south": {"uv": [8, 7.5, 9.5, 8], "texture": "#0"},
				"west": {"uv": [8, 7.5, 9.5, 8], "texture": "#0"},
				"up": {"uv": [8, 7.5, 9.5, 8], "texture": "#0"},
				"down": {"uv": [8, 7.5, 9.5, 8], "texture": "#0"}
			}
		},
		{
			"from": [7.21299, 12.04185, 6.94445],
			"to": [8.44299, 12.45185, 8.17445],
			"rotation": {"angle": 0, "axis": "y", "origin": [1.06299, 16.14185, 13.50445]},
			"faces": {
				"north": {"uv": [8, 7.5, 9.5, 8], "texture": "#0"},
				"east": {"uv": [8, 7.5, 9.5, 8], "texture": "#0"},
				"south": {"uv": [8, 7.5, 9.5, 8], "texture": "#0"},
				"west": {"uv": [8, 7.5, 9.5, 8], "texture": "#0"},
				"up": {"uv": [8, 7.5, 9.5, 8], "rotation": 90, "texture": "#0"},
				"down": {"uv": [8, 7.5, 9.5, 8], "rotation": 270, "texture": "#0"}
			}
		},
		{
			"from": [7.52049, 9.58185, 7.55945],
			"to": [8.34049, 9.99185, 8.37945],
			"rotation": {"angle": 0, "axis": "y", "origin": [13.67049, 13.68185, 14.93945]},
			"faces": {
				"north": {"uv": [8, 6.5, 9, 7], "texture": "#0"},
				"east": {"uv": [8, 6.5, 9, 7], "texture": "#0"},
				"south": {"uv": [8, 6.5, 9, 7], "texture": "#0"},
				"west": {"uv": [8, 6.5, 9, 7], "texture": "#0"},
				"up": {"uv": [8, 6.5, 9, 7.5], "texture": "#0"},
				"down": {"uv": [8, 6.5, 9, 7.5], "texture": "#0"}
			}
		},
		{
			"from": [7.41799, 12.86185, 7.35445],
			"to": [8.23799, 13.27185, 8.17445],
			"rotation": {"angle": 0, "axis": "y", "origin": [0.85799, 16.96185, 13.50445]},
			"faces": {
				"north": {"uv": [8, 6.5, 9, 7], "texture": "#0"},
				"east": {"uv": [8, 6.5, 9, 7], "texture": "#0"},
				"south": {"uv": [8, 6.5, 9, 7], "texture": "#0"},
				"west": {"uv": [8, 6.5, 9, 7], "texture": "#0"},
				"up": {"uv": [8, 6.5, 9, 7.5], "rotation": 90, "texture": "#0"},
				"down": {"uv": [8, 6.5, 9, 7.5], "rotation": 270, "texture": "#0"}
			}
		},
		{
			"from": [5.47049, 11.63185, 7.55945],
			"to": [6.29049, 12.04185, 8.37945],
			"rotation": {"angle": 0, "axis": "y", "origin": [11.62049, 15.73185, 14.93945]},
			"faces": {
				"north": {"uv": [10.5, 8, 11.5, 8.5], "texture": "#0"},
				"east": {"uv": [10.5, 8, 11.5, 8.5], "texture": "#0"},
				"south": {"uv": [10.5, 8, 11.5, 8.5], "texture": "#0"},
				"west": {"uv": [10.5, 8, 11.5, 8.5], "texture": "#0"},
				"up": {"uv": [10.5, 8, 11.5, 8.5], "texture": "#0"},
				"down": {"uv": [10.5, 8, 11.5, 8.5], "texture": "#0"}
			}
		},
		{
			"from": [7.41799, 11.63185, 5.30445],
			"to": [8.23799, 12.04185, 6.12445],
			"rotation": {"angle": 0, "axis": "y", "origin": [0.85799, 15.73185, 11.45445]},
			"faces": {
				"north": {"uv": [10.5, 8, 11.5, 8.5], "texture": "#0"},
				"east": {"uv": [10.5, 8, 11.5, 8.5], "texture": "#0"},
				"south": {"uv": [10.5, 8, 11.5, 8.5], "texture": "#0"},
				"west": {"uv": [10.5, 8, 11.5, 8.5], "texture": "#0"},
				"up": {"uv": [10.5, 8, 11.5, 8.5], "rotation": 90, "texture": "#0"},
				"down": {"uv": [10.5, 8, 11.5, 8.5], "rotation": 270, "texture": "#0"}
			}
		},
		{
			"from": [5.06049, 9.47935, 7.55945],
			"to": [5.88049, 9.88935, 8.37945],
			"rotation": {"angle": 0, "axis": "y", "origin": [11.21049, 13.57935, 14.93945]},
			"faces": {
				"north": {"uv": [11, 10.5, 12, 11], "texture": "#0"},
				"east": {"uv": [10.5, 8, 11.5, 8.5], "texture": "#0"},
				"south": {"uv": [10.5, 8, 11.5, 8.5], "texture": "#0"},
				"west": {"uv": [10.5, 8, 11.5, 8.5], "texture": "#0"},
				"up": {"uv": [10.5, 8, 11.5, 8.5], "texture": "#0"},
				"down": {"uv": [10.5, 8, 11.5, 8.5], "texture": "#0"}
			}
		},
		{
			"from": [7.41799, 9.47935, 4.89445],
			"to": [8.23799, 9.88935, 5.71445],
			"rotation": {"angle": 0, "axis": "y", "origin": [0.85799, 13.57935, 11.04445]},
			"faces": {
				"north": {"uv": [10.5, 8, 11.5, 8.5], "texture": "#0"},
				"east": {"uv": [11, 10.5, 12, 11], "texture": "#0"},
				"south": {"uv": [10.5, 8, 11.5, 8.5], "texture": "#0"},
				"west": {"uv": [10.5, 8, 11.5, 8.5], "texture": "#0"},
				"up": {"uv": [10.5, 8, 11.5, 8.5], "rotation": 90, "texture": "#0"},
				"down": {"uv": [10.5, 8, 11.5, 8.5], "rotation": 270, "texture": "#0"}
			}
		},
		{
			"from": [5.47049, 10.50435, 7.55945],
			"to": [6.29049, 10.91435, 8.37945],
			"rotation": {"angle": 0, "axis": "y", "origin": [11.62049, 14.60435, 14.93945]},
			"faces": {
				"north": {"uv": [10.5, 8, 11.5, 8.5], "texture": "#0"},
				"east": {"uv": [10.5, 8, 11.5, 8.5], "texture": "#0"},
				"south": {"uv": [10.5, 8, 11.5, 8.5], "texture": "#0"},
				"west": {"uv": [10.5, 8, 11.5, 8.5], "texture": "#0"},
				"up": {"uv": [10.5, 8, 11.5, 8.5], "texture": "#0"},
				"down": {"uv": [10.5, 8, 11.5, 8.5], "texture": "#0"}
			}
		},
		{
			"from": [7.41799, 10.50435, 5.30445],
			"to": [8.23799, 10.91435, 6.12445],
			"rotation": {"angle": 0, "axis": "y", "origin": [0.85799, 14.60435, 11.45445]},
			"faces": {
				"north": {"uv": [10.5, 8, 11.5, 8.5], "texture": "#0"},
				"east": {"uv": [10.5, 8, 11.5, 8.5], "texture": "#0"},
				"south": {"uv": [10.5, 8, 11.5, 8.5], "texture": "#0"},
				"west": {"uv": [10.5, 8, 11.5, 8.5], "texture": "#0"},
				"up": {"uv": [10.5, 8, 11.5, 8.5], "rotation": 90, "texture": "#0"},
				"down": {"uv": [10.5, 8, 11.5, 8.5], "rotation": 270, "texture": "#0"}
			}
		},
		{
			"from": [5.06049, 8.35185, 7.55945],
			"to": [5.88049, 8.76185, 8.37945],
			"rotation": {"angle": 0, "axis": "y", "origin": [11.21049, 12.45185, 14.93945]},
			"faces": {
				"north": {"uv": [10.5, 8, 11.5, 8.5], "texture": "#0"},
				"east": {"uv": [10.5, 8, 11.5, 8.5], "texture": "#0"},
				"south": {"uv": [10.5, 8, 11.5, 8.5], "texture": "#0"},
				"west": {"uv": [10.5, 8, 11.5, 8.5], "texture": "#0"},
				"up": {"uv": [10.5, 8, 11.5, 8.5], "texture": "#0"},
				"down": {"uv": [10.5, 8, 11.5, 8.5], "texture": "#0"}
			}
		},
		{
			"from": [7.41799, 8.35185, 4.89445],
			"to": [8.23799, 8.76185, 5.71445],
			"rotation": {"angle": 0, "axis": "y", "origin": [0.85799, 12.45185, 11.04445]},
			"faces": {
				"north": {"uv": [10.5, 8, 11.5, 8.5], "texture": "#0"},
				"east": {"uv": [10.5, 8, 11.5, 8.5], "texture": "#0"},
				"south": {"uv": [10.5, 8, 11.5, 8.5], "texture": "#0"},
				"west": {"uv": [10.5, 8, 11.5, 8.5], "texture": "#0"},
				"up": {"uv": [10.5, 8, 11.5, 8.5], "rotation": 90, "texture": "#0"},
				"down": {"uv": [10.5, 8, 11.5, 8.5], "rotation": 270, "texture": "#0"}
			}
		},
		{
			"from": [7.11049, 9.88935, 7.14945],
			"to": [8.75049, 10.29935, 8.78945],
			"rotation": {"angle": 0, "axis": "y", "origin": [13.67049, 13.57935, 14.52945]},
			"faces": {
				"north": {"uv": [7.5, 7, 9.5, 7.5], "texture": "#0"},
				"east": {"uv": [7.5, 7, 9.5, 7.5], "texture": "#0"},
				"south": {"uv": [7.5, 7, 9.5, 7.5], "texture": "#0"},
				"west": {"uv": [7.5, 7, 9.5, 7.5], "texture": "#0"},
				"up": {"uv": [8, 7, 9.5, 8], "texture": "#0"},
				"down": {"uv": [8, 7, 9.5, 8], "texture": "#0"}
			}
		},
		{
			"from": [7.00799, 12.45185, 6.94445],
			"to": [8.64799, 12.86185, 8.58445],
			"rotation": {"angle": 0, "axis": "y", "origin": [1.26799, 16.14185, 13.50445]},
			"faces": {
				"north": {"uv": [7.5, 7, 9.5, 7.5], "texture": "#0"},
				"east": {"uv": [7.5, 7, 9.5, 7.5], "texture": "#0"},
				"south": {"uv": [7.5, 7, 9.5, 7.5], "texture": "#0"},
				"west": {"uv": [7.5, 7, 9.5, 7.5], "texture": "#0"},
				"up": {"uv": [8, 7, 9.5, 8], "rotation": 90, "texture": "#0"},
				"down": {"uv": [8, 7, 9.5, 8], "rotation": 270, "texture": "#0"}
			}
		},
		{
			"from": [7.52049, 11.63185, 7.76445],
			"to": [7.93049, 12.04185, 8.17445],
			"rotation": {"angle": 0, "axis": "y", "origin": [12.85049, 15.32185, 15.14445]},
			"faces": {
				"north": {"uv": [7.5, 7, 8, 7.5], "texture": "#0"},
				"east": {"uv": [7.5, 7, 8, 7.5], "texture": "#0"},
				"south": {"uv": [7.5, 7, 8, 7.5], "texture": "#0"},
				"west": {"uv": [7.5, 7, 8, 7.5], "texture": "#0"},
				"up": {"uv": [7.5, 7, 8, 7.5], "texture": "#0"},
				"down": {"uv": [7.5, 7, 8, 7.5], "texture": "#0"}
			}
		},
		{
			"from": [7.62299, 11.63185, 7.35445],
			"to": [8.03299, 12.04185, 7.76445],
			"rotation": {"angle": 0, "axis": "y", "origin": [0.65299, 15.32185, 12.68445]},
			"faces": {
				"north": {"uv": [7.5, 7, 8, 7.5], "texture": "#0"},
				"east": {"uv": [7.5, 7, 8, 7.5], "texture": "#0"},
				"south": {"uv": [7.5, 7, 8, 7.5], "texture": "#0"},
				"west": {"uv": [7.5, 7, 8, 7.5], "texture": "#0"},
				"up": {"uv": [7.5, 7, 8, 7.5], "rotation": 90, "texture": "#0"},
				"down": {"uv": [7.5, 7, 8, 7.5], "rotation": 270, "texture": "#0"}
			}
		},
		{
			"from": [9.16049, 12.45185, 7.55945],
			"to": [9.98049, 12.86185, 8.37945],
			"rotation": {"angle": 0, "axis": "y", "origin": [15.72049, 16.55185, 14.93945]},
			"faces": {
				"north": {"uv": [6, 7, 7, 7.5], "texture": "#0"},
				"east": {"uv": [4.5, 9.5, 5.5, 10], "texture": "#0"},
				"south": {"uv": [4, 10, 5.5, 10.5], "texture": "#0"},
				"west": {"uv": [4, 10, 5.5, 10.5], "texture": "#0"},
				"up": {"uv": [4, 9.5, 5.5, 10.5], "texture": "#0"},
				"down": {"uv": [5.5, 9.5, 4, 11], "texture": "#0"}
			}
		},
		{
			"from": [7.41799, 12.45185, 9.19945],
			"to": [8.23799, 12.86185, 10.01945],
			"rotation": {"angle": 0, "axis": "y", "origin": [0.85799, 16.55185, 15.75945]},
			"faces": {
				"north": {"uv": [4, 10, 5.5, 10.5], "texture": "#0"},
				"east": {"uv": [6, 7, 7, 7.5], "texture": "#0"},
				"south": {"uv": [4.5, 9.5, 5.5, 10], "texture": "#0"},
				"west": {"uv": [4, 10, 5.5, 10.5], "texture": "#0"},
				"up": {"uv": [4, 9.5, 5.5, 10.5], "rotation": 90, "texture": "#0"},
				"down": {"uv": [5.5, 9.5, 4, 11], "rotation": 270, "texture": "#0"}
			}
		},
		{
			"from": [9.16049, 8.76185, 7.76445],
			"to": [9.57049, 9.17185, 8.17445],
			"rotation": {"angle": 0, "axis": "y", "origin": [15.72049, 12.86185, 15.14445]},
			"faces": {
				"north": {"uv": [6.5, 11.5, 7, 12], "texture": "#0"},
				"east": {"uv": [6.5, 11.5, 7, 12], "texture": "#0"},
				"south": {"uv": [6.5, 11.5, 7, 12], "texture": "#0"},
				"west": {"uv": [6.5, 11.5, 7, 12], "texture": "#0"},
				"up": {"uv": [4, 9.5, 5.5, 10.5], "texture": "#0"},
				"down": {"uv": [5.5, 9.5, 4, 11], "texture": "#0"}
			}
		},
		{
			"from": [7.62299, 8.76185, 8.99445],
			"to": [8.03299, 9.17185, 9.40445],
			"rotation": {"angle": 0, "axis": "y", "origin": [0.65299, 12.86185, 15.55445]},
			"faces": {
				"north": {"uv": [6.5, 11.5, 7, 12], "texture": "#0"},
				"east": {"uv": [6.5, 11.5, 7, 12], "texture": "#0"},
				"south": {"uv": [6.5, 11.5, 7, 12], "texture": "#0"},
				"west": {"uv": [6.5, 11.5, 7, 12], "texture": "#0"},
				"up": {"uv": [4, 9.5, 5.5, 10.5], "rotation": 90, "texture": "#0"},
				"down": {"uv": [5.5, 9.5, 4, 11], "rotation": 270, "texture": "#0"}
			}
		},
		{
			"from": [7.52049, 10.70935, 7.76445],
			"to": [7.93049, 11.11935, 8.17445],
			"rotation": {"angle": 0, "axis": "y", "origin": [14.08049, 14.80935, 15.14445]},
			"faces": {
				"north": {"uv": [6.5, 11.5, 7, 12], "texture": "#0"},
				"east": {"uv": [6.5, 11.5, 7, 12], "texture": "#0"},
				"south": {"uv": [6.5, 11.5, 7, 12], "texture": "#0"},
				"west": {"uv": [6.5, 11.5, 7, 12], "texture": "#0"},
				"up": {"uv": [4, 9.5, 5.5, 10.5], "texture": "#0"},
				"down": {"uv": [5.5, 9.5, 4, 11], "texture": "#0"}
			}
		},
		{
			"from": [8.75049, 8.35185, 7.35445],
			"to": [9.98049, 8.76185, 8.58445],
			"rotation": {"angle": 0, "axis": "y", "origin": [15.72049, 12.45185, 14.73445]},
			"faces": {
				"north": {"uv": [6, 12, 7.5, 12.5], "texture": "#0"},
				"east": {"uv": [6, 12, 7.5, 12.5], "texture": "#0"},
				"south": {"uv": [6, 12, 7.5, 12.5], "texture": "#0"},
				"west": {"uv": [6, 12, 7.5, 12.5], "texture": "#0"},
				"up": {"uv": [6, 12, 7.5, 13.5], "texture": "#0"},
				"down": {"uv": [6, 12, 7.5, 13.5], "texture": "#0"}
			}
		},
		{
			"from": [7.21299, 8.35185, 8.58445],
			"to": [8.44299, 8.76185, 9.81445],
			"rotation": {"angle": 0, "axis": "y", "origin": [1.06299, 12.45185, 15.55445]},
			"faces": {
				"north": {"uv": [6, 12, 7.5, 12.5], "texture": "#0"},
				"east": {"uv": [6, 12, 7.5, 12.5], "texture": "#0"},
				"south": {"uv": [6, 12, 7.5, 12.5], "texture": "#0"},
				"west": {"uv": [6, 12, 7.5, 12.5], "texture": "#0"},
				"up": {"uv": [6, 12, 7.5, 13.5], "rotation": 90, "texture": "#0"},
				"down": {"uv": [6, 12, 7.5, 13.5], "rotation": 270, "texture": "#0"}
			}
		},
		{
			"from": [8.75049, 7.94185, 7.14945],
			"to": [10.39049, 8.35185, 8.78945],
			"rotation": {"angle": 0, "axis": "y", "origin": [15.72049, 12.04185, 14.52945]},
			"faces": {
				"north": {"uv": [5.5, 12.5, 7.5, 13], "texture": "#0"},
				"east": {"uv": [5.5, 12.5, 7.5, 13], "texture": "#0"},
				"south": {"uv": [7.5, 12.5, 5.5, 13], "texture": "#0"},
				"west": {"uv": [6, 12, 7.5, 12.5], "texture": "#0"},
				"up": {"uv": [6, 12, 7.5, 13.5], "texture": "#0"},
				"down": {"uv": [6, 12, 7.5, 13.5], "texture": "#0"}
			}
		},
		{
			"from": [7.00799, 7.94185, 8.58445],
			"to": [8.64799, 8.35185, 10.22445],
			"rotation": {"angle": 0, "axis": "y", "origin": [1.26799, 12.04185, 15.55445]},
			"faces": {
				"north": {"uv": [6, 12, 7.5, 12.5], "texture": "#0"},
				"east": {"uv": [5.5, 12.5, 7.5, 13], "texture": "#0"},
				"south": {"uv": [5.5, 12.5, 7.5, 13], "texture": "#0"},
				"west": {"uv": [7.5, 12.5, 5.5, 13], "texture": "#0"},
				"up": {"uv": [6, 12, 7.5, 13.5], "rotation": 90, "texture": "#0"},
				"down": {"uv": [6, 12, 7.5, 13.5], "rotation": 270, "texture": "#0"}
			}
		},
		{
			"from": [8.75049, 7.53185, 7.35445],
			"to": [9.98049, 7.94185, 8.58445],
			"rotation": {"angle": 0, "axis": "y", "origin": [15.72049, 11.63185, 14.73445]},
			"faces": {
				"north": {"uv": [6, 13, 7.5, 13.5], "texture": "#0"},
				"east": {"uv": [6, 13, 7.5, 13.5], "texture": "#0"},
				"south": {"uv": [6, 13, 7.5, 13.5], "texture": "#0"},
				"west": {"uv": [6, 13, 7.5, 13.5], "texture": "#0"},
				"up": {"uv": [6, 12, 7.5, 13.5], "texture": "#0"},
				"down": {"uv": [6, 12, 7.5, 13.5], "texture": "#0"}
			}
		},
		{
			"from": [7.21299, 7.53185, 8.58445],
			"to": [8.44299, 7.94185, 9.81445],
			"rotation": {"angle": 0, "axis": "y", "origin": [1.06299, 11.63185, 15.55445]},
			"faces": {
				"north": {"uv": [6, 13, 7.5, 13.5], "texture": "#0"},
				"east": {"uv": [6, 13, 7.5, 13.5], "texture": "#0"},
				"south": {"uv": [6, 13, 7.5, 13.5], "texture": "#0"},
				"west": {"uv": [6, 13, 7.5, 13.5], "texture": "#0"},
				"up": {"uv": [6, 12, 7.5, 13.5], "rotation": 90, "texture": "#0"},
				"down": {"uv": [6, 12, 7.5, 13.5], "rotation": 270, "texture": "#0"}
			}
		},
		{
			"from": [8.75049, 9.58185, 7.76445],
			"to": [9.16049, 11.63185, 8.17445],
			"rotation": {"angle": 0, "axis": "y", "origin": [16.13049, 14.09185, 14.32445]},
			"faces": {
				"north": {"uv": [7, 8.5, 7.5, 11], "texture": "#0"},
				"east": {"uv": [7, 8.5, 7.5, 11], "texture": "#0"},
				"south": {"uv": [7, 8.5, 7.5, 11], "texture": "#0"},
				"west": {"uv": [7, 8.5, 7.5, 11], "texture": "#0"},
				"up": {"uv": [7, 8.5, 7.5, 9], "texture": "#0"},
				"down": {"uv": [7, 10.5, 7.5, 11], "texture": "#0"}
			}
		},
		{
			"from": [7.62299, 9.58185, 8.58445],
			"to": [8.03299, 11.63185, 8.99445],
			"rotation": {"angle": 0, "axis": "y", "origin": [1.47299, 14.09185, 15.96445]},
			"faces": {
				"north": {"uv": [7, 8.5, 7.5, 11], "texture": "#0"},
				"east": {"uv": [7, 8.5, 7.5, 11], "texture": "#0"},
				"south": {"uv": [7, 8.5, 7.5, 11], "texture": "#0"},
				"west": {"uv": [7, 8.5, 7.5, 11], "texture": "#0"},
				"up": {"uv": [7, 8.5, 7.5, 9], "rotation": 90, "texture": "#0"},
				"down": {"uv": [7, 10.5, 7.5, 11], "rotation": 270, "texture": "#0"}
			}
		},
		{
			"from": [8.34049, 10.81185, 7.76445],
			"to": [8.75049, 11.63185, 8.17445],
			"rotation": {"angle": 0, "axis": "y", "origin": [15.72049, 14.09185, 14.32445]},
			"faces": {
				"north": {"uv": [7.5, 8.5, 8, 9.5], "texture": "#0"},
				"east": {"uv": [7.5, 8.5, 8, 9.5], "texture": "#0"},
				"south": {"uv": [7.5, 8.5, 8, 9.5], "texture": "#0"},
				"west": {"uv": [7.5, 8.5, 8, 9.5], "texture": "#0"},
				"up": {"uv": [7.5, 8.5, 8, 9], "texture": "#0"},
				"down": {"uv": [7.5, 9, 8, 9.5], "texture": "#0"}
			}
		},
		{
			"from": [7.62299, 10.81185, 8.17445],
			"to": [8.03299, 11.63185, 8.58445],
			"rotation": {"angle": 0, "axis": "y", "origin": [1.47299, 14.09185, 15.55445]},
			"faces": {
				"north": {"uv": [7.5, 8.5, 8, 9.5], "texture": "#0"},
				"east": {"uv": [7.5, 8.5, 8, 9.5], "texture": "#0"},
				"south": {"uv": [7.5, 8.5, 8, 9.5], "texture": "#0"},
				"west": {"uv": [7.5, 8.5, 8, 9.5], "texture": "#0"},
				"up": {"uv": [7.5, 8.5, 8, 9], "rotation": 90, "texture": "#0"},
				"down": {"uv": [7.5, 9, 8, 9.5], "rotation": 270, "texture": "#0"}
			}
		},
		{
			"from": [7.93049, 11.63185, 7.76445],
			"to": [8.34049, 12.04185, 8.17445],
			"rotation": {"angle": 0, "axis": "y", "origin": [15.31049, 14.50185, 14.32445]},
			"faces": {
				"north": {"uv": [8, 8, 8.5, 8.5], "texture": "#0"},
				"east": {"uv": [8, 8, 8.5, 8.5], "texture": "#0"},
				"south": {"uv": [8, 8, 8.5, 8.5], "texture": "#0"},
				"west": {"uv": [8, 8, 8.5, 8.5], "texture": "#0"},
				"up": {"uv": [8, 8, 8.5, 8.5], "texture": "#0"},
				"down": {"uv": [8, 8, 8.5, 8.5], "texture": "#0"}
			}
		},
		{
			"from": [7.62299, 11.63185, 7.76445],
			"to": [8.03299, 12.04185, 8.17445],
			"rotation": {"angle": 0, "axis": "y", "origin": [1.47299, 14.50185, 15.14445]},
			"faces": {
				"north": {"uv": [8, 8, 8.5, 8.5], "texture": "#0"},
				"east": {"uv": [8, 8, 8.5, 8.5], "texture": "#0"},
				"south": {"uv": [8, 8, 8.5, 8.5], "texture": "#0"},
				"west": {"uv": [8, 8, 8.5, 8.5], "texture": "#0"},
				"up": {"uv": [8, 8, 8.5, 8.5], "rotation": 90, "texture": "#0"},
				"down": {"uv": [8, 8, 8.5, 8.5], "rotation": 270, "texture": "#0"}
			}
		},
		{
			"from": [5.88049, 8.35185, 7.76445],
			"to": [6.29049, 8.76185, 8.17445],
			"rotation": {"angle": 0, "axis": "y", "origin": [12.85049, 13.27185, 14.32445]},
			"faces": {
				"north": {"uv": [10.5, 12, 11, 12.5], "texture": "#0"},
				"east": {"uv": [10.5, 12, 11, 12.5], "texture": "#0"},
				"south": {"uv": [10.5, 12, 11, 12.5], "texture": "#0"},
				"west": {"uv": [10.5, 12, 11, 12.5], "texture": "#0"},
				"up": {"uv": [10.5, 12, 11, 12.5], "texture": "#0"},
				"down": {"uv": [10.5, 12, 11, 12.5], "texture": "#0"}
			}
		},
		{
			"from": [7.62299, 8.35185, 5.71445],
			"to": [8.03299, 8.76185, 6.12445],
			"rotation": {"angle": 0, "axis": "y", "origin": [1.47299, 13.27185, 12.68445]},
			"faces": {
				"north": {"uv": [10.5, 12, 11, 12.5], "texture": "#0"},
				"east": {"uv": [10.5, 12, 11, 12.5], "texture": "#0"},
				"south": {"uv": [10.5, 12, 11, 12.5], "texture": "#0"},
				"west": {"uv": [10.5, 12, 11, 12.5], "texture": "#0"},
				"up": {"uv": [10.5, 12, 11, 12.5], "rotation": 90, "texture": "#0"},
				"down": {"uv": [10.5, 12, 11, 12.5], "rotation": 270, "texture": "#0"}
			}
		}
	],
	"display": {
		"thirdperson_righthand": {
			"rotation": [75, 45, 0],
			"translation": [0, 1.5, 2.5],
			"scale": [0.375, 0.375, 0.375]
		},
		"thirdperson_lefthand": {
			"rotation": [75, 45, 0],
			"translation": [0, 1.5, 2.5],
			"scale": [0.375, 0.375, 0.375]
		},
		"firstperson_righthand": {
			"rotation": [0, 45, 0],
			"translation": [0, 2.2, 0],
			"scale": [0.4, 0.4, 0.4]
		},
		"firstperson_lefthand": {
			"rotation": [0, 45, 0],
			"translation": [0, 2.2, 0],
			"scale": [0.4, 0.4, 0.4]
		},
		"ground": {
			"translation": [0, 3, 0],
			"scale": [0.75, 0.75, 0.75]
		},
		"gui": {
			"rotation": [30, 225, 0],
			"translation": [0, 1, 0]
		},
		"head": {
			"translation": [0, 14.5, 0]
		}
	},
	"groups": [
		{
			"name": "group",
			"origin": [1.47299, 11.27185, 12.68445],
			"children": [0, 1, 2, 3, 4, 5, 6, 7, 8, 9, 10, 11, 12, 13, 14, 15, 16, 17, 18, 19, 20, 21, 22, 23, 24, 25, 26, 27, 28, 29, 30, 31, 32, 33, 34, 35, 36, 37, 38, 39, 40, 41, 42, 43, 44, 45, 46, 47, 48, 49, 50, 51, 52, 53, 54, 55, 56, 57, 58, 59, 60, 61, 62, 63, 64, 65, 66, 67, 68, 69, 70, 71, 72, 73, 74, 75, 76, 77, 78, 79, 80, 81, 82]
		}
	]
}