{
	"credit": "Made with Blockbench",
	"parent": "block/block",
	"ambientocclusion": false,
	"textures": {
		"0": "block/red_tulip"
	},
	"elements": [
		{
			"from": [9.395, 8.04, 8.045],
			"to": [9.755, 12, 8.225],
			"rotation": {"angle": 0, "axis": "y", "origin": [15.515, 13.08, 13.625]},
			"faces": {
				"north": {"uv": [5.5, 6.5, 6, 12], "texture": "#0"},
				"east": {"uv": [5.5, 6.5, 6, 12], "texture": "#0"},
				"south": {"uv": [6, 6.5, 5.5, 12], "texture": "#0"},
				"west": {"uv": [5.5, 6.5, 6, 12], "texture": "#0"},
				"up": {"uv": [5, 6, 5.5, 6.5], "texture": "#0"},
				"down": {"uv": [5, 6, 5.5, 6.5], "texture": "#0"}
			}
		},
		{
			"from": [7.595, 5.88, 8.045],
			"to": [7.955, 9.12, 8.225],
			"rotation": {"angle": 0, "axis": "y", "origin": [13.715, 10.92, 13.625]},
			"faces": {
				"north": {"uv": [8, 10.5, 8.5, 15], "texture": "#0"},
				"east": {"uv": [8, 10.5, 8.5, 15], "texture": "#0"},
				"south": {"uv": [8.5, 10.5, 8, 15], "texture": "#0"},
				"west": {"uv": [8, 10.5, 8.5, 15], "texture": "#0"},
				"up": {"uv": [5, 6, 5.5, 6.5], "texture": "#0"},
				"down": {"uv": [5, 6, 5.5, 6.5], "texture": "#0"}
			}
		},
		{
			"from": [7.235, 6.6, 8.045],
			"to": [7.595, 9.48, 8.225],
			"rotation": {"angle": 0, "axis": "y", "origin": [13.355, 11.28, 13.625]},
			"faces": {
				"north": {"uv": [8.5, 10, 9, 14], "texture": "#0"},
				"east": {"uv": [8.5, 10, 9, 14], "texture": "#0"},
				"south": {"uv": [9, 10, 8.5, 14], "texture": "#0"},
				"west": {"uv": [8.5, 10, 9, 14], "texture": "#0"},
				"up": {"uv": [5, 6, 5.5, 6.5], "texture": "#0"},
				"down": {"uv": [5, 6, 5.5, 6.5], "texture": "#0"}
			}
		},
		{
			"from": [6.875, 7.32, 8.045],
			"to": [7.235, 9.84, 8.225],
			"rotation": {"angle": 0, "axis": "y", "origin": [12.995, 11.64, 13.625]},
			"faces": {
				"north": {"uv": [9, 9.5, 9.5, 13], "texture": "#0"},
				"east": {"uv": [9, 9.5, 9.5, 13], "texture": "#0"},
				"south": {"uv": [9.5, 9.5, 9, 13], "texture": "#0"},
				"west": {"uv": [9, 9.5, 9.5, 13], "texture": "#0"},
				"up": {"uv": [5, 6, 5.5, 6.5], "texture": "#0"},
				"down": {"uv": [5, 6, 5.5, 6.5], "texture": "#0"}
			}
		},
		{
			"from": [6.515, 8.04, 8.045],
			"to": [6.875, 10.2, 8.225],
			"rotation": {"angle": 0, "axis": "y", "origin": [12.635, 12, 13.625]},
			"faces": {
				"north": {"uv": [9.5, 9, 10, 12], "texture": "#0"},
				"east": {"uv": [9.5, 9, 10, 12], "texture": "#0"},
				"south": {"uv": [10, 9, 9.5, 12], "texture": "#0"},
				"west": {"uv": [9.5, 9, 10, 12], "texture": "#0"},
				"up": {"uv": [5, 6, 5.5, 6.5], "texture": "#0"},
				"down": {"uv": [5, 6, 5.5, 6.5], "texture": "#0"}
			}
		},
		{
			"from": [6.155, 8.76, 8.045],
			"to": [6.515, 10.56, 8.225],
			"rotation": {"angle": 0, "axis": "y", "origin": [12.275, 12.36, 13.625]},
			"faces": {
				"north": {"uv": [10, 8.5, 10.5, 11], "texture": "#0"},
				"east": {"uv": [10, 8.5, 10.5, 11], "texture": "#0"},
				"south": {"uv": [10.5, 8.5, 10, 11], "texture": "#0"},
				"west": {"uv": [10, 8.5, 10.5, 11], "texture": "#0"},
				"up": {"uv": [5, 6, 5.5, 6.5], "texture": "#0"},
				"down": {"uv": [5, 6, 5.5, 6.5], "texture": "#0"}
			}
		},
		{
			"from": [5.795, 9.48, 8.045],
			"to": [6.155, 10.92, 8.225],
			"rotation": {"angle": 0, "axis": "y", "origin": [11.915, 12.72, 13.625]},
			"faces": {
				"north": {"uv": [10.5, 8, 11, 10], "texture": "#0"},
				"east": {"uv": [10.5, 8, 11, 10], "texture": "#0"},
				"south": {"uv": [11, 8, 10.5, 10], "texture": "#0"},
				"west": {"uv": [10.5, 8, 11, 10], "texture": "#0"},
				"up": {"uv": [10.5, 8, 11, 8.25], "texture": "#0"},
				"down": {"uv": [10.5, 9.5, 11, 10], "texture": "#0"}
			}
		},
		{
			"from": [5.435, 10.2, 8.045],
			"to": [5.795, 10.92, 8.225],
			"rotation": {"angle": 0, "axis": "y", "origin": [11.555, 12.72, 13.625]},
			"faces": {
				"north": {"uv": [11, 8, 11.5, 9], "texture": "#0"},
				"east": {"uv": [11, 8, 11.5, 9], "texture": "#0"},
				"south": {"uv": [11.5, 8, 11, 9], "texture": "#0"},
				"west": {"uv": [11, 8, 11.5, 9], "texture": "#0"},
				"up": {"uv": [11, 8, 11.5, 8.25], "texture": "#0"},
				"down": {"uv": [11, 8.5, 11.5, 9], "texture": "#0"}
			}
		},
		{
			"from": [5.075, 10.56, 8.045],
			"to": [5.435, 10.92, 8.225],
			"rotation": {"angle": 0, "axis": "y", "origin": [11.195, 12.72, 13.625]},
			"faces": {
				"north": {"uv": [11.5, 8, 12, 8.5], "texture": "#0"},
				"east": {"uv": [11.5, 8, 12, 8.5], "texture": "#0"},
				"south": {"uv": [12, 8, 11.5, 8.5], "texture": "#0"},
				"west": {"uv": [11.5, 8, 12, 8.5], "texture": "#0"},
				"up": {"uv": [11.5, 8, 12, 8.5], "texture": "#0"},
				"down": {"uv": [11.5, 8, 12, 8.5], "texture": "#0"}
			}
		},
		{
			"from": [8.675, 6.6, 8.045],
			"to": [9.035, 10.56, 8.225],
			"rotation": {"angle": 0, "axis": "y", "origin": [14.795, 11.64, 13.625]},
			"faces": {
				"north": {"uv": [6.5, 8.5, 7, 14], "texture": "#0"},
				"east": {"uv": [6.5, 8.5, 7, 14], "texture": "#0"},
				"south": {"uv": [7, 8.5, 6.5, 14], "texture": "#0"},
				"west": {"uv": [6.5, 8.5, 7, 14], "texture": "#0"},
				"up": {"uv": [5, 6, 5.5, 6.5], "texture": "#0"},
				"down": {"uv": [5, 6, 5.5, 6.5], "texture": "#0"}
			}
		},
		{
			"from": [8.315, 5.88, 8.045],
			"to": [8.675, 9.84, 8.225],
			"rotation": {"angle": 0, "axis": "y", "origin": [14.435, 10.92, 13.625]},
			"faces": {
				"north": {"uv": [7, 9.5, 7.5, 15], "texture": "#0"},
				"east": {"uv": [7, 9.5, 7.5, 15], "texture": "#0"},
				"south": {"uv": [7.5, 9.5, 7, 15], "texture": "#0"},
				"west": {"uv": [7, 9.5, 7.5, 15], "texture": "#0"},
				"up": {"uv": [5, 6, 5.5, 6.5], "texture": "#0"},
				"down": {"uv": [5, 6, 5.5, 6.5], "texture": "#0"}
			}
		},
		{
			"from": [9.035, 7.32, 8.045],
			"to": [9.395, 11.64, 8.225],
			"rotation": {"angle": 0, "axis": "y", "origin": [15.155, 12.72, 13.625]},
			"faces": {
				"north": {"uv": [6, 7, 6.5, 13], "texture": "#0"},
				"east": {"uv": [6, 7, 6.5, 13], "texture": "#0"},
				"south": {"uv": [6.5, 7, 6, 13], "texture": "#0"},
				"west": {"uv": [6, 7, 6.5, 13], "texture": "#0"},
				"up": {"uv": [6, 7, 6.5, 7.25], "texture": "#0"},
				"down": {"uv": [5, 6, 5.5, 6.5], "texture": "#0"}
			}
		},
		{
			"from": [9.755, 8.76, 8.045],
			"to": [10.115, 12.72, 8.225],
			"rotation": {"angle": 0, "axis": "y", "origin": [15.875, 13.8, 13.625]},
			"faces": {
				"north": {"uv": [5, 5.5, 5.5, 11], "texture": "#0"},
				"east": {"uv": [5.5, 5.5, 5, 11], "texture": "#0"},
				"south": {"uv": [5.5, 5.5, 5, 11], "texture": "#0"},
				"west": {"uv": [5.5, 5.5, 5, 11], "texture": "#0"},
				"up": {"uv": [5, 6, 5.5, 6.5], "texture": "#0"},
				"down": {"uv": [5, 6, 5.5, 6.5], "texture": "#0"}
			}
		},
		{
			"from": [10.115, 10.2, 8.045],
			"to": [10.475, 13.08, 8.225],
			"rotation": {"angle": 0, "axis": "y", "origin": [16.235, 14.16, 13.625]},
			"faces": {
				"north": {"uv": [4.5, 5, 5, 9], "texture": "#0"},
				"east": {"uv": [5, 5, 4.5, 9], "texture": "#0"},
				"south": {"uv": [5, 5, 4.5, 9], "texture": "#0"},
				"west": {"uv": [5, 5, 4.5, 9], "texture": "#0"},
				"up": {"uv": [5, 6, 5.5, 6.5], "texture": "#0"},
				"down": {"uv": [5, 6, 5.5, 6.5], "texture": "#0"}
			}
		},
		{
			"from": [7.955, 11.64, 7.955],
			"to": [8.315, 12, 8.315],
			"rotation": {"angle": 0, "axis": "y", "origin": [13.715, 11.28, 13.715]},
			"faces": {
				"north": {"uv": [7.5, 6.5, 8, 7], "texture": "#0"},
				"east": {"uv": [7.5, 6.5, 8, 7], "texture": "#0"},
				"south": {"uv": [8, 6.5, 7.5, 7], "texture": "#0"},
				"west": {"uv": [7.5, 6.5, 8, 7], "texture": "#0"},
				"up": {"uv": [7.5, 6.5, 8, 7], "texture": "#0"},
				"down": {"uv": [7.5, 6.5, 8, 7], "texture": "#0"}
			}
		},
		{
			"from": [7.955, 5.16, 7.955],
			"to": [8.315, 11.64, 8.315],
			"rotation": {"angle": 0, "axis": "y", "origin": [13.715, 10.92, 13.715]},
			"faces": {
				"north": {"uv": [7.5, 7, 8, 16], "texture": "#0"},
				"east": {"uv": [7.5, 7, 8, 16], "texture": "#0"},
				"south": {"uv": [8, 7, 7.5, 16], "texture": "#0"},
				"west": {"uv": [7.5, 7, 8, 16], "texture": "#0"},
				"up": {"uv": [7.5, 7, 8, 7.5], "texture": "#0"},
				"down": {"uv": [7.5, 15.5, 8, 16], "texture": "#0"}
			}
		},
		{
			"from": [7.595, 12, 7.595],
			"to": [8.675, 12.36, 8.675],
			"rotation": {"angle": 0, "axis": "y", "origin": [13.715, 11.64, 13.715]},
			"faces": {
				"north": {"uv": [7, 6, 8.5, 6.5], "texture": "#0"},
				"east": {"uv": [7, 6, 8.5, 6.5], "texture": "#0"},
				"south": {"uv": [8.5, 6, 7, 6.5], "texture": "#0"},
				"west": {"uv": [7, 6, 8.5, 6.5], "texture": "#0"},
				"up": {"uv": [7, 6, 8.5, 6.5], "texture": "#0"},
				"down": {"uv": [7, 6, 8.5, 6.5], "texture": "#0"}
			}
		},
		{
			"from": [7.235, 12.36, 7.235],
			"to": [9.035, 13.44, 9.035],
			"rotation": {"angle": 0, "axis": "y", "origin": [13.715, 12, 14.075]},
			"faces": {
				"north": {"uv": [6.5, 4.5, 9, 6], "texture": "#0"},
				"east": {"uv": [6.5, 4.5, 9, 6], "texture": "#0"},
				"south": {"uv": [6.5, 4.5, 9, 6], "texture": "#0"},
				"west": {"uv": [6.5, 4.5, 9, 6], "texture": "#0"},
				"up": {"uv": [6.5, 4.5, 9, 6], "texture": "#0"},
				"down": {"uv": [6.5, 5.5, 7, 6], "texture": "#0"}
			}
		},
		{
			"from": [8.315, 13.44, 7.775],
			"to": [9.035, 13.8, 8.495],
			"rotation": {"angle": 0, "axis": "y", "origin": [13.715, 13.08, 14.615]},
			"faces": {
				"north": {"uv": [6.5, 4, 7.5, 4.5], "texture": "#0"},
				"east": {"uv": [6.5, 4, 7.5, 4.5], "texture": "#0"},
				"south": {"uv": [6.5, 4, 7.5, 4.5], "texture": "#0"},
				"west": {"uv": [6.5, 4, 7.5, 4.5], "texture": "#0"},
				"up": {"uv": [6.5, 4, 7.5, 4.5], "texture": "#0"},
				"down": {"uv": [6.5, 4, 7.5, 4.5], "texture": "#0"}
			}
		},
		{
			"from": [7.235, 13.44, 7.775],
			"to": [7.955, 13.8, 8.495],
			"rotation": {"angle": 0, "axis": "y", "origin": [12.635, 13.08, 14.615]},
			"faces": {
				"north": {"uv": [8, 4, 9, 4.5], "texture": "#0"},
				"east": {"uv": [8, 4, 9, 4.5], "texture": "#0"},
				"south": {"uv": [8, 4, 9, 4.5], "texture": "#0"},
				"west": {"uv": [8, 4, 9, 4.5], "texture": "#0"},
				"up": {"uv": [8, 4, 9, 4.5], "texture": "#0"},
				"down": {"uv": [8, 4, 9, 4.5], "texture": "#0"}
			}
		},
		{
			"from": [7.235, 13.8, 7.955],
			"to": [7.595, 14.16, 8.315],
			"rotation": {"angle": 0, "axis": "y", "origin": [12.635, 13.44, 14.795]},
			"faces": {
				"north": {"uv": [8.5, 3.5, 9, 4], "texture": "#0"},
				"east": {"uv": [8.5, 3.5, 9, 4], "texture": "#0"},
				"south": {"uv": [8.5, 3.5, 9, 4], "texture": "#0"},
				"west": {"uv": [8.5, 3.5, 9, 4], "texture": "#0"},
				"up": {"uv": [8.5, 3.5, 9, 4], "texture": "#0"},
				"down": {"uv": [8.5, 3.5, 9, 4], "texture": "#0"}
			}
		},
		{
			"from": [8.675, 13.8, 7.955],
			"to": [9.035, 14.16, 8.315],
			"rotation": {"angle": 0, "axis": "y", "origin": [14.075, 13.44, 14.795]},
			"faces": {
				"north": {"uv": [6.5, 3.5, 7, 4], "texture": "#0"},
				"east": {"uv": [6.5, 3.5, 7, 4], "texture": "#0"},
				"south": {"uv": [6.5, 3.5, 7, 4], "texture": "#0"},
				"west": {"uv": [6.5, 3.5, 7, 4], "texture": "#0"},
				"up": {"uv": [6.5, 3.5, 7, 4], "texture": "#0"},
				"down": {"uv": [6.5, 3.5, 7, 4], "texture": "#0"}
			}
		},
		{
			"from": [7.955, 13.8, 8.675],
			"to": [8.315, 14.16, 9.035],
			"rotation": {"angle": 0, "axis": "y", "origin": [1.475, 13.44, 14.075]},
			"faces": {
				"north": {"uv": [6.5, 3.5, 7, 4], "texture": "#0"},
				"east": {"uv": [6.5, 3.5, 7, 4], "texture": "#0"},
				"south": {"uv": [6.5, 3.5, 7, 4], "texture": "#0"},
				"west": {"uv": [6.5, 3.5, 7, 4], "texture": "#0"},
				"up": {"uv": [6.5, 3.5, 7, 4], "rotation": 90, "texture": "#0"},
				"down": {"uv": [6.5, 3.5, 7, 4], "rotation": 270, "texture": "#0"}
			}
		},
		{
			"from": [7.955, 13.8, 7.235],
			"to": [8.315, 14.16, 7.595],
			"rotation": {"angle": 0, "axis": "y", "origin": [1.475, 13.44, 12.635]},
			"faces": {
				"north": {"uv": [8.5, 3.5, 9, 4], "texture": "#0"},
				"east": {"uv": [8.5, 3.5, 9, 4], "texture": "#0"},
				"south": {"uv": [8.5, 3.5, 9, 4], "texture": "#0"},
				"west": {"uv": [8.5, 3.5, 9, 4], "texture": "#0"},
				"up": {"uv": [8.5, 3.5, 9, 4], "rotation": 90, "texture": "#0"},
				"down": {"uv": [8.5, 3.5, 9, 4], "rotation": 270, "texture": "#0"}
			}
		},
		{
			"from": [7.775, 13.44, 7.235],
			"to": [8.495, 13.8, 7.955],
			"rotation": {"angle": 0, "axis": "y", "origin": [1.655, 13.08, 12.635]},
			"faces": {
				"north": {"uv": [8, 4, 9, 4.5], "texture": "#0"},
				"east": {"uv": [8, 4, 9, 4.5], "texture": "#0"},
				"south": {"uv": [8, 4, 9, 4.5], "texture": "#0"},
				"west": {"uv": [8, 4, 9, 4.5], "texture": "#0"},
				"up": {"uv": [8, 4, 9, 4.5], "rotation": 90, "texture": "#0"},
				"down": {"uv": [8, 4, 9, 4.5], "rotation": 270, "texture": "#0"}
			}
		},
		{
			"from": [7.775, 13.44, 8.315],
			"to": [8.495, 13.8, 9.035],
			"rotation": {"angle": 0, "axis": "y", "origin": [1.655, 13.08, 13.715]},
			"faces": {
				"north": {"uv": [6.5, 4, 7.5, 4.5], "texture": "#0"},
				"east": {"uv": [6.5, 4, 7.5, 4.5], "texture": "#0"},
				"south": {"uv": [6.5, 4, 7.5, 4.5], "texture": "#0"},
				"west": {"uv": [6.5, 4, 7.5, 4.5], "texture": "#0"},
				"up": {"uv": [6.5, 4, 7.5, 4.5], "rotation": 90, "texture": "#0"},
				"down": {"uv": [6.5, 4, 7.5, 4.5], "rotation": 270, "texture": "#0"}
			}
		},
		{
			"from": [8.045, 5.88, 8.315],
			"to": [8.225, 9.84, 8.675],
			"rotation": {"angle": 0, "axis": "y", "origin": [2.645, 10.92, 14.435]},
			"faces": {
				"north": {"uv": [7, 9.5, 7.5, 15], "texture": "#0"},
				"east": {"uv": [7, 9.5, 7.5, 15], "texture": "#0"},
				"south": {"uv": [7, 9.5, 7.5, 15], "texture": "#0"},
				"west": {"uv": [7.5, 9.5, 7, 15], "texture": "#0"},
				"up": {"uv": [5, 6, 5.5, 6.5], "rotation": 90, "texture": "#0"},
				"down": {"uv": [5, 6, 5.5, 6.5], "rotation": 270, "texture": "#0"}
			}
		},
		{
			"from": [8.045, 6.6, 8.675],
			"to": [8.225, 10.56, 9.035],
			"rotation": {"angle": 0, "axis": "y", "origin": [2.645, 11.64, 14.795]},
			"faces": {
				"north": {"uv": [6.5, 8.5, 7, 14], "texture": "#0"},
				"east": {"uv": [6.5, 8.5, 7, 14], "texture": "#0"},
				"south": {"uv": [6.5, 8.5, 7, 14], "texture": "#0"},
				"west": {"uv": [7, 8.5, 6.5, 14], "texture": "#0"},
				"up": {"uv": [5, 6, 5.5, 6.5], "rotation": 90, "texture": "#0"},
				"down": {"uv": [5, 6, 5.5, 6.5], "rotation": 270, "texture": "#0"}
			}
		},
		{
			"from": [8.045, 7.32, 9.035],
			"to": [8.225, 11.64, 9.395],
			"rotation": {"angle": 0, "axis": "y", "origin": [2.645, 12.72, 15.155]},
			"faces": {
				"north": {"uv": [6, 7, 6.5, 13], "texture": "#0"},
				"east": {"uv": [6, 7, 6.5, 13], "texture": "#0"},
				"south": {"uv": [6, 7, 6.5, 13], "texture": "#0"},
				"west": {"uv": [6.5, 7, 6, 13], "texture": "#0"},
				"up": {"uv": [6, 7, 6.5, 7.25], "rotation": 90, "texture": "#0"},
				"down": {"uv": [5, 6, 5.5, 6.5], "rotation": 270, "texture": "#0"}
			}
		},
		{
			"from": [8.045, 8.04, 9.395],
			"to": [8.225, 12, 9.755],
			"rotation": {"angle": 0, "axis": "y", "origin": [2.645, 13.08, 15.515]},
			"faces": {
				"north": {"uv": [5.5, 6.5, 6, 12], "texture": "#0"},
				"east": {"uv": [5.5, 6.5, 6, 12], "texture": "#0"},
				"south": {"uv": [5.5, 6.5, 6, 12], "texture": "#0"},
				"west": {"uv": [6, 6.5, 5.5, 12], "texture": "#0"},
				"up": {"uv": [5, 6, 5.5, 6.5], "rotation": 90, "texture": "#0"},
				"down": {"uv": [5, 6, 5.5, 6.5], "rotation": 270, "texture": "#0"}
			}
		},
		{
			"from": [8.045, 8.76, 9.755],
			"to": [8.225, 12.72, 10.115],
			"rotation": {"angle": 0, "axis": "y", "origin": [2.645, 13.8, 15.875]},
			"faces": {
				"north": {"uv": [5.5, 5.5, 5, 11], "texture": "#0"},
				"east": {"uv": [5, 5.5, 5.5, 11], "texture": "#0"},
				"south": {"uv": [5.5, 5.5, 5, 11], "texture": "#0"},
				"west": {"uv": [5.5, 5.5, 5, 11], "texture": "#0"},
				"up": {"uv": [5, 6, 5.5, 6.5], "rotation": 90, "texture": "#0"},
				"down": {"uv": [5, 6, 5.5, 6.5], "rotation": 270, "texture": "#0"}
			}
		},
		{
			"from": [8.045, 10.2, 10.115],
			"to": [8.225, 13.08, 10.475],
			"rotation": {"angle": 0, "axis": "y", "origin": [2.645, 14.16, 16.235]},
			"faces": {
				"north": {"uv": [5, 5, 4.5, 9], "texture": "#0"},
				"east": {"uv": [4.5, 5, 5, 9], "texture": "#0"},
				"south": {"uv": [5, 5, 4.5, 9], "texture": "#0"},
				"west": {"uv": [5, 5, 4.5, 9], "texture": "#0"},
				"up": {"uv": [5, 6, 5.5, 6.5], "rotation": 90, "texture": "#0"},
				"down": {"uv": [5, 6, 5.5, 6.5], "rotation": 270, "texture": "#0"}
			}
		},
		{
			"from": [8.045, 5.88, 7.595],
			"to": [8.225, 9.12, 7.955],
			"rotation": {"angle": 0, "axis": "y", "origin": [2.645, 10.92, 13.715]},
			"faces": {
				"north": {"uv": [8, 10.5, 8.5, 15], "texture": "#0"},
				"east": {"uv": [8, 10.5, 8.5, 15], "texture": "#0"},
				"south": {"uv": [8, 10.5, 8.5, 15], "texture": "#0"},
				"west": {"uv": [8.5, 10.5, 8, 15], "texture": "#0"},
				"up": {"uv": [5, 6, 5.5, 6.5], "rotation": 90, "texture": "#0"},
				"down": {"uv": [5, 6, 5.5, 6.5], "rotation": 270, "texture": "#0"}
			}
		},
		{
			"from": [8.045, 6.6, 7.235],
			"to": [8.225, 9.48, 7.595],
			"rotation": {"angle": 0, "axis": "y", "origin": [2.645, 11.28, 13.355]},
			"faces": {
				"north": {"uv": [8.5, 10, 9, 14], "texture": "#0"},
				"east": {"uv": [8.5, 10, 9, 14], "texture": "#0"},
				"south": {"uv": [8.5, 10, 9, 14], "texture": "#0"},
				"west": {"uv": [9, 10, 8.5, 14], "texture": "#0"},
				"up": {"uv": [5, 6, 5.5, 6.5], "rotation": 90, "texture": "#0"},
				"down": {"uv": [5, 6, 5.5, 6.5], "rotation": 270, "texture": "#0"}
			}
		},
		{
			"from": [8.045, 7.32, 6.875],
			"to": [8.225, 9.84, 7.235],
			"rotation": {"angle": 0, "axis": "y", "origin": [2.645, 11.64, 12.995]},
			"faces": {
				"north": {"uv": [9, 9.5, 9.5, 13], "texture": "#0"},
				"east": {"uv": [9, 9.5, 9.5, 13], "texture": "#0"},
				"south": {"uv": [9, 9.5, 9.5, 13], "texture": "#0"},
				"west": {"uv": [9.5, 9.5, 9, 13], "texture": "#0"},
				"up": {"uv": [5, 6, 5.5, 6.5], "rotation": 90, "texture": "#0"},
				"down": {"uv": [5, 6, 5.5, 6.5], "rotation": 270, "texture": "#0"}
			}
		},
		{
			"from": [8.045, 9.48, 5.795],
			"to": [8.225, 10.92, 6.155],
			"rotation": {"angle": 0, "axis": "y", "origin": [2.645, 12.72, 11.915]},
			"faces": {
				"north": {"uv": [10.5, 8, 11, 10], "texture": "#0"},
				"east": {"uv": [10.5, 8, 11, 10], "texture": "#0"},
				"south": {"uv": [10.5, 8, 11, 10], "texture": "#0"},
				"west": {"uv": [11, 8, 10.5, 10], "texture": "#0"},
				"up": {"uv": [10.5, 8, 11, 8.25], "rotation": 90, "texture": "#0"},
				"down": {"uv": [10.5, 9.5, 11, 10], "rotation": 270, "texture": "#0"}
			}
		},
		{
			"from": [8.045, 10.2, 5.435],
			"to": [8.225, 10.92, 5.795],
			"rotation": {"angle": 0, "axis": "y", "origin": [2.645, 12.72, 11.555]},
			"faces": {
				"north": {"uv": [11, 8, 11.5, 9], "texture": "#0"},
				"east": {"uv": [11, 8, 11.5, 9], "texture": "#0"},
				"south": {"uv": [11, 8, 11.5, 9], "texture": "#0"},
				"west": {"uv": [11.5, 8, 11, 9], "texture": "#0"},
				"up": {"uv": [11, 8, 11.5, 8.25], "rotation": 90, "texture": "#0"},
				"down": {"uv": [11, 8.5, 11.5, 9], "rotation": 270, "texture": "#0"}
			}
		},
		{
			"from": [8.045, 10.56, 5.075],
			"to": [8.225, 10.92, 5.435],
			"rotation": {"angle": 0, "axis": "y", "origin": [2.645, 12.72, 11.195]},
			"faces": {
				"north": {"uv": [11.5, 8, 12, 8.5], "texture": "#0"},
				"east": {"uv": [11.5, 8, 12, 8.5], "texture": "#0"},
				"south": {"uv": [11.5, 8, 12, 8.5], "texture": "#0"},
				"west": {"uv": [12, 8, 11.5, 8.5], "texture": "#0"},
				"up": {"uv": [11.5, 8, 12, 8.5], "rotation": 90, "texture": "#0"},
				"down": {"uv": [11.5, 8, 12, 8.5], "rotation": 270, "texture": "#0"}
			}
		},
		{
			"from": [8.045, 8.76, 6.155],
			"to": [8.225, 10.56, 6.515],
			"rotation": {"angle": 0, "axis": "y", "origin": [2.645, 12.36, 12.275]},
			"faces": {
				"north": {"uv": [10, 8.5, 10.5, 11], "texture": "#0"},
				"east": {"uv": [10, 8.5, 10.5, 11], "texture": "#0"},
				"south": {"uv": [10, 8.5, 10.5, 11], "texture": "#0"},
				"west": {"uv": [10.5, 8.5, 10, 11], "texture": "#0"},
				"up": {"uv": [5, 6, 5.5, 6.5], "rotation": 90, "texture": "#0"},
				"down": {"uv": [5, 6, 5.5, 6.5], "rotation": 270, "texture": "#0"}
			}
		},
		{
			"from": [8.045, 8.04, 6.515],
			"to": [8.225, 10.2, 6.875],
			"rotation": {"angle": 0, "axis": "y", "origin": [2.645, 12, 12.635]},
			"faces": {
				"north": {"uv": [9.5, 9, 10, 12], "texture": "#0"},
				"east": {"uv": [9.5, 9, 10, 12], "texture": "#0"},
				"south": {"uv": [9.5, 9, 10, 12], "texture": "#0"},
				"west": {"uv": [10, 9, 9.5, 12], "texture": "#0"},
				"up": {"uv": [5, 6, 5.5, 6.5], "rotation": 90, "texture": "#0"},
				"down": {"uv": [5, 6, 5.5, 6.5], "rotation": 270, "texture": "#0"}
			}
		}
	],
	"display": {
		"thirdperson_righthand": {
			"rotation": [75, 45, 0],
			"translation": [0, 1.5, 2.5],
			"scale": [0.375, 0.375, 0.375]
		},
		"thirdperson_lefthand": {
			"rotation": [75, 45, 0],
			"translation": [0, 1.5, 2.5],
			"scale": [0.375, 0.375, 0.375]
		},
		"firstperson_righthand": {
			"rotation": [0, 45, 0],
			"translation": [0, 2.2, 0],
			"scale": [0.4, 0.4, 0.4]
		},
		"firstperson_lefthand": {
			"rotation": [0, 45, 0],
			"translation": [0, 2.2, 0],
			"scale": [0.4, 0.4, 0.4]
		},
		"ground": {
			"translation": [0, 3, 0],
			"scale": [0.75, 0.75, 0.75]
		},
		"gui": {
			"rotation": [30, 225, 0],
			"translation": [0, 1, 0]
		},
		"head": {
			"translation": [0, 14.5, 0]
		}
	},
	"groups": [
		{
			"name": "group",
			"origin": [0.5625, 9.5, 14.4375],
			"children": [0, 1, 2, 3, 4, 5, 6, 7, 8, 9, 10, 11, 12, 13, 14, 15, 16, 17, 18, 19, 20, 21, 22, 23, 24, 25, 26, 27, 28, 29, 30, 31, 32, 33, 34, 35, 36, 37, 38, 39]
		}
	]
}