{
	"credit": "Made with Blockbench",
	"textures": {
		"0": "block/red_tulip",
		"particle": "block/red_tulip"
	},
	"elements": [
		{
			"from": [7.9375, 0, 7.9375],
			"to": [8.4375, 9, 8.4375],
			"rotation": {"angle": 0, "axis": "y", "origin": [15.9375, 8, 15.9375]},
			"faces": {
				"north": {"uv": [7.5, 7, 8, 16], "texture": "#0"},
				"east": {"uv": [7.5, 7, 8, 16], "texture": "#0"},
				"south": {"uv": [8, 7, 7.5, 16], "texture": "#0"},
				"west": {"uv": [7.5, 7, 8, 16], "texture": "#0"},
				"up": {"uv": [7.5, 7, 8, 7.5], "texture": "#0"},
				"down": {"uv": [7.5, 15.5, 8, 16], "texture": "#0"}
			}
		},
		{
			"from": [7.9375, 9, 7.9375],
			"to": [8.4375, 9.5, 8.4375],
			"rotation": {"angle": 0, "axis": "y", "origin": [15.9375, 8.5, 15.9375]},
			"faces": {
				"north": {"uv": [7.5, 6.5, 8, 7], "texture": "#0"},
				"east": {"uv": [7.5, 6.5, 8, 7], "texture": "#0"},
				"south": {"uv": [8, 6.5, 7.5, 7], "texture": "#0"},
				"west": {"uv": [7.5, 6.5, 8, 7], "texture": "#0"},
				"up": {"uv": [7.5, 6.5, 8, 7], "texture": "#0"},
				"down": {"uv": [7.5, 6.5, 8, 7], "texture": "#0"}
			}
		},
		{
			"from": [7.4375, 9.5, 7.4375],
			"to": [8.9375, 10, 8.9375],
			"rotation": {"angle": 0, "axis": "y", "origin": [15.9375, 9, 15.9375]},
			"faces": {
				"north": {"uv": [7, 6, 8.5, 6.5], "texture": "#0"},
				"east": {"uv": [7, 6, 8.5, 6.5], "texture": "#0"},
				"south": {"uv": [8.5, 6, 7, 6.5], "texture": "#0"},
				"west": {"uv": [7, 6, 8.5, 6.5], "texture": "#0"},
				"up": {"uv": [7, 6, 8.5, 6.5], "texture": "#0"},
				"down": {"uv": [7, 6, 8.5, 6.5], "texture": "#0"}
			}
		},
		{
			"from": [6.9375, 10, 6.9375],
			"to": [9.4375, 11.5, 9.4375],
			"rotation": {"angle": 0, "axis": "y", "origin": [15.9375, 9.5, 16.4375]},
			"faces": {
				"north": {"uv": [6.5, 4.5, 9, 6], "texture": "#0"},
				"east": {"uv": [6.5, 4.5, 9, 6], "texture": "#0"},
				"south": {"uv": [6.5, 4.5, 9, 6], "texture": "#0"},
				"west": {"uv": [6.5, 4.5, 9, 6], "texture": "#0"},
				"up": {"uv": [6.5, 4.5, 9, 6], "texture": "#0"},
				"down": {"uv": [6.5, 5.5, 7, 6], "texture": "#0"}
			}
		},
		{
			"from": [8.4375, 11.5, 7.6875],
			"to": [9.4375, 12, 8.6875],
			"rotation": {"angle": 0, "axis": "y", "origin": [15.9375, 11, 17.1875]},
			"faces": {
				"north": {"uv": [6.5, 4, 7.5, 4.5], "texture": "#0"},
				"east": {"uv": [6.5, 4, 7.5, 4.5], "texture": "#0"},
				"south": {"uv": [6.5, 4, 7.5, 4.5], "texture": "#0"},
				"west": {"uv": [6.5, 4, 7.5, 4.5], "texture": "#0"},
				"up": {"uv": [6.5, 4, 7.5, 4.5], "texture": "#0"},
				"down": {"uv": [6.5, 4, 7.5, 4.5], "texture": "#0"}
			}
		},
		{
			"from": [7.6875, 11.5, 8.4375],
			"to": [8.6875, 12, 9.4375],
			"rotation": {"angle": 0, "axis": "y", "origin": [-0.8125, 11, 15.9375]},
			"faces": {
				"north": {"uv": [6.5, 4, 7.5, 4.5], "texture": "#0"},
				"east": {"uv": [6.5, 4, 7.5, 4.5], "texture": "#0"},
				"south": {"uv": [6.5, 4, 7.5, 4.5], "texture": "#0"},
				"west": {"uv": [6.5, 4, 7.5, 4.5], "texture": "#0"},
				"up": {"uv": [6.5, 4, 7.5, 4.5], "rotation": 90, "texture": "#0"},
				"down": {"uv": [6.5, 4, 7.5, 4.5], "rotation": 270, "texture": "#0"}
			}
		},
		{
			"from": [6.9375, 11.5, 7.6875],
			"to": [7.9375, 12, 8.6875],
			"rotation": {"angle": 0, "axis": "y", "origin": [14.4375, 11, 17.1875]},
			"faces": {
				"north": {"uv": [8, 4, 9, 4.5], "texture": "#0"},
				"east": {"uv": [8, 4, 9, 4.5], "texture": "#0"},
				"south": {"uv": [8, 4, 9, 4.5], "texture": "#0"},
				"west": {"uv": [8, 4, 9, 4.5], "texture": "#0"},
				"up": {"uv": [8, 4, 9, 4.5], "texture": "#0"},
				"down": {"uv": [8, 4, 9, 4.5], "texture": "#0"}
			}
		},
		{
			"from": [7.6875, 11.5, 6.9375],
			"to": [8.6875, 12, 7.9375],
			"rotation": {"angle": 0, "axis": "y", "origin": [-0.8125, 11, 14.4375]},
			"faces": {
				"north": {"uv": [8, 4, 9, 4.5], "texture": "#0"},
				"east": {"uv": [8, 4, 9, 4.5], "texture": "#0"},
				"south": {"uv": [8, 4, 9, 4.5], "texture": "#0"},
				"west": {"uv": [8, 4, 9, 4.5], "texture": "#0"},
				"up": {"uv": [8, 4, 9, 4.5], "rotation": 90, "texture": "#0"},
				"down": {"uv": [8, 4, 9, 4.5], "rotation": 270, "texture": "#0"}
			}
		},
		{
			"from": [6.9375, 12, 7.9375],
			"to": [7.4375, 12.5, 8.4375],
			"rotation": {"angle": 0, "axis": "y", "origin": [14.4375, 11.5, 17.4375]},
			"faces": {
				"north": {"uv": [8.5, 3.5, 9, 4], "texture": "#0"},
				"east": {"uv": [8.5, 3.5, 9, 4], "texture": "#0"},
				"south": {"uv": [8.5, 3.5, 9, 4], "texture": "#0"},
				"west": {"uv": [8.5, 3.5, 9, 4], "texture": "#0"},
				"up": {"uv": [8.5, 3.5, 9, 4], "texture": "#0"},
				"down": {"uv": [8.5, 3.5, 9, 4], "texture": "#0"}
			}
		},
		{
			"from": [7.9375, 12, 6.9375],
			"to": [8.4375, 12.5, 7.4375],
			"rotation": {"angle": 0, "axis": "y", "origin": [-1.0625, 11.5, 14.4375]},
			"faces": {
				"north": {"uv": [8.5, 3.5, 9, 4], "texture": "#0"},
				"east": {"uv": [8.5, 3.5, 9, 4], "texture": "#0"},
				"south": {"uv": [8.5, 3.5, 9, 4], "texture": "#0"},
				"west": {"uv": [8.5, 3.5, 9, 4], "texture": "#0"},
				"up": {"uv": [8.5, 3.5, 9, 4], "rotation": 90, "texture": "#0"},
				"down": {"uv": [8.5, 3.5, 9, 4], "rotation": 270, "texture": "#0"}
			}
		},
		{
			"from": [8.9375, 12, 7.9375],
			"to": [9.4375, 12.5, 8.4375],
			"rotation": {"angle": 0, "axis": "y", "origin": [16.4375, 11.5, 17.4375]},
			"faces": {
				"north": {"uv": [6.5, 3.5, 7, 4], "texture": "#0"},
				"east": {"uv": [6.5, 3.5, 7, 4], "texture": "#0"},
				"south": {"uv": [6.5, 3.5, 7, 4], "texture": "#0"},
				"west": {"uv": [6.5, 3.5, 7, 4], "texture": "#0"},
				"up": {"uv": [6.5, 3.5, 7, 4], "texture": "#0"},
				"down": {"uv": [6.5, 3.5, 7, 4], "texture": "#0"}
			}
		},
		{
			"from": [7.9375, 12, 8.9375],
			"to": [8.4375, 12.5, 9.4375],
			"rotation": {"angle": 0, "axis": "y", "origin": [-1.0625, 11.5, 16.4375]},
			"faces": {
				"north": {"uv": [6.5, 3.5, 7, 4], "texture": "#0"},
				"east": {"uv": [6.5, 3.5, 7, 4], "texture": "#0"},
				"south": {"uv": [6.5, 3.5, 7, 4], "texture": "#0"},
				"west": {"uv": [6.5, 3.5, 7, 4], "texture": "#0"},
				"up": {"uv": [6.5, 3.5, 7, 4], "rotation": 90, "texture": "#0"},
				"down": {"uv": [6.5, 3.5, 7, 4], "rotation": 270, "texture": "#0"}
			}
		},
		{
			"from": [7.4375, 1, 8.0625],
			"to": [7.9375, 5.5, 8.3125],
			"rotation": {"angle": 0, "axis": "y", "origin": [15.9375, 8, 15.8125]},
			"faces": {
				"north": {"uv": [8, 10.5, 8.5, 15], "texture": "#0"},
				"east": {"uv": [8, 10.5, 8.5, 15], "texture": "#0"},
				"south": {"uv": [8.5, 10.5, 8, 15], "texture": "#0"},
				"west": {"uv": [8, 10.5, 8.5, 15], "texture": "#0"},
				"up": {"uv": [5, 6, 5.5, 6.5], "texture": "#0"},
				"down": {"uv": [5, 6, 5.5, 6.5], "texture": "#0"}
			}
		},
		{
			"from": [8.0625, 1, 7.4375],
			"to": [8.3125, 5.5, 7.9375],
			"rotation": {"angle": 0, "axis": "y", "origin": [0.5625, 8, 15.9375]},
			"faces": {
				"north": {"uv": [8, 10.5, 8.5, 15], "texture": "#0"},
				"east": {"uv": [8, 10.5, 8.5, 15], "texture": "#0"},
				"south": {"uv": [8, 10.5, 8.5, 15], "texture": "#0"},
				"west": {"uv": [8.5, 10.5, 8, 15], "texture": "#0"},
				"up": {"uv": [5, 6, 5.5, 6.5], "rotation": 90, "texture": "#0"},
				"down": {"uv": [5, 6, 5.5, 6.5], "rotation": 270, "texture": "#0"}
			}
		},
		{
			"from": [8.9375, 2, 8.0625],
			"to": [9.4375, 7.5, 8.3125],
			"rotation": {"angle": 0, "axis": "y", "origin": [17.4375, 9, 15.8125]},
			"faces": {
				"north": {"uv": [6.5, 8.5, 7, 14], "texture": "#0"},
				"east": {"uv": [6.5, 8.5, 7, 14], "texture": "#0"},
				"south": {"uv": [7, 8.5, 6.5, 14], "texture": "#0"},
				"west": {"uv": [6.5, 8.5, 7, 14], "texture": "#0"},
				"up": {"uv": [5, 6, 5.5, 6.5], "texture": "#0"},
				"down": {"uv": [5, 6, 5.5, 6.5], "texture": "#0"}
			}
		},
		{
			"from": [8.0625, 2, 8.9375],
			"to": [8.3125, 7.5, 9.4375],
			"rotation": {"angle": 0, "axis": "y", "origin": [0.5625, 9, 17.4375]},
			"faces": {
				"north": {"uv": [6.5, 8.5, 7, 14], "texture": "#0"},
				"east": {"uv": [6.5, 8.5, 7, 14], "texture": "#0"},
				"south": {"uv": [6.5, 8.5, 7, 14], "texture": "#0"},
				"west": {"uv": [7, 8.5, 6.5, 14], "texture": "#0"},
				"up": {"uv": [5, 6, 5.5, 6.5], "rotation": 90, "texture": "#0"},
				"down": {"uv": [5, 6, 5.5, 6.5], "rotation": 270, "texture": "#0"}
			}
		},
		{
			"from": [9.4375, 3, 8.0625],
			"to": [9.9375, 9, 8.3125],
			"rotation": {"angle": 0, "axis": "y", "origin": [17.9375, 10.5, 15.8125]},
			"faces": {
				"north": {"uv": [6, 7, 6.5, 13], "texture": "#0"},
				"east": {"uv": [6, 7, 6.5, 13], "texture": "#0"},
				"south": {"uv": [6.5, 7, 6, 13], "texture": "#0"},
				"west": {"uv": [6, 7, 6.5, 13], "texture": "#0"},
				"up": {"uv": [6, 7, 6.5, 7.25], "texture": "#0"},
				"down": {"uv": [5, 6, 5.5, 6.5], "texture": "#0"}
			}
		},
		{
			"from": [8.0625, 3, 9.4375],
			"to": [8.3125, 9, 9.9375],
			"rotation": {"angle": 0, "axis": "y", "origin": [0.5625, 10.5, 17.9375]},
			"faces": {
				"north": {"uv": [6, 7, 6.5, 13], "texture": "#0"},
				"east": {"uv": [6, 7, 6.5, 13], "texture": "#0"},
				"south": {"uv": [6, 7, 6.5, 13], "texture": "#0"},
				"west": {"uv": [6.5, 7, 6, 13], "texture": "#0"},
				"up": {"uv": [6, 7, 6.5, 7.25], "rotation": 90, "texture": "#0"},
				"down": {"uv": [5, 6, 5.5, 6.5], "rotation": 270, "texture": "#0"}
			}
		},
		{
			"from": [9.9375, 4, 8.0625],
			"to": [10.4375, 9.5, 8.3125],
			"rotation": {"angle": 0, "axis": "y", "origin": [18.4375, 11, 15.8125]},
			"faces": {
				"north": {"uv": [5.5, 6.5, 6, 12], "texture": "#0"},
				"east": {"uv": [5.5, 6.5, 6, 12], "texture": "#0"},
				"south": {"uv": [6, 6.5, 5.5, 12], "texture": "#0"},
				"west": {"uv": [5.5, 6.5, 6, 12], "texture": "#0"},
				"up": {"uv": [5, 6, 5.5, 6.5], "texture": "#0"},
				"down": {"uv": [5, 6, 5.5, 6.5], "texture": "#0"}
			}
		},
		{
			"from": [8.0625, 4, 9.9375],
			"to": [8.3125, 9.5, 10.4375],
			"rotation": {"angle": 0, "axis": "y", "origin": [0.5625, 11, 18.4375]},
			"faces": {
				"north": {"uv": [5.5, 6.5, 6, 12], "texture": "#0"},
				"east": {"uv": [5.5, 6.5, 6, 12], "texture": "#0"},
				"south": {"uv": [5.5, 6.5, 6, 12], "texture": "#0"},
				"west": {"uv": [6, 6.5, 5.5, 12], "texture": "#0"},
				"up": {"uv": [5, 6, 5.5, 6.5], "rotation": 90, "texture": "#0"},
				"down": {"uv": [5, 6, 5.5, 6.5], "rotation": 270, "texture": "#0"}
			}
		},
		{
			"from": [10.4375, 5, 8.0625],
			"to": [10.9375, 10.5, 8.3125],
			"rotation": {"angle": 0, "axis": "y", "origin": [18.9375, 12, 15.8125]},
			"faces": {
				"north": {"uv": [5, 5.5, 5.5, 11], "texture": "#0"},
				"east": {"uv": [5.5, 5.5, 5, 11], "texture": "#0"},
				"south": {"uv": [5.5, 5.5, 5, 11], "texture": "#0"},
				"west": {"uv": [5.5, 5.5, 5, 11], "texture": "#0"},
				"up": {"uv": [5, 6, 5.5, 6.5], "texture": "#0"},
				"down": {"uv": [5, 6, 5.5, 6.5], "texture": "#0"}
			}
		},
		{
			"from": [8.0625, 5, 10.4375],
			"to": [8.3125, 10.5, 10.9375],
			"rotation": {"angle": 0, "axis": "y", "origin": [0.5625, 12, 18.9375]},
			"faces": {
				"north": {"uv": [5.5, 5.5, 5, 11], "texture": "#0"},
				"east": {"uv": [5, 5.5, 5.5, 11], "texture": "#0"},
				"south": {"uv": [5.5, 5.5, 5, 11], "texture": "#0"},
				"west": {"uv": [5.5, 5.5, 5, 11], "texture": "#0"},
				"up": {"uv": [5, 6, 5.5, 6.5], "rotation": 90, "texture": "#0"},
				"down": {"uv": [5, 6, 5.5, 6.5], "rotation": 270, "texture": "#0"}
			}
		},
		{
			"from": [10.9375, 7, 8.0625],
			"to": [11.4375, 11, 8.3125],
			"rotation": {"angle": 0, "axis": "y", "origin": [19.4375, 12.5, 15.8125]},
			"faces": {
				"north": {"uv": [4.5, 5, 5, 9], "texture": "#0"},
				"east": {"uv": [5, 5, 4.5, 9], "texture": "#0"},
				"south": {"uv": [5, 5, 4.5, 9], "texture": "#0"},
				"west": {"uv": [5, 5, 4.5, 9], "texture": "#0"},
				"up": {"uv": [5, 6, 5.5, 6.5], "texture": "#0"},
				"down": {"uv": [5, 6, 5.5, 6.5], "texture": "#0"}
			}
		},
		{
			"from": [8.0625, 7, 10.9375],
			"to": [8.3125, 11, 11.4375],
			"rotation": {"angle": 0, "axis": "y", "origin": [0.5625, 12.5, 19.4375]},
			"faces": {
				"north": {"uv": [5, 5, 4.5, 9], "texture": "#0"},
				"east": {"uv": [4.5, 5, 5, 9], "texture": "#0"},
				"south": {"uv": [5, 5, 4.5, 9], "texture": "#0"},
				"west": {"uv": [5, 5, 4.5, 9], "texture": "#0"},
				"up": {"uv": [5, 6, 5.5, 6.5], "rotation": 90, "texture": "#0"},
				"down": {"uv": [5, 6, 5.5, 6.5], "rotation": 270, "texture": "#0"}
			}
		},
		{
			"from": [8.4375, 1, 8.0625],
			"to": [8.9375, 6.5, 8.3125],
			"rotation": {"angle": 0, "axis": "y", "origin": [16.9375, 8, 15.8125]},
			"faces": {
				"north": {"uv": [7, 9.5, 7.5, 15], "texture": "#0"},
				"east": {"uv": [7, 9.5, 7.5, 15], "texture": "#0"},
				"south": {"uv": [7.5, 9.5, 7, 15], "texture": "#0"},
				"west": {"uv": [7, 9.5, 7.5, 15], "texture": "#0"},
				"up": {"uv": [5, 6, 5.5, 6.5], "texture": "#0"},
				"down": {"uv": [5, 6, 5.5, 6.5], "texture": "#0"}
			}
		},
		{
			"from": [8.0625, 1, 8.4375],
			"to": [8.3125, 6.5, 8.9375],
			"rotation": {"angle": 0, "axis": "y", "origin": [0.5625, 8, 16.9375]},
			"faces": {
				"north": {"uv": [7, 9.5, 7.5, 15], "texture": "#0"},
				"east": {"uv": [7, 9.5, 7.5, 15], "texture": "#0"},
				"south": {"uv": [7, 9.5, 7.5, 15], "texture": "#0"},
				"west": {"uv": [7.5, 9.5, 7, 15], "texture": "#0"},
				"up": {"uv": [5, 6, 5.5, 6.5], "rotation": 90, "texture": "#0"},
				"down": {"uv": [5, 6, 5.5, 6.5], "rotation": 270, "texture": "#0"}
			}
		},
		{
			"from": [6.9375, 2, 8.0625],
			"to": [7.4375, 6, 8.3125],
			"rotation": {"angle": 0, "axis": "y", "origin": [15.4375, 8.5, 15.8125]},
			"faces": {
				"north": {"uv": [8.5, 10, 9, 14], "texture": "#0"},
				"east": {"uv": [8.5, 10, 9, 14], "texture": "#0"},
				"south": {"uv": [9, 10, 8.5, 14], "texture": "#0"},
				"west": {"uv": [8.5, 10, 9, 14], "texture": "#0"},
				"up": {"uv": [5, 6, 5.5, 6.5], "texture": "#0"},
				"down": {"uv": [5, 6, 5.5, 6.5], "texture": "#0"}
			}
		},
		{
			"from": [8.0625, 2, 6.9375],
			"to": [8.3125, 6, 7.4375],
			"rotation": {"angle": 0, "axis": "y", "origin": [0.5625, 8.5, 15.4375]},
			"faces": {
				"north": {"uv": [8.5, 10, 9, 14], "texture": "#0"},
				"east": {"uv": [8.5, 10, 9, 14], "texture": "#0"},
				"south": {"uv": [8.5, 10, 9, 14], "texture": "#0"},
				"west": {"uv": [9, 10, 8.5, 14], "texture": "#0"},
				"up": {"uv": [5, 6, 5.5, 6.5], "rotation": 90, "texture": "#0"},
				"down": {"uv": [5, 6, 5.5, 6.5], "rotation": 270, "texture": "#0"}
			}
		},
		{
			"from": [6.4375, 3, 8.0625],
			"to": [6.9375, 6.5, 8.3125],
			"rotation": {"angle": 0, "axis": "y", "origin": [14.9375, 9, 15.8125]},
			"faces": {
				"north": {"uv": [9, 9.5, 9.5, 13], "texture": "#0"},
				"east": {"uv": [9, 9.5, 9.5, 13], "texture": "#0"},
				"south": {"uv": [9.5, 9.5, 9, 13], "texture": "#0"},
				"west": {"uv": [9, 9.5, 9.5, 13], "texture": "#0"},
				"up": {"uv": [5, 6, 5.5, 6.5], "texture": "#0"},
				"down": {"uv": [5, 6, 5.5, 6.5], "texture": "#0"}
			}
		},
		{
			"from": [8.0625, 3, 6.4375],
			"to": [8.3125, 6.5, 6.9375],
			"rotation": {"angle": 0, "axis": "y", "origin": [0.5625, 9, 14.9375]},
			"faces": {
				"north": {"uv": [9, 9.5, 9.5, 13], "texture": "#0"},
				"east": {"uv": [9, 9.5, 9.5, 13], "texture": "#0"},
				"south": {"uv": [9, 9.5, 9.5, 13], "texture": "#0"},
				"west": {"uv": [9.5, 9.5, 9, 13], "texture": "#0"},
				"up": {"uv": [5, 6, 5.5, 6.5], "rotation": 90, "texture": "#0"},
				"down": {"uv": [5, 6, 5.5, 6.5], "rotation": 270, "texture": "#0"}
			}
		},
		{
			"from": [5.9375, 4, 8.0625],
			"to": [6.4375, 7, 8.3125],
			"rotation": {"angle": 0, "axis": "y", "origin": [14.4375, 9.5, 15.8125]},
			"faces": {
				"north": {"uv": [9.5, 9, 10, 12], "texture": "#0"},
				"east": {"uv": [9.5, 9, 10, 12], "texture": "#0"},
				"south": {"uv": [10, 9, 9.5, 12], "texture": "#0"},
				"west": {"uv": [9.5, 9, 10, 12], "texture": "#0"},
				"up": {"uv": [5, 6, 5.5, 6.5], "texture": "#0"},
				"down": {"uv": [5, 6, 5.5, 6.5], "texture": "#0"}
			}
		},
		{
			"from": [8.0625, 4, 5.9375],
			"to": [8.3125, 7, 6.4375],
			"rotation": {"angle": 0, "axis": "y", "origin": [0.5625, 9.5, 14.4375]},
			"faces": {
				"north": {"uv": [9.5, 9, 10, 12], "texture": "#0"},
				"east": {"uv": [9.5, 9, 10, 12], "texture": "#0"},
				"south": {"uv": [9.5, 9, 10, 12], "texture": "#0"},
				"west": {"uv": [10, 9, 9.5, 12], "texture": "#0"},
				"up": {"uv": [5, 6, 5.5, 6.5], "rotation": 90, "texture": "#0"},
				"down": {"uv": [5, 6, 5.5, 6.5], "rotation": 270, "texture": "#0"}
			}
		},
		{
			"from": [5.4375, 5, 8.0625],
			"to": [5.9375, 7.5, 8.3125],
			"rotation": {"angle": 0, "axis": "y", "origin": [13.9375, 10, 15.8125]},
			"faces": {
				"north": {"uv": [10, 8.5, 10.5, 11], "texture": "#0"},
				"east": {"uv": [10, 8.5, 10.5, 11], "texture": "#0"},
				"south": {"uv": [10.5, 8.5, 10, 11], "texture": "#0"},
				"west": {"uv": [10, 8.5, 10.5, 11], "texture": "#0"},
				"up": {"uv": [5, 6, 5.5, 6.5], "texture": "#0"},
				"down": {"uv": [5, 6, 5.5, 6.5], "texture": "#0"}
			}
		},
		{
			"from": [8.0625, 5, 5.4375],
			"to": [8.3125, 7.5, 5.9375],
			"rotation": {"angle": 0, "axis": "y", "origin": [0.5625, 10, 13.9375]},
			"faces": {
				"north": {"uv": [10, 8.5, 10.5, 11], "texture": "#0"},
				"east": {"uv": [10, 8.5, 10.5, 11], "texture": "#0"},
				"south": {"uv": [10, 8.5, 10.5, 11], "texture": "#0"},
				"west": {"uv": [10.5, 8.5, 10, 11], "texture": "#0"},
				"up": {"uv": [5, 6, 5.5, 6.5], "rotation": 90, "texture": "#0"},
				"down": {"uv": [5, 6, 5.5, 6.5], "rotation": 270, "texture": "#0"}
			}
		},
		{
			"from": [4.9375, 6, 8.0625],
			"to": [5.4375, 8, 8.3125],
			"rotation": {"angle": 0, "axis": "y", "origin": [13.4375, 10.5, 15.8125]},
			"faces": {
				"north": {"uv": [10.5, 8, 11, 10], "texture": "#0"},
				"east": {"uv": [10.5, 8, 11, 10], "texture": "#0"},
				"south": {"uv": [11, 8, 10.5, 10], "texture": "#0"},
				"west": {"uv": [10.5, 8, 11, 10], "texture": "#0"},
				"up": {"uv": [10.5, 8, 11, 8.25], "texture": "#0"},
				"down": {"uv": [10.5, 9.5, 11, 10], "texture": "#0"}
			}
		},
		{
			"from": [8.0625, 6, 4.9375],
			"to": [8.3125, 8, 5.4375],
			"rotation": {"angle": 0, "axis": "y", "origin": [0.5625, 10.5, 13.4375]},
			"faces": {
				"north": {"uv": [10.5, 8, 11, 10], "texture": "#0"},
				"east": {"uv": [10.5, 8, 11, 10], "texture": "#0"},
				"south": {"uv": [10.5, 8, 11, 10], "texture": "#0"},
				"west": {"uv": [11, 8, 10.5, 10], "texture": "#0"},
				"up": {"uv": [10.5, 8, 11, 8.25], "rotation": 90, "texture": "#0"},
				"down": {"uv": [10.5, 9.5, 11, 10], "rotation": 270, "texture": "#0"}
			}
		},
		{
			"from": [4.4375, 7, 8.0625],
			"to": [4.9375, 8, 8.3125],
			"rotation": {"angle": 0, "axis": "y", "origin": [12.9375, 10.5, 15.8125]},
			"faces": {
				"north": {"uv": [11, 8, 11.5, 9], "texture": "#0"},
				"east": {"uv": [11, 8, 11.5, 9], "texture": "#0"},
				"south": {"uv": [11.5, 8, 11, 9], "texture": "#0"},
				"west": {"uv": [11, 8, 11.5, 9], "texture": "#0"},
				"up": {"uv": [11, 8, 11.5, 8.25], "texture": "#0"},
				"down": {"uv": [11, 8.5, 11.5, 9], "texture": "#0"}
			}
		},
		{
			"from": [8.0625, 7, 4.4375],
			"to": [8.3125, 8, 4.9375],
			"rotation": {"angle": 0, "axis": "y", "origin": [0.5625, 10.5, 12.9375]},
			"faces": {
				"north": {"uv": [11, 8, 11.5, 9], "texture": "#0"},
				"east": {"uv": [11, 8, 11.5, 9], "texture": "#0"},
				"south": {"uv": [11, 8, 11.5, 9], "texture": "#0"},
				"west": {"uv": [11.5, 8, 11, 9], "texture": "#0"},
				"up": {"uv": [11, 8, 11.5, 8.25], "rotation": 90, "texture": "#0"},
				"down": {"uv": [11, 8.5, 11.5, 9], "rotation": 270, "texture": "#0"}
			}
		},
		{
			"from": [3.9375, 7.5, 8.0625],
			"to": [4.4375, 8, 8.3125],
			"rotation": {"angle": 0, "axis": "y", "origin": [12.4375, 10.5, 15.8125]},
			"faces": {
				"north": {"uv": [11.5, 8, 12, 8.5], "texture": "#0"},
				"east": {"uv": [11.5, 8, 12, 8.5], "texture": "#0"},
				"south": {"uv": [12, 8, 11.5, 8.5], "texture": "#0"},
				"west": {"uv": [11.5, 8, 12, 8.5], "texture": "#0"},
				"up": {"uv": [11.5, 8, 12, 8.5], "texture": "#0"},
				"down": {"uv": [11.5, 8, 12, 8.5], "texture": "#0"}
			}
		},
		{
			"from": [8.0625, 7.5, 3.9375],
			"to": [8.3125, 8, 4.4375],
			"rotation": {"angle": 0, "axis": "y", "origin": [0.5625, 10.5, 12.4375]},
			"faces": {
				"north": {"uv": [11.5, 8, 12, 8.5], "texture": "#0"},
				"east": {"uv": [11.5, 8, 12, 8.5], "texture": "#0"},
				"south": {"uv": [11.5, 8, 12, 8.5], "texture": "#0"},
				"west": {"uv": [12, 8, 11.5, 8.5], "texture": "#0"},
				"up": {"uv": [11.5, 8, 12, 8.5], "rotation": 90, "texture": "#0"},
				"down": {"uv": [11.5, 8, 12, 8.5], "rotation": 270, "texture": "#0"}
			}
		}
	]
}