{
  "file_name": "leghl",
  "texture_size": [
    128,
    128
  ],
  "textures": {
    "layer0": "modelengine:entity/golem"
  },
  "elements": [
    {
      "name": "leghl_0",
      "from": [
        6.6800003,
        1.8199997,
        6.6800003
      ],
      "to": [
        9.68,
        10.219999,
        9.68
      ],
      "rotation": {
        "angle": 0.0,
        "axis": "z",
        "origin": [
          8.0,
          8.0,
          8.0
        ]
      },
      "faces": {
        "down": {
          "uv": [
            1.25,
            13.625,
            1.875,
            14.25
          ],
          "texture": "#layer0",
          "tintindex": 0
        },
        "east": {
          "uv": [
            0.0,
            14.25,
            0.625,
            16.0
          ],
          "texture": "#layer0",
          "tintindex": 0
        },
        "north": {
          "uv": [
            0.625,
            14.25,
            1.25,
            16.0
          ],
          "texture": "#layer0",
          "tintindex": 0
        },
        "south": {
          "uv": [
            1.875,
            14.25,
            2.5,
            16.0
          ],
          "texture": "#layer0",
          "tintindex": 0
        },
        "up": {
          "uv": [
            1.25,
            14.25,
            0.625,
            13.625
          ],
          "texture": "#layer0",
          "tintindex": 0
        },
        "west": {
          "uv": [
            1.25,
            14.25,
            1.875,
            16.0
          ],
          "texture": "#layer0",
          "tintindex": 0
        }
      }
    },
    {
      "name": "leghl_1",
      "from": [
        8.48,
        1.8199997,
        9.5
      ],
      "to": [
        9.68,
        3.0199997,
        10.1
      ],
      "rotation": {
        "angle": 0.0,
        "axis": "z",
        "origin": [
          8.0,
          8.0,
          8.0
        ]
      },
      "faces": {
        "down": {
          "uv": [
            0.375,
            0.0,
            0.625,
            0.125
          ],
          "texture": "#layer0",
          "tintindex": 0
        },
        "east": {
          "uv": [
            0.0,
            0.125,
            0.125,
            0.375
          ],
          "texture": "#layer0",
          "tintindex": 0
        },
        "north": {
          "uv": [
            0.125,
            0.125,
            0.375,
            0.375
          ],
          "texture": "#layer0",
          "tintindex": 0
        },
        "south": {
          "uv": [
            0.5,
            0.125,
            0.75,
            0.375
          ],
          "texture": "#layer0",
          "tintindex": 0
        },
        "up": {
          "uv": [
            0.375,
            0.125,
            0.125,
            0.0
          ],
          "texture": "#layer0",
          "tintindex": 0
        },
        "west": {
          "uv": [
            0.375,
            0.125,
            0.5,
            0.375
          ],
          "texture": "#layer0",
          "tintindex": 0
        }
      }
    },
    {
      "name": "leghl_2",
      "from": [
        6.6800003,
        1.8199997,
        9.5
      ],
      "to": [
        7.88,
        3.0199997,
        10.1
      ],
      "rotation": {
        "angle": 0.0,
        "axis": "z",
        "origin": [
          8.0,
          8.0,
          8.0
        ]
      },
      "faces": {
        "down": {
          "uv": [
            0.375,
            0.0,
            0.625,
            0.125
          ],
          "texture": "#layer0",
          "tintindex": 0
        },
        "east": {
          "uv": [
            0.0,
            0.125,
            0.125,
            0.375
          ],
          "texture": "#layer0",
          "tintindex": 0
        },
        "north": {
          "uv": [
            0.125,
            0.125,
            0.375,
            0.375
          ],
          "texture": "#layer0",
          "tintindex": 0
        },
        "south": {
          "uv": [
            0.5,
            0.125,
            0.75,
            0.375
          ],
          "texture": "#layer0",
          "tintindex": 0
        },
        "up": {
          "uv": [
            0.375,
            0.125,
            0.125,
            0.0
          ],
          "texture": "#layer0",
          "tintindex": 0
        },
        "west": {
          "uv": [
            0.375,
            0.125,
            0.5,
            0.375
          ],
          "texture": "#layer0",
          "tintindex": 0
        }
      }
    }
  ],
  "display": {
    "head": {
      "translation": [
        0.0,
        -6.4,
        0.0
      ],
      "rotation": [
        0.0,
        0.0,
        0.0
      ],
      "scale": [
        3.8095,
        3.8095,
        3.8095
      ]
    },
    "gui": {
      "translation": [
        0.0,
        0.0,
        0.0
      ],
      "rotation": [
        35.0,
        225.0,
        0.0
      ],
      "scale": [
        0.625,
        0.625,
        0.625
      ]
    }
  }
}