{
  "file_name": "l1",
  "texture_size": [
    8,
    8
  ],
  "textures": {
    "layer0": "modelengine:entity/crab"
  },
  "elements": [
    {
      "name": "l1_0",
      "from": [
        7.576976,
        8.13125,
        8.025644
      ],
      "to": [
        8.101976,
        8.20625,
        8.250644
      ],
      "rotation": {
        "angle": -45.0,
        "axis": "y",
        "origin": [
          8.133764,
          8.016003,
          8.055044
        ]
      },
      "faces": {
        "down": {
          "uv": [
            2.0,
            5.5,
            1.0,
            6.0
          ],
          "texture": "#layer0",
          "tintindex": 0
        },
        "east": {
          "uv": [
            1.0,
            2.25,
            2.0,
            3.25
          ],
          "texture": "#layer0",
          "tintindex": 0
        },
        "north": {
          "uv": [
            1.0,
            5.25,
            2.0,
            5.5
          ],
          "texture": "#layer0",
          "tintindex": 0
        },
        "south": {
          "uv": [
            1.75,
            0.0,
            0.0,
            0.25
          ],
          "texture": "#layer0",
          "tintindex": 0
        },
        "up": {
          "uv": [
            2.0,
            3.126,
            2.25,
            4.126
          ],
          "texture": "#layer0",
          "tintindex": 0
        },
        "west": {
          "uv": [
            0.876,
            2.5,
            1.8759999,
            3.5
          ],
          "texture": "#layer0",
          "tintindex": 0
        }
      }
    },
    {
      "name": "l1_1",
      "from": [
        7.5019755,
        7.90625,
        8.025644
      ],
      "to": [
        7.576976,
        8.13125,
        8.250644
      ],
      "rotation": {
        "angle": -45.0,
        "axis": "y",
        "origin": [
          8.133764,
          8.016003,
          8.055044
        ]
      },
      "faces": {
        "down": {
          "uv": [
            2.0,
            5.5,
            1.0,
            6.0
          ],
          "texture": "#layer0",
          "tintindex": 0
        },
        "east": {
          "uv": [
            1.0,
            2.25,
            2.0,
            3.25
          ],
          "texture": "#layer0",
          "tintindex": 0
        },
        "north": {
          "uv": [
            1.0,
            5.25,
            2.0,
            5.5
          ],
          "texture": "#layer0",
          "tintindex": 0
        },
        "south": {
          "uv": [
            0.25,
            0.0,
            0.0,
            1.0
          ],
          "texture": "#layer0",
          "tintindex": 0
        },
        "up": {
          "uv": [
            2.0,
            3.126,
            2.25,
            4.126
          ],
          "texture": "#layer0",
          "tintindex": 0
        },
        "west": {
          "uv": [
            0.876,
            2.5,
            1.8759999,
            3.5
          ],
          "texture": "#layer0",
          "tintindex": 0
        }
      }
    },
    {
      "name": "l1_2",
      "from": [
        7.576976,
        7.90625,
        7.950644
      ],
      "to": [
        8.101976,
        8.13125,
        8.325644
      ],
      "rotation": {
        "angle": -45.0,
        "axis": "y",
        "origin": [
          8.133764,
          8.016003,
          8.055044
        ]
      },
      "faces": {
        "down": {
          "uv": [
            2.0,
            5.5,
            1.0,
            6.0
          ],
          "texture": "#layer0",
          "tintindex": 0
        },
        "east": {
          "uv": [
            1.0,
            2.25,
            2.0,
            3.25
          ],
          "texture": "#layer0",
          "tintindex": 0
        },
        "north": {
          "uv": [
            1.0,
            5.25,
            2.0,
            5.5
          ],
          "texture": "#layer0",
          "tintindex": 0
        },
        "south": {
          "uv": [
            1.75,
            0.0,
            0.0,
            1.0
          ],
          "texture": "#layer0",
          "tintindex": 0
        },
        "up": {
          "uv": [
            2.0,
            3.126,
            2.25,
            4.126
          ],
          "texture": "#layer0",
          "tintindex": 0
        },
        "west": {
          "uv": [
            0.876,
            2.5,
            1.8759999,
            3.5
          ],
          "texture": "#layer0",
          "tintindex": 0
        }
      }
    },
    {
      "name": "l1_3",
      "from": [
        7.776932,
        7.7740583,
        7.665176
      ],
      "to": [
        8.001932,
        8.299058,
        7.965176
      ],
      "rotation": {
        "angle": 45.0,
        "axis": "z",
        "origin": [
          8.133764,
          8.016003,
          8.055044
        ]
      },
      "faces": {
        "down": {
          "uv": [
            2.0,
            5.5,
            1.0,
            6.0
          ],
          "texture": "#layer0",
          "tintindex": 0
        },
        "east": {
          "uv": [
            1.25,
            4.126,
            3.0,
            3.126
          ],
          "texture": "#layer0",
          "tintindex": 0
        },
        "north": {
          "uv": [
            1.0,
            5.25,
            2.0,
            5.5
          ],
          "texture": "#layer0",
          "tintindex": 0
        },
        "south": {
          "uv": [
            0.0,
            0.75,
            1.75,
            0.0
          ],
          "texture": "#layer0",
          "tintindex": 0
        },
        "up": {
          "uv": [
            1.3759999,
            5.126,
            2.376,
            4.376
          ],
          "texture": "#layer0",
          "tintindex": 0
        },
        "west": {
          "uv": [
            0.5,
            4.0,
            2.25,
            3.0
          ],
          "texture": "#layer0",
          "tintindex": 0
        }
      }
    }
  ],
  "display": {
    "head": {
      "translation": [
        0.0,
        -6.4,
        0.0
      ],
      "rotation": [
        0.0,
        0.0,
        0.0
      ],
      "scale": [
        3.8095,
        3.8095,
        3.8095
      ]
    },
    "gui": {
      "translation": [
        0.0,
        0.0,
        0.0
      ],
      "rotation": [
        35.0,
        225.0,
        0.0
      ],
      "scale": [
        0.625,
        0.625,
        0.625
      ]
    }
  }
}