{
  "file_name": "l2",
  "texture_size": [
    8,
    8
  ],
  "textures": {
    "layer0": "modelengine:entity/crab"
  },
  "elements": [
    {
      "name": "l2_0",
      "from": [
        7.917158,
        7.5399323,
        7.8875003
      ],
      "to": [
        8.067158,
        8.064932,
        8.1125
      ],
      "rotation": {
        "angle": -22.5,
        "axis": "z",
        "origin": [
          8.002892,
          7.977044,
          8.0
        ]
      },
      "faces": {
        "down": {
          "uv": [
            2.0,
            5.5,
            1.0,
            6.0
          ],
          "texture": "#layer0",
          "tintindex": 0
        },
        "east": {
          "uv": [
            1.0,
            2.25,
            2.0,
            3.25
          ],
          "texture": "#layer0",
          "tintindex": 0
        },
        "north": {
          "uv": [
            1.0,
            5.25,
            2.0,
            5.5
          ],
          "texture": "#layer0",
          "tintindex": 0
        },
        "south": {
          "uv": [
            0.0,
            0.5,
            1.75,
            0.0
          ],
          "texture": "#layer0",
          "tintindex": 0
        },
        "up": {
          "uv": [
            2.0,
            3.126,
            2.25,
            4.126
          ],
          "texture": "#layer0",
          "tintindex": 0
        },
        "west": {
          "uv": [
            0.876,
            2.5,
            1.8759999,
            3.5
          ],
          "texture": "#layer0",
          "tintindex": 0
        }
      }
    },
    {
      "name": "l2_1",
      "from": [
        7.954658,
        7.502432,
        7.9625
      ],
      "to": [
        8.254658,
        7.577432,
        8.0375
      ],
      "rotation": {
        "angle": -22.5,
        "axis": "z",
        "origin": [
          8.002892,
          7.977044,
          8.0
        ]
      },
      "faces": {
        "down": {
          "uv": [
            2.0,
            5.5,
            1.0,
            6.0
          ],
          "texture": "#layer0",
          "tintindex": 0
        },
        "east": {
          "uv": [
            1.0,
            2.25,
            2.0,
            3.25
          ],
          "texture": "#layer0",
          "tintindex": 0
        },
        "north": {
          "uv": [
            1.0,
            5.25,
            2.0,
            5.5
          ],
          "texture": "#layer0",
          "tintindex": 0
        },
        "south": {
          "uv": [
            1.0,
            0.0,
            0.0,
            0.25
          ],
          "texture": "#layer0",
          "tintindex": 0
        },
        "up": {
          "uv": [
            2.0,
            3.126,
            2.25,
            4.126
          ],
          "texture": "#layer0",
          "tintindex": 0
        },
        "west": {
          "uv": [
            0.876,
            2.5,
            1.8759999,
            3.5
          ],
          "texture": "#layer0",
          "tintindex": 0
        }
      }
    }
  ],
  "display": {
    "head": {
      "translation": [
        0.0,
        -6.4,
        0.0
      ],
      "rotation": [
        0.0,
        0.0,
        0.0
      ],
      "scale": [
        3.8095,
        3.8095,
        3.8095
      ]
    },
    "gui": {
      "translation": [
        0.0,
        0.0,
        0.0
      ],
      "rotation": [
        35.0,
        225.0,
        0.0
      ],
      "scale": [
        0.625,
        0.625,
        0.625
      ]
    }
  }
}