{
  "file_name": "r5",
  "texture_size": [
    8,
    8
  ],
  "textures": {
    "layer0": "modelengine:entity/crab"
  },
  "elements": [
    {
      "name": "r5_0",
      "from": [
        7.887501,
        7.534184,
        7.930028
      ],
      "to": [
        8.112501,
        8.059184,
        8.080029
      ],
      "rotation": {
        "angle": -22.5,
        "axis": "x",
        "origin": [
          8.0,
          7.98125,
          7.98125
        ]
      },
      "faces": {
        "down": {
          "uv": [
            0.75,
            0.0,
            0.0,
            0.5
          ],
          "texture": "#layer0",
          "tintindex": 0
        },
        "east": {
          "uv": [
            0.0,
            0.0,
            1.75,
            0.5
          ],
          "texture": "#layer0",
          "tintindex": 0
        },
        "north": {
          "uv": [
            0.0,
            3.376,
            1.75,
            4.126
          ],
          "texture": "#layer0",
          "tintindex": 0
        },
        "south": {
          "uv": [
            0.0,
            0.0,
            1.75,
            0.75
          ],
          "texture": "#layer0",
          "tintindex": 0
        },
        "up": {
          "uv": [
            0.0,
            0.0,
            0.75,
            0.5
          ],
          "texture": "#layer0",
          "tintindex": 0
        },
        "west": {
          "uv": [
            0.0,
            0.0,
            1.75,
            0.5
          ],
          "texture": "#layer0",
          "tintindex": 0
        }
      }
    },
    {
      "name": "r5_1",
      "from": [
        7.9625006,
        7.496684,
        7.742528
      ],
      "to": [
        8.0375,
        7.571684,
        8.042528
      ],
      "rotation": {
        "angle": -22.5,
        "axis": "x",
        "origin": [
          8.0,
          7.98125,
          7.98125
        ]
      },
      "faces": {
        "down": {
          "uv": [
            1.0,
            0.0,
            0.0,
            0.25
          ],
          "texture": "#layer0",
          "tintindex": 0
        },
        "east": {
          "uv": [
            0.0,
            0.0,
            1.0,
            0.25
          ],
          "texture": "#layer0",
          "tintindex": 0
        },
        "north": {
          "uv": [
            0.0,
            0.0,
            0.25,
            0.25
          ],
          "texture": "#layer0",
          "tintindex": 0
        },
        "south": {
          "uv": [
            0.0,
            0.0,
            0.25,
            0.25
          ],
          "texture": "#layer0",
          "tintindex": 0
        },
        "up": {
          "uv": [
            0.0,
            0.0,
            1.0,
            0.25
          ],
          "texture": "#layer0",
          "tintindex": 0
        },
        "west": {
          "uv": [
            0.0,
            0.0,
            1.0,
            0.25
          ],
          "texture": "#layer0",
          "tintindex": 0
        }
      }
    }
  ],
  "display": {
    "head": {
      "translation": [
        0.0,
        -6.4,
        0.0
      ],
      "rotation": [
        0.0,
        0.0,
        0.0
      ],
      "scale": [
        3.8095,
        3.8095,
        3.8095
      ]
    },
    "gui": {
      "translation": [
        0.0,
        0.0,
        0.0
      ],
      "rotation": [
        35.0,
        225.0,
        0.0
      ],
      "scale": [
        0.625,
        0.625,
        0.625
      ]
    }
  }
}