{
  "file_name": "rc2",
  "texture_size": [
    8,
    8
  ],
  "textures": {
    "layer0": "modelengine:entity/crab"
  },
  "elements": [
    {
      "name": "rc2_0",
      "from": [
        7.763036,
        7.985414,
        7.925
      ],
      "to": [
        8.063036,
        8.060413,
        8.075
      ],
      "rotation": {
        "angle": 22.5,
        "axis": "z",
        "origin": [
          8.051619,
          7.9655123,
          8.0
        ]
      },
      "faces": {
        "down": {
          "uv": [
            2.0,
            5.5,
            1.0,
            6.0
          ],
          "texture": "#layer0",
          "tintindex": 0
        },
        "east": {
          "uv": [
            0.0,
            0.0,
            0.5,
            0.25
          ],
          "texture": "#layer0",
          "tintindex": 0
        },
        "north": {
          "uv": [
            1.0,
            5.25,
            2.0,
            5.5
          ],
          "texture": "#layer0",
          "tintindex": 0
        },
        "south": {
          "uv": [
            0.0,
            0.0,
            1.0,
            0.25
          ],
          "texture": "#layer0",
          "tintindex": 0
        },
        "up": {
          "uv": [
            1.8759999,
            4.75,
            2.876,
            4.0
          ],
          "texture": "#layer0",
          "tintindex": 0
        },
        "west": {
          "uv": [
            0.0,
            0.0,
            0.5,
            0.25
          ],
          "texture": "#layer0",
          "tintindex": 0
        }
      }
    }
  ],
  "display": {
    "head": {
      "translation": [
        0.0,
        -6.4,
        0.0
      ],
      "rotation": [
        0.0,
        0.0,
        0.0
      ],
      "scale": [
        3.8095,
        3.8095,
        3.8095
      ]
    },
    "gui": {
      "translation": [
        0.0,
        0.0,
        0.0
      ],
      "rotation": [
        35.0,
        225.0,
        0.0
      ],
      "scale": [
        0.625,
        0.625,
        0.625
      ]
    }
  }
}