{
  "file_name": "leftleg",
  "texture_size": [
    64,
    64
  ],
  "textures": {
    "layer0": "modelengine:entity/arcticwolf"
  },
  "elements": [
    {
      "name": "leftleg_0",
      "from": [
        7.76,
        7.94,
        4.1
      ],
      "to": [
        8.84,
        10.1,
        6.2
      ],
      "rotation": {
        "angle": -45.0,
        "axis": "x",
        "origin": [
          10.700001,
          11.900001,
          8.12
        ]
      },
      "faces": {
        "down": {
          "uv": [
            3.0,
            11.25,
            3.25,
            12.0
          ],
          "texture": "#layer0",
          "tintindex": 0
        },
        "east": {
          "uv": [
            2.0,
            12.0,
            2.75,
            12.75
          ],
          "texture": "#layer0",
          "tintindex": 0
        },
        "north": {
          "uv": [
            2.75,
            12.0,
            3.0,
            12.75
          ],
          "texture": "#layer0",
          "tintindex": 0
        },
        "south": {
          "uv": [
            3.75,
            12.0,
            4.0,
            12.75
          ],
          "texture": "#layer0",
          "tintindex": 0
        },
        "up": {
          "uv": [
            3.0,
            12.0,
            2.75,
            11.25
          ],
          "texture": "#layer0",
          "tintindex": 0
        },
        "west": {
          "uv": [
            3.0,
            12.0,
            3.75,
            12.75
          ],
          "texture": "#layer0",
          "tintindex": 0
        }
      }
    }
  ],
  "display": {
    "head": {
      "translation": [
        0.0,
        -6.4,
        0.0
      ],
      "rotation": [
        0.0,
        0.0,
        0.0
      ],
      "scale": [
        3.8095,
        3.8095,
        3.8095
      ]
    },
    "gui": {
      "translation": [
        0.0,
        0.0,
        0.0
      ],
      "rotation": [
        35.0,
        225.0,
        0.0
      ],
      "scale": [
        0.625,
        0.625,
        0.625
      ]
    }
  }
}