{
  "file_name": "tail",
  "texture_size": [
    64,
    64
  ],
  "textures": {
    "layer0": "modelengine:entity/arcticwolf"
  },
  "elements": [
    {
      "name": "tail_0",
      "from": [
        7.4900002,
        7.22,
        6.2
      ],
      "to": [
        8.51,
        8.48,
        8.780001
      ],
      "rotation": {
        "angle": 22.5,
        "axis": "x",
        "origin": [
          13.85,
          11.120001,
          9.2
        ]
      },
      "faces": {
        "down": {
          "uv": [
            6.25,
            6.0,
            6.5,
            7.0
          ],
          "texture": "#layer0",
          "tintindex": 0
        },
        "east": {
          "uv": [
            5.0,
            7.0,
            6.0,
            7.5
          ],
          "texture": "#layer0",
          "tintindex": 0
        },
        "north": {
          "uv": [
            6.0,
            7.0,
            6.25,
            7.5
          ],
          "texture": "#layer0",
          "tintindex": 0
        },
        "south": {
          "uv": [
            7.25,
            7.0,
            7.5,
            7.5
          ],
          "texture": "#layer0",
          "tintindex": 0
        },
        "up": {
          "uv": [
            6.25,
            7.0,
            6.0,
            6.0
          ],
          "texture": "#layer0",
          "tintindex": 0
        },
        "west": {
          "uv": [
            6.25,
            7.0,
            7.25,
            7.5
          ],
          "texture": "#layer0",
          "tintindex": 0
        }
      }
    },
    {
      "name": "tail_1",
      "from": [
        7.34,
        7.4,
        7.1
      ],
      "to": [
        8.66,
        8.96,
        8.360001
      ],
      "rotation": {
        "angle": 0.0,
        "axis": "z",
        "origin": [
          8.0,
          8.0,
          8.0
        ]
      },
      "faces": {
        "down": {
          "uv": [
            3.0,
            9.0,
            3.5,
            9.5
          ],
          "texture": "#layer0",
          "tintindex": 0
        },
        "east": {
          "uv": [
            2.0,
            9.5,
            2.5,
            10.0
          ],
          "texture": "#layer0",
          "tintindex": 0
        },
        "north": {
          "uv": [
            2.5,
            9.5,
            3.0,
            10.0
          ],
          "texture": "#layer0",
          "tintindex": 0
        },
        "south": {
          "uv": [
            3.5,
            9.5,
            4.0,
            10.0
          ],
          "texture": "#layer0",
          "tintindex": 0
        },
        "up": {
          "uv": [
            3.0,
            9.5,
            2.5,
            9.0
          ],
          "texture": "#layer0",
          "tintindex": 0
        },
        "west": {
          "uv": [
            3.0,
            9.5,
            3.5,
            10.0
          ],
          "texture": "#layer0",
          "tintindex": 0
        }
      }
    },
    {
      "name": "tail_2",
      "from": [
        7.0699997,
        7.16,
        8.3
      ],
      "to": [
        8.929999,
        8.780001,
        10.34
      ],
      "rotation": {
        "angle": 0.0,
        "axis": "z",
        "origin": [
          8.0,
          8.0,
          8.0
        ]
      },
      "faces": {
        "down": {
          "uv": [
            1.5,
            3.25,
            2.25,
            4.0
          ],
          "texture": "#layer0",
          "tintindex": 0
        },
        "east": {
          "uv": [
            0.0,
            4.0,
            0.75,
            4.5
          ],
          "texture": "#layer0",
          "tintindex": 0
        },
        "north": {
          "uv": [
            0.75,
            4.0,
            1.5,
            4.5
          ],
          "texture": "#layer0",
          "tintindex": 0
        },
        "south": {
          "uv": [
            2.25,
            4.0,
            3.0,
            4.5
          ],
          "texture": "#layer0",
          "tintindex": 0
        },
        "up": {
          "uv": [
            1.5,
            4.0,
            0.75,
            3.25
          ],
          "texture": "#layer0",
          "tintindex": 0
        },
        "west": {
          "uv": [
            1.5,
            4.0,
            2.25,
            4.5
          ],
          "texture": "#layer0",
          "tintindex": 0
        }
      }
    },
    {
      "name": "tail_3",
      "from": [
        7.3700004,
        7.1,
        9.68
      ],
      "to": [
        8.570001,
        8.24,
        11.719999
      ],
      "rotation": {
        "angle": 0.0,
        "axis": "z",
        "origin": [
          8.0,
          8.0,
          8.0
        ]
      },
      "faces": {
        "down": {
          "uv": [
            4.25,
            3.25,
            4.75,
            4.0
          ],
          "texture": "#layer0",
          "tintindex": 0
        },
        "east": {
          "uv": [
            3.0,
            4.0,
            3.75,
            4.25
          ],
          "texture": "#layer0",
          "tintindex": 0
        },
        "north": {
          "uv": [
            3.75,
            4.0,
            4.25,
            4.25
          ],
          "texture": "#layer0",
          "tintindex": 0
        },
        "south": {
          "uv": [
            5.0,
            4.0,
            5.5,
            4.25
          ],
          "texture": "#layer0",
          "tintindex": 0
        },
        "up": {
          "uv": [
            4.25,
            4.0,
            3.75,
            3.25
          ],
          "texture": "#layer0",
          "tintindex": 0
        },
        "west": {
          "uv": [
            4.25,
            4.0,
            5.0,
            4.25
          ],
          "texture": "#layer0",
          "tintindex": 0
        }
      }
    }
  ],
  "display": {
    "head": {
      "translation": [
        0.0,
        -6.4,
        0.0
      ],
      "rotation": [
        0.0,
        0.0,
        0.0
      ],
      "scale": [
        3.8095,
        3.8095,
        3.8095
      ]
    },
    "gui": {
      "translation": [
        0.0,
        0.0,
        0.0
      ],
      "rotation": [
        35.0,
        225.0,
        0.0
      ],
      "scale": [
        0.625,
        0.625,
        0.625
      ]
    }
  }
}