{
	"credit": "Made with Blockbench by Juknum",
	"ambientocclusion": false,
	"textures": {
		"0": "block/potatoes_stage2",
		"particle": "block/potatoes_stage2"
	},
	"elements": [
		{
			"name": "Stem1",
			"from": [8, -1, 1.5],
			"to": [8, 15, 14.5],
			"rotation": {"angle": 45, "axis": "y", "origin": [8, 7, 8]},
			"faces": {
				"east": {"uv": [3, 0, 16, 16], "texture": "#0"},
				"west": {"uv": [3, 0, 16, 16], "texture": "#0"}
			}
		},
		{
			"name": "Stem2",
			"from": [8, -1, 1.5],
			"to": [8, 15, 14.5],
			"rotation": {"angle": -45, "axis": "y", "origin": [8, 7, 8]},
			"faces": {
				"east": {"uv": [3, 0, 16, 16], "texture": "#0"},
				"west": {"uv": [3, 0, 16, 16], "texture": "#0"}
			}
		},
		{
			"name": "PotatoLarge",
			"from": [7, -1, 7],
			"to": [9, 0, 9],
			"rotation": {"angle": 0, "axis": "y", "origin": [8, 0, 8]},
			"faces": {
				"north": {"uv": [0, 0, 2, 1], "texture": "#0"},
				"east": {"uv": [0, 0, 2, 1], "texture": "#0"},
				"south": {"uv": [0, 0, 2, 1], "texture": "#0"},
				"west": {"uv": [0, 0, 2, 1], "texture": "#0"},
				"up": {"uv": [0, 1, 2, 3], "texture": "#0"}
			}
		},
		{
			"name": "PotatoSmall1",
			"from": [6.5, -0.99, 9],
			"to": [7.5, -0.49, 10],
			"rotation": {"angle": -45, "axis": "y", "origin": [7.01831, -0.99434, 9.48602]},
			"faces": {
				"north": {"uv": [0, 0, 1, 0.5], "texture": "#0"},
				"east": {"uv": [0, 0, 1, 0.5], "texture": "#0"},
				"south": {"uv": [0, 0, 1, 0.5], "texture": "#0"},
				"west": {"uv": [0, 0, 1, 0.5], "texture": "#0"},
				"up": {"uv": [0, 1, 1, 2], "texture": "#0"}
			}
		},
		{
			"name": "PotatoSmall2",
			"from": [5.5, -0.99, 6],
			"to": [6.5, -0.49, 7],
			"rotation": {"angle": 22.5, "axis": "y", "origin": [6.01308, -0.99085, 6.48777]},
			"faces": {
				"north": {"uv": [0, 0, 1, 0.5], "texture": "#0"},
				"east": {"uv": [0, 0, 1, 0.5], "texture": "#0"},
				"south": {"uv": [0, 0, 1, 0.5], "texture": "#0"},
				"west": {"uv": [0, 0, 1, 0.5], "texture": "#0"},
				"up": {"uv": [0, 2, 1, 3], "texture": "#0"}
			}
		},
		{
			"name": "PotatoSmall3",
			"from": [9, -0.99, 6],
			"to": [10, -0.49, 7],
			"rotation": {"angle": -22.5, "axis": "y", "origin": [9.5, -0.99, 6.5]},
			"faces": {
				"north": {"uv": [0, 0, 1, 0.5], "texture": "#0"},
				"east": {"uv": [0, 0, 1, 0.5], "texture": "#0"},
				"south": {"uv": [0, 0, 1, 0.5], "texture": "#0"},
				"west": {"uv": [0, 0, 1, 0.5], "texture": "#0"},
				"up": {"uv": [0, 2, 1, 3], "texture": "#0"}
			}
		},
		{
			"name": "PotatoSmall4",
			"from": [9, -0.99, 9.5],
			"to": [10, -0.49, 10.5],
			"rotation": {"angle": 22.5, "axis": "y", "origin": [9.51918, -0.99084, 9.98166]},
			"faces": {
				"north": {"uv": [0, 0, 1, 0.5], "texture": "#0"},
				"east": {"uv": [0, 0, 1, 0.5], "texture": "#0"},
				"south": {"uv": [0, 0, 1, 0.5], "texture": "#0"},
				"west": {"uv": [0, 0, 1, 0.5], "texture": "#0"},
				"up": {"uv": [0, 1, 1, 2], "texture": "#0"}
			}
		}
	],
	"groups": [
		{
			"name": "Potato1",
			"origin": [8, 8, 8],
			"children": [0, 1, 2, 3, 4, 5, 6]
		}
	]
}