{
	"credit": "Made with Blockbench by Juknum",
	"parent": "block/block",
	"ambientocclusion": false,
	"texture_size": [64, 64],
	"textures": {
		"0": "block/bookshelf_books",
		"1": "block/bookshelf_empty_bottom",
		"particle": "block/bookshelf_books"
	},
	"elements": [
		{
			"from": [4.75, 0.5, -0.75],
			"to": [11.25, 2.5, 4.75],
			"shade": false,
			"rotation": {"angle": 0, "axis": "z", "origin": [9.20586, 5.77214, 4.62585]},
			"faces": {
				"north": {"uv": [3, 3.875, 3.5, 5.5], "rotation": 90, "texture": "#0", "cullface": "north"},
				"east": {"uv": [6.25, 3.375, 4.875, 3.875], "texture": "#0", "cullface": "north"},
				"west": {"uv": [3.5, 3.375, 4.875, 3.875], "texture": "#0", "cullface": "north"},
				"up": {"uv": [4.875, 3.875, 6.25, 5.5], "rotation": 270, "texture": "#0", "cullface": "north"},
				"down": {"uv": [3.625, 3.875, 5, 5.5], "rotation": 270, "texture": "#0", "cullface": "north"}
			}
		},
		{
			"from": [5, 10.5, 0.5],
			"to": [8, 11.5, 5],
			"shade": false,
			"rotation": {"angle": 0, "axis": "y", "origin": [7.02145, 11.625, 3.02145]},
			"faces": {
				"north": {"uv": [3.75, 2, 4.5, 2.25], "texture": "#0", "cullface": "north"},
				"east": {"uv": [4.5, 2.25, 4.75, 3.375], "rotation": 270, "texture": "#0", "cullface": "north"},
				"west": {"uv": [2.75, 2.25, 3, 3.375], "rotation": 90, "texture": "#0", "cullface": "north"},
				"up": {"uv": [4.5, 2.25, 3.75, 3.375], "rotation": 180, "texture": "#0", "cullface": "north"},
				"down": {"uv": [4.5, 3.375, 3.75, 2.25], "rotation": 180, "texture": "#0", "cullface": "north"}
			}
		},
		{
			"from": [5.5, 8.5, 0],
			"to": [11, 10.5, 3.5],
			"shade": false,
			"rotation": {"angle": 0, "axis": "y", "origin": [8.25, 9.5, 1.75]},
			"faces": {
				"north": {"uv": [0, 3.375, 0.5, 4.75], "rotation": 270, "texture": "#0", "cullface": "north"},
				"east": {"uv": [1.375, 3.375, 0.5, 2.875], "texture": "#0", "cullface": "north"},
				"west": {"uv": [1.5, 2.875, 2.375, 3.375], "texture": "#0", "cullface": "north"},
				"up": {"uv": [0.5, 3.375, 1.375, 4.75], "rotation": 90, "texture": "#0", "cullface": "north"},
				"down": {"uv": [2.375, 3.375, 1.5, 4.75], "rotation": 90, "texture": "#0", "cullface": "north"}
			}
		},
		{
			"from": [8.5, 10.5, -0.5],
			"to": [11.5, 12, 3.5],
			"shade": false,
			"rotation": {"angle": 0, "axis": "y", "origin": [15.51262, 10.69683, 1.97062]},
			"faces": {
				"north": {"uv": [1.875, 4.75, 1.125, 5.125], "texture": "#0", "cullface": "north"},
				"east": {"uv": [1.875, 5.125, 2.25, 6.125], "rotation": 270, "texture": "#0", "cullface": "north"},
				"west": {"uv": [0, 5.125, 0.375, 6.125], "rotation": 90, "texture": "#0", "cullface": "north"},
				"up": {"uv": [1.125, 5.125, 0.375, 6.125], "rotation": 180, "texture": "#0", "cullface": "north"},
				"down": {"uv": [1.125, 5.125, 1.875, 6.125], "texture": "#0", "cullface": "north"}
			}
		},
		{
			"from": [5.5, 11.5, 1],
			"to": [8.5, 12.5, 5],
			"shade": false,
			"rotation": {"angle": 0, "axis": "y", "origin": [7.02145, 11.625, 3.52145]},
			"faces": {
				"north": {"uv": [1, 6.125, 1.75, 6.375], "texture": "#0", "cullface": "north"},
				"east": {"uv": [1.75, 6.375, 2, 7.375], "rotation": 270, "texture": "#0", "cullface": "north"},
				"west": {"uv": [0.25, 6.375, 0, 7.375], "rotation": 90, "texture": "#0", "cullface": "north"},
				"up": {"uv": [1, 6.375, 0.25, 7.375], "rotation": 180, "texture": "#0", "cullface": "north"}
			}
		},
		{
			"from": [5, 6.5, 0.5],
			"to": [11, 8.5, 4.5],
			"shade": false,
			"rotation": {"angle": 0, "axis": "z", "origin": [8, 7.5, 2.5]},
			"faces": {
				"north": {"uv": [2.5, 0.5, 3, 2], "rotation": 270, "texture": "#0", "cullface": "north"},
				"east": {"uv": [3, 0, 4, 0.5], "rotation": 180, "texture": "#0", "cullface": "north"},
				"west": {"uv": [4, 0, 5, 0.5], "texture": "#0", "cullface": "north"},
				"up": {"uv": [4, 0.5, 5, 2], "rotation": 90, "texture": "#0", "cullface": "north"},
				"down": {"uv": [4, 0.5, 3, 2], "rotation": 90, "texture": "#0", "cullface": "north"}
			}
		},
		{
			"from": [12, 0.5, 0.25],
			"to": [13, 5, 2.75],
			"shade": false,
			"rotation": {"angle": 0, "axis": "y", "origin": [12.6765, 3.5, 2.22592]},
			"faces": {
				"north": {"uv": [0, 1.75, 0.25, 2.875], "texture": "#0", "cullface": "north"},
				"east": {"uv": [0.875, 1.75, 1.5, 2.875], "texture": "#0", "cullface": "north"},
				"west": {"uv": [0.25, 1.75, 0.875, 2.875], "texture": "#0", "cullface": "north"},
				"up": {"uv": [0.25, 1.5, 0.875, 1.75], "rotation": 90, "texture": "#0", "cullface": "north"}
			}
		},
		{
			"from": [6, 2.5, 0],
			"to": [12, 4.5, 4],
			"shade": false,
			"rotation": {"angle": 0, "axis": "z", "origin": [8.21343, -1.22786, 3.80994]},
			"faces": {
				"north": {"uv": [2.5, 0.5, 3, 2], "rotation": 270, "texture": "#0", "cullface": "north"},
				"east": {"uv": [3, 0, 4, 0.5], "rotation": 180, "texture": "#0", "cullface": "north"},
				"west": {"uv": [4, 0, 5, 0.5], "texture": "#0", "cullface": "north"},
				"down": {"uv": [4, 0.5, 3, 2], "rotation": 90, "texture": "#0", "cullface": "north"}
			}
		},
		{
			"from": [5.5, 4.5, -0.5],
			"to": [12, 6.5, 4],
			"shade": false,
			"rotation": {"angle": 0, "axis": "z", "origin": [8.5, 5.5, 1]},
			"faces": {
				"north": {"uv": [3, 3.875, 3.5, 5.5], "rotation": 270, "texture": "#0", "cullface": "north"},
				"east": {"uv": [3.5, 3.375, 4.625, 3.875], "rotation": 180, "texture": "#0", "cullface": "north"},
				"west": {"uv": [4.875, 3.375, 6, 3.875], "texture": "#0", "cullface": "north"},
				"up": {"uv": [3.5, 3.875, 4.625, 5.5], "rotation": 90, "texture": "#0", "cullface": "north"},
				"down": {"uv": [4.625, 3.875, 3.5, 5.5], "rotation": 90, "texture": "#0", "cullface": "north"}
			}
		},
		{
			"from": [3.95, 0.5, 0],
			"to": [4.95, 5, 2.5],
			"shade": false,
			"rotation": {"angle": -22.5, "axis": "z", "origin": [4.57645, 3.5, 1.489]},
			"faces": {
				"north": {"uv": [0, 1.75, 0.25, 2.875], "texture": "#0", "cullface": "north"},
				"east": {"uv": [0.875, 1.75, 1.5, 2.875], "texture": "#0", "cullface": "north"},
				"west": {"uv": [0.25, 1.75, 0.875, 2.875], "texture": "#0", "cullface": "north"},
				"up": {"uv": [0.25, 1.5, 0.875, 1.75], "rotation": 90, "texture": "#0", "cullface": "north"},
				"down": {"uv": [0.875, 1.5, 1.5, 1.75], "rotation": 90, "texture": "#0", "cullface": "north"}
			}
		},
		{
			"from": [11, 6.5, 1],
			"to": [12, 10.5, 4],
			"shade": false,
			"rotation": {"angle": 0, "axis": "y", "origin": [11.11041, 8.625, 2.47538]},
			"faces": {
				"north": {"uv": [0, 6.375, 0.25, 7.375], "texture": "#0", "cullface": "north"},
				"east": {"uv": [0.875, 6.375, 1.625, 7.375], "texture": "#0", "cullface": "north"},
				"up": {"uv": [0.25, 6.125, 1, 6.375], "rotation": 90, "texture": "#0", "cullface": "north"}
			}
		},
		{
			"name": "background",
			"from": [5.65685, 0, -2.34315],
			"to": [5.65685, 16, 8.95685],
			"rotation": {"angle": 45, "axis": "y", "origin": [5.65685, 8, 5.65685]},
			"faces": {
				"east": {"uv": [4.5, 0, 15.8, 16], "texture": "#1", "cullface": "north"}
			}
		},
		{
			"name": "background",
			"from": [7.04244, 0, 5.65615],
			"to": [18.34244, 16, 5.65615],
			"rotation": {"angle": 45, "axis": "y", "origin": [10.34244, 8, 5.65615]},
			"faces": {
				"north": {"uv": [0, 0, 11.3, 16], "texture": "#1", "cullface": "north"}
			}
		},
		{
			"name": "background",
			"from": [7.5, 0, 7.5],
			"to": [8.5, 16, 7.5],
			"rotation": {"angle": 0, "axis": "y", "origin": [15.5, 8, 15.5]},
			"faces": {
				"north": {"uv": [7.5, 0, 8.5, 16], "texture": "#1", "cullface": "north"}
			}
		},
		{
			"name": "middle",
			"from": [0.5, 0.5, 0],
			"to": [15.5, 0.5, 1],
			"rotation": {"angle": 0, "axis": "y", "origin": [9, 8.5, 8]},
			"faces": {
				"up": {"uv": [0.5, 0, 15.5, 1], "texture": "#1", "cullface": "north"}
			}
		},
		{
			"name": "middle",
			"from": [2, 0.5, 1],
			"to": [14, 0.5, 2],
			"rotation": {"angle": 0, "axis": "y", "origin": [9, 8.5, 9]},
			"faces": {
				"up": {"uv": [2, 1, 14, 2], "texture": "#1", "cullface": "north"}
			}
		},
		{
			"name": "middle",
			"from": [3, 0.5, 2],
			"to": [13, 0.5, 3],
			"rotation": {"angle": 0, "axis": "y", "origin": [9, 8.5, 10]},
			"faces": {
				"up": {"uv": [3, 2, 13, 3], "texture": "#1", "cullface": "north"}
			}
		},
		{
			"name": "middle",
			"from": [6, 0.5, 5],
			"to": [10, 0.5, 6],
			"rotation": {"angle": 0, "axis": "y", "origin": [9, 8.5, 13]},
			"faces": {
				"up": {"uv": [6, 5, 10, 6], "texture": "#1", "cullface": "north"}
			}
		},
		{
			"name": "middle",
			"from": [4, 0.5, 3],
			"to": [12, 0.5, 4],
			"rotation": {"angle": 0, "axis": "y", "origin": [9, 8.5, 11]},
			"faces": {
				"up": {"uv": [4, 3, 12, 4], "texture": "#1", "cullface": "north"}
			}
		},
		{
			"name": "middle",
			"from": [5, 0.5, 4],
			"to": [11, 0.5, 5],
			"rotation": {"angle": 0, "axis": "y", "origin": [9, 8.5, 12]},
			"faces": {
				"up": {"uv": [5, 4, 11, 5], "texture": "#1", "cullface": "north"}
			}
		},
		{
			"name": "middle",
			"from": [7, 0.5, 6],
			"to": [9, 0.5, 7],
			"rotation": {"angle": 0, "axis": "y", "origin": [9, 8.5, 14]},
			"faces": {
				"up": {"uv": [7, 6, 9, 7], "texture": "#1", "cullface": "north"}
			}
		},
		{
			"name": "edge",
			"from": [7.25287, 0.501, -2.71429],
			"to": [7.95287, 0.501, 7.83571],
			"rotation": {"angle": 45, "axis": "y", "origin": [7.75287, 0.998, 7.03571]},
			"faces": {
				"up": {"uv": [2, 0, 2.75, 7.75], "texture": "#1", "cullface": "north"}
			}
		},
		{
			"name": "edge",
			"from": [7.95926, 0.501, -2.50216],
			"to": [8.65926, 0.501, 8.09784],
			"rotation": {"angle": -45, "axis": "y", "origin": [8.45926, 0.998, 7.24784]},
			"faces": {
				"up": {"uv": [2, 0, 2.75, 7.75], "texture": "#1", "cullface": "north"}
			}
		},
		{
			"name": "middle",
			"from": [0.5, 15.5, 0],
			"to": [15.5, 15.5, 1],
			"rotation": {"angle": 0, "axis": "y", "origin": [9, 23.5, 8]},
			"faces": {
				"down": {"uv": [0.5, 1, 15.5, 0], "texture": "#1", "cullface": "north"}
			}
		},
		{
			"name": "middle",
			"from": [2, 15.5, 1],
			"to": [14, 15.5, 2],
			"rotation": {"angle": 0, "axis": "y", "origin": [9, 23.5, 9]},
			"faces": {
				"down": {"uv": [2, 2, 14, 1], "texture": "#1", "cullface": "north"}
			}
		},
		{
			"name": "middle",
			"from": [3, 15.5, 2],
			"to": [13, 15.5, 3],
			"rotation": {"angle": 0, "axis": "y", "origin": [9, 23.5, 10]},
			"faces": {
				"down": {"uv": [3, 3, 13, 2], "texture": "#1", "cullface": "north"}
			}
		},
		{
			"name": "middle",
			"from": [6, 15.5, 5],
			"to": [10, 15.5, 6],
			"rotation": {"angle": 0, "axis": "y", "origin": [9, 23.5, 13]},
			"faces": {
				"down": {"uv": [6, 6, 10, 5], "texture": "#1", "cullface": "north"}
			}
		},
		{
			"name": "middle",
			"from": [4, 15.5, 3],
			"to": [12, 15.5, 4],
			"rotation": {"angle": 0, "axis": "y", "origin": [9, 23.5, 11]},
			"faces": {
				"down": {"uv": [4, 4, 12, 3], "texture": "#1", "cullface": "north"}
			}
		},
		{
			"name": "middle",
			"from": [5, 15.5, 4],
			"to": [11, 15.5, 5],
			"rotation": {"angle": 0, "axis": "y", "origin": [9, 23.5, 12]},
			"faces": {
				"down": {"uv": [5, 5, 11, 4], "texture": "#1", "cullface": "north"}
			}
		},
		{
			"name": "middle",
			"from": [7, 15.5, 6],
			"to": [9, 15.5, 7],
			"rotation": {"angle": 0, "axis": "y", "origin": [9, 23.5, 14]},
			"faces": {
				"down": {"uv": [7, 7, 9, 6], "texture": "#1", "cullface": "north"}
			}
		},
		{
			"name": "edge",
			"from": [7.17965, 15.499, -2.89106],
			"to": [7.87965, 15.499, 7.65894],
			"rotation": {"angle": 45, "axis": "y", "origin": [7.92965, 16, 6.85894]},
			"faces": {
				"down": {"uv": [2, 7.75, 2.75, 0], "texture": "#1", "cullface": "north"}
			}
		},
		{
			"name": "edge",
			"from": [7.95926, 15.499, -2.50216],
			"to": [8.65926, 15.499, 8.09784],
			"rotation": {"angle": -45, "axis": "y", "origin": [8.45926, 15.998, 7.24784]},
			"faces": {
				"down": {"uv": [2, 7.75, 2.75, 0], "texture": "#1", "cullface": "north"}
			}
		}
	],
	"groups": [
		{
			"name": "books",
			"origin": [10.21343, 10.77214, 3.80994],
			"children": [0, 1, 2, 3, 4, 5, 6, 7, 8, 9, 10]
		}, 11, 12, 13,
		{
			"name": "bottom",
			"origin": [8.45926, 7.998, 7.24784],
			"children": [14, 15, 16, 17, 18, 19, 20, 21, 22]
		},
		{
			"name": "top",
			"origin": [8.45926, 7.998, 7.24784],
			"children": [23, 24, 25, 26, 27, 28, 29, 30, 31]
		}
	]
}