{
	"credit": "Designed by Progical",
	"textures": {
		"1": "custom/block/lily_pad/0"
	},
	"elements": [
		{
			"name": "0_0",
			"from": [7.5, 0, 1],
			"to": [10, 0.5, 6],
			"faces": {
				"north": {"uv": [10, 1, 7.5, 1.5], "texture": "#1", "tintindex": 0},
				"east": {"uv": [9.5, 1, 10, 6], "rotation": 90, "texture": "#1", "tintindex": 0},
				"south": {"uv": [7.5, 5.5, 10, 6], "texture": "#1", "tintindex": 0},
				"west": {"uv": [7.5, 1, 8, 6], "rotation": 270, "texture": "#1", "tintindex": 0},
				"up": {"uv": [7.5, 1, 10, 6], "texture": "#1", "tintindex": 0},
				"down": {"uv": [7.5, 6, 10, 1], "texture": "#1", "tintindex": 0}
			}
		},
		{
			"name": "0_1",
			"from": [6, 0, 1.5],
			"to": [7.5, 0.5, 15],
			"faces": {
				"north": {"uv": [7.5, 1.5, 6, 2], "texture": "#1", "tintindex": 0},
				"south": {"uv": [6, 14.5, 7.5, 15], "texture": "#1", "tintindex": 0},
				"west": {"uv": [6, 1.5, 6.5, 15], "rotation": 270, "texture": "#1", "tintindex": 0},
				"up": {"uv": [6, 1.5, 7.5, 15], "texture": "#1", "tintindex": 0},
				"down": {"uv": [6, 15, 7.5, 1.5], "texture": "#1", "tintindex": 0}
			}
		},
		{
			"name": "0_2",
			"from": [10, 0, 1.5],
			"to": [10.5, 0.5, 5],
			"faces": {
				"north": {"uv": [10.5, 1.5, 10, 2], "texture": "#1", "tintindex": 0},
				"east": {"uv": [10, 1.5, 10.5, 5], "rotation": 90, "texture": "#1", "tintindex": 0},
				"south": {"uv": [10, 4.5, 10.5, 5], "texture": "#1", "tintindex": 0},
				"up": {"uv": [10, 1.5, 10.5, 5], "texture": "#1", "tintindex": 0},
				"down": {"uv": [10, 5, 10.5, 1.5], "texture": "#1", "tintindex": 0}
			}
		},
		{
			"name": "0_3",
			"from": [5, 0, 2],
			"to": [6, 0.5, 14.5],
			"faces": {
				"north": {"uv": [6, 2, 5, 2.5], "texture": "#1", "tintindex": 0},
				"south": {"uv": [5, 14, 6, 14.5], "texture": "#1", "tintindex": 0},
				"west": {"uv": [5, 2, 5.5, 14.5], "rotation": 270, "texture": "#1", "tintindex": 0},
				"up": {"uv": [5, 2, 6, 14.5], "texture": "#1", "tintindex": 0},
				"down": {"uv": [5, 14.5, 6, 2], "texture": "#1", "tintindex": 0}
			}
		},
		{
			"name": "0_4",
			"from": [10.5, 0, 2],
			"to": [11, 0.5, 4],
			"faces": {
				"north": {"uv": [11, 2, 10.5, 2.5], "texture": "#1", "tintindex": 0},
				"east": {"uv": [10.5, 2, 11, 4], "rotation": 90, "texture": "#1", "tintindex": 0},
				"south": {"uv": [10.5, 3.5, 11, 4], "texture": "#1", "tintindex": 0},
				"up": {"uv": [10.5, 2, 11, 4], "texture": "#1", "tintindex": 0},
				"down": {"uv": [10.5, 4, 11, 2], "texture": "#1", "tintindex": 0}
			}
		},
		{
			"name": "0_5",
			"from": [4.5, 0, 2.5],
			"to": [5, 0.5, 14.5],
			"faces": {
				"north": {"uv": [5, 2.5, 4.5, 3], "texture": "#1", "tintindex": 0},
				"south": {"uv": [4.5, 14, 5, 14.5], "texture": "#1", "tintindex": 0},
				"west": {"uv": [4.5, 2.5, 5, 14.5], "rotation": 270, "texture": "#1", "tintindex": 0},
				"up": {"uv": [4.5, 2.5, 5, 14.5], "texture": "#1", "tintindex": 0},
				"down": {"uv": [4.5, 14.5, 5, 2.5], "texture": "#1", "tintindex": 0}
			}
		},
		{
			"name": "0_6",
			"from": [4, 0, 3],
			"to": [4.5, 0.5, 14.5],
			"faces": {
				"north": {"uv": [4.5, 3, 4, 3.5], "texture": "#1", "tintindex": 0},
				"south": {"uv": [4, 14, 4.5, 14.5], "texture": "#1", "tintindex": 0},
				"west": {"uv": [4, 3, 4.5, 14.5], "rotation": 270, "texture": "#1", "tintindex": 0},
				"up": {"uv": [4, 3, 4.5, 14.5], "texture": "#1", "tintindex": 0},
				"down": {"uv": [4, 14.5, 4.5, 3], "texture": "#1", "tintindex": 0}
			}
		},
		{
			"name": "0_7",
			"from": [3.5, 0, 3.5],
			"to": [4, 0.5, 14],
			"faces": {
				"north": {"uv": [4, 3.5, 3.5, 4], "texture": "#1", "tintindex": 0},
				"south": {"uv": [3.5, 13.5, 4, 14], "texture": "#1", "tintindex": 0},
				"west": {"uv": [3.5, 3.5, 4, 14], "rotation": 270, "texture": "#1", "tintindex": 0},
				"up": {"uv": [3.5, 3.5, 4, 14], "texture": "#1", "tintindex": 0},
				"down": {"uv": [3.5, 14, 4, 3.5], "texture": "#1", "tintindex": 0}
			}
		},
		{
			"name": "0_8",
			"from": [3, 0, 4],
			"to": [3.5, 0.5, 14],
			"faces": {
				"north": {"uv": [3.5, 4, 3, 4.5], "texture": "#1", "tintindex": 0},
				"south": {"uv": [3, 13.5, 3.5, 14], "texture": "#1", "tintindex": 0},
				"west": {"uv": [3, 4, 3.5, 14], "rotation": 270, "texture": "#1", "tintindex": 0},
				"up": {"uv": [3, 4, 3.5, 14], "texture": "#1", "tintindex": 0},
				"down": {"uv": [3, 14, 3.5, 4], "texture": "#1", "tintindex": 0}
			}
		},
		{
			"name": "0_9",
			"from": [2.5, 0, 4.5],
			"to": [3, 0.5, 13.5],
			"faces": {
				"north": {"uv": [3, 4.5, 2.5, 5], "texture": "#1", "tintindex": 0},
				"south": {"uv": [2.5, 13, 3, 13.5], "texture": "#1", "tintindex": 0},
				"west": {"uv": [2.5, 4.5, 3, 13.5], "rotation": 270, "texture": "#1", "tintindex": 0},
				"up": {"uv": [2.5, 4.5, 3, 13.5], "texture": "#1", "tintindex": 0},
				"down": {"uv": [2.5, 13.5, 3, 4.5], "texture": "#1", "tintindex": 0}
			}
		},
		{
			"name": "0_10",
			"from": [2, 0, 5],
			"to": [2.5, 0.5, 13],
			"faces": {
				"north": {"uv": [2.5, 5, 2, 5.5], "texture": "#1", "tintindex": 0},
				"south": {"uv": [2, 12.5, 2.5, 13], "texture": "#1", "tintindex": 0},
				"west": {"uv": [2, 5, 2.5, 13], "rotation": 270, "texture": "#1", "tintindex": 0},
				"up": {"uv": [2, 5, 2.5, 13], "texture": "#1", "tintindex": 0},
				"down": {"uv": [2, 13, 2.5, 5], "texture": "#1", "tintindex": 0}
			}
		},
		{
			"name": "0_11",
			"from": [12, 0, 5],
			"to": [14, 0.5, 11],
			"faces": {
				"north": {"uv": [14, 5, 12, 5.5], "texture": "#1", "tintindex": 0},
				"east": {"uv": [13.5, 5, 14, 11], "rotation": 90, "texture": "#1", "tintindex": 0},
				"south": {"uv": [12, 10.5, 14, 11], "texture": "#1", "tintindex": 0},
				"west": {"uv": [12, 5, 12.5, 11], "rotation": 270, "texture": "#1", "tintindex": 0},
				"up": {"uv": [12, 5, 14, 11], "texture": "#1", "tintindex": 0},
				"down": {"uv": [12, 11, 14, 5], "texture": "#1", "tintindex": 0}
			}
		},
		{
			"name": "0_12",
			"from": [11, 0, 5.5],
			"to": [12, 0.5, 13],
			"faces": {
				"north": {"uv": [12, 5.5, 11, 6], "texture": "#1", "tintindex": 0},
				"east": {"uv": [11.5, 5.5, 12, 13], "rotation": 90, "texture": "#1", "tintindex": 0},
				"south": {"uv": [11, 12.5, 12, 13], "texture": "#1", "tintindex": 0},
				"west": {"uv": [11, 5.5, 11.5, 13], "rotation": 270, "texture": "#1", "tintindex": 0},
				"up": {"uv": [11, 5.5, 12, 13], "texture": "#1", "tintindex": 0},
				"down": {"uv": [11, 13, 12, 5.5], "texture": "#1", "tintindex": 0}
			}
		},
		{
			"name": "0_13",
			"from": [14, 0, 5.5],
			"to": [14.5, 0.5, 10],
			"faces": {
				"north": {"uv": [14.5, 5.5, 14, 6], "texture": "#1", "tintindex": 0},
				"east": {"uv": [14, 5.5, 14.5, 10], "rotation": 90, "texture": "#1", "tintindex": 0},
				"south": {"uv": [14, 9.5, 14.5, 10], "texture": "#1", "tintindex": 0},
				"up": {"uv": [14, 5.5, 14.5, 10], "texture": "#1", "tintindex": 0},
				"down": {"uv": [14, 10, 14.5, 5.5], "texture": "#1", "tintindex": 0}
			}
		},
		{
			"name": "0_14",
			"from": [1.5, 0, 6],
			"to": [2, 0.5, 12],
			"faces": {
				"north": {"uv": [2, 6, 1.5, 6.5], "texture": "#1", "tintindex": 0},
				"south": {"uv": [1.5, 11.5, 2, 12], "texture": "#1", "tintindex": 0},
				"west": {"uv": [1.5, 6, 2, 12], "rotation": 270, "texture": "#1", "tintindex": 0},
				"up": {"uv": [1.5, 6, 2, 12], "texture": "#1", "tintindex": 0},
				"down": {"uv": [1.5, 12, 2, 6], "texture": "#1", "tintindex": 0}
			}
		},
		{
			"name": "0_15",
			"from": [7.5, 0, 6],
			"to": [9, 0.5, 14.5],
			"faces": {
				"east": {"uv": [8.5, 6, 9, 14.5], "rotation": 90, "texture": "#1", "tintindex": 0},
				"south": {"uv": [7.5, 14, 9, 14.5], "texture": "#1", "tintindex": 0},
				"up": {"uv": [7.5, 6, 9, 14.5], "texture": "#1", "tintindex": 0},
				"down": {"uv": [7.5, 14.5, 9, 6], "texture": "#1", "tintindex": 0}
			}
		},
		{
			"name": "0_16",
			"from": [9, 0, 6],
			"to": [9.5, 0.5, 6.5],
			"faces": {
				"east": {"uv": [9, 6, 9.5, 6.5], "rotation": 90, "texture": "#1", "tintindex": 0},
				"south": {"uv": [9, 6, 9.5, 6.5], "texture": "#1", "tintindex": 0},
				"up": {"uv": [9, 6, 9.5, 6.5], "texture": "#1", "tintindex": 0},
				"down": {"uv": [9, 6.5, 9.5, 6], "texture": "#1", "tintindex": 0}
			}
		},
		{
			"name": "0_17",
			"from": [10, 0, 6],
			"to": [11, 0.5, 14],
			"faces": {
				"north": {"uv": [11, 6, 10, 6.5], "texture": "#1", "tintindex": 0},
				"east": {"uv": [10.5, 6, 11, 14], "rotation": 90, "texture": "#1", "tintindex": 0},
				"south": {"uv": [10, 13.5, 11, 14], "texture": "#1", "tintindex": 0},
				"west": {"uv": [10, 6, 10.5, 14], "rotation": 270, "texture": "#1", "tintindex": 0},
				"up": {"uv": [10, 6, 11, 14], "texture": "#1", "tintindex": 0},
				"down": {"uv": [10, 14, 11, 6], "texture": "#1", "tintindex": 0}
			}
		},
		{
			"name": "0_18",
			"from": [14.5, 0, 6],
			"to": [15, 0.5, 8.5],
			"faces": {
				"north": {"uv": [15, 6, 14.5, 6.5], "texture": "#1", "tintindex": 0},
				"east": {"uv": [14.5, 6, 15, 8.5], "rotation": 90, "texture": "#1", "tintindex": 0},
				"south": {"uv": [14.5, 8, 15, 8.5], "texture": "#1", "tintindex": 0},
				"up": {"uv": [14.5, 6, 15, 8.5], "texture": "#1", "tintindex": 0},
				"down": {"uv": [14.5, 8.5, 15, 6], "texture": "#1", "tintindex": 0}
			}
		},
		{
			"name": "0_19",
			"from": [9.5, 0, 6.5],
			"to": [10, 0.5, 14.5],
			"faces": {
				"north": {"uv": [10, 6.5, 9.5, 7], "texture": "#1", "tintindex": 0},
				"east": {"uv": [9.5, 6.5, 10, 14.5], "rotation": 90, "texture": "#1", "tintindex": 0},
				"south": {"uv": [9.5, 14, 10, 14.5], "texture": "#1", "tintindex": 0},
				"west": {"uv": [9.5, 6.5, 10, 14.5], "rotation": 270, "texture": "#1", "tintindex": 0},
				"up": {"uv": [9.5, 6.5, 10, 14.5], "texture": "#1", "tintindex": 0},
				"down": {"uv": [9.5, 14.5, 10, 6.5], "texture": "#1", "tintindex": 0}
			}
		},
		{
			"name": "0_20",
			"from": [9, 0, 7],
			"to": [9.5, 0.5, 14.5],
			"faces": {
				"north": {"uv": [9.5, 7, 9, 7.5], "texture": "#1", "tintindex": 0},
				"south": {"uv": [9, 14, 9.5, 14.5], "texture": "#1", "tintindex": 0},
				"up": {"uv": [9, 7, 9.5, 14.5], "texture": "#1", "tintindex": 0},
				"down": {"uv": [9, 14.5, 9.5, 7], "texture": "#1", "tintindex": 0}
			}
		},
		{
			"name": "0_21",
			"from": [1, 0, 7.5],
			"to": [1.5, 0.5, 10.5],
			"faces": {
				"north": {"uv": [1.5, 7.5, 1, 8], "texture": "#1", "tintindex": 0},
				"south": {"uv": [1, 10, 1.5, 10.5], "texture": "#1", "tintindex": 0},
				"west": {"uv": [1, 7.5, 1.5, 10.5], "rotation": 270, "texture": "#1", "tintindex": 0},
				"up": {"uv": [1, 7.5, 1.5, 10.5], "texture": "#1", "tintindex": 0},
				"down": {"uv": [1, 10.5, 1.5, 7.5], "texture": "#1", "tintindex": 0}
			}
		},
		{
			"name": "0_22",
			"from": [12, 0, 11],
			"to": [13, 0.5, 12],
			"faces": {
				"east": {"uv": [12.5, 11, 13, 12], "rotation": 90, "texture": "#1", "tintindex": 0},
				"south": {"uv": [12, 11.5, 13, 12], "texture": "#1", "tintindex": 0},
				"up": {"uv": [12, 11, 13, 12], "texture": "#1", "tintindex": 0},
				"down": {"uv": [12, 12, 13, 11], "texture": "#1", "tintindex": 0}
			}
		},
		{
			"name": "0_23",
			"from": [13, 0, 11],
			"to": [13.5, 0.5, 11.5],
			"faces": {
				"east": {"uv": [13, 11, 13.5, 11.5], "rotation": 90, "texture": "#1", "tintindex": 0},
				"south": {"uv": [13, 11, 13.5, 11.5], "texture": "#1", "tintindex": 0},
				"up": {"uv": [13, 11, 13.5, 11.5], "texture": "#1", "tintindex": 0},
				"down": {"uv": [13, 11.5, 13.5, 11], "texture": "#1", "tintindex": 0}
			}
		},
		{
			"name": "0_24",
			"from": [12, 0, 12],
			"to": [12.5, 0.5, 12.5],
			"faces": {
				"east": {"uv": [12, 12, 12.5, 12.5], "rotation": 90, "texture": "#1", "tintindex": 0},
				"south": {"uv": [12, 12, 12.5, 12.5], "texture": "#1", "tintindex": 0},
				"up": {"uv": [12, 12, 12.5, 12.5], "texture": "#1", "tintindex": 0},
				"down": {"uv": [12, 12.5, 12.5, 12], "texture": "#1", "tintindex": 0}
			}
		},
		{
			"name": "0_25",
			"from": [11, 0, 13],
			"to": [11.5, 0.5, 13.5],
			"faces": {
				"east": {"uv": [11, 13, 11.5, 13.5], "rotation": 90, "texture": "#1", "tintindex": 0},
				"south": {"uv": [11, 13, 11.5, 13.5], "texture": "#1", "tintindex": 0},
				"up": {"uv": [11, 13, 11.5, 13.5], "texture": "#1", "tintindex": 0},
				"down": {"uv": [11, 13.5, 11.5, 13], "texture": "#1", "tintindex": 0}
			}
		},
		{
			"name": "0_26",
			"from": [5.5, 0, 14.5],
			"to": [6, 0.5, 15],
			"faces": {
				"south": {"uv": [5.5, 14.5, 6, 15], "texture": "#1", "tintindex": 0},
				"west": {"uv": [5.5, 14.5, 6, 15], "rotation": 270, "texture": "#1", "tintindex": 0},
				"up": {"uv": [5.5, 14.5, 6, 15], "texture": "#1", "tintindex": 0},
				"down": {"uv": [5.5, 15, 6, 14.5], "texture": "#1", "tintindex": 0}
			}
		},
		{
			"name": "0_27",
			"from": [7.5, 0, 14.5],
			"to": [8.5, 0.5, 15],
			"faces": {
				"east": {"uv": [8, 14.5, 8.5, 15], "rotation": 90, "texture": "#1", "tintindex": 0},
				"south": {"uv": [7.5, 14.5, 8.5, 15], "texture": "#1", "tintindex": 0},
				"up": {"uv": [7.5, 14.5, 8.5, 15], "texture": "#1", "tintindex": 0},
				"down": {"uv": [7.5, 15, 8.5, 14.5], "texture": "#1", "tintindex": 0}
			}
		}
	],
	"groups": [
		{
			"name": "0",
			"origin": [8, 8, 8],
			"children": [0, 1, 2, 3, 4, 5, 6, 7, 8, 9, 10, 11, 12, 13, 14, 15, 16, 17, 18, 19, 20, 21, 22, 23, 24, 25, 26, 27]
		}
	]
}