{
	"credit": "Made with Blockbench by Juknum",
	"textures": {
		"0": "block/warped_trapdoor",
		"1": "custom/block/trapdoors/warped/front",
		"2": "custom/block/trapdoors/warped/side",
		"particle": "block/warped_trapdoor"
	},
	"elements": [
		{
			"from": [0, 0, 2.5],
			"to": [2.5, 3, 13.5],
			"faces": {
				"east": {"uv": [0, 0, 13, 3], "texture": "#1"},
				"west": {"uv": [2.5, 0, 13.5, 3], "texture": "#2"},
				"up": {"uv": [0, 2.5, 2.5, 13.5], "texture": "#0"},
				"down": {"uv": [0, 13.5, 2.5, 2.5], "texture": "#0"}
			}
		},
		{
			"from": [0, 0, 0],
			"to": [16, 3, 2.5],
			"faces": {
				"north": {"uv": [0, 0, 16, 3], "texture": "#1"},
				"east": {"uv": [13.5, 0, 16, 3], "texture": "#2"},
				"south": {"uv": [0, 0, 16, 3], "texture": "#1"},
				"west": {"uv": [0, 0, 2.5, 3], "texture": "#2"},
				"up": {"uv": [0, 0, 16, 2.5], "texture": "#0"},
				"down": {"uv": [0, 2.5, 16, 0], "texture": "#0"}
			}
		},
		{
			"from": [13.5, 0, 2.5],
			"to": [16, 3, 13.5],
			"rotation": {"angle": 0, "axis": "y", "origin": [8, 8, 7.5]},
			"faces": {
				"east": {"uv": [2, 0, 13, 3], "texture": "#2"},
				"west": {"uv": [1.5, 0, 12.5, 3], "texture": "#1"},
				"up": {"uv": [13.5, 2.5, 16, 13.5], "texture": "#0"},
				"down": {"uv": [13.5, 13.5, 16, 2.5], "texture": "#0"}
			}
		},
		{
			"from": [0, 0, 13.5],
			"to": [16, 3, 16],
			"faces": {
				"north": {"uv": [0, 0, 16, 3], "texture": "#1"},
				"east": {"uv": [0, 0, 2.5, 3], "texture": "#2"},
				"south": {"uv": [0, 0, 16, 3], "texture": "#1"},
				"west": {"uv": [13.5, 0, 16, 3], "texture": "#2"},
				"up": {"uv": [0, 13.5, 16, 16], "texture": "#0"},
				"down": {"uv": [0, 16, 16, 13.5], "texture": "#0"}
			}
		},
		{
			"from": [2.5, 0, 6],
			"to": [3, 3, 8.5],
			"rotation": {"angle": 0, "axis": "y", "origin": [8.5, 8, 8]},
			"faces": {
				"north": {"uv": [3.5, 0, 4, 3], "texture": "#1"},
				"east": {"uv": [0.5, 0, 3, 3], "texture": "#1"},
				"south": {"uv": [0.5, 0, 1, 3], "texture": "#1"},
				"up": {"uv": [2.5, 6, 3, 8.5], "texture": "#0"},
				"down": {"uv": [2.5, 8.5, 3, 6], "texture": "#0"}
			}
		},
		{
			"from": [3, 0, 7],
			"to": [3.5, 3, 8],
			"rotation": {"angle": 0, "axis": "y", "origin": [8.5, 8, 8]},
			"faces": {
				"north": {"uv": [4, 0, 4.5, 3], "texture": "#1"},
				"east": {"uv": [4, 0, 5, 3], "texture": "#1"},
				"south": {"uv": [3, 0, 3.5, 3], "texture": "#1"},
				"up": {"uv": [3, 7, 3.5, 8], "texture": "#0"},
				"down": {"uv": [3, 8, 3.5, 7], "texture": "#0"}
			}
		},
		{
			"from": [4, 0, 2.5],
			"to": [5.5, 3, 3.5],
			"rotation": {"angle": 0, "axis": "y", "origin": [8, 8, 8.5]},
			"faces": {
				"east": {"uv": [7.5, 0, 8.5, 3], "texture": "#1"},
				"south": {"uv": [1, 0, 2, 3], "texture": "#1"},
				"west": {"uv": [3, 0, 4, 3], "texture": "#1"},
				"up": {"uv": [4, 2.5, 5.5, 3.5], "texture": "#0"},
				"down": {"uv": [4, 3.5, 5.5, 2.5], "texture": "#0"}
			}
		},
		{
			"from": [4.5, 0, 3],
			"to": [5.5, 3, 4.5],
			"faces": {
				"south": {"uv": [7, 0, 8, 3], "texture": "#1"},
				"west": {"uv": [4, 0, 5.5, 3], "texture": "#1"},
				"up": {"uv": [4.5, 3, 5.5, 4.5], "texture": "#0"},
				"down": {"uv": [4.5, 4.5, 5.5, 3], "texture": "#0"}
			}
		},
		{
			"from": [5.5, 0, 4],
			"to": [6.5, 3, 8],
			"faces": {
				"north": {"uv": [6.5, 0, 7.5, 3], "texture": "#1"},
				"east": {"uv": [6.5, 0, 10.5, 3], "texture": "#1"},
				"south": {"uv": [4.5, 0, 5.5, 3], "texture": "#1"},
				"west": {"uv": [0, 0, 4, 3], "texture": "#1"},
				"up": {"uv": [5.5, 4, 6.5, 8], "texture": "#0"},
				"down": {"uv": [5.5, 8, 6.5, 4], "texture": "#0"}
			}
		},
		{
			"from": [5, 0, 3.5],
			"to": [6, 3, 5.5],
			"faces": {
				"north": {"uv": [3, 0, 4, 3], "texture": "#1"},
				"east": {"uv": [3.5, 0, 5.5, 3], "texture": "#1"},
				"south": {"uv": [1.5, 0, 2.5, 3], "texture": "#1"},
				"west": {"uv": [1, 0, 3, 3], "texture": "#1"},
				"up": {"uv": [5, 3.5, 6, 5.5], "texture": "#0"},
				"down": {"uv": [5, 5.5, 6, 3.5], "texture": "#0"}
			}
		},
		{
			"from": [4, 0, 9],
			"to": [5, 3, 12],
			"faces": {
				"north": {"uv": [0, 0, 1, 3], "texture": "#1"},
				"east": {"uv": [12.5, 0, 15.5, 3], "texture": "#1"},
				"south": {"uv": [3, 0, 4, 3], "texture": "#1"},
				"west": {"uv": [6, 0, 9, 3], "texture": "#1"},
				"up": {"uv": [4, 9, 5, 12], "texture": "#0"},
				"down": {"uv": [4, 12, 5, 9], "texture": "#0"}
			}
		},
		{
			"from": [4.5, 0, 8],
			"to": [5.5, 3, 10.5],
			"faces": {
				"north": {"uv": [0.5, 0, 1.5, 3], "texture": "#1"},
				"east": {"uv": [5, 0, 7.5, 3], "texture": "#1"},
				"south": {"uv": [7, 0, 8, 3], "texture": "#1"},
				"west": {"uv": [8.5, 0, 11, 3], "texture": "#1"},
				"up": {"uv": [4.5, 8, 5.5, 10.5], "texture": "#0"},
				"down": {"uv": [4.5, 10.5, 5.5, 8], "texture": "#0"}
			}
		},
		{
			"from": [4.5, 0, 12],
			"to": [5.5, 3, 13.5],
			"faces": {
				"north": {"uv": [5, 0, 6, 3], "texture": "#1"},
				"east": {"uv": [4, 0, 5.5, 3], "texture": "#1"},
				"west": {"uv": [2, 0, 3.5, 3], "texture": "#1"},
				"up": {"uv": [4.5, 12, 5.5, 13.5], "texture": "#0"},
				"down": {"uv": [4.5, 13.5, 5.5, 12], "texture": "#0"}
			}
		},
		{
			"from": [8.5, 0, 2.5],
			"to": [11, 3, 3],
			"rotation": {"angle": 0, "axis": "y", "origin": [8, 8, 8.5]},
			"faces": {
				"east": {"uv": [2.5, 0, 3, 3], "texture": "#1"},
				"south": {"uv": [13, 0, 15.5, 3], "texture": "#1"},
				"west": {"uv": [0.5, 0, 1, 3], "texture": "#1"},
				"up": {"uv": [8.5, 2.5, 11, 3], "texture": "#0"},
				"down": {"uv": [8.5, 3, 11, 2.5], "texture": "#0"}
			}
		},
		{
			"from": [9, 0, 3],
			"to": [10.5, 3, 3.5],
			"rotation": {"angle": 0, "axis": "y", "origin": [8, 8, 8.5]},
			"faces": {
				"south": {"uv": [5, 0, 6.5, 3], "texture": "#1"},
				"west": {"uv": [0.5, 0, 1, 3], "texture": "#1"},
				"up": {"uv": [9, 3, 10.5, 3.5], "texture": "#0"},
				"down": {"uv": [9, 3.5, 10.5, 3], "texture": "#0"}
			}
		},
		{
			"from": [9.5, 0, 3],
			"to": [10.5, 3, 5],
			"faces": {
				"east": {"uv": [6, 0, 8, 3], "texture": "#1"},
				"south": {"uv": [3.5, 0, 4.5, 3], "texture": "#1"},
				"west": {"uv": [0, 0, 2, 3], "texture": "#1"},
				"up": {"uv": [9.5, 3, 10.5, 5], "texture": "#0"},
				"down": {"uv": [9.5, 5, 10.5, 3], "texture": "#0"}
			}
		},
		{
			"from": [10, 0, 4.5],
			"to": [11, 3, 6.5],
			"faces": {
				"north": {"uv": [6, 0, 7, 3], "texture": "#1"},
				"east": {"uv": [0, 0, 2.5, 3], "texture": "#1"},
				"south": {"uv": [7.5, 0, 8.5, 3], "texture": "#1"},
				"west": {"uv": [0, 0, 2.5, 3], "texture": "#1"},
				"up": {"uv": [10, 4.5, 11, 6.5], "texture": "#0"},
				"down": {"uv": [10, 6.5, 11, 4.5], "texture": "#0"}
			}
		},
		{
			"from": [5, 0, 7],
			"to": [6, 3, 9],
			"faces": {
				"north": {"uv": [1.5, 0, 2.5, 3], "texture": "#1"},
				"east": {"uv": [13.5, 0, 15.5, 3], "texture": "#1"},
				"south": {"uv": [4, 0, 5, 3], "texture": "#1"},
				"west": {"uv": [1, 0, 3, 3], "texture": "#1"},
				"up": {"uv": [5, 7, 6, 9], "texture": "#0"},
				"down": {"uv": [5, 9, 6, 7], "texture": "#0"}
			}
		},
		{
			"from": [10.5, 0, 6.5],
			"to": [11, 3, 9.5],
			"rotation": {"angle": 0, "axis": "y", "origin": [8, 8, 8.5]},
			"faces": {
				"east": {"uv": [5, 0, 8, 3], "texture": "#1"},
				"south": {"uv": [9.5, 0, 10.5, 3], "texture": "#1"},
				"west": {"uv": [6, 0, 9, 3], "texture": "#1"},
				"up": {"uv": [10.5, 6.5, 11, 9.5], "texture": "#0"},
				"down": {"uv": [10.5, 9.5, 11, 6.5], "texture": "#0"}
			}
		},
		{
			"from": [11, 0, 6],
			"to": [11.5, 3, 9],
			"faces": {
				"north": {"uv": [4.5, 0, 5.5, 3], "texture": "#1"},
				"east": {"uv": [5, 0, 8.5, 3], "texture": "#1"},
				"south": {"uv": [9.5, 0, 10.5, 3], "texture": "#1"},
				"up": {"uv": [11, 6, 11.5, 9], "texture": "#0"},
				"down": {"uv": [11, 9, 11.5, 6], "texture": "#0"}
			}
		},
		{
			"from": [10, 0, 8.5],
			"to": [10.5, 3, 11.5],
			"faces": {
				"north": {"uv": [6.5, 0, 7, 3], "texture": "#1"},
				"east": {"uv": [7, 0, 10, 3], "texture": "#1"},
				"south": {"uv": [10, 0, 10.5, 3], "texture": "#1"},
				"west": {"uv": [6, 0, 9, 3], "texture": "#1"},
				"up": {"uv": [10, 8.5, 10.5, 11.5], "texture": "#0"},
				"down": {"uv": [10, 11.5, 10.5, 8.5], "texture": "#0"}
			}
		},
		{
			"from": [9.5, 0, 9],
			"to": [10, 3, 12],
			"faces": {
				"north": {"uv": [10, 0, 10.5, 3], "texture": "#1"},
				"east": {"uv": [4.5, 0, 7.5, 3], "texture": "#1"},
				"west": {"uv": [12, 0, 15, 3], "texture": "#1"},
				"up": {"uv": [9.5, 9, 10, 12], "texture": "#0"},
				"down": {"uv": [9, 12, 9.5, 10], "texture": "#0"}
			}
		},
		{
			"from": [9, 0, 10],
			"to": [9.5, 3, 12],
			"faces": {
				"north": {"uv": [3.5, 0, 4, 3], "texture": "#1"},
				"west": {"uv": [6.5, 0, 8.5, 3], "texture": "#1"},
				"up": {"uv": [9, 10, 9.5, 12], "texture": "#0"},
				"down": {"uv": [9, 12, 9.5, 10], "texture": "#0"}
			}
		},
		{
			"from": [9, 0, 12],
			"to": [10.5, 3, 13],
			"faces": {
				"north": {"uv": [0.5, 0, 2, 3], "texture": "#1"},
				"east": {"uv": [9, 0, 10, 3], "texture": "#1"},
				"south": {"uv": [2, 0, 3.5, 3], "texture": "#1"},
				"west": {"uv": [6.5, 0, 7.5, 3], "texture": "#1"},
				"up": {"uv": [9, 12, 10.5, 13], "texture": "#0"},
				"down": {"uv": [9, 13, 10.5, 12], "texture": "#0"}
			}
		},
		{
			"from": [13, 0, 5.5],
			"to": [13.5, 3, 8.5],
			"faces": {
				"north": {"uv": [0, 0, 1, 3], "texture": "#1"},
				"west": {"uv": [9.5, 0, 12.5, 3], "texture": "#1"},
				"up": {"uv": [13, 5.5, 13.5, 8.5], "texture": "#0"},
				"down": {"uv": [13, 8.5, 13.5, 5.5], "texture": "#0"}
			}
		},
		{
			"from": [12.5, 0, 6],
			"to": [13.5, 3, 8],
			"faces": {
				"north": {"uv": [0, 0, 1, 3], "texture": "#1"},
				"south": {"uv": [11, 0, 12, 3], "texture": "#1"},
				"west": {"uv": [7.5, 0, 9.5, 3], "texture": "#1"},
				"up": {"uv": [12.5, 6, 13.5, 8], "texture": "#0"},
				"down": {"uv": [12.5, 8, 13.5, 6], "texture": "#0"}
			}
		},
		{
			"from": [12.5, 0, 8.5],
			"to": [13.5, 3, 9.5],
			"faces": {
				"north": {"uv": [3, 0, 4, 3], "texture": "#1"},
				"south": {"uv": [4, 0, 5, 3], "texture": "#1"},
				"west": {"uv": [4.5, 0, 5.5, 3], "texture": "#1"},
				"up": {"uv": [12.5, 8.5, 13.5, 9.5], "texture": "#0"},
				"down": {"uv": [12.5, 9.5, 13.5, 8.5], "texture": "#0"}
			}
		},
		{
			"from": [12.5, 0, 9.5],
			"to": [13, 3, 10],
			"faces": {
				"east": {"uv": [3.5, 0, 4, 3], "texture": "#1"},
				"south": {"uv": [5, 0, 5.5, 3], "texture": "#1"},
				"west": {"uv": [2.5, 0, 3, 3], "texture": "#1"},
				"up": {"uv": [12.5, 9.5, 13, 10], "texture": "#0"},
				"down": {"uv": [12.5, 10, 13, 9.5], "texture": "#0"}
			}
		},
		{
			"from": [9, 0, 13],
			"to": [9.5, 3, 13.5],
			"faces": {
				"east": {"uv": [2, 0, 2.5, 3], "texture": "#1"},
				"west": {"uv": [8, 0, 8.5, 3], "texture": "#1"},
				"up": {"uv": [9, 13, 9.5, 13.5], "texture": "#0"},
				"down": {"uv": [9, 13.5, 9.5, 13], "texture": "#0"}
			}
		},
		{
			"from": [5.5, 0, 13],
			"to": [6, 3, 13.5],
			"faces": {
				"north": {"uv": [2, 0, 2.5, 3], "texture": "#1"},
				"east": {"uv": [1.5, 0, 2, 3], "texture": "#1"},
				"up": {"uv": [5.5, 13, 6, 13.5], "texture": "#0"},
				"down": {"uv": [5.5, 13.5, 6, 13], "texture": "#0"}
			}
		},
		{
			"from": [10, 0, 13],
			"to": [11, 3, 13.5],
			"faces": {
				"north": {"uv": [7, 0, 8, 3], "texture": "#1"},
				"east": {"uv": [13.5, 0, 14, 3], "texture": "#1"},
				"west": {"uv": [9.5, 0, 10, 3], "texture": "#1"},
				"up": {"uv": [10, 13, 11, 13.5], "texture": "#0"},
				"down": {"uv": [10, 13.5, 11, 13], "texture": "#0"}
			}
		}
	],
	"display": {
		"ground": {
			"rotation": [0, 0, -0.5],
			"scale": [0.4, 0.4, 0.4]
		}
	}
}