{
	"credit": "Made with Blockbench",
	"texture_size": [64, 64],
	"textures": {
		"0": "block/skull",
		"particle": "block/skull"
	},
	"elements": [
		{
			"from": [4.67708, 6.5625, 5.54208],
			"to": [10.42708, 12.1875, 10.91708],
			"rotation": {"angle": 22.5, "axis": "x", "origin": [7.53125, 9.83309, 6.38471]},
			"faces": {
				"north": {"uv": [1.25, 3, 2.5, 4.25], "texture": "#0"},
				"east": {"uv": [0, 3, 1.25, 4.25], "texture": "#0"},
				"south": {"uv": [3.75, 3, 5, 4.25], "texture": "#0"},
				"west": {"uv": [2.5, 3, 3.75, 4.25], "texture": "#0"},
				"up": {"uv": [2.5, 3, 1.25, 1.75], "texture": "#0"},
				"down": {"uv": [3.75, 1.75, 2.5, 3], "texture": "#0"}
			}
		},
		{
			"from": [4.67708, 8.20878, 6.96597],
			"to": [7.17708, 13.20878, 8.96597],
			"rotation": {"angle": 22.5, "axis": "x", "origin": [7.53125, 9.83309, 6.38471]},
			"faces": {
				"north": {"uv": [9.5, 10.25, 10, 11.5], "texture": "#0"},
				"east": {"uv": [9, 10.25, 9.5, 11.5], "texture": "#0"},
				"south": {"uv": [10.5, 10.25, 11, 11.5], "texture": "#0"},
				"west": {"uv": [10, 10.25, 10.5, 11.5], "texture": "#0"},
				"up": {"uv": [10, 10.25, 9.5, 9.75], "texture": "#0"},
				"down": {"uv": [10.5, 9.75, 10, 10.25], "texture": "#0"}
			}
		},
		{
			"from": [9.67708, 11.24893, 3.54278],
			"to": [11.17708, 12.24893, 5.66778],
			"rotation": {"angle": 22.5, "axis": "x", "origin": [7.53125, 9.83309, 6.38471]},
			"faces": {
				"north": {"uv": [4, 7.25, 4.25, 7.5], "texture": "#0"},
				"east": {"uv": [3.5, 7.25, 4, 7.5], "texture": "#0"},
				"south": {"uv": [4.75, 7.25, 5, 7.5], "texture": "#0"},
				"west": {"uv": [4.25, 7.25, 4.75, 7.5], "texture": "#0"},
				"up": {"uv": [4.25, 7.25, 4, 6.75], "texture": "#0"},
				"down": {"uv": [4.5, 6.75, 4.25, 7.25], "texture": "#0"}
			}
		},
		{
			"from": [9.17708, 10.90247, 3.31128],
			"to": [10.67708, 11.90247, 5.81128],
			"rotation": {"angle": 22.5, "axis": "x", "origin": [7.53125, 9.83309, 6.38471]},
			"faces": {
				"north": {"uv": [0.5, 7.25, 0.75, 7.5], "texture": "#0"},
				"east": {"uv": [0, 7.25, 0.5, 7.5], "texture": "#0"},
				"south": {"uv": [1.25, 7.25, 1.5, 7.5], "texture": "#0"},
				"west": {"uv": [0.75, 7.25, 1.25, 7.5], "texture": "#0"},
				"up": {"uv": [0.75, 7.25, 0.5, 6.75], "texture": "#0"},
				"down": {"uv": [1, 6.75, 0.75, 7.25], "texture": "#0"}
			}
		},
		{
			"from": [8.17708, 10.44053, 3.50263],
			"to": [9.67708, 11.44053, 6.00263],
			"rotation": {"angle": 22.5, "axis": "x", "origin": [7.53125, 9.83309, 6.38471]},
			"faces": {
				"north": {"uv": [6.75, 0.5, 7, 0.75], "texture": "#0"},
				"east": {"uv": [6.25, 0.5, 6.75, 0.75], "texture": "#0"},
				"south": {"uv": [7.5, 0.5, 7.75, 0.75], "texture": "#0"},
				"west": {"uv": [7, 0.5, 7.5, 0.75], "texture": "#0"},
				"up": {"uv": [7, 0.5, 6.75, 0], "texture": "#0"},
				"down": {"uv": [7.25, 0, 7, 0.5], "texture": "#0"}
			}
		},
		{
			"from": [8.17708, 8.20878, 6.96597],
			"to": [10.67708, 13.20878, 8.96597],
			"rotation": {"angle": 22.5, "axis": "x", "origin": [7.53125, 9.83309, 6.38471]},
			"faces": {
				"north": {"uv": [7.5, 10.25, 8, 11.5], "texture": "#0"},
				"east": {"uv": [7, 10.25, 7.5, 11.5], "texture": "#0"},
				"south": {"uv": [8.5, 10.25, 9, 11.5], "texture": "#0"},
				"west": {"uv": [8, 10.25, 8.5, 11.5], "texture": "#0"},
				"up": {"uv": [8, 10.25, 7.5, 9.75], "texture": "#0"},
				"down": {"uv": [8.5, 9.75, 8, 10.25], "texture": "#0"}
			}
		},
		{
			"from": [4.42708, 12.27083, 4.76764],
			"to": [10.80208, 13.64583, 9.89264],
			"rotation": {"angle": 22.5, "axis": "x", "origin": [7.53125, 9.83309, 6.38471]},
			"faces": {
				"north": {"uv": [1.25, 6.5, 2.75, 6.75], "texture": "#0"},
				"east": {"uv": [0, 6.5, 1.25, 6.75], "texture": "#0"},
				"south": {"uv": [4, 6.5, 5.5, 6.75], "texture": "#0"},
				"west": {"uv": [2.75, 6.5, 4, 6.75], "texture": "#0"},
				"up": {"uv": [2.75, 6.5, 1.25, 5.25], "texture": "#0"},
				"down": {"uv": [4.25, 5.25, 2.75, 6.5], "texture": "#0"}
			}
		},
		{
			"from": [5.67708, 10.44053, 3.50263],
			"to": [7.17708, 11.44053, 6.00263],
			"rotation": {"angle": 22.5, "axis": "x", "origin": [7.53125, 9.83309, 6.38471]},
			"faces": {
				"north": {"uv": [4.75, 5.75, 5, 6], "texture": "#0"},
				"east": {"uv": [4.25, 5.75, 4.75, 6], "texture": "#0"},
				"south": {"uv": [5.5, 5.75, 5.75, 6], "texture": "#0"},
				"west": {"uv": [5, 5.75, 5.5, 6], "texture": "#0"},
				"up": {"uv": [5, 5.75, 4.75, 5.25], "texture": "#0"},
				"down": {"uv": [5.25, 5.25, 5, 5.75], "texture": "#0"}
			}
		},
		{
			"from": [4.67708, 10.90247, 3.31128],
			"to": [6.17708, 11.90247, 5.81128],
			"rotation": {"angle": 22.5, "axis": "x", "origin": [7.53125, 9.83309, 6.38471]},
			"faces": {
				"north": {"uv": [5.25, 0.5, 5.5, 0.75], "texture": "#0"},
				"east": {"uv": [4.75, 0.5, 5.25, 0.75], "texture": "#0"},
				"south": {"uv": [6, 0.5, 6.25, 0.75], "texture": "#0"},
				"west": {"uv": [5.5, 0.5, 6, 0.75], "texture": "#0"},
				"up": {"uv": [5.5, 0.5, 5.25, 0], "texture": "#0"},
				"down": {"uv": [5.75, 0, 5.5, 0.5], "texture": "#0"}
			}
		},
		{
			"from": [4.17708, 11.24893, 3.54278],
			"to": [5.67708, 12.24893, 5.66778],
			"rotation": {"angle": 22.5, "axis": "x", "origin": [7.53125, 9.83309, 6.38471]},
			"faces": {
				"north": {"uv": [4, 4.75, 4.25, 5], "texture": "#0"},
				"east": {"uv": [3.5, 4.75, 4, 5], "texture": "#0"},
				"south": {"uv": [4.75, 4.75, 5, 5], "texture": "#0"},
				"west": {"uv": [4.25, 4.75, 4.75, 5], "texture": "#0"},
				"up": {"uv": [4.25, 4.75, 4, 4.25], "texture": "#0"},
				"down": {"uv": [4.5, 4.25, 4.25, 4.75], "texture": "#0"}
			}
		},
		{
			"from": [3.80208, 10.27083, 4.14264],
			"to": [11.55208, 13.14583, 9.89264],
			"rotation": {"angle": 22.5, "axis": "x", "origin": [7.53125, 9.83309, 6.38471]},
			"faces": {
				"north": {"uv": [1.25, 1.25, 3, 1.75], "texture": "#0"},
				"east": {"uv": [0, 1.25, 1.25, 1.75], "texture": "#0"},
				"south": {"uv": [4.25, 1.25, 6, 1.75], "texture": "#0"},
				"west": {"uv": [3, 1.25, 4.25, 1.75], "texture": "#0"},
				"up": {"uv": [3, 1.25, 1.25, 0], "texture": "#0"},
				"down": {"uv": [4.75, 0, 3, 1.25], "texture": "#0"}
			}
		},
		{
			"from": [3.92708, 10.77083, 4.01764],
			"to": [4.80208, 11.64583, 9.89264],
			"rotation": {"angle": 22.5, "axis": "x", "origin": [7.53125, 9.83309, 6.38471]},
			"faces": {
				"north": {"uv": [1.25, 1.25, 1.25, 1.25], "texture": "#0"},
				"east": {"uv": [0, 1.25, 1.25, 1.25], "texture": "#0"},
				"south": {"uv": [2.5, 1.25, 2.5, 1.25], "texture": "#0"},
				"west": {"uv": [1.25, 1.25, 2.5, 1.25], "texture": "#0"},
				"up": {"uv": [1.25, 1.25, 1.25, 0], "texture": "#0"},
				"down": {"uv": [1.25, 0, 1.25, 1.25], "texture": "#0"}
			}
		},
		{
			"from": [10.17708, 9.84695, 3.90032],
			"to": [11.80208, 10.97195, 10.02532],
			"rotation": {"angle": 22.5, "axis": "x", "origin": [7.53125, 9.83309, 6.38471]},
			"faces": {
				"north": {"uv": [3.5, 11, 3.75, 11.25], "texture": "#0"},
				"east": {"uv": [2, 11, 3.5, 11.25], "texture": "#0"},
				"south": {"uv": [5.25, 11, 5.5, 11.25], "texture": "#0"},
				"west": {"uv": [3.75, 11, 5.25, 11.25], "texture": "#0"},
				"up": {"uv": [3.75, 11, 3.5, 9.5], "texture": "#0"},
				"down": {"uv": [4, 9.5, 3.75, 11], "texture": "#0"}
			}
		},
		{
			"from": [3.42708, 9.79091, 4.11174],
			"to": [5.05208, 10.91591, 9.23674],
			"rotation": {"angle": 22.5, "axis": "x", "origin": [7.53125, 9.83309, 6.38471]},
			"faces": {
				"north": {"uv": [10.75, 7.75, 11, 8], "texture": "#0"},
				"east": {"uv": [9.5, 7.75, 10.75, 8], "texture": "#0"},
				"south": {"uv": [12.25, 7.75, 12.5, 8], "texture": "#0"},
				"west": {"uv": [11, 7.75, 12.25, 8], "texture": "#0"},
				"up": {"uv": [11, 7.75, 10.75, 6.5], "texture": "#0"},
				"down": {"uv": [11.25, 6.5, 11, 7.75], "texture": "#0"}
			}
		},
		{
			"from": [9.67708, 7.79964, 3.53065],
			"to": [11.05208, 9.92464, 9.65565],
			"rotation": {"angle": 22.5, "axis": "x", "origin": [7.53125, 9.83309, 6.38471]},
			"faces": {
				"north": {"uv": [1.5, 10, 1.75, 10.5], "texture": "#0"},
				"east": {"uv": [0, 10, 1.5, 10.5], "texture": "#0"},
				"south": {"uv": [3.25, 10, 3.5, 10.5], "texture": "#0"},
				"west": {"uv": [1.75, 10, 3.25, 10.5], "texture": "#0"},
				"up": {"uv": [1.75, 10, 1.5, 8.5], "texture": "#0"},
				"down": {"uv": [2, 8.5, 1.75, 10], "texture": "#0"}
			}
		},
		{
			"from": [4.17708, 7.84748, 3.64614],
			"to": [5.55208, 9.97248, 9.77114],
			"rotation": {"angle": 22.5, "axis": "x", "origin": [7.53125, 9.83309, 6.38471]},
			"faces": {
				"north": {"uv": [9, 9.25, 9.25, 9.75], "texture": "#0"},
				"east": {"uv": [7.5, 9.25, 9, 9.75], "texture": "#0"},
				"south": {"uv": [10.75, 9.25, 11, 9.75], "texture": "#0"},
				"west": {"uv": [9.25, 9.25, 10.75, 9.75], "texture": "#0"},
				"up": {"uv": [9.25, 9.25, 9, 7.75], "texture": "#0"},
				"down": {"uv": [9.5, 7.75, 9.25, 9.25], "texture": "#0"}
			}
		},
		{
			"from": [6.92708, 8.83979, 2.97226],
			"to": [8.30208, 10.58979, 8.84726],
			"rotation": {"angle": 22.5, "axis": "x", "origin": [7.53125, 9.83309, 6.38471]},
			"faces": {
				"north": {"uv": [5.25, 10.75, 5.5, 11], "texture": "#0"},
				"east": {"uv": [4, 10.75, 5.25, 11], "texture": "#0"},
				"south": {"uv": [6.75, 10.75, 7, 11], "texture": "#0"},
				"west": {"uv": [5.5, 10.75, 6.75, 11], "texture": "#0"},
				"up": {"uv": [5.5, 10.75, 5.25, 9.5], "texture": "#0"},
				"down": {"uv": [5.75, 9.5, 5.5, 10.75], "texture": "#0"}
			}
		},
		{
			"from": [6.42708, 7.91591, 2.47994],
			"to": [8.67708, 9.16591, 9.22994],
			"rotation": {"angle": 22.5, "axis": "x", "origin": [7.53125, 9.83309, 6.38471]},
			"faces": {
				"north": {"uv": [5, 9.25, 5.5, 9.5], "texture": "#0"},
				"east": {"uv": [3.5, 9.25, 5, 9.5], "texture": "#0"},
				"south": {"uv": [7, 9.25, 7.5, 9.5], "texture": "#0"},
				"west": {"uv": [5.5, 9.25, 7, 9.5], "texture": "#0"},
				"up": {"uv": [5.5, 9.25, 5, 7.75], "texture": "#0"},
				"down": {"uv": [6, 7.75, 5.5, 9.25], "texture": "#0"}
			}
		},
		{
			"from": [5.42708, 7.03009, 4.05397],
			"to": [9.67708, 8.28009, 9.80397],
			"rotation": {"angle": 22.5, "axis": "x", "origin": [7.53125, 9.83309, 6.38471]},
			"faces": {
				"north": {"uv": [8.75, 4.25, 9.75, 4.5], "texture": "#0"},
				"east": {"uv": [7.5, 4.25, 8.75, 4.5], "texture": "#0"},
				"south": {"uv": [11, 4.25, 12, 4.5], "texture": "#0"},
				"west": {"uv": [9.75, 4.25, 11, 4.5], "texture": "#0"},
				"up": {"uv": [9.75, 4.25, 8.75, 3], "texture": "#0"},
				"down": {"uv": [10.75, 3, 9.75, 4.25], "texture": "#0"}
			}
		},
		{
			"from": [5.55208, 6.25976, 4.08016],
			"to": [6.30208, 7.00976, 4.95516],
			"rotation": {"angle": 22.5, "axis": "x", "origin": [7.53125, 9.83309, 6.38471]},
			"faces": {
				"north": {"uv": [0, 0, 0, 0], "texture": "#0"},
				"east": {"uv": [0, 0, 0, 0], "texture": "#0"},
				"south": {"uv": [0, 0, 0, 0], "texture": "#0"},
				"west": {"uv": [0, 0, 0, 0], "texture": "#0"},
				"up": {"uv": [0, 0, 0, 0], "texture": "#0"},
				"down": {"uv": [0, 0, 0, 0], "texture": "#0"}
			}
		},
		{
			"from": [6.55208, 6.00208, 3.65628],
			"to": [7.30208, 6.62708, 4.53128],
			"rotation": {"angle": 22.5, "axis": "x", "origin": [7.53125, 9.83309, 6.38471]},
			"faces": {
				"north": {"uv": [0, 0, 0, 0], "texture": "#0"},
				"east": {"uv": [0, 0, 0, 0], "texture": "#0"},
				"south": {"uv": [0, 0, 0, 0], "texture": "#0"},
				"west": {"uv": [0, 0, 0, 0], "texture": "#0"},
				"up": {"uv": [0, 0, 0, 0], "texture": "#0"},
				"down": {"uv": [0, 0, 0, 0], "texture": "#0"}
			}
		},
		{
			"from": [7.67708, 6.00208, 3.65628],
			"to": [8.42708, 6.62708, 4.53128],
			"rotation": {"angle": 22.5, "axis": "x", "origin": [7.53125, 9.83309, 6.38471]},
			"faces": {
				"north": {"uv": [0, 0, 0, 0], "texture": "#0"},
				"east": {"uv": [0, 0, 0, 0], "texture": "#0"},
				"south": {"uv": [0, 0, 0, 0], "texture": "#0"},
				"west": {"uv": [0, 0, 0, 0], "texture": "#0"},
				"up": {"uv": [0, 0, 0, 0], "texture": "#0"},
				"down": {"uv": [0, 0, 0, 0], "texture": "#0"}
			}
		},
		{
			"from": [5.42708, 6.69315, 2.99531],
			"to": [9.67708, 7.81815, 9.49531],
			"rotation": {"angle": 22.5, "axis": "x", "origin": [7.53125, 9.83309, 6.38471]},
			"faces": {
				"north": {"uv": [1.5, 8.25, 2.5, 8.5], "texture": "#0"},
				"east": {"uv": [0, 8.25, 1.5, 8.5], "texture": "#0"},
				"south": {"uv": [4, 8.25, 5, 8.5], "texture": "#0"},
				"west": {"uv": [2.5, 8.25, 4, 8.5], "texture": "#0"},
				"up": {"uv": [2.5, 8.25, 1.5, 6.75], "texture": "#0"},
				"down": {"uv": [3.5, 6.75, 2.5, 8.25], "texture": "#0"}
			}
		},
		{
			"from": [3.67708, 8.34748, 3.64614],
			"to": [5.05208, 9.97248, 9.77114],
			"rotation": {"angle": 22.5, "axis": "x", "origin": [7.53125, 9.83309, 6.38471]},
			"faces": {
				"north": {"uv": [10.5, 6, 10.75, 6.25], "texture": "#0"},
				"east": {"uv": [9, 6, 10.5, 6.25], "texture": "#0"},
				"south": {"uv": [12.25, 6, 12.5, 6.25], "texture": "#0"},
				"west": {"uv": [10.75, 6, 12.25, 6.25], "texture": "#0"},
				"up": {"uv": [10.75, 6, 10.5, 4.5], "texture": "#0"},
				"down": {"uv": [11, 4.5, 10.75, 6], "texture": "#0"}
			}
		},
		{
			"from": [10.17708, 8.34748, 3.64614],
			"to": [11.55208, 9.97248, 9.77114],
			"rotation": {"angle": 22.5, "axis": "x", "origin": [7.53125, 9.83309, 6.38471]},
			"faces": {
				"north": {"uv": [10.5, 1.5, 10.75, 1.75], "texture": "#0"},
				"east": {"uv": [9, 1.5, 10.5, 1.75], "texture": "#0"},
				"south": {"uv": [12.25, 1.5, 12.5, 1.75], "texture": "#0"},
				"west": {"uv": [10.75, 1.5, 12.25, 1.75], "texture": "#0"},
				"up": {"uv": [10.75, 1.5, 10.5, 0], "texture": "#0"},
				"down": {"uv": [11, 0, 10.75, 1.5], "texture": "#0"}
			}
		},
		{
			"from": [4.67708, 8.93854, 7.04731],
			"to": [10.92708, 14.18854, 11.42231],
			"rotation": {"angle": 22.5, "axis": "x", "origin": [7.53125, 9.83309, 6.38471]},
			"faces": {
				"north": {"uv": [6, 1.75, 7.5, 3], "texture": "#0"},
				"east": {"uv": [5, 1.75, 6, 3], "texture": "#0"},
				"south": {"uv": [8.5, 1.75, 10, 3], "texture": "#0"},
				"west": {"uv": [7.5, 1.75, 8.5, 3], "texture": "#0"},
				"up": {"uv": [7.5, 1.75, 6, 0.75], "texture": "#0"},
				"down": {"uv": [9, 0.75, 7.5, 1.75], "texture": "#0"}
			}
		},
		{
			"from": [5.17708, 8.32332, 6.96806],
			"to": [10.42708, 13.57332, 11.84306],
			"rotation": {"angle": 22.5, "axis": "x", "origin": [7.53125, 9.83309, 6.38471]},
			"faces": {
				"north": {"uv": [6.5, 6.5, 7.75, 7.75], "texture": "#0"},
				"east": {"uv": [5.5, 6.5, 6.5, 7.75], "texture": "#0"},
				"south": {"uv": [8.75, 6.5, 10, 7.75], "texture": "#0"},
				"west": {"uv": [7.75, 6.5, 8.75, 7.75], "texture": "#0"},
				"up": {"uv": [7.75, 6.5, 6.5, 5.5], "texture": "#0"},
				"down": {"uv": [9, 5.5, 7.75, 6.5], "texture": "#0"}
			}
		},
		{
			"from": [5.17708, 5.23603, 2.7949],
			"to": [10.42708, 6.98603, 9.6699],
			"rotation": {"angle": 0, "axis": "y", "origin": [7.53125, 9.83309, 6.38471]},
			"faces": {
				"north": {"uv": [5, 5, 6.25, 5.25], "texture": "#0"},
				"east": {"uv": [3.5, 5, 5, 5.25], "texture": "#0"},
				"south": {"uv": [7.75, 5, 9, 5.25], "texture": "#0"},
				"west": {"uv": [6.25, 5, 7.75, 5.25], "texture": "#0"},
				"up": {"uv": [6.25, 5, 5, 3.5], "texture": "#0"},
				"down": {"uv": [7.5, 3.5, 6.25, 5], "texture": "#0"}
			}
		},
		{
			"from": [5, 7.75, 2.5],
			"to": [6, 9, 3.5],
			"rotation": {"angle": 0, "axis": "y", "origin": [13, 16, 10.5]},
			"faces": {
				"north": {"uv": [0.25, 2, 0.5, 2.25], "texture": "#0"},
				"east": {"uv": [0, 2, 0.25, 2.25], "texture": "#0"},
				"south": {"uv": [0.75, 2, 1, 2.25], "texture": "#0"},
				"west": {"uv": [0.5, 2, 0.75, 2.25], "texture": "#0"},
				"up": {"uv": [0.5, 2, 0.25, 1.75], "texture": "#0"},
				"down": {"uv": [0.75, 1.75, 0.5, 2], "texture": "#0"}
			}
		},
		{
			"from": [9, 7.75, 2.5],
			"to": [10, 9, 3.5],
			"rotation": {"angle": 0, "axis": "y", "origin": [17, 16, 10.5]},
			"faces": {
				"north": {"uv": [0.25, 0.75, 0.5, 1], "texture": "#0"},
				"east": {"uv": [0, 0.75, 0.25, 1], "texture": "#0"},
				"south": {"uv": [0.75, 0.75, 1, 1], "texture": "#0"},
				"west": {"uv": [0.5, 0.75, 0.75, 1], "texture": "#0"},
				"up": {"uv": [0.5, 0.75, 0.25, 0.5], "texture": "#0"},
				"down": {"uv": [0.75, 0.5, 0.5, 0.75], "texture": "#0"}
			}
		},
		{
			"from": [7.75, 7.5, 2.5],
			"to": [8.75, 9, 3.5],
			"rotation": {"angle": 0, "axis": "y", "origin": [15.75, 16, 10.5]},
			"faces": {
				"north": {"uv": [0.25, 0.25, 0.5, 0.5], "texture": "#0"},
				"east": {"uv": [0, 0.25, 0.25, 0.5], "texture": "#0"},
				"south": {"uv": [0.75, 0.25, 1, 0.5], "texture": "#0"},
				"west": {"uv": [0.5, 0.25, 0.75, 0.5], "texture": "#0"},
				"up": {"uv": [0.5, 0.25, 0.25, 0], "texture": "#0"},
				"down": {"uv": [0.75, 0, 0.5, 0.25], "texture": "#0"}
			}
		},
		{
			"from": [6.25, 7.5, 2.5],
			"to": [7.25, 9, 3.5],
			"rotation": {"angle": 0, "axis": "y", "origin": [14.25, 16, 10.5]},
			"faces": {
				"north": {"uv": [0.25, 2.5, 0.5, 2.75], "texture": "#0"},
				"east": {"uv": [0, 2.5, 0.25, 2.75], "texture": "#0"},
				"south": {"uv": [0.75, 2.5, 1, 2.75], "texture": "#0"},
				"west": {"uv": [0.5, 2.5, 0.75, 2.75], "texture": "#0"},
				"up": {"uv": [0.5, 2.5, 0.25, 2.25], "texture": "#0"},
				"down": {"uv": [0.75, 2.25, 0.5, 2.5], "texture": "#0"}
			}
		}
	],
	"gui_light": "front",
	"display": {
		"head": {
			"translation": [0, -39, 0]
		}
	},
	"groups": [
		{
			"name": "group",
			"origin": [7, 11, 7],
			"children": [0, 1, 2, 3, 4, 5, 6, 7, 8, 9, 10, 11, 12, 13, 14, 15, 16, 17, 18, 19, 20, 21, 22, 23, 24, 25, 26, 27, 28, 29, 30, 31]
		}
	]
}
