{
	"credit": "Made with Blockbench",
	"textures": {
		"1": "block/soul_soil"
	},
	"elements": [
		{
			"from": [3, 0, 3],
			"to": [13, 1, 13],
			"rotation": {"angle": 0, "axis": "y", "origin": [11, 8, 11]},
			"faces": {
				"north": {"uv": [6, 10.5, 16, 11.5], "texture": "#1"},
				"east": {"uv": [2, 2, 12, 3], "texture": "#1"},
				"south": {"uv": [2, 2, 12, 3], "texture": "#1"},
				"west": {"uv": [2, 2, 12, 3], "texture": "#1"},
				"up": {"uv": [2, 2, 12, 12], "texture": "#1"},
				"down": {"uv": [2, 2, 12, 12], "texture": "#1"}
			}
		},
		{
			"from": [6, 7.5, 6],
			"to": [10, 14.25, 10],
			"rotation": {"angle": 0, "axis": "y", "origin": [11, 9.25, 11]},
			"faces": {
				"north": {"uv": [6, 10.5, 10, 17.25], "texture": "#1"},
				"east": {"uv": [2, 2, 6, 8.75], "texture": "#1"},
				"south": {"uv": [2, 2, 6, 8.75], "texture": "#1"},
				"west": {"uv": [2, 2, 6, 8.75], "texture": "#1"},
				"up": {"uv": [2, 2, 6, 6], "texture": "#1"},
				"down": {"uv": [2, 2, 6, 6], "texture": "#1"}
			}
		},
		{
			"from": [8, 0.75, 6.5],
			"to": [10, 7.5, 9.5],
			"rotation": {"angle": 0, "axis": "y", "origin": [11, 2.5, 11]},
			"faces": {
				"north": {"uv": [6, 10.5, 8, 17.25], "texture": "#1"},
				"east": {"uv": [2, 2, 5, 8.75], "texture": "#1"},
				"south": {"uv": [2, 2, 4, 8.75], "texture": "#1"},
				"west": {"uv": [2, 2, 5, 8.75], "texture": "#1"},
				"up": {"uv": [2, 2, 4, 5], "texture": "#1"},
				"down": {"uv": [2, 2, 4, 5], "texture": "#1"}
			}
		},
		{
			"from": [6, 0.75, 6.5],
			"to": [8, 7.5, 9.5],
			"rotation": {"angle": 0, "axis": "y", "origin": [9, 2.5, 11]},
			"faces": {
				"north": {"uv": [6, 10.5, 8, 17.25], "texture": "#1"},
				"east": {"uv": [2, 2, 5, 8.75], "texture": "#1"},
				"south": {"uv": [2, 2, 4, 8.75], "texture": "#1"},
				"west": {"uv": [2, 2, 5, 8.75], "texture": "#1"},
				"up": {"uv": [2, 2, 4, 5], "texture": "#1"},
				"down": {"uv": [2, 2, 4, 5], "texture": "#1"}
			}
		},
		{
			"from": [4, 6.5, 6.5],
			"to": [6, 13.25, 9.5],
			"rotation": {"angle": 0, "axis": "y", "origin": [7, 8.25, 11]},
			"faces": {
				"north": {"uv": [6, 10.5, 8, 17.25], "texture": "#1"},
				"east": {"uv": [2, 2, 5, 8.75], "texture": "#1"},
				"south": {"uv": [2, 2, 4, 8.75], "texture": "#1"},
				"west": {"uv": [2, 2, 5, 8.75], "texture": "#1"},
				"up": {"uv": [2, 2, 4, 5], "texture": "#1"},
				"down": {"uv": [2, 2, 4, 5], "texture": "#1"}
			}
		},
		{
			"from": [10, 6.5, 6.5],
			"to": [12, 13.25, 9.5],
			"rotation": {"angle": 0, "axis": "y", "origin": [13, 8.25, 11]},
			"faces": {
				"north": {"uv": [6, 10.5, 8, 17.25], "texture": "#1"},
				"east": {"uv": [2, 2, 5, 8.75], "texture": "#1"},
				"south": {"uv": [2, 2, 4, 8.75], "texture": "#1"},
				"west": {"uv": [2, 2, 5, 8.75], "texture": "#1"},
				"up": {"uv": [2, 2, 4, 5], "texture": "#1"},
				"down": {"uv": [2, 2, 4, 5], "texture": "#1"}
			}
		},
		{
			"from": [5.5, 14.25, 5.75],
			"to": [10.5, 18.75, 10.5],
			"rotation": {"angle": 0, "axis": "y", "origin": [11, 22.25, 11]},
			"faces": {
				"north": {"uv": [6, 10.5, 11, 15], "texture": "#1"},
				"east": {"uv": [2, 2, 6.75, 6.5], "texture": "#1"},
				"south": {"uv": [2, 2, 7, 6.5], "texture": "#1"},
				"west": {"uv": [2, 2, 6.75, 6.5], "texture": "#1"},
				"up": {"uv": [2, 2, 7, 6.75], "texture": "#1"},
				"down": {"uv": [2, 2, 7, 6.75], "texture": "#1"}
			}
		},
		{
			"from": [7.6, 15.35, 5.25],
			"to": [8.3, 16.15, 5.7],
			"rotation": {"angle": 0, "axis": "y", "origin": [11.6, 22.15, 6.2]},
			"faces": {
				"north": {"uv": [6, 10.5, 6.7, 11.3], "texture": "#1"},
				"east": {"uv": [2, 2, 2.45, 2.8], "texture": "#1"},
				"south": {"uv": [2, 2, 2.7, 2.8], "texture": "#1"},
				"west": {"uv": [2, 2, 2.45, 2.8], "texture": "#1"},
				"up": {"uv": [2, 2, 2.7, 2.45], "texture": "#1"},
				"down": {"uv": [2, 2, 2.7, 2.45], "texture": "#1"}
			}
		},
		{
			"from": [8.8, 15.95, 5.45],
			"to": [10, 17.35, 5.7],
			"rotation": {"angle": 0, "axis": "y", "origin": [12.8, 22.75, 6.2]},
			"faces": {
				"north": {"uv": [6, 10.5, 7.2, 11.9], "texture": "#1"},
				"east": {"uv": [2, 2, 2.25, 3.4], "texture": "#1"},
				"south": {"uv": [2, 2, 3.2, 3.4], "texture": "#1"},
				"west": {"uv": [2, 2, 2.25, 3.4], "texture": "#1"},
				"up": {"uv": [2, 2, 3.2, 2.25], "texture": "#1"},
				"down": {"uv": [2, 2, 3.2, 2.25], "texture": "#1"}
			}
		},
		{
			"from": [6, 15.95, 5.45],
			"to": [7.2, 17.35, 5.7],
			"rotation": {"angle": 0, "axis": "y", "origin": [10, 22.75, 6.2]},
			"faces": {
				"north": {"uv": [6, 10.5, 7.2, 11.9], "texture": "#1"},
				"east": {"uv": [2, 2, 2.25, 3.4], "texture": "#1"},
				"south": {"uv": [2, 2, 3.2, 3.4], "texture": "#1"},
				"west": {"uv": [2, 2, 2.25, 3.4], "texture": "#1"},
				"up": {"uv": [2, 2, 3.2, 2.25], "texture": "#1"},
				"down": {"uv": [2, 2, 3.2, 2.25], "texture": "#1"}
			}
		},
		{
			"from": [13, 0, 4],
			"to": [14, 1, 12],
			"rotation": {"angle": 0, "axis": "y", "origin": [21, 8, 11]},
			"faces": {
				"north": {"uv": [6, 10.5, 7, 11.5], "texture": "#1"},
				"east": {"uv": [2, 2, 10, 3], "texture": "#1"},
				"south": {"uv": [2, 2, 3, 3], "texture": "#1"},
				"west": {"uv": [2, 2, 10, 3], "texture": "#1"},
				"up": {"uv": [2, 2, 3, 10], "texture": "#1"},
				"down": {"uv": [2, 2, 3, 10], "texture": "#1"}
			}
		},
		{
			"from": [2, 0, 4],
			"to": [3, 1, 12],
			"rotation": {"angle": 0, "axis": "y", "origin": [10, 8, 11]},
			"faces": {
				"north": {"uv": [6, 10.5, 7, 11.5], "texture": "#1"},
				"east": {"uv": [2, 2, 10, 3], "texture": "#1"},
				"south": {"uv": [2, 2, 3, 3], "texture": "#1"},
				"west": {"uv": [2, 2, 10, 3], "texture": "#1"},
				"up": {"uv": [2, 2, 3, 10], "texture": "#1"},
				"down": {"uv": [2, 2, 3, 10], "texture": "#1"}
			}
		},
		{
			"from": [4, 0, 2],
			"to": [12, 1, 3],
			"rotation": {"angle": 0, "axis": "y", "origin": [11, 8, 1]},
			"faces": {
				"north": {"uv": [6, 10.5, 14, 11.5], "texture": "#1"},
				"east": {"uv": [2, 2, 3, 3], "texture": "#1"},
				"south": {"uv": [2, 2, 10, 3], "texture": "#1"},
				"west": {"uv": [2, 2, 3, 3], "texture": "#1"},
				"up": {"uv": [2, 2, 10, 3], "texture": "#1"},
				"down": {"uv": [2, 2, 10, 3], "texture": "#1"}
			}
		},
		{
			"from": [4, 0, 13],
			"to": [12, 1, 14],
			"rotation": {"angle": 0, "axis": "y", "origin": [11, 8, 12]},
			"faces": {
				"north": {"uv": [6, 10.5, 14, 11.5], "texture": "#1"},
				"east": {"uv": [2, 2, 3, 3], "texture": "#1"},
				"south": {"uv": [2, 2, 10, 3], "texture": "#1"},
				"west": {"uv": [2, 2, 3, 3], "texture": "#1"},
				"up": {"uv": [2, 2, 10, 3], "texture": "#1"},
				"down": {"uv": [2, 2, 10, 3], "texture": "#1"}
			}
		}
	],
	"display": {
		"thirdperson_righthand": {
			"translation": [0, 3, 1],
			"scale": [0.55, 0.55, 0.55]
		},
		"thirdperson_lefthand": {
			"translation": [0, 3, 1],
			"scale": [0.55, 0.55, 0.55]
		},
		"firstperson_righthand": {
			"rotation": [-27, 111, 0],
			"translation": [0, 1.25, 0],
			"scale": [0.55, 0.55, 0.55]
		},
		"firstperson_lefthand": {
			"rotation": [-27, 117, 0],
			"scale": [0.55, 0.55, 0.55]
		},
		"ground": {
			"translation": [0, 2, 0],
			"scale": [0.5, 0.5, 0.5]
		},
		"gui": {
			"rotation": [14, -180, 0],
			"translation": [0, -1, 0],
			"scale": [0.66, 0.66, 0.66]
		},
		"head": {
			"translation": [0, -33.75, -0.5],
			"scale": [0.93, 0.93, 0.93]
		},
		"fixed": {
			"scale": [0.6, 0.6, 0.58]
		}
	}
}