{
	"credit": "Made with Blockbench",
	"texture_size": [32, 32],
	"textures": {
		"6": "block/gold_block",
		"7": "block/water_overlay",
		"8": "block/end_rod",
		"9": "block/feather",
		"10": "block/featherflip",
		"11": "block/levitation",
		"12": "block/nether_star",
		"particle": "item/feather"
	},
	"elements": [
		{
			"from": [7.25, 6.25, 7.5],
			"to": [9.25, 6.5, 8],
			"rotation": {"angle": 0, "axis": "y", "origin": [16, 14.25, 15.25]},
			"faces": {
				"north": {"uv": [0, 0, 15.75, 4.125], "texture": "#7"},
				"east": {"uv": [0, 0, 12.75, 15.125], "texture": "#7"},
				"south": {"uv": [0.5, 0.5, 16, 4.25], "texture": "#7"},
				"west": {"uv": [1.5, 0.5, 8.25, 4], "texture": "#7"},
				"up": {"uv": [0, 0, 5.25, 6.25], "texture": "#7"},
				"down": {"uv": [0, 0, 15.75, 13.75], "texture": "#7"}
			}
		},
		{
			"from": [6.75, 6.75, 7.5],
			"to": [7, 7, 8],
			"rotation": {"angle": 0, "axis": "y", "origin": [15.75, 14.75, 15.25]},
			"faces": {
				"north": {"uv": [11, 1.5, 12.75, 4.125], "texture": "#7"},
				"east": {"uv": [0, 0, 12.75, 15.125], "texture": "#7"},
				"south": {"uv": [3, 6, 5.75, 8.75], "texture": "#7"},
				"up": {"uv": [0, 0, 5.25, 6.25], "texture": "#7"},
				"down": {"uv": [0, 0, 0, 0], "texture": "#7"}
			}
		},
		{
			"from": [6.5, 7, 7.5],
			"to": [6.75, 8.75, 8],
			"rotation": {"angle": 0, "axis": "y", "origin": [13, 15.75, 15.25]},
			"faces": {
				"north": {"uv": [7, 0, 10.75, 15.625], "texture": "#7"},
				"east": {"uv": [0, 0, 12.75, 15.125], "texture": "#7"},
				"south": {"uv": [0.5, 0.5, 3.75, 14.25], "texture": "#7"},
				"west": {"uv": [1.5, 0.5, 8.25, 16], "texture": "#7"},
				"up": {"uv": [2, 3, 7.25, 9.25], "texture": "#7"},
				"down": {"uv": [0, 0, 15.75, 13.75], "texture": "#7"}
			}
		},
		{
			"from": [6.95, 6.7, 7.675],
			"to": [9.55, 9.15, 7.675],
			"rotation": {"angle": 0, "axis": "y", "origin": [15.25, 15.75, 15.425]},
			"faces": {
				"north": {"uv": [0, 0, 16, 12.8885], "texture": "#11"},
				"east": {"uv": [0, 0, 16, 12.8885], "texture": "#11"},
				"south": {"uv": [0, 0, 16, 12.8885], "texture": "#11"},
				"west": {"uv": [0, 0, 16, 12.8885], "texture": "#11"},
				"up": {"uv": [0, 0, 16, 12.8885], "texture": "#11"},
				"down": {"uv": [0, 0, 16, 12.8885], "texture": "#11"}
			}
		},
		{
			"from": [6.95, 6.725, 7.825],
			"to": [9.55, 9.125, 7.825],
			"rotation": {"angle": 0, "axis": "y", "origin": [15.25, 15.725, 15.575]},
			"faces": {
				"north": {"uv": [0, 0, 16, 12.8885], "texture": "#11"},
				"east": {"uv": [0, 0, 16, 12.8885], "texture": "#11"},
				"south": {"uv": [0, 0, 16, 12.8885], "texture": "#11"},
				"west": {"uv": [0, 0, 16, 12.8885], "texture": "#11"},
				"up": {"uv": [0, 0, 16, 12.8885], "texture": "#11"},
				"down": {"uv": [0, 0, 16, 12.8885], "texture": "#11"}
			}
		},
		{
			"from": [7.25, 9.25, 7.5],
			"to": [9.25, 9.5, 8],
			"rotation": {"angle": 0, "axis": "y", "origin": [16, 17, 15.25]},
			"faces": {
				"north": {"uv": [0, 0, 12.75, 7.625], "texture": "#7"},
				"east": {"uv": [4.5, 1.5, 12.25, 3.125], "texture": "#7"},
				"south": {"uv": [0.5, 0.5, 16, 6.75], "texture": "#7"},
				"west": {"uv": [9, 4, 15.75, 8], "texture": "#7"},
				"up": {"uv": [2.5, 10, 12.75, 15], "texture": "#7"},
				"down": {"uv": [0, 0, 15.75, 13.75], "texture": "#7"}
			}
		},
		{
			"from": [7.25, 9, 7.5],
			"to": [9.25, 9, 8],
			"rotation": {"angle": 0, "axis": "y", "origin": [16, 16.5, 15.25]},
			"faces": {
				"north": {"uv": [0, 0, 12.75, 7.625], "texture": "#7"},
				"east": {"uv": [4.5, 1.5, 12.25, 3.125], "texture": "#7"},
				"south": {"uv": [0.5, 0.5, 16, 6.75], "texture": "#7"},
				"west": {"uv": [9, 4, 15.75, 8], "texture": "#7"},
				"up": {"uv": [2.5, 10, 12.75, 15], "texture": "#7"},
				"down": {"uv": [0, 0, 15.75, 13.75], "texture": "#7"}
			}
		},
		{
			"from": [7.25, 6.75, 7.5],
			"to": [9.25, 6.75, 8],
			"rotation": {"angle": 0, "axis": "y", "origin": [16, 14.25, 15.25]},
			"faces": {
				"north": {"uv": [0, 0, 12.75, 7.625], "texture": "#7"},
				"east": {"uv": [4.5, 1.5, 12.25, 3.125], "texture": "#7"},
				"south": {"uv": [0.5, 0.5, 16, 6.75], "texture": "#7"},
				"west": {"uv": [9, 4, 15.75, 8], "texture": "#7"},
				"up": {"uv": [2.5, 10, 12.75, 15], "texture": "#7"},
				"down": {"uv": [0, 0, 15.75, 13.75], "texture": "#7"}
			}
		},
		{
			"from": [8, 9.75, 7.75],
			"to": [8.5, 10.25, 7.75],
			"rotation": {"angle": 0, "axis": "y", "origin": [14.5, 17.25, 15.25]},
			"faces": {
				"north": {"uv": [2, 2, 13.5, 13.388], "texture": "#12"},
				"east": {"uv": [9, 2.5, 13.75, 5.125], "texture": "#12"},
				"south": {"uv": [2, 2, 13.5, 13.388], "texture": "#12"},
				"west": {"uv": [6.5, 3.5, 13.25, 6], "texture": "#12"},
				"up": {"uv": [7, 3.5, 12.25, 9.75], "texture": "#12"},
				"down": {"uv": [0, 0, 0, 0], "texture": "#12"}
			}
		},
		{
			"from": [7.75, 9.5, 7.25],
			"to": [8.75, 9.75, 8.25],
			"rotation": {"angle": 0, "axis": "y", "origin": [14.5, 16.75, 15.25]},
			"faces": {
				"north": {"uv": [0, 0, 12.75, 7.625], "texture": "#6"},
				"east": {"uv": [2.5, 0, 13.75, 3.125], "texture": "#6"},
				"south": {"uv": [0.5, 0.5, 10.75, 3.25], "texture": "#6"},
				"west": {"uv": [1.5, 0.5, 9.75, 3.5], "texture": "#6"},
				"up": {"uv": [0, 0, 5.25, 6.25], "texture": "#6"},
				"down": {"uv": [0, 0, 0, 0], "texture": "#6"}
			}
		},
		{
			"from": [7, 9, 7.5],
			"to": [7.25, 9.25, 8],
			"rotation": {"angle": 0, "axis": "y", "origin": [16, 17, 15.25]},
			"faces": {
				"north": {"uv": [1.5, 1, 3.25, 2.125], "texture": "#7"},
				"east": {"uv": [0, 0, 0, 0], "texture": "#7"},
				"south": {"uv": [3, 6, 5.75, 8.75], "texture": "#7"},
				"west": {"uv": [7, 4, 12.75, 7], "texture": "#7"},
				"up": {"uv": [0, 0, 0, 0], "texture": "#7"},
				"down": {"uv": [0, 0, 0, 0], "texture": "#7"}
			}
		},
		{
			"from": [9.25, 9, 7.5],
			"to": [9.5, 9.25, 8],
			"rotation": {"angle": 0, "axis": "y", "origin": [18.25, 17, 15.25]},
			"faces": {
				"north": {"uv": [1.5, 1, 3.25, 2.125], "texture": "#7", "cullface": "down"},
				"east": {"uv": [2.5, 0, 10.75, 2.625], "texture": "#7"},
				"south": {"uv": [3.5, 3.5, 6.25, 6.25], "texture": "#7"},
				"west": {"uv": [0, 0, 0, 0], "texture": "#7"},
				"up": {"uv": [0, 0, 0, 0], "texture": "#7", "cullface": "up"},
				"down": {"uv": [0, 0, 0, 0], "texture": "#7"}
			}
		},
		{
			"from": [9.5, 8.75, 7.5],
			"to": [9.75, 9, 8],
			"rotation": {"angle": 0, "axis": "y", "origin": [18.5, 16.75, 15.25]},
			"faces": {
				"north": {"uv": [1.5, 1, 3.25, 2.125], "texture": "#7", "cullface": "north"},
				"east": {"uv": [0, 0, 0, 0], "texture": "#7"},
				"south": {"uv": [7.5, 5, 10.25, 7.75], "texture": "#7"},
				"west": {"uv": [1.5, 0.5, 8.25, 16], "texture": "#7"},
				"up": {"uv": [0, 0, 0, 0], "texture": "#7", "cullface": "up"},
				"down": {"uv": [0, 0, 15.75, 13.75], "texture": "#7"}
			}
		},
		{
			"from": [6.75, 8.75, 7.5],
			"to": [7, 9, 8],
			"rotation": {"angle": 0, "axis": "y", "origin": [15.75, 16.75, 15.25]},
			"faces": {
				"north": {"uv": [1.5, 1, 3.25, 2.125], "texture": "#7"},
				"east": {"uv": [0, 0, 12.75, 15.125], "texture": "#7"},
				"south": {"uv": [3.5, 3.5, 6.25, 6.25], "texture": "#7"},
				"west": {"uv": [0, 0, 0, 0], "texture": "#7"},
				"up": {"uv": [0, 0, 0, 0], "texture": "#7"},
				"down": {"uv": [0, 0, 15.75, 13.75], "texture": "#7"}
			}
		},
		{
			"from": [7, 6.5, 7.5],
			"to": [7.25, 6.75, 8],
			"rotation": {"angle": 0, "axis": "y", "origin": [16, 14.5, 15.25]},
			"faces": {
				"north": {"uv": [6, 2.5, 8.25, 4.625], "texture": "#7"},
				"east": {"uv": [0, 0, 0, 0], "texture": "#7"},
				"south": {"uv": [3, 5.5, 5.75, 8.25], "texture": "#7"},
				"west": {"uv": [1.5, 0.5, 7.25, 3], "texture": "#7"},
				"up": {"uv": [0, 0, 0, 0], "texture": "#7"}
			}
		},
		{
			"from": [9.25, 6.5, 7.5],
			"to": [9.5, 6.75, 8],
			"rotation": {"angle": 0, "axis": "y", "origin": [18.25, 14.5, 15.25]},
			"faces": {
				"north": {"uv": [0, 0, 2.25, 2.625], "texture": "#7"},
				"east": {"uv": [0, 0, 12.75, 15.125], "texture": "#7"},
				"south": {"uv": [3.5, 3.5, 6.25, 6.25], "texture": "#7"},
				"west": {"uv": [0, 0, 0, 0], "texture": "#7"},
				"up": {"uv": [0, 0, 0, 0], "texture": "#7"},
				"down": {"uv": [0, 0, 15.75, 13.75], "texture": "#7"}
			}
		},
		{
			"from": [9.5, 6.75, 7.5],
			"to": [9.75, 7, 8],
			"rotation": {"angle": 0, "axis": "y", "origin": [18.5, 14.75, 15.25]},
			"faces": {
				"north": {"uv": [3.5, 0.5, 6.25, 2.625], "texture": "#7"},
				"south": {"uv": [0, 4, 2.75, 6.75], "texture": "#7"},
				"west": {"uv": [1.5, 0.5, 8.25, 16], "texture": "#7"},
				"up": {"uv": [0, 0, 5.25, 6.25], "texture": "#7"},
				"down": {"uv": [0, 0, 0, 0], "texture": "#7"}
			}
		},
		{
			"from": [9.75, 7, 7.5],
			"to": [10, 8.75, 8],
			"rotation": {"angle": 0, "axis": "y", "origin": [16, 15.75, 15.25]},
			"faces": {
				"north": {"uv": [1, 0, 4.25, 15.625], "texture": "#7", "cullface": "north"},
				"east": {"uv": [0, 0, 3.75, 11.125], "texture": "#7"},
				"south": {"uv": [0.5, 0.5, 3.75, 14.25], "texture": "#7"},
				"west": {"uv": [1.5, 0.5, 8.25, 16], "texture": "#7"},
				"up": {"uv": [0, 0, 5.25, 6.25], "texture": "#7", "cullface": "up"},
				"down": {"uv": [0, 0, 7.25, 5.75], "texture": "#7"}
			}
		},
		{
			"from": [9.5, 7, 7.5],
			"to": [9.5, 8.75, 8],
			"rotation": {"angle": 0, "axis": "y", "origin": [15.75, 15.75, 15.25]},
			"faces": {
				"north": {"uv": [1, 0, 4.25, 15.625], "texture": "#7", "cullface": "north"},
				"east": {"uv": [0, 0, 3.75, 11.125], "texture": "#7"},
				"south": {"uv": [0.5, 0.5, 3.75, 14.25], "texture": "#7"},
				"west": {"uv": [1.5, 0.5, 8.25, 16], "texture": "#7"},
				"up": {"uv": [0, 0, 5.25, 6.25], "texture": "#7", "cullface": "up"},
				"down": {"uv": [0, 0, 7.25, 5.75], "texture": "#7"}
			}
		},
		{
			"from": [7, 7, 7.5],
			"to": [7, 8.75, 8],
			"rotation": {"angle": 0, "axis": "y", "origin": [13.25, 15.75, 15.25]},
			"faces": {
				"north": {"uv": [1, 0, 4.25, 15.625], "texture": "#7", "cullface": "north"},
				"east": {"uv": [0, 0, 3.75, 11.125], "texture": "#7"},
				"south": {"uv": [0.5, 0.5, 3.75, 14.25], "texture": "#7"},
				"west": {"uv": [1.5, 0.5, 8.25, 16], "texture": "#7"},
				"up": {"uv": [0, 0, 5.25, 6.25], "texture": "#7", "cullface": "up"},
				"down": {"uv": [0, 0, 7.25, 5.75], "texture": "#7"}
			}
		},
		{
			"from": [7.75, 6, 7.25],
			"to": [8.75, 6.25, 8.25],
			"rotation": {"angle": 0, "axis": "y", "origin": [14.5, 13, 15.25]},
			"faces": {
				"north": {"uv": [0, 0, 7.75, 4.125], "texture": "#6"},
				"east": {"uv": [0, 0, 12.75, 15.125], "texture": "#6"},
				"south": {"uv": [9.5, 9, 15.75, 10.75], "texture": "#6"},
				"west": {"uv": [1.5, 0.5, 11.25, 3], "texture": "#6"},
				"up": {"uv": [0, 0, 5.25, 6.25], "texture": "#6"},
				"down": {"uv": [0, 0, 15.75, 13.75], "texture": "#6"}
			}
		},
		{
			"from": [7.85, 4.65, 7.35],
			"to": [8.65, 5.4, 7.35],
			"rotation": {"angle": 0, "axis": "y", "origin": [14.4, 11.75, 14.35]},
			"faces": {
				"north": {"uv": [2, 2, 13.5, 13.388], "texture": "#12"},
				"east": {"uv": [0, 0, 12.75, 15.125], "texture": "#12"},
				"south": {"uv": [2, 2, 13.5, 13.388], "texture": "#12"},
				"west": {"uv": [1.5, 0.5, 11.25, 3], "texture": "#12"},
				"up": {"uv": [0, 0, 5.25, 6.25], "texture": "#12"},
				"down": {"uv": [0, 0, 15.75, 13.75], "texture": "#12"}
			}
		},
		{
			"from": [7.85, 4.65, 8.1],
			"to": [8.65, 5.4, 8.1],
			"rotation": {"angle": 0, "axis": "y", "origin": [14.4, 11.75, 15.1]},
			"faces": {
				"north": {"uv": [2, 2, 13.5, 13.388], "texture": "#12"},
				"east": {"uv": [0, 0, 12.75, 15.125], "texture": "#12"},
				"south": {"uv": [2, 2, 13.5, 13.388], "texture": "#12"},
				"west": {"uv": [1.5, 0.5, 11.25, 3], "texture": "#12"},
				"up": {"uv": [0, 0, 5.25, 6.25], "texture": "#12"},
				"down": {"uv": [0, 0, 15.75, 13.75], "texture": "#12"}
			}
		},
		{
			"from": [8.45, 4.65, 7.75],
			"to": [11.4, 7.3, 7.75],
			"rotation": {"angle": 0, "axis": "y", "origin": [15, 12.75, 14.75]},
			"faces": {
				"north": {"uv": [0, 16, 0, 16], "texture": "#9"},
				"east": {"uv": [0, 0, 12.75, 15.125], "texture": "#9"},
				"south": {"uv": [0.5, 1.5, 14.5, 15], "texture": "#9"},
				"west": {"uv": [1.5, 0.5, 11.25, 3], "texture": "#9"},
				"up": {"uv": [0, 0, 5.25, 6.25], "texture": "#9"},
				"down": {"uv": [0, 0, 15.75, 13.75], "texture": "#9"}
			}
		},
		{
			"from": [5.1, 4.65, 7.75],
			"to": [8.05, 7.3, 7.75],
			"rotation": {"angle": 0, "axis": "y", "origin": [1.5, 12.75, 14.75]},
			"faces": {
				"north": {"uv": [0, 11.5, 0, 16], "texture": "#9"},
				"east": {"uv": [11.25, 0.5, 1.5, 3], "texture": "#9"},
				"south": {"uv": [14, 2, 0, 15.5], "texture": "#9"},
				"west": {"uv": [12.75, 0, 0, 15.125], "texture": "#9"},
				"up": {"uv": [5.25, 0, 0, 6.25], "texture": "#9"},
				"down": {"uv": [15.75, 0, 0, 13.75], "texture": "#9"}
			}
		},
		{
			"from": [5.1, 4.65, 7.725],
			"to": [8.05, 7.3, 7.725],
			"rotation": {"angle": 0, "axis": "y", "origin": [1.5, 12.75, 14.725]},
			"faces": {
				"north": {"uv": [14.5, 1.5, 1, 15], "texture": "#10"},
				"east": {"uv": [11.25, 0.5, 1.5, 3], "texture": "#10"},
				"south": {"uv": [0, 2, 0, 15.5], "texture": "#10"},
				"west": {"uv": [12.75, 0, 0, 15.125], "texture": "#10"},
				"up": {"uv": [5.25, 0, 0, 6.25], "texture": "#10"},
				"down": {"uv": [15.75, 0, 0, 13.75], "texture": "#10"}
			}
		},
		{
			"from": [8.6, 4.65, 7.975],
			"to": [11.55, 7.3, 7.975],
			"rotation": {"angle": 0, "axis": "y", "origin": [5, 12.75, 14.975]},
			"faces": {
				"north": {"uv": [14.5, 1.5, 1, 15], "texture": "#9"},
				"east": {"uv": [11.25, 0.5, 1.5, 3], "texture": "#9"},
				"south": {"uv": [0, 2, 0, 15.5], "texture": "#9"},
				"west": {"uv": [12.75, 0, 0, 15.125], "texture": "#9"},
				"up": {"uv": [5.25, 0, 0, 6.25], "texture": "#9"},
				"down": {"uv": [15.75, 0, 0, 13.75], "texture": "#9"}
			}
		},
		{
			"from": [10, -0.75, 7.5],
			"to": [10.25, -0.25, 8],
			"rotation": {"angle": 0, "axis": "y", "origin": [16.25, 7, 15.25]},
			"faces": {
				"north": {"uv": [0, 0.5, 2, 14], "rotation": 180, "texture": "#8"},
				"east": {"uv": [0, 0.5, 2, 14], "rotation": 180, "texture": "#8"},
				"south": {"uv": [0, 0.5, 2, 14], "rotation": 180, "texture": "#8"},
				"west": {"uv": [0, 0.5, 2, 14], "rotation": 180, "texture": "#8"},
				"up": {"uv": [0, 0.5, 2, 14], "rotation": 180, "texture": "#8"},
				"down": {"uv": [0, 0.5, 2, 14], "rotation": 180, "texture": "#8"}
			}
		},
		{
			"from": [8.5, -1.75, 7.5],
			"to": [10, -1.25, 8],
			"rotation": {"angle": 0, "axis": "y", "origin": [17.25, 6.25, 15.25]},
			"faces": {
				"north": {"uv": [0, 0.5, 2, 14], "rotation": 180, "texture": "#8"},
				"east": {"uv": [5.5, 7, 10.75, 12.125], "texture": "#missing"},
				"south": {"uv": [0, 0.5, 2, 14], "rotation": 180, "texture": "#8"},
				"west": {"uv": [8, 7, 14.25, 12.125], "texture": "#missing"},
				"up": {"uv": [0, 0.5, 2, 14], "rotation": 180, "texture": "#8"},
				"down": {"uv": [0, 0.5, 2, 14], "rotation": 180, "texture": "#8"}
			}
		},
		{
			"from": [8.5, -0.75, 7.5],
			"to": [10, -0.5, 8],
			"rotation": {"angle": 0, "axis": "y", "origin": [17.25, 7.25, 15.25]},
			"faces": {
				"north": {"uv": [0, 0, 2, 15], "rotation": 180, "texture": "#8"},
				"east": {"uv": [5.5, 7, 10.75, 12.125], "texture": "#missing"},
				"south": {"uv": [0, 0, 2, 15], "rotation": 180, "texture": "#8"},
				"west": {"uv": [8, 7, 14.25, 12.125], "texture": "#missing"},
				"up": {"uv": [0, 0, 2, 15], "rotation": 180, "texture": "#8"},
				"down": {"uv": [0, 0, 2, 15], "rotation": 180, "texture": "#8"}
			}
		},
		{
			"from": [8, 4, 7.5],
			"to": [8.5, 6.25, 8],
			"rotation": {"angle": 0, "axis": "y", "origin": [14.5, 13, 15.25]},
			"faces": {
				"north": {"uv": [0, 0.5, 2, 14], "rotation": 180, "texture": "#8"},
				"east": {"uv": [0, 0.5, 2, 14], "rotation": 180, "texture": "#8"},
				"south": {"uv": [0, 0.5, 2, 14], "texture": "#8"},
				"west": {"uv": [0, 0.5, 2, 14], "rotation": 180, "texture": "#8"}
			}
		},
		{
			"from": [8, 1.75, 7.5],
			"to": [8.5, 4, 8],
			"rotation": {"angle": 0, "axis": "y", "origin": [14.5, 10.75, 15.25]},
			"faces": {
				"north": {"uv": [0, 0.5, 2, 14], "rotation": 180, "texture": "#8"},
				"east": {"uv": [0, 0.5, 2, 14], "rotation": 180, "texture": "#8"},
				"south": {"uv": [0, 0.5, 2, 14], "texture": "#8"},
				"west": {"uv": [0, 0.5, 2, 14], "rotation": 180, "texture": "#8"}
			}
		},
		{
			"from": [8, -0.5, 7.5],
			"to": [8.5, 1.75, 8],
			"rotation": {"angle": 0, "axis": "y", "origin": [14.5, 8.5, 15.25]},
			"faces": {
				"north": {"uv": [0, 0.5, 2, 14], "rotation": 180, "texture": "#8"},
				"east": {"uv": [0, 0.5, 2, 14], "rotation": 180, "texture": "#8"},
				"south": {"uv": [0, 0.5, 2, 14], "texture": "#8"},
				"west": {"uv": [0, 0.5, 2, 14], "rotation": 180, "texture": "#8"}
			}
		},
		{
			"from": [8, -2.25, 7.5],
			"to": [8.5, -0.5, 8],
			"rotation": {"angle": 0, "axis": "y", "origin": [14.5, 6.25, 15.25]},
			"faces": {
				"north": {"uv": [0, 0.5, 2, 14], "rotation": 180, "texture": "#8"},
				"east": {"uv": [0, 0.5, 2, 14], "rotation": 180, "texture": "#8"},
				"south": {"uv": [0, 0.5, 2, 14], "texture": "#8"},
				"west": {"uv": [0, 0.5, 2, 14], "rotation": 180, "texture": "#8"},
				"down": {"uv": [5.5, 2.5, 11, 7.5], "texture": "#6"}
			}
		},
		{
			"from": [8, -2.5, 7.5],
			"to": [8.25, -2.25, 7.75],
			"rotation": {"angle": 0, "axis": "y", "origin": [14.5, 4.75, 15.25]},
			"faces": {
				"north": {"uv": [5.5, 1.5, 9, 5.5], "texture": "#6"},
				"east": {"uv": [5.5, 1.5, 9, 5.5], "texture": "#6"},
				"south": {"uv": [5.5, 1.5, 9, 5.5], "texture": "#6"},
				"west": {"uv": [5.5, 1.5, 9, 5.5], "texture": "#6"}
			}
		},
		{
			"from": [8, -2.75, 7.5],
			"to": [8.5, -2.5, 8],
			"rotation": {"angle": 0, "axis": "y", "origin": [14.5, 4.75, 15.25]},
			"faces": {
				"north": {"uv": [5.5, 1.5, 9, 5.5], "texture": "#6"},
				"east": {"uv": [5.5, 1.5, 9, 5.5], "texture": "#6"},
				"south": {"uv": [5.5, 1.5, 9, 5.5], "texture": "#6"},
				"west": {"uv": [5.5, 1.5, 9, 5.5], "texture": "#6"},
				"up": {"uv": [5.5, 1.5, 9, 5.5], "texture": "#6"},
				"down": {"uv": [5.5, 1.5, 9, 5.5], "texture": "#6"}
			}
		},
		{
			"from": [10, -2, 7.5],
			"to": [10.25, -1.25, 8],
			"rotation": {"angle": 0, "axis": "y", "origin": [16.25, 5.75, 15.25]},
			"faces": {
				"north": {"uv": [0, 0.5, 2, 14], "rotation": 180, "texture": "#8"},
				"east": {"uv": [0, 0.5, 2, 14], "rotation": 180, "texture": "#8"},
				"south": {"uv": [0, 0.5, 2, 14], "texture": "#8"},
				"west": {"uv": [0, 0.5, 2, 14], "rotation": 180, "texture": "#8"},
				"up": {"uv": [0, 0.5, 2, 14], "rotation": 180, "texture": "#8"},
				"down": {"uv": [0, 0.5, 2, 14], "rotation": 180, "texture": "#8"}
			}
		}
	],
	"display": {
		"thirdperson_righthand": {
			"rotation": [165, -56, 0],
			"translation": [-0.75, 0.25, 1],
			"scale": [0.55, 0.55, 0.55]
		},
		"thirdperson_lefthand": {
			"rotation": [134, -56, -8],
			"translation": [-0.5, -0.5, 0],
			"scale": [0.55, 0.55, 0.55]
		},
		"firstperson_righthand": {
			"rotation": [82, 56, 0],
			"translation": [0.5, 0, 0]
		},
		"firstperson_lefthand": {
			"rotation": [85, -112, 8],
			"translation": [-0.25, 0.5, 0]
		},
		"ground": {
			"translation": [0, 9.5, 0]
		},
		"gui": {
			"rotation": [0, 11, 37],
			"translation": [-2.75, 3.5, 0],
			"scale": [1.15, 1.15, 1.15]
		},
		"head": {
			"rotation": [25, -91, 0],
			"translation": [6.25, -27.5, 1],
			"scale": [0.7, 0.7, 0.7]
		},
		"fixed": {
			"translation": [0, 3.75, 0]
		}
	},
	"groups": [
		{
			"name": "TOP",
			"origin": [14.5, 13, 15.25],
			"children": [0, 1, 2, 3, 4, 5, 6, 7, 8, 9, 10, 11, 12, 13, 14, 15, 16, 17, 18, 19, 20, 21, 22, 23, 24, 25, 26]
		},
		{
			"name": "Stem",
			"origin": [16.25, 5, 15.25],
			"children": [27, 28, 29, 30, 31, 32, 33, 34, 35, 36]
		}
	]
}