{
	"credit": "Made with Blockbench",
	"texture_size": [32, 32],
	"textures": {
		"0": "block/fire_key0",
		"4": "block/fire_key2",
		"5": "block/fire_key3",
		"7": "block/fire_1",
		"particle": "block/fire_key3"
	},
	"elements": [
		{
			"from": [7, 6.25, 7.5],
			"to": [9.5, 6.75, 8],
			"rotation": {"angle": 0, "axis": "y", "origin": [16, 14.25, 15.25]},
			"faces": {
				"north": {"uv": [0, 0, 10.25, 2.625], "texture": "#4"},
				"east": {"uv": [8, 11.5, 11.25, 13.625], "texture": "#4"},
				"south": {"uv": [0.5, 2.5, 10.75, 5.125], "texture": "#4"},
				"west": {"uv": [1.5, 0.5, 8.25, 4], "texture": "#4"},
				"up": {"uv": [0, 0, 5.25, 6.25], "texture": "#4"},
				"down": {"uv": [2.5, 1, 12.75, 3.625], "texture": "#4"}
			}
		},
		{
			"from": [7, 8.95, 7.5],
			"to": [9.5, 9.45, 8],
			"rotation": {"angle": 0, "axis": "y", "origin": [16, 16.95, 15.25]},
			"faces": {
				"north": {"uv": [1.5, 1, 11.75, 3.625], "texture": "#4"},
				"east": {"uv": [0, 0, 6.75, 3.125], "texture": "#4"},
				"south": {"uv": [0.5, 0.5, 16, 4.25], "texture": "#4"},
				"west": {"uv": [1.5, 0.5, 8.25, 4], "texture": "#4"},
				"up": {"uv": [0, 0, 5.25, 6.25], "texture": "#4"},
				"down": {"uv": [0, 0, 15.75, 13.75], "texture": "#4"}
			}
		},
		{
			"from": [7, 6.75, 7.5],
			"to": [7.25, 7, 8],
			"rotation": {"angle": 0, "axis": "y", "origin": [16, 14.75, 15.25]},
			"faces": {
				"north": {"uv": [11, 1.5, 12.75, 4.125], "texture": "#4"},
				"east": {"uv": [0, 0, 12.75, 15.125], "texture": "#4"},
				"south": {"uv": [3, 6, 5.75, 8.75], "texture": "#4"},
				"west": {"uv": [1.5, 0.5, 8.25, 16], "texture": "#4"},
				"up": {"uv": [0, 0, 5.25, 6.25], "texture": "#4"},
				"down": {"uv": [0, 0, 15.75, 13.75], "texture": "#4"}
			}
		},
		{
			"from": [6.5, 6.75, 7.5],
			"to": [7, 9, 8],
			"rotation": {"angle": 0, "axis": "y", "origin": [13, 15.75, 15.25]},
			"faces": {
				"north": {"uv": [0, 7, 10.25, 9.625], "rotation": 90, "texture": "#4"},
				"east": {"uv": [5, 4, 15.25, 6.625], "rotation": 90, "texture": "#4"},
				"south": {"uv": [0, 7, 10.25, 9.625], "rotation": 90, "texture": "#4"},
				"west": {"uv": [3, 6.5, 13.25, 9.125], "rotation": 90, "texture": "#4"},
				"up": {"uv": [2, 3, 7.25, 9.25], "texture": "#4"},
				"down": {"uv": [0, 0, 3.25, 3.125], "texture": "#4"}
			}
		},
		{
			"from": [6.75, 6.75, 7.75],
			"to": [9.75, 10.75, 7.75],
			"rotation": {"angle": 0, "axis": "y", "origin": [15.25, 15.75, 15.5]},
			"faces": {
				"north": {"uv": [0, 0, 16, 16], "texture": "#7"},
				"east": {"uv": [0, 0, 12.75, 15.125], "texture": "#4"},
				"south": {"uv": [0, 0, 16, 16], "texture": "#7"},
				"west": {"uv": [1.5, 0.5, 8.25, 16], "texture": "#4"},
				"up": {"uv": [0, 0, 5.25, 6.25], "texture": "#4"},
				"down": {"uv": [0, 0, 15.75, 13.75], "texture": "#4"}
			}
		},
		{
			"from": [7, 9, 7.5],
			"to": [9.5, 9.5, 8],
			"rotation": {"angle": 0, "axis": "y", "origin": [16, 17, 15.25]},
			"faces": {
				"north": {"uv": [0, 0, 12.75, 7.625], "texture": "#4"},
				"east": {"uv": [4.5, 1.5, 12.25, 3.125], "texture": "#4"},
				"south": {"uv": [0.5, 0.5, 16, 6.75], "texture": "#4"},
				"west": {"uv": [9, 4, 15.75, 8], "texture": "#4"},
				"up": {"uv": [2.5, 10, 12.75, 15], "texture": "#4"},
				"down": {"uv": [0, 0, 15.75, 13.75], "texture": "#4"}
			}
		},
		{
			"from": [8, 9.65, 7.5],
			"to": [8.5, 9.9, 8],
			"rotation": {"angle": 0, "axis": "y", "origin": [14.5, 17.15, 15.25]},
			"faces": {
				"north": {"uv": [0, 0, 3.75, 2.625], "texture": "#4"},
				"east": {"uv": [5.5, 4, 9.25, 6.625], "texture": "#4"},
				"south": {"uv": [0, 0, 3.75, 2.625], "texture": "#4"},
				"west": {"uv": [8.5, 8, 12.25, 10.625], "texture": "#4"},
				"up": {"uv": [7, 3.5, 12.25, 9.75], "texture": "#4"},
				"down": {"uv": [0, 0, 15.75, 13.75], "texture": "#4"}
			}
		},
		{
			"from": [7.75, 9.4, 7.25],
			"to": [8.75, 9.65, 8.25],
			"rotation": {"angle": 0, "axis": "y", "origin": [14.5, 16.65, 15.25]},
			"faces": {
				"north": {"uv": [8.5, 5.5, 14.75, 7.625], "texture": "#4"},
				"east": {"uv": [1.5, 8, 7.75, 9.125], "texture": "#4"},
				"south": {"uv": [8.5, 5.5, 14.75, 7.625], "texture": "#4"},
				"west": {"uv": [2, 5.5, 8.25, 7.625], "texture": "#4"},
				"up": {"uv": [0, 0, 5.25, 6.25], "texture": "#4"},
				"down": {"uv": [3, 0, 8.75, 5.25], "texture": "#4"}
			}
		},
		{
			"from": [6.75, 9, 7.5],
			"to": [7, 9.25, 8],
			"rotation": {"angle": 0, "axis": "y", "origin": [15.75, 17, 15.25]},
			"faces": {
				"north": {"uv": [1.5, 1, 3.25, 2.125], "texture": "#4"},
				"east": {"uv": [0, 0, 12.75, 15.125], "texture": "#4"},
				"south": {"uv": [3, 6, 4.75, 7.75], "texture": "#4"},
				"west": {"uv": [7, 4, 12.75, 7], "texture": "#4"},
				"up": {"uv": [0, 0, 4.25, 2.75], "texture": "#4"},
				"down": {"uv": [0, 0, 15.75, 13.75], "texture": "#4"}
			}
		},
		{
			"from": [9.5, 9, 7.5],
			"to": [9.75, 9.25, 8],
			"rotation": {"angle": 0, "axis": "y", "origin": [18.5, 17, 15.25]},
			"faces": {
				"north": {"uv": [1.5, 1, 3.25, 2.125], "texture": "#4"},
				"east": {"uv": [5, 2.5, 9.75, 5.125], "texture": "#4"},
				"south": {"uv": [3.5, 3.5, 4.75, 5.25], "texture": "#4"},
				"west": {"uv": [1.5, 0.5, 8.25, 16], "texture": "#4"},
				"up": {"uv": [2.5, 0.5, 7.75, 3.25], "texture": "#4"},
				"down": {"uv": [0, 0, 15.75, 13.75], "texture": "#4"}
			}
		},
		{
			"from": [9.25, 8.75, 7.5],
			"to": [9.5, 9, 8],
			"rotation": {"angle": 0, "axis": "y", "origin": [18.25, 16.75, 15.25]},
			"faces": {
				"north": {"uv": [1.5, 1, 3.25, 2.125], "texture": "#4"},
				"east": {"uv": [0, 0, 12.75, 15.125], "texture": "#4"},
				"south": {"uv": [7.5, 5, 10.25, 7.75], "texture": "#4"},
				"west": {"uv": [1.5, 0.5, 8.25, 16], "texture": "#4"},
				"up": {"uv": [0, 0, 5.25, 6.25], "texture": "#4"},
				"down": {"uv": [0, 0, 15.75, 13.75], "texture": "#4"}
			}
		},
		{
			"from": [7, 8.75, 7.5],
			"to": [7.25, 9, 8],
			"rotation": {"angle": 0, "axis": "y", "origin": [16, 16.75, 15.25]},
			"faces": {
				"north": {"uv": [1.5, 1, 3.25, 2.125], "texture": "#4"},
				"east": {"uv": [0, 0, 12.75, 15.125], "texture": "#4"},
				"south": {"uv": [3.5, 3.5, 6.25, 6.25], "texture": "#4"},
				"west": {"uv": [1.5, 0.5, 8.25, 16], "texture": "#4"},
				"up": {"uv": [0, 0, 5.25, 6.25], "texture": "#4"},
				"down": {"uv": [0, 0, 15.75, 13.75], "texture": "#4"}
			}
		},
		{
			"from": [6.75, 6.5, 7.5],
			"to": [7, 6.75, 8],
			"rotation": {"angle": 0, "axis": "y", "origin": [15.75, 14.5, 15.25]},
			"faces": {
				"north": {"uv": [6, 2.5, 8.25, 4.625], "texture": "#4"},
				"east": {"uv": [0, 0, 12.75, 15.125], "texture": "#4"},
				"south": {"uv": [3, 5.5, 5.75, 8.25], "texture": "#4"},
				"west": {"uv": [1.5, 0.5, 7.25, 3], "texture": "#4"},
				"up": {"uv": [0, 0, 5.25, 6.25], "texture": "#4"},
				"down": {"uv": [0, 0, 1.75, 5.75], "texture": "#4"}
			}
		},
		{
			"from": [9.5, 6.5, 7.5],
			"to": [9.75, 6.75, 8],
			"rotation": {"angle": 0, "axis": "y", "origin": [18.5, 14.5, 15.25]},
			"faces": {
				"north": {"uv": [0, 0, 2.25, 2.625], "texture": "#4"},
				"east": {"uv": [4, 2.5, 9.25, 4.625], "texture": "#4"},
				"south": {"uv": [4.5, 6, 6.25, 7.75], "texture": "#4"},
				"west": {"uv": [1.5, 0.5, 8.25, 16], "texture": "#4"},
				"up": {"uv": [0, 0, 5.25, 6.25], "texture": "#4"},
				"down": {"uv": [0, 0, 1.75, 4.25], "texture": "#4"}
			}
		},
		{
			"from": [9.25, 6.75, 7.5],
			"to": [9.5, 7, 8],
			"rotation": {"angle": 0, "axis": "y", "origin": [18.25, 14.75, 15.25]},
			"faces": {
				"north": {"uv": [3.5, 0.5, 6.25, 2.625], "texture": "#4"},
				"east": {"uv": [0, 0, 12.75, 15.125], "texture": "#4"},
				"south": {"uv": [0, 4, 2.75, 6.75], "texture": "#4"},
				"west": {"uv": [1.5, 0.5, 8.25, 16], "texture": "#4"},
				"up": {"uv": [0, 0, 5.25, 6.25], "texture": "#4"},
				"down": {"uv": [0, 0, 15.75, 13.75], "texture": "#4"}
			}
		},
		{
			"from": [9.5, 6.75, 7.5],
			"to": [10, 9, 8],
			"rotation": {"angle": 0, "axis": "y", "origin": [16, 15.75, 15.25]},
			"faces": {
				"north": {"uv": [5.5, 7.5, 15.75, 10.125], "rotation": 90, "texture": "#4"},
				"east": {"uv": [0, 0, 3.75, 11.125], "texture": "#4"},
				"south": {"uv": [0.5, 0.5, 3.75, 14.25], "texture": "#4"},
				"west": {"uv": [1.5, 0.5, 8.25, 16], "texture": "#4"},
				"up": {"uv": [4.5, 3, 9.75, 5.75], "texture": "#4"},
				"down": {"uv": [0, 0, 3.75, 3.75], "texture": "#4"}
			}
		},
		{
			"from": [7.75, 6, 7.25],
			"to": [8.75, 6.25, 8.25],
			"rotation": {"angle": 0, "axis": "y", "origin": [14.5, 13, 15.25]},
			"faces": {
				"north": {"uv": [3, 6, 10.25, 8.125], "texture": "#4"},
				"east": {"uv": [0, 0, 7.25, 2.125], "texture": "#4"},
				"south": {"uv": [9.5, 9, 15.75, 10.75], "texture": "#4"},
				"west": {"uv": [2, 2.5, 11.25, 4.5], "texture": "#4"},
				"up": {"uv": [4.5, 1.5, 9.25, 5.75], "texture": "#4"},
				"down": {"uv": [0, 0, 6.75, 4.25], "texture": "#4"}
			}
		},
		{
			"from": [7.85, 5.15, 7.35],
			"to": [8.65, 5.9, 7.35],
			"rotation": {"angle": 0, "axis": "y", "origin": [14.4, 12.25, 14.35]},
			"faces": {
				"north": {"uv": [1, 1.5, 14.5, 15], "texture": "#5"},
				"east": {"uv": [0, 0, 12.75, 15.125], "texture": "#4"},
				"south": {"uv": [0, 0, 16, 16], "texture": "#5"},
				"west": {"uv": [1.5, 0.5, 11.25, 3], "texture": "#4"},
				"up": {"uv": [0, 0, 5.25, 6.25], "texture": "#4"},
				"down": {"uv": [0, 0, 15.75, 13.75], "texture": "#4"}
			}
		},
		{
			"from": [7.85, 5.15, 8.15],
			"to": [8.65, 5.9, 8.15],
			"rotation": {"angle": 0, "axis": "y", "origin": [14.4, 12.25, 15.15]},
			"faces": {
				"north": {"uv": [1, 1.5, 14.5, 15], "texture": "#5"},
				"east": {"uv": [0, 0, 12.75, 15.125], "texture": "#4"},
				"south": {"uv": [1, 1.5, 14.5, 15], "texture": "#5"},
				"west": {"uv": [1.5, 0.5, 11.25, 3], "texture": "#4"},
				"up": {"uv": [0, 0, 5.25, 6.25], "texture": "#4"},
				"down": {"uv": [0, 0, 15.75, 13.75], "texture": "#4"}
			}
		},
		{
			"from": [7.95, 5.15, 7.35],
			"to": [7.95, 5.9, 8.15],
			"rotation": {"angle": 0, "axis": "y", "origin": [13.7, 12.15, 15.05]},
			"faces": {
				"north": {"uv": [0, 0, 16, 16], "texture": "#5"},
				"east": {"uv": [1, 1.5, 14.25, 15.125], "texture": "#5"},
				"south": {"uv": [0, 0, 16, 16], "texture": "#5"},
				"west": {"uv": [0.5, 1.5, 14.5, 15], "texture": "#5"},
				"up": {"uv": [0, 0, 5.25, 6.25], "texture": "#4"},
				"down": {"uv": [0, 0, 15.75, 13.75], "texture": "#4"}
			}
		},
		{
			"from": [8.65, 5.15, 7.35],
			"to": [8.65, 5.9, 8.15],
			"rotation": {"angle": 0, "axis": "y", "origin": [14.4, 12.15, 15.05]},
			"faces": {
				"north": {"uv": [0, 0, 16, 16], "texture": "#5"},
				"east": {"uv": [1, 1.5, 14.25, 15.125], "texture": "#5"},
				"south": {"uv": [0, 0, 16, 16], "texture": "#5"},
				"west": {"uv": [0.5, 1.5, 14.5, 15], "texture": "#5"},
				"up": {"uv": [0, 0, 5.25, 6.25], "texture": "#4"},
				"down": {"uv": [0, 0, 15.75, 13.75], "texture": "#4"}
			}
		},
		{
			"from": [10, -0.75, 7.5],
			"to": [10.25, -0.25, 8],
			"rotation": {"angle": 0, "axis": "y", "origin": [16.25, 7, 15.25]},
			"faces": {
				"north": {"uv": [7, 10, 13.75, 15.125], "texture": "#4"},
				"east": {"uv": [5.5, 7, 10.75, 12.125], "texture": "#4"},
				"south": {"uv": [6, 0, 7.5, 4.5], "texture": "#4"},
				"west": {"uv": [8, 7, 10.25, 9.625], "texture": "#4"},
				"up": {"uv": [2, 7, 7.25, 12.25], "texture": "#4"},
				"down": {"uv": [0, 0, 15.75, 13.75], "texture": "#4"}
			}
		},
		{
			"from": [8.5, -1.75, 7.5],
			"to": [10, -1.25, 8],
			"rotation": {"angle": 0, "axis": "y", "origin": [17.25, 6.25, 15.25]},
			"faces": {
				"north": {"uv": [7, 10, 13.75, 15.125], "texture": "#4"},
				"east": {"uv": [5.5, 7, 10.75, 12.125], "texture": "#4"},
				"south": {"uv": [4, 8, 10.25, 9.625], "texture": "#4"},
				"west": {"uv": [8, 7, 14.25, 12.125], "texture": "#4"},
				"up": {"uv": [2, 7, 7.25, 12.25], "texture": "#4"},
				"down": {"uv": [0, 0, 15.75, 13.75], "texture": "#4"}
			}
		},
		{
			"from": [8.5, -0.75, 7.5],
			"to": [10, -0.5, 8],
			"rotation": {"angle": 0, "axis": "y", "origin": [17.25, 7.25, 15.25]},
			"faces": {
				"north": {"uv": [4, 8, 10.25, 9.625], "texture": "#4"},
				"east": {"uv": [5.5, 7, 10.75, 12.125], "texture": "#4"},
				"south": {"uv": [4, 8, 10.25, 9.625], "texture": "#4"},
				"west": {"uv": [8, 7, 14.25, 12.125], "texture": "#4"},
				"up": {"uv": [4, 8, 10.25, 9.625], "texture": "#4"},
				"down": {"uv": [4, 8, 10.25, 9.625], "texture": "#4"}
			}
		},
		{
			"from": [8, 4, 7.5],
			"to": [8.5, 6.25, 8],
			"rotation": {"angle": 0, "axis": "y", "origin": [14.5, 13, 15.25]},
			"faces": {
				"north": {"uv": [4, 0, 6.25, 15.625], "texture": "#4"},
				"east": {"uv": [9, 0, 11.25, 15.625], "texture": "#4"},
				"south": {"uv": [13.5, 0, 15.75, 15.625], "texture": "#4"},
				"west": {"uv": [11, 0, 13.25, 15.625], "texture": "#4"},
				"up": {"uv": [0, 0, 0.25, 0.25], "texture": "#4"},
				"down": {"uv": [0, 0, 15.75, 13.75], "texture": "#4"}
			}
		},
		{
			"from": [8, 1.75, 7.5],
			"to": [8.5, 4, 8],
			"rotation": {"angle": 0, "axis": "y", "origin": [14.5, 10.75, 15.25]},
			"faces": {
				"north": {"uv": [10, 0, 12.25, 15.625], "texture": "#4"},
				"east": {"uv": [6, 0, 8.75, 15.625], "texture": "#4"},
				"south": {"uv": [4, 0, 6.25, 15.625], "texture": "#4"},
				"west": {"uv": [3, 0, 7.75, 15.625], "texture": "#4"},
				"up": {"uv": [0, 0, 0.25, 0.25], "texture": "#4"},
				"down": {"uv": [0, 0, 15.75, 13.75], "texture": "#4"}
			}
		},
		{
			"from": [8, -0.5, 7.5],
			"to": [8.5, 1.75, 8],
			"rotation": {"angle": 0, "axis": "y", "origin": [14.5, 8.5, 15.25]},
			"faces": {
				"north": {"uv": [8, 0, 10.25, 15.625], "texture": "#4"},
				"east": {"uv": [4, 0, 6.25, 15.625], "texture": "#4"},
				"south": {"uv": [10.5, 0, 12.75, 15.625], "texture": "#4"},
				"west": {"uv": [13.5, 0, 15.75, 15.625], "texture": "#4"},
				"up": {"uv": [0, 0, 0.25, 0.25], "texture": "#4"},
				"down": {"uv": [0, 0, 15.75, 13.75], "texture": "#4"}
			}
		},
		{
			"from": [8, -2.25, 7.5],
			"to": [8.5, -0.5, 8],
			"rotation": {"angle": 0, "axis": "y", "origin": [14.5, 6.25, 15.25]},
			"faces": {
				"north": {"uv": [12, 0, 14.25, 15.625], "texture": "#4"},
				"east": {"uv": [4, 0, 6.25, 15.625], "texture": "#4"},
				"south": {"uv": [11.5, 0, 13.75, 15.625], "texture": "#4"},
				"west": {"uv": [4, 0, 6.25, 15.625], "texture": "#4"},
				"up": {"uv": [0, 0, 0.25, 0.25], "texture": "#4"},
				"down": {"uv": [0, 0, 4.75, 5.25], "texture": "#4"}
			}
		},
		{
			"from": [8, -2.5, 7.5],
			"to": [8.25, -2.25, 7.75],
			"rotation": {"angle": 0, "axis": "y", "origin": [14.5, 4.75, 15.25]},
			"faces": {
				"north": {"uv": [2, 5, 3.25, 6.625], "texture": "#4"},
				"east": {"uv": [1.5, 5, 2.75, 6.625], "texture": "#4"},
				"south": {"uv": [2, 5.5, 3.5, 7], "texture": "#4"},
				"west": {"uv": [2, 5, 3.25, 6.625], "texture": "#4"},
				"up": {"uv": [2, 5.5, 3.5, 7], "texture": "#4"},
				"down": {"uv": [2, 5.5, 3.5, 7], "texture": "#4"}
			}
		},
		{
			"from": [8, -2.75, 7.5],
			"to": [8.5, -2.5, 8],
			"rotation": {"angle": 0, "axis": "y", "origin": [14.5, 4.75, 15.25]},
			"faces": {
				"north": {"uv": [4.5, 5, 6.75, 6.125], "texture": "#4"},
				"east": {"uv": [7.5, 8.5, 9.75, 9.625], "texture": "#4"},
				"south": {"uv": [4.5, 5, 6.75, 6.125], "texture": "#4"},
				"west": {"uv": [7.5, 12, 9.75, 13.125], "texture": "#4"},
				"up": {"uv": [4.5, 7, 7.25, 9.75], "texture": "#4"},
				"down": {"uv": [5, 4, 7.25, 6.75], "texture": "#4"}
			}
		},
		{
			"from": [8, -3.25, 7.75],
			"to": [8.5, -2.75, 7.75],
			"rotation": {"angle": 0, "axis": "y", "origin": [14.5, 4.5, 15.25]},
			"faces": {
				"north": {"uv": [1, 1, 14, 15], "rotation": 180, "texture": "#0"},
				"east": {"uv": [7.5, 7, 10.75, 10.125], "texture": "#4"},
				"south": {"uv": [1, 1, 14, 15], "rotation": 180, "texture": "#0"},
				"west": {"uv": [8, 7, 10.75, 9.625], "texture": "#4"},
				"up": {"uv": [4.5, 7, 7.25, 9.75], "texture": "#4"},
				"down": {"uv": [6.5, 4, 10.25, 8.25], "texture": "#4"}
			}
		},
		{
			"from": [10, -2, 7.5],
			"to": [10.25, -1.25, 8],
			"rotation": {"angle": 0, "axis": "y", "origin": [16.25, 5.75, 15.25]},
			"faces": {
				"north": {"uv": [4, 6, 5.75, 9.625], "texture": "#4"},
				"east": {"uv": [9, 8, 12.25, 12.625], "texture": "#4"},
				"south": {"uv": [7.5, 6, 9, 11.5], "texture": "#4"},
				"west": {"uv": [8, 7, 10.75, 9.625], "texture": "#4"},
				"up": {"uv": [2, 7, 7.25, 12.25], "texture": "#4"},
				"down": {"uv": [0, 0, 15.75, 13.75], "texture": "#4"}
			}
		}
	],
	"display": {
		"thirdperson_righthand": {
			"rotation": [165, -56, 0],
			"translation": [-0.75, 0.25, 1],
			"scale": [0.55, 0.55, 0.55]
		},
		"thirdperson_lefthand": {
			"rotation": [134, -56, -8],
			"translation": [-0.5, -0.5, 0],
			"scale": [0.55, 0.55, 0.55]
		},
		"firstperson_righthand": {
			"rotation": [82, 56, 0],
			"translation": [0.5, 0, 0]
		},
		"firstperson_lefthand": {
			"rotation": [85, -112, 8],
			"translation": [-0.25, 0.5, 0]
		},
		"ground": {
			"translation": [0, 9.5, 0]
		},
		"gui": {
			"rotation": [0, 11, 37],
			"translation": [-2.75, 3.5, 0],
			"scale": [1.15, 1.15, 1.15]
		},
		"head": {
			"rotation": [25, -91, 0],
			"translation": [6.25, -27.5, 1],
			"scale": [0.7, 0.7, 0.7]
		},
		"fixed": {
			"translation": [0, 3.75, 0]
		}
	},
	"groups": [
		{
			"name": "TOP",
			"origin": [14.5, 13, 15.25],
			"children": [0, 1, 2, 3, 4, 5, 6, 7, 8, 9, 10, 11, 12, 13, 14, 15, 16, 17, 18, 19, 20]
		},
		{
			"name": "Stem",
			"origin": [16.25, 5, 15.25],
			"children": [21, 22, 23, 24, 25, 26, 27, 28, 29, 30, 31]
		}
	]
}