{
	"credit": "Made with Blockbench",
	"textures": {
		"0": "block/pink0",
		"particle": "block/pink0"
	},
	"elements": [
		{
			"from": [7.75, 0, 0],
			"to": [7.75, 14.25, 16.25],
			"rotation": {"angle": 0, "axis": "y", "origin": [14.75, 8, 8]},
			"faces": {
				"north": {"uv": [0, 0, 1, 1], "texture": "#missing"},
				"east": {"uv": [0, 0, 16, 16], "texture": "#0"},
				"south": {"uv": [0, 0, 1, 1], "texture": "#missing"},
				"west": {"uv": [0, 0, 16, 16], "texture": "#0"},
				"up": {"uv": [0, 0, 1, 1], "texture": "#missing"},
				"down": {"uv": [0, 0, 1, 1], "texture": "#missing"}
			}
		},
		{
			"from": [-0.375, 0, 8.125],
			"to": [15.875, 14.25, 8.125],
			"rotation": {"angle": 0, "axis": "y", "origin": [7.75, 7.125, 8.125]},
			"faces": {
				"north": {"uv": [0, 0, 16, 16], "texture": "#0"},
				"east": {"uv": [0, 0, 1, 1], "texture": "#missing"},
				"south": {"uv": [0, 0, 16, 16], "texture": "#0"},
				"west": {"uv": [0, 0, 1, 1], "texture": "#missing"},
				"up": {"uv": [0, 0, 1, 1], "rotation": 270, "texture": "#missing"},
				"down": {"uv": [0, 0, 1, 1], "rotation": 90, "texture": "#missing"}
			}
		}
	],
	"display": {
		"head": {
			"translation": [0, -28.5, 0],
			"scale": [1.59, 1.59, 1.59]
		}
	}
}