{
    "variants": {
        "": [
            { "model": "block/acacia_leaves" },
            { "model": "block/acacia_leaves", "y": 90 },
            { "model": "block/acacia_leaves", "y": 180 },
            { "model": "block/acacia_leaves", "y": 270 },
            { "model": "block/acacia_leaves2" },
            { "model": "block/acacia_leaves2", "y": 90 },
            { "model": "block/acacia_leaves2", "y": 180 },
            { "model": "block/acacia_leaves2", "y": 270 },
            { "model": "block/acacia_leaves3" },
            { "model": "block/acacia_leaves3", "y": 90 },
            { "model": "block/acacia_leaves3", "y": 180 },
            { "model": "block/acacia_leaves3", "y": 270 }
            
        ]
    }
}
