{
    "variants": {
        "": [
            { "model": "block/dark_oak_leaves" },
            { "model": "block/dark_oak_leaves", "y": 90 },
            { "model": "block/dark_oak_leaves", "y": 180 },
            { "model": "block/dark_oak_leaves", "y": 270 },
            { "model": "block/dark_oak_leaves2" },
            { "model": "block/dark_oak_leaves2", "y": 90 },
            { "model": "block/dark_oak_leaves2", "y": 180 },
            { "model": "block/dark_oak_leaves2", "y": 270 },
            { "model": "block/dark_oak_leaves3" },
            { "model": "block/dark_oak_leaves3", "y": 90 },
            { "model": "block/dark_oak_leaves3", "y": 180 },
            { "model": "block/dark_oak_leaves3", "y": 270 }
            
        ]
    }
}
