{
    "variants": {
        "age=0": { "model": "block/crops/potatoes/potatoes_stage0" },
        "age=1": { "model": "block/crops/potatoes/potatoes_stage0" },
        "age=2": { "model": "block/crops/potatoes/potatoes_stage1" },
        "age=3": { "model": "block/crops/potatoes/potatoes_stage1" },
        "age=4": { "model": "block/crops/potatoes/potatoes_stage2" },
        "age=5": { "model": "block/crops/potatoes/potatoes_stage2" },
        "age=6": { "model": "block/crops/potatoes/potatoes_stage2" },
        "age=7": { "model": "block/crops/potatoes/potatoes_stage3" }
    }
}
