{
  "__comment": "Made by Juknum 270 180 0 90",
  "multipart": [

    
    { 
      "when" : { "facing" : "south", "locked" : true, "delay" : 1},
      "apply": { "model" : "block/repeater/locked/delay1"}
    },
    { 
      "when" : { "facing" : "south", "locked" : true, "delay" : 2},
      "apply": { "model" : "block/repeater/locked/delay2"}
    },
    { 
      "when" : { "facing" : "south", "locked" : true, "delay" : 3},
      "apply": { "model" : "block/repeater/locked/delay3"}
    },
    { 
      "when" : { "facing" : "south", "locked" : true, "delay" : 4},
      "apply": { "model" : "block/repeater/locked/delay4"}
    },

    { 
      "when" : { "facing" : "west", "locked" : true, "delay" : 1},
      "apply": { "model" : "block/repeater/locked/delay1", "y": 90}
    },
    { 
      "when" : { "facing" : "west", "locked" : true, "delay" : 2},
      "apply": { "model" : "block/repeater/locked/delay2", "y": 90}
    },
    { 
      "when" : { "facing" : "west", "locked" : true, "delay" : 3},
      "apply": { "model" : "block/repeater/locked/delay3", "y": 90}
    },
    { 
      "when" : { "facing" : "west", "locked" : true, "delay" : 4},
      "apply": { "model" : "block/repeater/locked/delay4", "y": 90}
    },

    { 
      "when" : { "facing" : "north", "locked" : true, "delay" : 1},
      "apply": { "model" : "block/repeater/locked/delay1", "y": 180}
    },
    { 
      "when" : { "facing" : "north", "locked" : true, "delay" : 2},
      "apply": { "model" : "block/repeater/locked/delay2", "y": 180}
    },
    { 
      "when" : { "facing" : "north", "locked" : true, "delay" : 3},
      "apply": { "model" : "block/repeater/locked/delay3", "y": 180}
    },
    { 
      "when" : { "facing" : "north", "locked" : true, "delay" : 4},
      "apply": { "model" : "block/repeater/locked/delay4", "y": 180}
    },

    { 
      "when" : { "facing" : "east", "locked" : true, "delay" : 1},
      "apply": { "model" : "block/repeater/locked/delay1", "y": 270}
    },
    { 
      "when" : { "facing" : "east", "locked" : true, "delay" : 2},
      "apply": { "model" : "block/repeater/locked/delay2", "y": 270}
    },
    { 
      "when" : { "facing" : "east", "locked" : true, "delay" : 3},
      "apply": { "model" : "block/repeater/locked/delay3", "y": 270}
    },
    { 
      "when" : { "facing" : "east", "locked" : true, "delay" : 4},
      "apply": { "model" : "block/repeater/locked/delay4", "y": 270}
    },

    
    { 
      "when" : { "facing" : "south", "locked" : false, "powered" : true, "delay" : 1},
      "apply": { "model" : "block/repeater/delay/delay1_on"}
    },
    { 
      "when" : { "facing" : "south", "locked" : false, "powered" : true, "delay" : 2},
      "apply": { "model" : "block/repeater/delay/delay2_on"}
    },
    { 
      "when" : { "facing" : "south", "locked" : false, "powered" : true, "delay" : 3},
      "apply": { "model" : "block/repeater/delay/delay3_on"}
    },
    { 
      "when" : { "facing" : "south", "locked" : false, "powered" : true, "delay" : 4},
      "apply": { "model" : "block/repeater/delay/delay4_on"}
    },

    { 
      "when" : { "facing" : "west", "locked" : false, "powered" : true, "delay" : 1},
      "apply": { "model" : "block/repeater/delay/delay1_on", "y": 90}
    },
    { 
      "when" : { "facing" : "west", "locked" : false, "powered" : true, "delay" : 2},
      "apply": { "model" : "block/repeater/delay/delay2_on", "y": 90}
    },
    { 
      "when" : { "facing" : "west", "locked" : false, "powered" : true, "delay" : 3},
      "apply": { "model" : "block/repeater/delay/delay3_on", "y": 90}
    },
    { 
      "when" : { "facing" : "west", "locked" : false, "powered" : true, "delay" : 4},
      "apply": { "model" : "block/repeater/delay/delay4_on", "y": 90}
    },

    { 
      "when" : { "facing" : "north", "locked" : false, "powered" : true, "delay" : 1},
      "apply": { "model" : "block/repeater/delay/delay1_on", "y": 180}
    },
    { 
      "when" : { "facing" : "north", "locked" : false, "powered" : true, "delay" : 2},
      "apply": { "model" : "block/repeater/delay/delay2_on", "y": 180}
    },
    { 
      "when" : { "facing" : "north", "locked" : false, "powered" : true, "delay" : 3},
      "apply": { "model" : "block/repeater/delay/delay3_on", "y": 180}
    },
    { 
      "when" : { "facing" : "north", "locked" : false, "powered" : true, "delay" : 4},
      "apply": { "model" : "block/repeater/delay/delay4_on", "y": 180}
    },

    { 
      "when" : { "facing" : "east", "locked" : false, "powered" : true, "delay" : 1},
      "apply": { "model" : "block/repeater/delay/delay1_on", "y": 270}
    },
    { 
      "when" : { "facing" : "east", "locked" : false, "powered" : true, "delay" : 2},
      "apply": { "model" : "block/repeater/delay/delay2_on", "y": 270}
    },
    { 
      "when" : { "facing" : "east", "locked" : false, "powered" : true, "delay" : 3},
      "apply": { "model" : "block/repeater/delay/delay3_on", "y": 270}
    },
    { 
      "when" : { "facing" : "east", "locked" : false, "powered" : true, "delay" : 4},
      "apply": { "model" : "block/repeater/delay/delay4_on", "y": 270}
    },

    
    { 
      "when" : { "facing" : "south", "locked" : false, "powered" : false, "delay" : 1},
      "apply": { "model" : "block/repeater/delay/delay1_off"}
    },
    { 
      "when" : { "facing" : "south", "locked" : false, "powered" : false, "delay" : 2},
      "apply": { "model" : "block/repeater/delay/delay2_off"}
    },
    { 
      "when" : { "facing" : "south", "locked" : false, "powered" : false, "delay" : 3},
      "apply": { "model" : "block/repeater/delay/delay3_off"}
    },
    { 
      "when" : { "facing" : "south", "locked" : false, "powered" : false, "delay" : 4},
      "apply": { "model" : "block/repeater/delay/delay4_off"}
    },

    { 
      "when" : { "facing" : "west", "locked" : false, "powered" : false, "delay" : 1},
      "apply": { "model" : "block/repeater/delay/delay1_off", "y": 90}
    },
    { 
      "when" : { "facing" : "west", "locked" : false, "powered" : false, "delay" : 2},
      "apply": { "model" : "block/repeater/delay/delay2_off", "y": 90}
    },
    { 
      "when" : { "facing" : "west", "locked" : false, "powered" : false, "delay" : 3},
      "apply": { "model" : "block/repeater/delay/delay3_off", "y": 90}
    },
    { 
      "when" : { "facing" : "west", "locked" : false, "powered" : false, "delay" : 4},
      "apply": { "model" : "block/repeater/delay/delay4_off", "y": 90}
    },

    { 
      "when" : { "facing" : "north", "locked" : false, "powered" : false, "delay" : 1},
      "apply": { "model" : "block/repeater/delay/delay1_off", "y": 180}
    },
    { 
      "when" : { "facing" : "north", "locked" : false, "powered" : false, "delay" : 2},
      "apply": { "model" : "block/repeater/delay/delay2_off", "y": 180}
    },
    { 
      "when" : { "facing" : "north", "locked" : false, "powered" : false, "delay" : 3},
      "apply": { "model" : "block/repeater/delay/delay3_off", "y": 180}
    },
    { 
      "when" : { "facing" : "north", "locked" : false, "powered" : false, "delay" : 4},
      "apply": { "model" : "block/repeater/delay/delay4_off", "y": 180}
    },

    { 
      "when" : { "facing" : "east", "locked" : false, "powered" : false, "delay" : 1},
      "apply": { "model" : "block/repeater/delay/delay1_off", "y": 270}
    },
    { 
      "when" : { "facing" : "east", "locked" : false, "powered" : false, "delay" : 2},
      "apply": { "model" : "block/repeater/delay/delay2_off", "y": 270}
    },
    { 
      "when" : { "facing" : "east", "locked" : false, "powered" : false, "delay" : 3},
      "apply": { "model" : "block/repeater/delay/delay3_off", "y": 270}
    },
    { 
      "when" : { "facing" : "east", "locked" : false, "powered" : false, "delay" : 4},
      "apply": { "model" : "block/repeater/delay/delay4_off", "y": 270}
    },

    
    {
      "when" : { "facing" : "south", "powered" : true },
      "apply": { "model" : "block/repeater/base_plate_on" }
    },
    {
      "when" : { "facing" : "west", "powered" : true },
      "apply": { "model" : "block/repeater/base_plate_on", "y": 90 }
    },
    {
      "when" : { "facing" : "north", "powered" : true },
      "apply": { "model" : "block/repeater/base_plate_on", "y": 180 }
    },
    {
      "when" : { "facing" : "east", "powered" : true },
      "apply": { "model" : "block/repeater/base_plate_on", "y": 270 }
    },

    
    {
      "when" : { "facing" : "south", "powered" : false },
      "apply": { "model" : "block/repeater/base_plate_off" }
    },
    {
      "when" : { "facing" : "west", "powered" : false },
      "apply": { "model" : "block/repeater/base_plate_off", "y": 90 }
    },
    {
      "when" : { "facing" : "north", "powered" : false },
      "apply": { "model" : "block/repeater/base_plate_off", "y": 180 }
    },
    {
      "when" : { "facing" : "east", "powered" : false },
      "apply": { "model" : "block/repeater/base_plate_off", "y": 270 }
    },

    
    {
      "when" : { "facing" : "south", "powered" : true },
      "apply": { "model" : "block/repeater/torch_on" }
    },
    {
      "when" : { "facing" : "west", "powered" : true },
      "apply": { "model" : "block/repeater/torch_on", "y": 90 }
    },
    {
      "when" : { "facing" : "north", "powered" : true },
      "apply": { "model" : "block/repeater/torch_on", "y": 180 }
    },
    {
      "when" : { "facing" : "east", "powered" : true },
      "apply": { "model" : "block/repeater/torch_on", "y": 270 }
    },

    
    {
      "when" : { "facing" : "south", "powered" : false },
      "apply": { "model" : "block/repeater/torch_off" }
    },
    {
      "when" : { "facing" : "west", "powered" : false },
      "apply": { "model" : "block/repeater/torch_off", "y": 90 }
    },
    {
      "when" : { "facing" : "north", "powered" : false },
      "apply": { "model" : "block/repeater/torch_off", "y": 180 }
    },
    {
      "when" : { "facing" : "east", "powered" : false },
      "apply": { "model" : "block/repeater/torch_off", "y": 270 }
    }

  ]
}