{
  "file_name": "topbtr",
  "texture_size": [
    128,
    128
  ],
  "textures": {
    "layer0": "modelengine:entity/grindylownew"
  },
  "elements": [
    {
      "name": "topbtr_0",
      "from": [
        7.797332,
        7.380824,
        7.544102
      ],
      "to": [
        8.162132,
        8.256344,
        8.091302
      ],
      "rotation": {
        "angle": -22.5,
        "axis": "x",
        "origin": [
          7.990622,
          8.041406,
          7.960022
        ]
      },
      "faces": {
        "down": {
          "uv": [
            9.137875,
            0.875,
            6.7499995,
            3.512875
          ],
          "texture": "#layer0",
          "tintindex": 0
        },
        "east": {
          "uv": [
            0.125,
            2.875,
            3.512,
            15.26325
          ],
          "texture": "#layer0",
          "tintindex": 0
        },
        "north": {
          "uv": [
            0.125,
            2.875,
            3.512,
            15.26325
          ],
          "texture": "#layer0",
          "tintindex": 0
        },
        "south": {
          "uv": [
            0.125,
            2.875,
            3.512,
            15.26325
          ],
          "texture": "#layer0",
          "tintindex": 0
        },
        "up": {
          "uv": [
            6.7499995,
            0.875,
            9.137875,
            3.512875
          ],
          "texture": "#layer0",
          "tintindex": 0
        },
        "west": {
          "uv": [
            0.125,
            2.875,
            3.512,
            15.26325
          ],
          "texture": "#layer0",
          "tintindex": 0
        }
      }
    },
    {
      "name": "topbtr_1",
      "from": [
        7.833812,
        6.718328,
        7.75595
      ],
      "to": [
        8.089172,
        7.593848,
        8.047791
      ],
      "rotation": {
        "angle": -22.5,
        "axis": "x",
        "origin": [
          7.990622,
          8.041406,
          7.960022
        ]
      },
      "faces": {
        "down": {
          "uv": [
            9.137875,
            0.875,
            6.7499995,
            3.512875
          ],
          "texture": "#layer0",
          "tintindex": 0
        },
        "east": {
          "uv": [
            0.125,
            2.875,
            3.512,
            15.26325
          ],
          "texture": "#layer0",
          "tintindex": 0
        },
        "north": {
          "uv": [
            0.125,
            2.875,
            3.512,
            15.26325
          ],
          "texture": "#layer0",
          "tintindex": 0
        },
        "south": {
          "uv": [
            0.125,
            2.875,
            3.512,
            15.26325
          ],
          "texture": "#layer0",
          "tintindex": 0
        },
        "up": {
          "uv": [
            6.7499995,
            0.875,
            9.137875,
            3.512875
          ],
          "texture": "#layer0",
          "tintindex": 0
        },
        "west": {
          "uv": [
            0.125,
            2.875,
            3.512,
            15.26325
          ],
          "texture": "#layer0",
          "tintindex": 0
        }
      }
    }
  ],
  "display": {
    "head": {
      "translation": [
        0.0,
        -6.4,
        0.0
      ],
      "rotation": [
        0.0,
        0.0,
        0.0
      ],
      "scale": [
        3.8095,
        3.8095,
        3.8095
      ]
    },
    "gui": {
      "translation": [
        0.0,
        0.0,
        0.0
      ],
      "rotation": [
        35.0,
        225.0,
        0.0
      ],
      "scale": [
        0.625,
        0.625,
        0.625
      ]
    }
  }
}