{
  "file_name": "topftl",
  "texture_size": [
    128,
    128
  ],
  "textures": {
    "layer0": "modelengine:entity/grindylownew"
  },
  "elements": [
    {
      "name": "topftl_0",
      "from": [
        7.8970637,
        6.769454,
        7.859084
      ],
      "to": [
        8.152424,
        7.6449738,
        8.150925
      ],
      "rotation": {
        "angle": 22.5,
        "axis": "x",
        "origin": [
          7.882094,
          8.041765,
          7.9722977
        ]
      },
      "faces": {
        "down": {
          "uv": [
            9.137875,
            0.875,
            6.7499995,
            3.512875
          ],
          "texture": "#layer0",
          "tintindex": 0
        },
        "east": {
          "uv": [
            0.125,
            2.875,
            3.512,
            15.26325
          ],
          "texture": "#layer0",
          "tintindex": 0
        },
        "north": {
          "uv": [
            0.125,
            2.875,
            3.512,
            15.26325
          ],
          "texture": "#layer0",
          "tintindex": 0
        },
        "south": {
          "uv": [
            0.125,
            2.875,
            3.512,
            15.26325
          ],
          "texture": "#layer0",
          "tintindex": 0
        },
        "up": {
          "uv": [
            6.7499995,
            0.875,
            9.137875,
            3.512875
          ],
          "texture": "#layer0",
          "tintindex": 0
        },
        "west": {
          "uv": [
            0.125,
            2.875,
            3.512,
            15.26325
          ],
          "texture": "#layer0",
          "tintindex": 0
        }
      }
    },
    {
      "name": "topftl_1",
      "from": [
        7.8281727,
        7.4459114,
        7.84928
      ],
      "to": [
        8.192972,
        8.321431,
        8.396481
      ],
      "rotation": {
        "angle": 22.5,
        "axis": "x",
        "origin": [
          7.957094,
          8.041765,
          7.9722977
        ]
      },
      "faces": {
        "down": {
          "uv": [
            9.137875,
            0.875,
            6.7499995,
            3.512875
          ],
          "texture": "#layer0",
          "tintindex": 0
        },
        "east": {
          "uv": [
            0.125,
            2.875,
            3.512,
            15.26325
          ],
          "texture": "#layer0",
          "tintindex": 0
        },
        "north": {
          "uv": [
            0.125,
            2.875,
            3.512,
            15.26325
          ],
          "texture": "#layer0",
          "tintindex": 0
        },
        "south": {
          "uv": [
            0.125,
            2.875,
            3.512,
            15.26325
          ],
          "texture": "#layer0",
          "tintindex": 0
        },
        "up": {
          "uv": [
            6.7499995,
            0.875,
            9.137875,
            3.512875
          ],
          "texture": "#layer0",
          "tintindex": 0
        },
        "west": {
          "uv": [
            0.125,
            2.875,
            3.512,
            15.26325
          ],
          "texture": "#layer0",
          "tintindex": 0
        }
      }
    }
  ],
  "display": {
    "head": {
      "translation": [
        0.0,
        -6.4,
        0.0
      ],
      "rotation": [
        0.0,
        0.0,
        0.0
      ],
      "scale": [
        3.8095,
        3.8095,
        3.8095
      ]
    },
    "gui": {
      "translation": [
        0.0,
        0.0,
        0.0
      ],
      "rotation": [
        35.0,
        225.0,
        0.0
      ],
      "scale": [
        0.625,
        0.625,
        0.625
      ]
    }
  }
}