{
  "file_name": "topltr",
  "texture_size": [
    128,
    128
  ],
  "textures": {
    "layer0": "modelengine:entity/grindylownew"
  },
  "elements": [
    {
      "name": "topltr_0",
      "from": [
        8.00186,
        7.4667797,
        7.77908
      ],
      "to": [
        8.36666,
        8.342299,
        8.143881
      ],
      "rotation": {
        "angle": -22.5,
        "axis": "z",
        "origin": [
          8.31194,
          8.214621,
          7.99796
        ]
      },
      "faces": {
        "down": {
          "uv": [
            9.137875,
            0.875,
            6.7499995,
            3.512875
          ],
          "texture": "#layer0",
          "tintindex": 0
        },
        "east": {
          "uv": [
            0.125,
            2.875,
            3.512,
            15.26325
          ],
          "texture": "#layer0",
          "tintindex": 0
        },
        "north": {
          "uv": [
            0.125,
            2.875,
            3.512,
            15.26325
          ],
          "texture": "#layer0",
          "tintindex": 0
        },
        "south": {
          "uv": [
            0.125,
            2.875,
            3.512,
            15.26325
          ],
          "texture": "#layer0",
          "tintindex": 0
        },
        "up": {
          "uv": [
            6.7499995,
            0.875,
            9.137875,
            3.512875
          ],
          "texture": "#layer0",
          "tintindex": 0
        },
        "west": {
          "uv": [
            0.125,
            2.875,
            3.512,
            15.26325
          ],
          "texture": "#layer0",
          "tintindex": 0
        }
      }
    },
    {
      "name": "topltr_1",
      "from": [
        8.027648,
        6.7102337,
        7.81556
      ],
      "to": [
        8.283008,
        7.5857534,
        8.1074
      ],
      "rotation": {
        "angle": -22.5,
        "axis": "z",
        "origin": [
          8.24714,
          8.1965,
          7.99796
        ]
      },
      "faces": {
        "down": {
          "uv": [
            9.137875,
            0.875,
            6.7499995,
            3.512875
          ],
          "texture": "#layer0",
          "tintindex": 0
        },
        "east": {
          "uv": [
            0.125,
            2.875,
            3.512,
            15.26325
          ],
          "texture": "#layer0",
          "tintindex": 0
        },
        "north": {
          "uv": [
            0.125,
            2.875,
            3.512,
            15.26325
          ],
          "texture": "#layer0",
          "tintindex": 0
        },
        "south": {
          "uv": [
            0.125,
            2.875,
            3.512,
            15.26325
          ],
          "texture": "#layer0",
          "tintindex": 0
        },
        "up": {
          "uv": [
            6.7499995,
            0.875,
            9.137875,
            3.512875
          ],
          "texture": "#layer0",
          "tintindex": 0
        },
        "west": {
          "uv": [
            0.125,
            2.875,
            3.512,
            15.26325
          ],
          "texture": "#layer0",
          "tintindex": 0
        }
      }
    }
  ],
  "display": {
    "head": {
      "translation": [
        0.0,
        -6.4,
        0.0
      ],
      "rotation": [
        0.0,
        0.0,
        0.0
      ],
      "scale": [
        3.8095,
        3.8095,
        3.8095
      ]
    },
    "gui": {
      "translation": [
        0.0,
        0.0,
        0.0
      ],
      "rotation": [
        35.0,
        225.0,
        0.0
      ],
      "scale": [
        0.625,
        0.625,
        0.625
      ]
    }
  }
}