{
  "file_name": "toplbh",
  "texture_size": [
    128,
    128
  ],
  "textures": {
    "layer0": "modelengine:entity/grindylownew"
  },
  "elements": [
    {
      "name": "toplbh_0",
      "from": [
        7.8634996,
        7.2888207,
        7.86896
      ],
      "to": [
        8.118859,
        8.164341,
        8.1608
      ],
      "rotation": {
        "angle": -22.5,
        "axis": "z",
        "origin": [
          8.06414,
          8.03666,
          8.05136
        ]
      },
      "faces": {
        "down": {
          "uv": [
            0.25,
            3.0,
            1.765625,
            4.640625
          ],
          "texture": "#layer0",
          "tintindex": 0
        },
        "east": {
          "uv": [
            3.38875,
            3.0,
            0.375,
            15.38875
          ],
          "texture": "#layer0",
          "tintindex": 0
        },
        "north": {
          "uv": [
            3.38875,
            3.0,
            0.375,
            15.38875
          ],
          "texture": "#layer0",
          "tintindex": 0
        },
        "south": {
          "uv": [
            3.38875,
            3.0,
            0.375,
            15.38875
          ],
          "texture": "#layer0",
          "tintindex": 0
        },
        "up": {
          "uv": [
            1.765625,
            3.0,
            0.25,
            4.640625
          ],
          "texture": "#layer0",
          "tintindex": 0
        },
        "west": {
          "uv": [
            3.38875,
            3.0,
            0.375,
            15.38875
          ],
          "texture": "#layer0",
          "tintindex": 0
        }
      }
    },
    {
      "name": "toplbh_1",
      "from": [
        7.8913584,
        6.701186,
        7.90544
      ],
      "to": [
        8.073758,
        7.576706,
        8.12432
      ],
      "rotation": {
        "angle": -22.5,
        "axis": "z",
        "origin": [
          7.9973,
          8.08946,
          8.01488
        ]
      },
      "faces": {
        "down": {
          "uv": [
            0.25,
            3.0,
            1.765625,
            4.640625
          ],
          "texture": "#layer0",
          "tintindex": 0
        },
        "east": {
          "uv": [
            3.38875,
            3.0,
            0.375,
            15.38875
          ],
          "texture": "#layer0",
          "tintindex": 0
        },
        "north": {
          "uv": [
            3.38875,
            3.0,
            0.375,
            15.38875
          ],
          "texture": "#layer0",
          "tintindex": 0
        },
        "south": {
          "uv": [
            3.38875,
            3.0,
            0.375,
            15.38875
          ],
          "texture": "#layer0",
          "tintindex": 0
        },
        "up": {
          "uv": [
            1.765625,
            3.0,
            0.25,
            4.640625
          ],
          "texture": "#layer0",
          "tintindex": 0
        },
        "west": {
          "uv": [
            3.38875,
            3.0,
            0.375,
            15.38875
          ],
          "texture": "#layer0",
          "tintindex": 0
        }
      }
    }
  ],
  "display": {
    "head": {
      "translation": [
        0.0,
        -6.4,
        0.0
      ],
      "rotation": [
        0.0,
        0.0,
        0.0
      ],
      "scale": [
        3.8095,
        3.8095,
        3.8095
      ]
    },
    "gui": {
      "translation": [
        0.0,
        0.0,
        0.0
      ],
      "rotation": [
        35.0,
        225.0,
        0.0
      ],
      "scale": [
        0.625,
        0.625,
        0.625
      ]
    }
  }
}