{
	"credit": "Made with Blockbench",
	"textures": {
		"0": "block/stripped_birch_log",
		"particle": "block/stripped_birch_log"
	},
	"elements": [
		{
			"from": [4.865, 0, -6],
			"to": [11.135, 0.5, 3.5],
			"rotation": {"angle": 0, "axis": "y", "origin": [13.985, 8, 2]},
			"faces": {
				"north": {"uv": [0, 0, 5.5, 0.5], "texture": "#0"},
				"east": {"uv": [0, 0, 9.5, 0.5], "texture": "#0"},
				"south": {"uv": [0, 0, 5.5, 0.5], "texture": "#0"},
				"west": {"uv": [0, 0, 9.5, 0.5], "texture": "#0"},
				"up": {"uv": [0, 0, 5.5, 9.5], "texture": "#0"},
				"down": {"uv": [0, 0, 5.5, 9.5], "texture": "#0"}
			}
		},
		{
			"from": [5.435, -0.12, 3.5],
			"to": [10.565, 0.62, 4.25],
			"rotation": {"angle": 0, "axis": "y", "origin": [13.985, 8, 2.5]},
			"faces": {
				"north": {"uv": [0, 0, 4.5, 0.74], "texture": "#0"},
				"east": {"uv": [0, 0, 0.75, 0.74], "texture": "#0"},
				"south": {"uv": [0, 0, 4.5, 0.74], "texture": "#0"},
				"west": {"uv": [0, 0, 0.75, 0.74], "texture": "#0"},
				"up": {"uv": [0, 0, 4.5, 0.75], "texture": "#0"},
				"down": {"uv": [0, 0, 4.5, 0.75], "texture": "#0"}
			}
		},
		{
			"from": [7.25, -0.25, 4.25],
			"to": [8.75, 0.75, 5],
			"rotation": {"angle": 0, "axis": "y", "origin": [13.25, 8, 2.75]},
			"faces": {
				"north": {"uv": [0, 0, 1.5, 1], "texture": "#0"},
				"east": {"uv": [0, 0, 0.75, 1], "texture": "#0"},
				"south": {"uv": [0, 0, 1.5, 1], "texture": "#0"},
				"west": {"uv": [0, 0, 0.75, 1], "texture": "#0"},
				"up": {"uv": [0, 0, 1.5, 0.75], "texture": "#0"},
				"down": {"uv": [0, 0, 1.5, 0.75], "texture": "#0"}
			}
		},
		{
			"from": [7.25, -0.45, 14.25],
			"to": [8.75, 1.05, 15],
			"rotation": {"angle": 0, "axis": "y", "origin": [13.25, 7.8, 12.75]},
			"faces": {
				"north": {"uv": [0, 0, 1.5, 1.5], "texture": "#0"},
				"east": {"uv": [0, 0, 0.75, 1.5], "texture": "#0"},
				"south": {"uv": [0, 0, 1.5, 1.5], "texture": "#0"},
				"west": {"uv": [0, 0, 0.75, 1.5], "texture": "#0"},
				"up": {"uv": [0, 0, 1.5, 0.75], "texture": "#0"},
				"down": {"uv": [0, 0, 1.5, 0.75], "texture": "#0"}
			}
		},
		{
			"from": [7.625, -0.25, 5],
			"to": [8.375, 0.75, 14.25],
			"rotation": {"angle": 0, "axis": "y", "origin": [13.375, 8, 3.5]},
			"faces": {
				"north": {"uv": [0, 0, 0.75, 1], "texture": "#0"},
				"east": {"uv": [0, 0, 13.75, 1], "texture": "#0"},
				"south": {"uv": [0, 0, 0.75, 1], "texture": "#0"},
				"west": {"uv": [0, 0, 13.75, 1], "texture": "#0"},
				"up": {"uv": [0, 0, 0.75, 13.75], "texture": "#0"},
				"down": {"uv": [0, 0, 0.75, 13.75], "texture": "#0"}
			}
		},
		{
			"from": [5.435, 0.1, -6.5],
			"to": [10.565, 0.35, -6],
			"rotation": {"angle": 0, "axis": "y", "origin": [13.985, 8.1, -7.5]},
			"faces": {
				"north": {"uv": [0, 0, 4.5, 0.25], "texture": "#0"},
				"east": {"uv": [0, 0, 0.5, 0.25], "texture": "#0"},
				"south": {"uv": [0, 0, 4.5, 0.25], "texture": "#0"},
				"west": {"uv": [0, 0, 0.5, 0.25], "texture": "#0"},
				"up": {"uv": [0, 0, 4.5, 0.5], "texture": "#0"},
				"down": {"uv": [0, 0, 4.5, 0.5], "texture": "#0"}
			}
		},
		{
			"from": [11.135, 0.1, -5.5],
			"to": [11.705, 0.35, 3],
			"rotation": {"angle": 0, "axis": "y", "origin": [12.845, 8.1, 4]},
			"faces": {
				"north": {"uv": [0, 0, 0.5, 0.25], "texture": "#0"},
				"east": {"uv": [0, 0, 8.5, 0.25], "texture": "#0"},
				"south": {"uv": [0, 0, 0.5, 0.25], "texture": "#0"},
				"west": {"uv": [0, 0, 8.5, 0.25], "texture": "#0"},
				"up": {"uv": [0, 0, 8.5, 0.5], "rotation": 90, "texture": "#0"},
				"down": {"uv": [0, 0, 8.5, 0.5], "rotation": 270, "texture": "#0"}
			}
		},
		{
			"from": [4.295, 0.1, -5.5],
			"to": [4.865, 0.35, 3],
			"rotation": {"angle": 0, "axis": "y", "origin": [6.005, 8.1, 4]},
			"faces": {
				"north": {"uv": [0, 0, 0.5, 0.25], "texture": "#0"},
				"east": {"uv": [0, 0, 8.5, 0.25], "texture": "#0"},
				"south": {"uv": [0, 0, 0.5, 0.25], "texture": "#0"},
				"west": {"uv": [0, 0, 8.5, 0.25], "texture": "#0"},
				"up": {"uv": [0, 0, 8.5, 0.5], "rotation": 90, "texture": "#0"},
				"down": {"uv": [0, 0, 8.5, 0.5], "rotation": 270, "texture": "#0"}
			}
		}
	],
	"gui_light": "front",
	"display": {
		"thirdperson_righthand": {
			"rotation": [52, 0, 0],
			"translation": [0, 6.75, 5.5]
		},
		"thirdperson_lefthand": {
			"rotation": [52, 0, 0],
			"translation": [0, 6.75, 5.5]
		},
		"firstperson_righthand": {
			"rotation": [0, 16, 0],
			"translation": [3.25, 6.25, -1.5]
		},
		"firstperson_lefthand": {
			"rotation": [0, 16, 0],
			"translation": [3.25, 6.25, -1.5]
		},
		"ground": {
			"translation": [0, 7.5, 0],
			"scale": [0.5, 0.5, 0.5]
		},
		"gui": {
			"rotation": [-124, -41, 0],
			"translation": [-2, -1, -6.25],
			"scale": [0.63, 0.64, 0.71]
		},
		"head": {
			"rotation": [-1, 91, 0],
			"translation": [3.5, -30, -0.25],
			"scale": [1.43, 1.43, 1.43]
		},
		"fixed": {
			"rotation": [-90.5, 0, 0],
			"translation": [0, 2.75, -6.25],
			"scale": [0.74, 0.74, 0.74]
		}
	}
}
