{
	"credit": "Made with Blockbench",
	"textures": {
		"1": "block/twig0",
		"2": "block/twig1",
		"3": "block/twig2",
		"particle": "block/twig0"
	},
	"elements": [
		{
			"from": [7.95, 0, 7.9],
			"to": [8.1, 11.5, 8.15],
			"rotation": {"angle": 0, "axis": "y", "origin": [15.1, 8, 15.9]},
			"faces": {
				"north": {"uv": [0, 0, 1, 16], "texture": "#1"},
				"east": {"uv": [0, 0, 1, 1], "texture": "#1"},
				"south": {"uv": [0, 0, 1, 1], "texture": "#1"},
				"west": {"uv": [0, 0, 1, 1], "texture": "#1"},
				"up": {"uv": [0, 0, 1, 1], "texture": "#1"},
				"down": {"uv": [0, 0, 1, 1], "texture": "#1"}
			}
		},
		{
			"from": [9.35, 3, 8.05],
			"to": [9.5, 6.2, 8.2],
			"rotation": {"angle": -22.5, "axis": "z", "origin": [9.375, 6.5, 8.225]},
			"faces": {
				"north": {"uv": [0, 0, 1, 16], "texture": "#1"},
				"east": {"uv": [0, 0, 1, 1], "texture": "#1"},
				"south": {"uv": [0, 0, 1, 1], "texture": "#1"},
				"west": {"uv": [0, 0, 1, 1], "texture": "#1"},
				"up": {"uv": [0, 0, 1, 1], "texture": "#1"},
				"down": {"uv": [0, 0, 1, 1], "texture": "#1"}
			}
		},
		{
			"from": [9.11703, 5.22794, 8.1],
			"to": [10.61703, 5.97794, 8.1],
			"rotation": {"angle": -22.5, "axis": "z", "origin": [9.86703, 5.60294, 8.1]},
			"faces": {
				"north": {"uv": [0, 3.5, 7.75, 8.5], "texture": "#2"},
				"east": {"uv": [0, 0, 1, 1], "rotation": 270, "texture": "#1"},
				"south": {"uv": [8.25, 4, 16, 9], "texture": "#3"},
				"west": {"uv": [0, 0, 1, 1], "rotation": 270, "texture": "#1"},
				"up": {"uv": [0, 0, 1, 1], "rotation": 270, "texture": "#1"},
				"down": {"uv": [0, 0, 1, 1], "rotation": 270, "texture": "#1"}
			}
		},
		{
			"from": [8.13297, 8.12794, 6.65],
			"to": [8.13297, 8.57794, 7.55],
			"rotation": {"angle": -45, "axis": "x", "origin": [8.13297, 8.20294, 6.8]},
			"faces": {
				"north": {"uv": [0, 1, 1, 0], "rotation": 270, "texture": "#1"},
				"east": {"uv": [7.75, 0, 0, 5], "texture": "#3"},
				"south": {"uv": [0, 1, 1, 0], "rotation": 270, "texture": "#1"},
				"west": {"uv": [16, 0, 8.25, 5], "texture": "#2"},
				"up": {"uv": [0, 1, 1, 0], "texture": "#1"},
				"down": {"uv": [0, 1, 1, 0], "rotation": 180, "texture": "#1"}
			}
		},
		{
			"from": [8.02828, 7.56345, 7.5],
			"to": [8.07828, 9.26345, 7.55],
			"rotation": {"angle": -45, "axis": "x", "origin": [8.05328, 8.41345, 7.525]},
			"faces": {
				"north": {"uv": [0, 0, 1, 16], "texture": "#1"},
				"east": {"uv": [0, 0, 1, 1], "texture": "#1"},
				"south": {"uv": [0, 0, 1, 1], "texture": "#1"},
				"west": {"uv": [0, 0, 1, 1], "texture": "#1"},
				"up": {"uv": [0, 0, 1, 1], "texture": "#1"},
				"down": {"uv": [0, 0, 1, 1], "texture": "#1"}
			}
		}
	],
	"display": {
		"thirdperson_righthand": {
			"rotation": [15, 0, 0],
			"translation": [-0.75, 6, 2.25]
		},
		"thirdperson_lefthand": {
			"rotation": [18, 0, 0],
			"translation": [0, 6, 3]
		},
		"firstperson_righthand": {
			"translation": [0, 4.75, 0]
		},
		"firstperson_lefthand": {
			"translation": [0, 4, 0]
		},
		"ground": {
			"rotation": [39, 0, 0],
			"translation": [0, 5.5, 0],
			"scale": [1.66, 1.66, 1.66]
		},
		"gui": {
			"rotation": [-58, 56, 56],
			"translation": [-1.5, 3, 0],
			"scale": [4, 1.29, 2.25]
		},
		"head": {
			"rotation": [-92, -110, 0],
			"translation": [1.5, -41.25, -1.5],
			"scale": [2.09, 2.09, 2.09]
		},
		"fixed": {
			"rotation": [32, 44, -42],
			"translation": [0.5, 2.75, -1],
			"scale": [3.58, 1.5, 1.5]
		}
	}
}