{
	"credit": "Made with Blockbench",
	"textures": {
		"1": "block/stone0"
	},
	"elements": [
		{
			"from": [1, 0, 1.625],
			"to": [14.75, 15.125, 14.75],
			"faces": {
				"north": {"uv": [0, 0, 16, 16], "texture": "#1"},
				"east": {"uv": [0, 0, 16, 16], "texture": "#1"},
				"south": {"uv": [0, 0, 16, 16], "texture": "#1"},
				"west": {"uv": [0, 0, 16, 16], "texture": "#1"},
				"up": {"uv": [0, 0, 16, 16], "texture": "#1"},
				"down": {"uv": [0, 0, 16, 16], "texture": "#1"}
			}
		},
		{
			"from": [9.875, 8.625, 1],
			"to": [13.25, 11.25, 3.75],
			"rotation": {"angle": 45, "axis": "x", "origin": [11.5625, 9.9375, 2.375]},
			"faces": {
				"north": {"uv": [7.5, 3, 13.25, 7.25], "texture": "#1"},
				"east": {"uv": [7.5, 3, 13.25, 7.25], "texture": "#1"},
				"south": {"uv": [7.5, 3, 13.25, 7.25], "texture": "#1"},
				"west": {"uv": [7.5, 3, 13.25, 7.25], "texture": "#1"},
				"up": {"uv": [7.5, 3, 13.25, 7.25], "texture": "#1"},
				"down": {"uv": [7.5, 3, 13.25, 7.25], "texture": "#1"}
			}
		},
		{
			"from": [9.875, 8.625, 12.75],
			"to": [13.25, 11.25, 15.5],
			"rotation": {"angle": -45, "axis": "x", "origin": [11.5625, 9.9375, 14.125]},
			"faces": {
				"north": {"uv": [13.25, 3, 7.5, 7.25], "texture": "#1"},
				"east": {"uv": [13.25, 3, 7.5, 7.25], "texture": "#1"},
				"south": {"uv": [13.25, 3, 7.5, 7.25], "texture": "#1"},
				"west": {"uv": [13.25, 3, 7.5, 7.25], "texture": "#1"},
				"up": {"uv": [7.5, 7.25, 13.25, 3], "texture": "#1"},
				"down": {"uv": [7.5, 7.25, 13.25, 3], "texture": "#1"}
			}
		},
		{
			"from": [4.625, 12.875, 9.625],
			"to": [8, 15.5, 12.375],
			"rotation": {"angle": -45, "axis": "x", "origin": [6.3125, 14.1875, 11]},
			"faces": {
				"north": {"uv": [13.25, 3, 7.5, 7.25], "texture": "#1"},
				"east": {"uv": [13.25, 3, 7.5, 7.25], "texture": "#1"},
				"south": {"uv": [13.25, 3, 7.5, 7.25], "texture": "#1"},
				"west": {"uv": [13.25, 3, 7.5, 7.25], "texture": "#1"},
				"up": {"uv": [7.5, 7.25, 13.25, 3], "texture": "#1"},
				"down": {"uv": [7.5, 7.25, 13.25, 3], "texture": "#1"}
			}
		},
		{
			"from": [10.75, 12.875, 4.625],
			"to": [12.375, 15.5, 7.375],
			"rotation": {"angle": -45, "axis": "x", "origin": [10.6875, 14.1875, 6]},
			"faces": {
				"north": {"uv": [13.25, 3, 7.5, 7.25], "texture": "#1"},
				"east": {"uv": [13.25, 3, 7.5, 7.25], "texture": "#1"},
				"south": {"uv": [13.25, 3, 7.5, 7.25], "texture": "#1"},
				"west": {"uv": [13.25, 3, 7.5, 7.25], "texture": "#1"},
				"up": {"uv": [7.5, 7.25, 13.25, 3], "texture": "#1"},
				"down": {"uv": [7.5, 7.25, 13.25, 3], "texture": "#1"}
			}
		},
		{
			"from": [0.4375, 8.625, 5.1875],
			"to": [3.1875, 11.25, 8.5625],
			"rotation": {"angle": 45, "axis": "z", "origin": [1.8125, 9.9375, 6.875]},
			"faces": {
				"north": {"uv": [13.25, 3, 7.5, 7.25], "rotation": 180, "texture": "#1"},
				"east": {"uv": [13.25, 3, 7.5, 7.25], "rotation": 180, "texture": "#1"},
				"south": {"uv": [13.25, 3, 7.5, 7.25], "rotation": 180, "texture": "#1"},
				"west": {"uv": [13.25, 3, 7.5, 7.25], "rotation": 180, "texture": "#1"},
				"up": {"uv": [7.5, 7.25, 13.25, 3], "rotation": 90, "texture": "#1"},
				"down": {"uv": [7.5, 7.25, 13.25, 3], "rotation": 270, "texture": "#1"}
			}
		},
		{
			"from": [12.4375, 8.625, 5.1875],
			"to": [15.1875, 11.25, 8.5625],
			"rotation": {"angle": -45, "axis": "z", "origin": [13.8125, 9.9375, 6.875]},
			"faces": {
				"north": {"uv": [7.5, 3, 13.25, 7.25], "rotation": 180, "texture": "#1"},
				"east": {"uv": [7.5, 3, 13.25, 7.25], "rotation": 180, "texture": "#1"},
				"south": {"uv": [7.5, 3, 13.25, 7.25], "rotation": 180, "texture": "#1"},
				"west": {"uv": [7.5, 3, 13.25, 7.25], "rotation": 180, "texture": "#1"},
				"up": {"uv": [7.5, 3, 13.25, 7.25], "rotation": 90, "texture": "#1"},
				"down": {"uv": [7.5, 3, 13.25, 7.25], "rotation": 270, "texture": "#1"}
			}
		},
		{
			"from": [1.5, 4.75, 7.5],
			"to": [4.875, 7.375, 10.25],
			"rotation": {"angle": 45, "axis": "x", "origin": [3.1875, 6.0625, 8.875]},
			"faces": {
				"north": {"uv": [13.25, 7.25, 7.5, 3], "texture": "#1"},
				"east": {"uv": [13.25, 7.25, 7.5, 3], "texture": "#1"},
				"south": {"uv": [13.25, 7.25, 7.5, 3], "texture": "#1"},
				"west": {"uv": [13.25, 7.25, 7.5, 3], "texture": "#1"},
				"up": {"uv": [7.5, 3, 13.25, 7.25], "texture": "#1"},
				"down": {"uv": [7.5, 3, 13.25, 7.25], "texture": "#1"}
			}
		},
		{
			"from": [5.0625, 7.375, 1.3125],
			"to": [7.8125, 10.75, 3.9375],
			"rotation": {"angle": -45, "axis": "y", "origin": [6.4375, 9.0625, 2.625]},
			"faces": {
				"north": {"uv": [7.5, 3, 13.25, 7.25], "rotation": 270, "texture": "#1"},
				"east": {"uv": [7.5, 3, 13.25, 7.25], "rotation": 270, "texture": "#1"},
				"south": {"uv": [7.5, 3, 13.25, 7.25], "rotation": 270, "texture": "#1"},
				"west": {"uv": [7.5, 3, 13.25, 7.25], "rotation": 90, "texture": "#1"},
				"up": {"uv": [7.5, 3, 13.25, 7.25], "rotation": 180, "texture": "#1"},
				"down": {"uv": [7.5, 3, 13.25, 7.25], "texture": "#1"}
			}
		},
		{
			"from": [5.0625, 7.375, 12.5625],
			"to": [7.8125, 10.75, 15.1875],
			"rotation": {"angle": 45, "axis": "y", "origin": [6.4375, 9.0625, 13.875]},
			"faces": {
				"north": {"uv": [7.5, 7.25, 13.25, 3], "rotation": 270, "texture": "#1"},
				"east": {"uv": [7.5, 7.25, 13.25, 3], "rotation": 270, "texture": "#1"},
				"south": {"uv": [7.5, 7.25, 13.25, 3], "rotation": 270, "texture": "#1"},
				"west": {"uv": [7.5, 7.25, 13.25, 3], "rotation": 90, "texture": "#1"},
				"up": {"uv": [7.5, 7.25, 13.25, 3], "rotation": 180, "texture": "#1"},
				"down": {"uv": [7.5, 7.25, 13.25, 3], "texture": "#1"}
			}
		},
		{
			"from": [1.25036, 8.125, 0.61316],
			"to": [4.25036, 11.5, 3.23816],
			"rotation": {"angle": 45, "axis": "y", "origin": [4.10417, 7.62321, 3.05387]},
			"faces": {
				"north": {"uv": [7.5, 7.25, 13.25, 3], "rotation": 270, "texture": "#1"},
				"east": {"uv": [7.5, 7.25, 13.25, 3], "rotation": 270, "texture": "#1"},
				"south": {"uv": [7.5, 7.25, 13.25, 3], "rotation": 270, "texture": "#1"},
				"west": {"uv": [7.5, 7.25, 13.25, 3], "rotation": 90, "texture": "#1"},
				"up": {"uv": [7.5, 7.25, 13.25, 3], "rotation": 180, "texture": "#1"},
				"down": {"uv": [7.5, 7.25, 13.25, 3], "texture": "#1"}
			}
		},
		{
			"from": [12.0625, 4.625, 1.6875],
			"to": [14.8125, 8, 4.3125],
			"rotation": {"angle": -45, "axis": "y", "origin": [13.4375, 6.3125, 3]},
			"faces": {
				"north": {"uv": [7.5, 3, 13.25, 7.25], "rotation": 270, "texture": "#1"},
				"east": {"uv": [7.5, 3, 13.25, 7.25], "rotation": 270, "texture": "#1"},
				"south": {"uv": [7.5, 3, 13.25, 7.25], "rotation": 270, "texture": "#1"},
				"west": {"uv": [7.5, 3, 13.25, 7.25], "rotation": 90, "texture": "#1"},
				"up": {"uv": [7.5, 3, 13.25, 7.25], "rotation": 180, "texture": "#1"},
				"down": {"uv": [7.5, 3, 13.25, 7.25], "texture": "#1"}
			}
		},
		{
			"from": [12.0625, 2.625, 12.1875],
			"to": [14.8125, 6, 14.8125],
			"rotation": {"angle": 45, "axis": "y", "origin": [13.4375, 4.3125, 13.5]},
			"faces": {
				"north": {"uv": [7.5, 7.25, 13.25, 3], "rotation": 270, "texture": "#1"},
				"east": {"uv": [7.5, 7.25, 13.25, 3], "rotation": 270, "texture": "#1"},
				"south": {"uv": [7.5, 7.25, 13.25, 3], "rotation": 270, "texture": "#1"},
				"west": {"uv": [7.5, 7.25, 13.25, 3], "rotation": 90, "texture": "#1"},
				"up": {"uv": [7.5, 7.25, 13.25, 3], "rotation": 180, "texture": "#1"},
				"down": {"uv": [7.5, 7.25, 13.25, 3], "texture": "#1"}
			}
		},
		{
			"from": [-0.40973, 5.625, 16.04774],
			"to": [2.34027, 9, 18.67274],
			"rotation": {"angle": 45, "axis": "y", "origin": [-3.02083, 9.87321, 13.80387]},
			"faces": {
				"north": {"uv": [7.5, 7.25, 13.25, 3], "rotation": 270, "texture": "#1"},
				"east": {"uv": [7.5, 7.25, 13.25, 3], "rotation": 270, "texture": "#1"},
				"south": {"uv": [7.5, 7.25, 13.25, 3], "rotation": 270, "texture": "#1"},
				"west": {"uv": [7.5, 7.25, 13.25, 3], "rotation": 90, "texture": "#1"},
				"up": {"uv": [7.5, 7.25, 13.25, 3], "rotation": 180, "texture": "#1"},
				"down": {"uv": [7.5, 7.25, 13.25, 3], "texture": "#1"}
			}
		},
		{
			"from": [3.6875, 10, 6.9375],
			"to": [6.4375, 13.375, 9.5625],
			"rotation": {"angle": 45, "axis": "y", "origin": [5.0625, 11.6875, 8.25]},
			"faces": {
				"north": {"uv": [13.25, 7.25, 7.5, 3], "rotation": 270, "texture": "#1"},
				"east": {"uv": [13.25, 7.25, 7.5, 3], "rotation": 270, "texture": "#1"},
				"south": {"uv": [13.25, 7.25, 7.5, 3], "rotation": 270, "texture": "#1"},
				"west": {"uv": [13.25, 7.25, 7.5, 3], "rotation": 90, "texture": "#1"},
				"up": {"uv": [7.5, 3, 13.25, 7.25], "texture": "#1"},
				"down": {"uv": [7.5, 3, 13.25, 7.25], "rotation": 180, "texture": "#1"}
			}
		},
		{
			"from": [9.875, 8.625, 12.375],
			"to": [13.25, 11.25, 15.125],
			"rotation": {"angle": 45, "axis": "x", "origin": [11.5625, 9.9375, 13.75]},
			"faces": {
				"north": {"uv": [7.5, 3, 13.25, 7.25], "texture": "#1"},
				"east": {"uv": [7.5, 3, 13.25, 7.25], "texture": "#1"},
				"south": {"uv": [7.5, 3, 13.25, 7.25], "texture": "#1"},
				"west": {"uv": [7.5, 3, 13.25, 7.25], "texture": "#1"},
				"up": {"uv": [7.5, 3, 13.25, 7.25], "texture": "#1"},
				"down": {"uv": [7.5, 3, 13.25, 7.25], "texture": "#1"}
			}
		},
		{
			"from": [2.25, 1.875, 0.75],
			"to": [5.625, 4.5, 3.5],
			"rotation": {"angle": 45, "axis": "x", "origin": [3.9375, 3.1875, 2.125]},
			"faces": {
				"north": {"uv": [7.5, 3, 13.25, 7.25], "texture": "#1"},
				"east": {"uv": [7.5, 3, 13.25, 7.25], "texture": "#1"},
				"south": {"uv": [7.5, 3, 13.25, 7.25], "texture": "#1"},
				"west": {"uv": [7.5, 3, 13.25, 7.25], "texture": "#1"},
				"up": {"uv": [7.5, 3, 13.25, 7.25], "texture": "#1"},
				"down": {"uv": [7.5, 3, 13.25, 7.25], "texture": "#1"}
			}
		},
		{
			"from": [2.25, 1.875, 13],
			"to": [5.625, 4.5, 15.75],
			"rotation": {"angle": -45, "axis": "x", "origin": [3.9375, 3.1875, 14.375]},
			"faces": {
				"north": {"uv": [13.25, 3, 7.5, 7.25], "texture": "#1"},
				"east": {"uv": [13.25, 3, 7.5, 7.25], "texture": "#1"},
				"south": {"uv": [13.25, 3, 7.5, 7.25], "texture": "#1"},
				"west": {"uv": [13.25, 3, 7.5, 7.25], "texture": "#1"},
				"up": {"uv": [7.5, 7.25, 13.25, 3], "texture": "#1"},
				"down": {"uv": [7.5, 7.25, 13.25, 3], "texture": "#1"}
			}
		},
		{
			"from": [-0.125, 3.29587, 7.50141],
			"to": [2.5, 6.04587, 10.87641],
			"rotation": {"angle": 45, "axis": "z", "origin": [1.1875, 4.67087, 9.18891]},
			"faces": {
				"north": {"uv": [13.25, 3, 7.5, 7.25], "rotation": 270, "texture": "#1"},
				"east": {"uv": [7.5, 7.25, 13.25, 3], "rotation": 180, "texture": "#1"},
				"south": {"uv": [13.25, 3, 7.5, 7.25], "rotation": 90, "texture": "#1"},
				"west": {"uv": [7.5, 7.25, 13.25, 3], "texture": "#1"},
				"up": {"uv": [13.25, 3, 7.5, 7.25], "rotation": 90, "texture": "#1"},
				"down": {"uv": [13.25, 3, 7.5, 7.25], "rotation": 90, "texture": "#1"}
			}
		},
		{
			"from": [13.125, 3.29587, 7.50141],
			"to": [15.75, 6.04587, 10.87641],
			"rotation": {"angle": -45, "axis": "z", "origin": [14.4375, 4.67087, 9.18891]},
			"faces": {
				"north": {"uv": [13.25, 7.25, 7.5, 3], "rotation": 270, "texture": "#1"},
				"east": {"uv": [13.25, 7.25, 7.5, 3], "texture": "#1"},
				"south": {"uv": [13.25, 7.25, 7.5, 3], "rotation": 90, "texture": "#1"},
				"west": {"uv": [13.25, 7.25, 7.5, 3], "rotation": 180, "texture": "#1"},
				"up": {"uv": [13.25, 7.25, 7.5, 3], "rotation": 90, "texture": "#1"},
				"down": {"uv": [13.25, 7.25, 7.5, 3], "rotation": 90, "texture": "#1"}
			}
		},
		{
			"from": [3.25, 12, 1.625],
			"to": [5.625, 15.125, 4.375],
			"rotation": {"angle": 45, "axis": "x", "origin": [3.9375, 13.3125, 3]},
			"faces": {
				"north": {"uv": [7.5, 3, 13.25, 7.25], "texture": "#1"},
				"east": {"uv": [7.5, 3, 13.25, 7.25], "texture": "#1"},
				"south": {"uv": [7.5, 3, 13.25, 7.25], "texture": "#1"},
				"west": {"uv": [7.5, 3, 13.25, 7.25], "texture": "#1"},
				"up": {"uv": [7.5, 3, 13.25, 7.25], "texture": "#1"},
				"down": {"uv": [7.5, 3, 13.25, 7.25], "texture": "#1"}
			}
		},
		{
			"from": [3.25, 12, 12.125],
			"to": [5.625, 15.125, 14.875],
			"rotation": {"angle": -45, "axis": "x", "origin": [3.9375, 13.3125, 13.5]},
			"faces": {
				"north": {"uv": [13.25, 3, 7.5, 7.25], "texture": "#1"},
				"east": {"uv": [13.25, 3, 7.5, 7.25], "texture": "#1"},
				"south": {"uv": [13.25, 3, 7.5, 7.25], "texture": "#1"},
				"west": {"uv": [13.25, 3, 7.5, 7.25], "texture": "#1"},
				"up": {"uv": [7.5, 7.25, 13.25, 3], "texture": "#1"},
				"down": {"uv": [7.5, 7.25, 13.25, 3], "texture": "#1"}
			}
		},
		{
			"from": [0.25, 12.11428, 8.76072],
			"to": [3.375, 14.86428, 11.13572],
			"rotation": {"angle": -45, "axis": "z", "origin": [1.8125, 13.48928, 9.94822]},
			"faces": {
				"north": {"uv": [13.25, 3, 7.5, 7.25], "rotation": 270, "texture": "#1"},
				"east": {"uv": [7.5, 7.25, 13.25, 3], "rotation": 180, "texture": "#1"},
				"south": {"uv": [13.25, 3, 7.5, 7.25], "rotation": 90, "texture": "#1"},
				"west": {"uv": [7.5, 7.25, 13.25, 3], "texture": "#1"},
				"up": {"uv": [13.25, 3, 7.5, 7.25], "rotation": 90, "texture": "#1"},
				"down": {"uv": [13.25, 3, 7.5, 7.25], "rotation": 90, "texture": "#1"}
			}
		},
		{
			"from": [3.5, 12.86428, 5.26072],
			"to": [7, 15.61428, 7.01072],
			"rotation": {"angle": -45, "axis": "z", "origin": [5.4375, 14.23928, 6.44822]},
			"faces": {
				"north": {"uv": [13.25, 3, 7.5, 7.25], "rotation": 270, "texture": "#1"},
				"east": {"uv": [7.5, 7.25, 13.25, 3], "rotation": 180, "texture": "#1"},
				"south": {"uv": [13.25, 3, 7.5, 7.25], "rotation": 90, "texture": "#1"},
				"west": {"uv": [7.5, 7.25, 13.25, 3], "rotation": 90, "texture": "#1"},
				"up": {"uv": [13.25, 3, 7.5, 7.25], "rotation": 180, "texture": "#1"},
				"down": {"uv": [13.25, 3, 7.5, 7.25], "rotation": 90, "texture": "#1"}
			}
		},
		{
			"from": [8.875, 12.86428, 8.26072],
			"to": [11.75, 15.61428, 9.63572],
			"rotation": {"angle": -45, "axis": "z", "origin": [10.1875, 14.23928, 9.44822]},
			"faces": {
				"north": {"uv": [13.25, 3, 7.5, 7.25], "rotation": 270, "texture": "#1"},
				"east": {"uv": [7.5, 7.25, 13.25, 3], "rotation": 180, "texture": "#1"},
				"south": {"uv": [13.25, 3, 7.5, 7.25], "rotation": 90, "texture": "#1"},
				"west": {"uv": [7.5, 7.25, 13.25, 3], "rotation": 90, "texture": "#1"},
				"up": {"uv": [13.25, 3, 7.5, 7.25], "rotation": 180, "texture": "#1"},
				"down": {"uv": [13.25, 3, 7.5, 7.25], "rotation": 90, "texture": "#1"}
			}
		},
		{
			"from": [12.25, 12.11428, 8.76072],
			"to": [15.375, 14.86428, 11.13572],
			"rotation": {"angle": 45, "axis": "z", "origin": [13.8125, 13.48928, 9.94822]},
			"faces": {
				"north": {"uv": [13.25, 7.25, 7.5, 3], "rotation": 270, "texture": "#1"},
				"east": {"uv": [13.25, 7.25, 7.5, 3], "texture": "#1"},
				"south": {"uv": [13.25, 7.25, 7.5, 3], "rotation": 90, "texture": "#1"},
				"west": {"uv": [13.25, 7.25, 7.5, 3], "rotation": 180, "texture": "#1"},
				"up": {"uv": [13.25, 7.25, 7.5, 3], "rotation": 90, "texture": "#1"},
				"down": {"uv": [13.25, 7.25, 7.5, 3], "rotation": 90, "texture": "#1"}
			}
		},
		{
			"from": [7.125, 0.3125, 1.5625],
			"to": [10.5, 2.1875, 4.1875],
			"rotation": {"angle": -45, "axis": "y", "origin": [8.8125, 1.6875, 2.875]},
			"faces": {
				"north": {"uv": [7.5, 3, 13.25, 7.25], "rotation": 180, "texture": "#1"},
				"east": {"uv": [7.5, 3, 13.25, 7.25], "rotation": 270, "texture": "#1"},
				"south": {"uv": [7.5, 3, 13.25, 7.25], "texture": "#1"},
				"west": {"uv": [7.5, 3, 13.25, 7.25], "rotation": 90, "texture": "#1"},
				"up": {"uv": [7.5, 3, 13.25, 7.25], "rotation": 180, "texture": "#1"},
				"down": {"uv": [7.5, 3, 13.25, 7.25], "texture": "#1"}
			}
		},
		{
			"from": [7.125, 0.3125, 12.3125],
			"to": [10.5, 2.1875, 14.9375],
			"rotation": {"angle": 45, "axis": "y", "origin": [8.8125, 1.6875, 13.625]},
			"faces": {
				"north": {"uv": [13.25, 3, 7.5, 7.25], "texture": "#1"},
				"east": {"uv": [7.5, 7.25, 13.25, 3], "rotation": 270, "texture": "#1"},
				"south": {"uv": [13.25, 3, 7.5, 7.25], "rotation": 180, "texture": "#1"},
				"west": {"uv": [7.5, 7.25, 13.25, 3], "rotation": 90, "texture": "#1"},
				"up": {"uv": [7.5, 7.25, 13.25, 3], "rotation": 180, "texture": "#1"},
				"down": {"uv": [7.5, 7.25, 13.25, 3], "texture": "#1"}
			}
		},
		{
			"from": [0.54401, 0.3125, 5.49076],
			"to": [3.91901, 2.1875, 8.11576],
			"rotation": {"angle": 45, "axis": "y", "origin": [1.60417, 6.87321, 6.42887]},
			"faces": {
				"north": {"uv": [13.25, 3, 7.5, 7.25], "texture": "#1"},
				"east": {"uv": [7.5, 7.25, 13.25, 3], "rotation": 270, "texture": "#1"},
				"south": {"uv": [13.25, 3, 7.5, 7.25], "rotation": 180, "texture": "#1"},
				"west": {"uv": [7.5, 7.25, 13.25, 3], "rotation": 90, "texture": "#1"},
				"up": {"uv": [7.5, 7.25, 13.25, 3], "rotation": 180, "texture": "#1"},
				"down": {"uv": [7.5, 7.25, 13.25, 3], "texture": "#1"}
			}
		},
		{
			"from": [11.70599, 0.3125, 5.49076],
			"to": [15.08099, 2.1875, 8.11576],
			"rotation": {"angle": -45, "axis": "y", "origin": [14.02083, 6.87321, 6.42887]},
			"faces": {
				"north": {"uv": [7.5, 3, 13.25, 7.25], "texture": "#1"},
				"east": {"uv": [7.5, 3, 13.25, 7.25], "rotation": 90, "texture": "#1"},
				"south": {"uv": [7.5, 3, 13.25, 7.25], "rotation": 180, "texture": "#1"},
				"west": {"uv": [7.5, 3, 13.25, 7.25], "rotation": 270, "texture": "#1"},
				"up": {"uv": [13.25, 7.25, 7.5, 3], "rotation": 180, "texture": "#1"},
				"down": {"uv": [13.25, 7.25, 7.5, 3], "texture": "#1"}
			}
		},
		{
			"from": [2.25, 1.875, 12.125],
			"to": [5.625, 4.5, 14.875],
			"rotation": {"angle": 45, "axis": "x", "origin": [3.9375, 3.1875, 13.5]},
			"faces": {
				"north": {"uv": [7.5, 3, 13.25, 7.25], "texture": "#1"},
				"east": {"uv": [7.5, 3, 13.25, 7.25], "texture": "#1"},
				"south": {"uv": [7.5, 3, 13.25, 7.25], "texture": "#1"},
				"west": {"uv": [7.5, 3, 13.25, 7.25], "texture": "#1"},
				"up": {"uv": [7.5, 3, 13.25, 7.25], "texture": "#1"},
				"down": {"uv": [7.5, 3, 13.25, 7.25], "texture": "#1"}
			}
		}
	],
	"display": {
		"thirdperson_righthand": {
			"rotation": [75, 45, 0],
			"translation": [0, 2.5, 0],
			"scale": [0.375, 0.375, 0.375]
		},
		"thirdperson_lefthand": {
			"rotation": [75, 45, 0],
			"translation": [0, 2.5, 0],
			"scale": [0.375, 0.375, 0.375]
		},
		"firstperson_righthand": {
			"rotation": [0, 45, 0],
			"scale": [0.4, 0.4, 0.4]
		},
		"firstperson_lefthand": {
			"rotation": [0, 225, 0],
			"scale": [0.4, 0.4, 0.4]
		},
		"ground": {
			"translation": [0, 3, 0],
			"scale": [0.25, 0.25, 0.25]
		},
		"gui": {
			"rotation": [30, 225, 0],
			"scale": [0.7, 0.7, 0.7]
		},
		"head": {
			"translation": [0, -31.75, 0],
			"scale": [1.5, 1.5, 1.5]
		},
		"fixed": {
			"scale": [0.5, 0.5, 0.5]
		}
	}
}