{
  "file_name": "flarm",
  "texture_size": [
    128,
    128
  ],
  "textures": {
    "layer0": "modelengine:entity/fire salamander"
  },
  "elements": [
    {
      "name": "flarm_0",
      "from": [
        7.80596,
        7.625,
        7.60499
      ],
      "to": [
        8.70596,
        8.0,
        8.05499
      ],
      "rotation": {
        "angle": 22.5,
        "axis": "y",
        "origin": [
          8.9,
          8.075,
          9.575001
        ]
      },
      "faces": {
        "down": {
          "uv": [
            16.0,
            4.75,
            0.0,
            16.0
          ],
          "texture": "#layer0",
          "tintindex": 0
        },
        "east": {
          "uv": [
            0.0,
            4.75,
            16.0,
            16.0
          ],
          "texture": "#layer0",
          "tintindex": 0
        },
        "north": {
          "uv": [
            16.0,
            9.0,
            0.0,
            13.75
          ],
          "texture": "#layer0",
          "tintindex": 0
        },
        "south": {
          "uv": [
            0.0,
            9.0,
            16.0,
            13.75
          ],
          "texture": "#layer0",
          "tintindex": 0
        },
        "up": {
          "uv": [
            16.0,
            11.5,
            3.5,
            4.75
          ],
          "texture": "#layer0",
          "tintindex": 0
        },
        "west": {
          "uv": [
            0.0,
            4.75,
            16.0,
            16.0
          ],
          "texture": "#layer0",
          "tintindex": 0
        }
      }
    },
    {
      "name": "flarm_1",
      "from": [
        6.275078,
        8.2401085,
        8.139368
      ],
      "to": [
        7.400078,
        8.540108,
        8.589368
      ],
      "rotation": {
        "angle": 22.5,
        "axis": "z",
        "origin": [
          8.9,
          8.075,
          9.575001
        ]
      },
      "faces": {
        "down": {
          "uv": [
            16.0,
            4.75,
            0.0,
            16.0
          ],
          "texture": "#layer0",
          "tintindex": 0
        },
        "east": {
          "uv": [
            0.0,
            4.75,
            16.0,
            16.0
          ],
          "texture": "#layer0",
          "tintindex": 0
        },
        "north": {
          "uv": [
            16.0,
            7.5,
            0.0,
            11.0
          ],
          "texture": "#layer0",
          "tintindex": 0
        },
        "south": {
          "uv": [
            0.0,
            5.0,
            16.0,
            8.5
          ],
          "texture": "#layer0",
          "tintindex": 0
        },
        "up": {
          "uv": [
            16.0,
            4.75,
            0.0,
            11.5
          ],
          "texture": "#layer0",
          "tintindex": 0
        },
        "west": {
          "uv": [
            0.0,
            4.75,
            16.0,
            16.0
          ],
          "texture": "#layer0",
          "tintindex": 0
        }
      }
    },
    {
      "name": "flarm_2",
      "from": [
        5.513906,
        7.175,
        9.0589695
      ],
      "to": [
        6.1889057,
        7.4,
        9.65897
      ],
      "rotation": {
        "angle": -22.5,
        "axis": "y",
        "origin": [
          8.9,
          8.075,
          9.575001
        ]
      },
      "faces": {
        "down": {
          "uv": [
            16.0,
            4.75,
            0.0,
            16.0
          ],
          "texture": "#layer0",
          "tintindex": 0
        },
        "east": {
          "uv": [
            0.0,
            9.0,
            16.0,
            11.75
          ],
          "texture": "#layer0",
          "tintindex": 0
        },
        "north": {
          "uv": [
            0.0,
            9.0,
            16.0,
            11.75
          ],
          "texture": "#layer0",
          "tintindex": 0
        },
        "south": {
          "uv": [
            0.0,
            9.0,
            16.0,
            11.75
          ],
          "texture": "#layer0",
          "tintindex": 0
        },
        "up": {
          "uv": [
            0.0,
            4.75,
            7.75,
            11.5
          ],
          "texture": "#layer0",
          "tintindex": 0
        },
        "west": {
          "uv": [
            0.0,
            9.0,
            16.0,
            11.75
          ],
          "texture": "#layer0",
          "tintindex": 0
        }
      }
    },
    {
      "name": "flarm_3",
      "from": [
        5.809292,
        7.175,
        8.804642
      ],
      "to": [
        5.9592915,
        7.325,
        9.179642
      ],
      "rotation": {
        "angle": -22.5,
        "axis": "y",
        "origin": [
          8.9,
          8.075,
          9.575001
        ]
      },
      "faces": {
        "down": {
          "uv": [
            16.0,
            4.75,
            0.0,
            16.0
          ],
          "texture": "#layer0",
          "tintindex": 0
        },
        "east": {
          "uv": [
            0.0,
            4.75,
            16.0,
            16.0
          ],
          "texture": "#layer0",
          "tintindex": 0
        },
        "north": {
          "uv": [
            0.0,
            4.75,
            16.0,
            16.0
          ],
          "texture": "#layer0",
          "tintindex": 0
        },
        "south": {
          "uv": [
            0.0,
            4.75,
            16.0,
            16.0
          ],
          "texture": "#layer0",
          "tintindex": 0
        },
        "up": {
          "uv": [
            0.0,
            8.25,
            2.5,
            13.75
          ],
          "texture": "#layer0",
          "tintindex": 0
        },
        "west": {
          "uv": [
            0.0,
            4.75,
            16.0,
            16.0
          ],
          "texture": "#layer0",
          "tintindex": 0
        }
      }
    },
    {
      "name": "flarm_4",
      "from": [
        6.742658,
        7.175,
        6.686612
      ],
      "to": [
        6.892658,
        7.325,
        7.061612
      ],
      "rotation": {
        "angle": 22.5,
        "axis": "y",
        "origin": [
          8.9,
          8.075,
          9.575001
        ]
      },
      "faces": {
        "down": {
          "uv": [
            16.0,
            4.75,
            0.0,
            16.0
          ],
          "texture": "#layer0",
          "tintindex": 0
        },
        "east": {
          "uv": [
            0.0,
            4.75,
            16.0,
            16.0
          ],
          "texture": "#layer0",
          "tintindex": 0
        },
        "north": {
          "uv": [
            0.0,
            4.75,
            16.0,
            16.0
          ],
          "texture": "#layer0",
          "tintindex": 0
        },
        "south": {
          "uv": [
            0.0,
            4.75,
            16.0,
            16.0
          ],
          "texture": "#layer0",
          "tintindex": 0
        },
        "up": {
          "uv": [
            0.0,
            8.25,
            2.5,
            13.75
          ],
          "texture": "#layer0",
          "tintindex": 0
        },
        "west": {
          "uv": [
            0.0,
            4.75,
            16.0,
            16.0
          ],
          "texture": "#layer0",
          "tintindex": 0
        }
      }
    },
    {
      "name": "flarm_5",
      "from": [
        5.2276754,
        7.175,
        9.417944
      ],
      "to": [
        5.6026754,
        7.325,
        9.567944
      ],
      "rotation": {
        "angle": -22.5,
        "axis": "y",
        "origin": [
          8.9,
          8.075,
          9.575001
        ]
      },
      "faces": {
        "down": {
          "uv": [
            16.0,
            4.75,
            0.0,
            16.0
          ],
          "texture": "#layer0",
          "tintindex": 0
        },
        "east": {
          "uv": [
            0.0,
            4.75,
            16.0,
            16.0
          ],
          "texture": "#layer0",
          "tintindex": 0
        },
        "north": {
          "uv": [
            0.0,
            4.75,
            16.0,
            16.0
          ],
          "texture": "#layer0",
          "tintindex": 0
        },
        "south": {
          "uv": [
            0.0,
            4.75,
            16.0,
            16.0
          ],
          "texture": "#layer0",
          "tintindex": 0
        },
        "up": {
          "uv": [
            0.0,
            8.25,
            2.5,
            13.75
          ],
          "texture": "#layer0",
          "tintindex": 0
        },
        "west": {
          "uv": [
            0.0,
            4.75,
            16.0,
            16.0
          ],
          "texture": "#layer0",
          "tintindex": 0
        }
      }
    }
  ],
  "display": {
    "head": {
      "translation": [
        0.0,
        -6.4,
        0.0
      ],
      "rotation": [
        0.0,
        0.0,
        0.0
      ],
      "scale": [
        3.8095,
        3.8095,
        3.8095
      ]
    },
    "gui": {
      "translation": [
        0.0,
        0.0,
        0.0
      ],
      "rotation": [
        35.0,
        225.0,
        0.0
      ],
      "scale": [
        0.625,
        0.625,
        0.625
      ]
    }
  }
}