{
	"credit": "Made with Blockbench",
	"textures": {
		"0": "block/white_stained_glass",
		"1": "block/red_portal",
		"2": "block/dark_oak_planks",
		"3": "block/bee_nest_side",
		"4": "block/prismarine",
		"5": "block/nether_portal",
		"6": "environment/snow",
		"particle": "block/white_stained_glass"
	},
	"elements": [
		{
			"from": [11.5, 4, 5.5],
			"to": [12, 8, 7.5],
			"rotation": {"angle": 0, "axis": "y", "origin": [19, 12, 14]},
			"faces": {
				"north": {"uv": [0, 0, 0.5, 4], "texture": "#0"},
				"east": {"uv": [0, 0, 2, 4], "texture": "#0"},
				"south": {"uv": [0, 0, 0.5, 4], "texture": "#0"},
				"west": {"uv": [0, 0, 2, 4], "texture": "#0"},
				"up": {"uv": [0, 0, 0.5, 2], "texture": "#0"},
				"down": {"uv": [0, 0, 0.5, 2], "texture": "#0"}
			}
		},
		{
			"from": [10, 4, 5.5],
			"to": [10.5, 8, 7.5],
			"rotation": {"angle": 0, "axis": "y", "origin": [17.5, 12, 14]},
			"faces": {
				"north": {"uv": [0, 0, 0.5, 4], "texture": "#0"},
				"east": {"uv": [0, 0, 2, 4], "texture": "#0"},
				"south": {"uv": [0, 0, 0.5, 4], "texture": "#0"},
				"west": {"uv": [0, 0, 2, 4], "texture": "#0"},
				"up": {"uv": [0, 0, 0.5, 2], "texture": "#0"},
				"down": {"uv": [0, 0, 0.5, 2], "texture": "#0"}
			}
		},
		{
			"from": [10.5, 4.5, 6],
			"to": [11.5, 8, 7],
			"rotation": {"angle": 0, "axis": "y", "origin": [18.5, 12, 14]},
			"faces": {
				"north": {"uv": [2, 3, 3, 5], "texture": "#4"},
				"east": {"uv": [2, 3, 3, 5], "texture": "#4"},
				"south": {"uv": [2, 3, 3, 5], "texture": "#4"},
				"west": {"uv": [2, 3, 3, 5], "texture": "#4"},
				"up": {"uv": [2, 3, 3, 5], "texture": "#4"},
				"down": {"uv": [0, 0, 1, 1], "texture": "#4"}
			}
		},
		{
			"from": [10.5, 8, 6],
			"to": [11.5, 9.5, 7],
			"rotation": {"angle": 0, "axis": "y", "origin": [18.5, 16.5, 14]},
			"faces": {
				"north": {"uv": [2, 3, 3, 4.5], "texture": "#0"},
				"east": {"uv": [2, 3, 3, 4.5], "texture": "#0"},
				"south": {"uv": [2, 3, 3, 4.5], "texture": "#0"},
				"west": {"uv": [2, 3, 3, 4.5], "texture": "#0"},
				"up": {"uv": [2, 3, 3, 4], "texture": "#0"},
				"down": {"uv": [4, 6, 5, 7], "texture": "#0"}
			}
		},
		{
			"from": [10.5, 9.75, 6],
			"to": [11.5, 10.25, 7],
			"rotation": {"angle": 0, "axis": "y", "origin": [18.5, 17.25, 14]},
			"faces": {
				"north": {"uv": [2, 3, 3, 3.5], "texture": "#2"},
				"east": {"uv": [2, 3, 3, 3.5], "texture": "#2"},
				"south": {"uv": [2, 3, 3, 3.5], "texture": "#2"},
				"west": {"uv": [2, 3, 3, 3.5], "texture": "#2"},
				"up": {"uv": [2, 3, 3, 4], "texture": "#2"},
				"down": {"uv": [4, 6, 5, 7], "texture": "#2"}
			}
		},
		{
			"from": [10, 9.5, 5.5],
			"to": [12, 10, 7.5],
			"rotation": {"angle": 0, "axis": "y", "origin": [18.5, 16.5, 14]},
			"faces": {
				"north": {"uv": [2, 3, 3, 4.5], "texture": "#0"},
				"east": {"uv": [2, 3, 3, 4.5], "texture": "#0"},
				"south": {"uv": [2, 3, 3, 4.5], "texture": "#0"},
				"west": {"uv": [2, 3, 3, 4.5], "texture": "#0"},
				"up": {"uv": [2, 3, 3, 4], "texture": "#0"},
				"down": {"uv": [4, 6, 5, 7], "texture": "#0"}
			}
		},
		{
			"from": [10.5, 4, 5.5],
			"to": [11.5, 8, 6],
			"rotation": {"angle": 0, "axis": "y", "origin": [18.5, 12, 14]},
			"faces": {
				"north": {"uv": [0, 0, 1, 4], "texture": "#0"},
				"east": {"uv": [0, 0, 0.5, 4], "texture": "#0"},
				"south": {"uv": [0, 0, 1, 4], "texture": "#0"},
				"west": {"uv": [0, 0, 0.5, 4], "texture": "#0"},
				"up": {"uv": [0, 0, 1, 0.5], "texture": "#0"},
				"down": {"uv": [0, 0, 1, 0.5], "texture": "#0"}
			}
		},
		{
			"from": [10.5, 4, 6],
			"to": [11.5, 4.5, 7],
			"rotation": {"angle": 0, "axis": "y", "origin": [18.5, 12, 14]},
			"faces": {
				"north": {"uv": [0, 0, 1, 0.5], "texture": "#0"},
				"east": {"uv": [0, 0, 1, 0.5], "texture": "#0"},
				"south": {"uv": [0, 0, 1, 0.5], "texture": "#0"},
				"west": {"uv": [0, 0, 1, 0.5], "texture": "#0"},
				"up": {"uv": [0, 0, 1, 1], "texture": "#0"},
				"down": {"uv": [0, 0, 1, 1], "texture": "#0"}
			}
		},
		{
			"from": [10.5, 4, 7],
			"to": [11.5, 8, 7.5],
			"rotation": {"angle": 0, "axis": "y", "origin": [18.5, 12, 15.5]},
			"faces": {
				"north": {"uv": [0, 0, 1, 4], "texture": "#0"},
				"east": {"uv": [0, 0, 0.5, 4], "texture": "#0"},
				"south": {"uv": [0, 0, 1, 4], "texture": "#0"},
				"west": {"uv": [0, 0, 0.5, 4], "texture": "#0"},
				"up": {"uv": [0, 0, 1, 0.5], "texture": "#0"},
				"down": {"uv": [0, 0, 1, 0.5], "texture": "#0"}
			}
		},
		{
			"from": [5.59, 4, 8.47],
			"to": [10.16, 5.18, 10.05],
			"rotation": {"angle": 22.5, "axis": "y", "origin": [7.5, 4.53, 9.005]},
			"faces": {
				"north": {"uv": [2, 6, 6.5, 7], "texture": "#3"},
				"east": {"uv": [5, 6.5, 6.5, 7.5], "texture": "#3"},
				"south": {"uv": [2, 6, 6.5, 7], "texture": "#3"},
				"west": {"uv": [13, 6.5, 14.5, 7.5], "texture": "#3"},
				"up": {"uv": [5.5, 4.5, 10, 6], "texture": "#3"}
			}
		},
		{
			"from": [5.75, 4, 8.25],
			"to": [10, 5.04, 10.25],
			"rotation": {"angle": 22.5, "axis": "y", "origin": [7.5, 4.53, 9.005]},
			"faces": {
				"north": {"uv": [2.5, 6.5, 7, 7.5], "texture": "#3"},
				"east": {"uv": [5, 6.5, 7, 7.5], "texture": "#3"},
				"south": {"uv": [3, 6, 7.5, 7], "texture": "#3"},
				"west": {"uv": [5.5, 6.5, 7.5, 7.5], "texture": "#3"},
				"up": {"uv": [2.5, 4.5, 7, 6.5], "texture": "#3"}
			}
		},
		{
			"from": [5.55, 4, 8.33],
			"to": [10.26, 5.24, 10.07],
			"rotation": {"angle": 22.5, "axis": "y", "origin": [7.5, 4.53, 9.005]},
			"faces": {
				"north": {"uv": [2.5, 6.5, 7, 7.5], "texture": "#3"},
				"east": {"uv": [5, 6.5, 7, 7.5], "texture": "#3"},
				"south": {"uv": [3, 6, 7.5, 7], "texture": "#3"},
				"west": {"uv": [5.5, 6.5, 7.5, 7.5], "texture": "#3"},
				"up": {"uv": [2.5, 4.5, 7, 6.5], "texture": "#3"}
			}
		},
		{
			"from": [6.51, 4.86, 8.61],
			"to": [6.68, 5.32, 9.95],
			"rotation": {"angle": 22.5, "axis": "y", "origin": [7.5, 4.53, 9.005]},
			"faces": {
				"north": {"uv": [5.5, 8.5, 5.96, 8.67], "rotation": 90, "texture": "#3"},
				"east": {"uv": [5.5, 8.5, 5.96, 9.84], "rotation": 90, "texture": "#3"},
				"south": {"uv": [5.5, 8.5, 5.96, 8.67], "rotation": 90, "texture": "#3"},
				"west": {"uv": [5.5, 8.5, 5.96, 9.84], "rotation": 90, "texture": "#3"},
				"up": {"uv": [5.5, 8.5, 6.84, 8.67], "rotation": 90, "texture": "#3"}
			}
		},
		{
			"from": [7.73, 4.86, 8.61],
			"to": [7.94, 5.32, 9.95],
			"rotation": {"angle": 22.5, "axis": "y", "origin": [7.5, 4.53, 9.005]},
			"faces": {
				"north": {"uv": [5.5, 8.5, 5.96, 8.71], "rotation": 90, "texture": "#3"},
				"east": {"uv": [5.5, 8.5, 5.96, 9.84], "rotation": 90, "texture": "#3"},
				"south": {"uv": [5.5, 8.5, 5.96, 8.71], "rotation": 90, "texture": "#3"},
				"west": {"uv": [5.5, 8.5, 5.96, 9.84], "rotation": 90, "texture": "#3"},
				"up": {"uv": [5.5, 8.5, 6.84, 8.71], "rotation": 90, "texture": "#3"}
			}
		},
		{
			"from": [8.84, 4.86, 8.61],
			"to": [9.09, 5.32, 9.95],
			"rotation": {"angle": 22.5, "axis": "y", "origin": [7.5, 4.53, 9.005]},
			"faces": {
				"north": {"uv": [5.5, 8.5, 5.96, 8.75], "rotation": 90, "texture": "#3"},
				"east": {"uv": [5.5, 8.5, 5.96, 9.84], "rotation": 90, "texture": "#3"},
				"south": {"uv": [5.5, 8.5, 5.96, 8.75], "rotation": 90, "texture": "#3"},
				"west": {"uv": [5.5, 8.5, 5.96, 9.84], "rotation": 90, "texture": "#3"},
				"up": {"uv": [5.5, 8.5, 6.84, 8.75], "rotation": 90, "texture": "#3"}
			}
		},
		{
			"from": [2.75, 4, 11.25],
			"to": [13.25, 4.5, 11.75],
			"rotation": {"angle": 0, "axis": "y", "origin": [10.75, 11.5, 19.25]},
			"faces": {
				"north": {"uv": [0, 0, 10.5, 0.5], "texture": "#2"},
				"east": {"uv": [0, 0, 0.5, 0.5], "texture": "#2"},
				"south": {"uv": [0, 0, 10.5, 0.5], "texture": "#2"},
				"west": {"uv": [0, 0, 0.5, 0.5], "texture": "#2"},
				"up": {"uv": [0, 0, 10.5, 0.5], "texture": "#2"}
			}
		},
		{
			"from": [2.75, 3.5, 4.25],
			"to": [13.25, 4, 11.75],
			"rotation": {"angle": 0, "axis": "y", "origin": [10.75, 11.5, 12.25]},
			"faces": {
				"north": {"uv": [0, 0, 10.5, 0.5], "texture": "#2"},
				"east": {"uv": [0, 0, 7.5, 0.5], "texture": "#2"},
				"south": {"uv": [0, 0, 10.5, 0.5], "texture": "#2"},
				"west": {"uv": [0, 0, 7.5, 0.5], "texture": "#2"},
				"up": {"uv": [0, 0, 10.5, 7.5], "texture": "#2"},
				"down": {"uv": [0, 0, 10.5, 7.5], "texture": "#2"}
			}
		},
		{
			"from": [2.81, 3.48, 4.33],
			"to": [13.17, 3.52, 11.65],
			"rotation": {"angle": 0, "axis": "y", "origin": [10.75, 11.36, 12.25]},
			"faces": {
				"north": {"uv": [0, 0, 10.5, 0.5], "texture": "#4"},
				"east": {"uv": [0, 0, 7.5, 0.5], "texture": "#4"},
				"south": {"uv": [0, 0, 10.5, 0.5], "texture": "#4"},
				"west": {"uv": [0, 0, 7.5, 0.5], "texture": "#4"},
				"up": {"uv": [0, 0, 10.5, 7.5], "texture": "#4"},
				"down": {"uv": [0, 0, 10.5, 7.5], "texture": "#4"}
			}
		},
		{
			"from": [7.22, 0.8552, 4.4136],
			"to": [8.16, 0.8552, 12.3264],
			"rotation": {"angle": 0, "axis": "y", "origin": [7.62, 2.73, 8.31]},
			"faces": {
				"north": {"uv": [0, 0, 7.5, 0.5], "texture": "#6"},
				"east": {"uv": [0, 0, 10.5, 0.5], "texture": "#6"},
				"south": {"uv": [0, 0, 7.5, 0.5], "texture": "#6"},
				"west": {"uv": [0, 0, 10.5, 0.5], "texture": "#6"},
				"up": {"uv": [3.25, 3.5, 13.75, 11], "rotation": 270, "texture": "#6"},
				"down": {"uv": [0, 0, 10.5, 7.5], "rotation": 90, "texture": "#6"}
			}
		},
		{
			"from": [3.9236, 0.9752, 7.71],
			"to": [11.4564, 0.9752, 9.03],
			"rotation": {"angle": 45, "axis": "y", "origin": [7.62, 2.73, 8.31]},
			"faces": {
				"north": {"uv": [0, 0, 10.5, 0.5], "texture": "#6"},
				"east": {"uv": [0, 0, 7.5, 0.5], "texture": "#6"},
				"south": {"uv": [0, 0, 10.5, 0.5], "texture": "#6"},
				"west": {"uv": [0, 0, 7.5, 0.5], "texture": "#6"},
				"up": {"uv": [3.25, 3.5, 13.75, 11], "texture": "#6"},
				"down": {"uv": [0, 0, 10.5, 7.5], "texture": "#6"}
			}
		},
		{
			"from": [7.22, 0.9352, 4.4136],
			"to": [8.16, 0.9352, 12.3264],
			"rotation": {"angle": -22.5, "axis": "y", "origin": [7.62, 2.73, 8.31]},
			"faces": {
				"north": {"uv": [0, 0, 7.5, 0.5], "texture": "#6"},
				"east": {"uv": [0, 0, 10.5, 0.5], "texture": "#6"},
				"south": {"uv": [0, 0, 7.5, 0.5], "texture": "#6"},
				"west": {"uv": [0, 0, 10.5, 0.5], "texture": "#6"},
				"up": {"uv": [3.25, 3.5, 13.75, 11], "rotation": 270, "texture": "#6"},
				"down": {"uv": [0, 0, 10.5, 7.5], "rotation": 90, "texture": "#6"}
			}
		},
		{
			"from": [3.9236, 0.9352, 7.71],
			"to": [11.4564, 0.9352, 9.03],
			"rotation": {"angle": 22.5, "axis": "y", "origin": [7.62, 2.73, 8.31]},
			"faces": {
				"north": {"uv": [0, 0, 10.5, 0.5], "texture": "#6"},
				"east": {"uv": [0, 0, 7.5, 0.5], "texture": "#6"},
				"south": {"uv": [0, 0, 10.5, 0.5], "texture": "#6"},
				"west": {"uv": [0, 0, 7.5, 0.5], "texture": "#6"},
				"up": {"uv": [3.25, 3.5, 13.75, 11], "texture": "#6"},
				"down": {"uv": [0, 0, 10.5, 7.5], "texture": "#6"}
			}
		},
		{
			"from": [3.9236, 0.8952, 7.71],
			"to": [11.4564, 0.8952, 9.03],
			"rotation": {"angle": 0, "axis": "y", "origin": [12.7532, 16.6208, 14.7716]},
			"faces": {
				"north": {"uv": [0, 0, 10.5, 0.5], "texture": "#6"},
				"east": {"uv": [0, 0, 7.5, 0.5], "texture": "#6"},
				"south": {"uv": [0, 0, 10.5, 0.5], "texture": "#6"},
				"west": {"uv": [0, 0, 7.5, 0.5], "texture": "#6"},
				"up": {"uv": [3.25, 3.5, 13.75, 11], "texture": "#6"},
				"down": {"uv": [0, 0, 10.5, 7.5], "texture": "#6"}
			}
		},
		{
			"from": [3.9236, 0.8552, 7.71],
			"to": [11.4564, 0.8552, 9.03],
			"rotation": {"angle": -22.5, "axis": "y", "origin": [7.62, 2.73, 8.31]},
			"faces": {
				"north": {"uv": [0, 0, 10.5, 0.5], "texture": "#6"},
				"east": {"uv": [0, 0, 7.5, 0.5], "texture": "#6"},
				"south": {"uv": [0, 0, 10.5, 0.5], "texture": "#6"},
				"west": {"uv": [0, 0, 7.5, 0.5], "texture": "#6"},
				"up": {"uv": [3.25, 3.5, 13.75, 11], "rotation": 180, "texture": "#6"},
				"down": {"uv": [0, 0, 10.5, 7.5], "rotation": 180, "texture": "#6"}
			}
		},
		{
			"from": [7.22, 0.8152, 4.4136],
			"to": [8.16, 0.8152, 12.3264],
			"rotation": {"angle": 45, "axis": "y", "origin": [7.62, 2.73, 8.31]},
			"faces": {
				"north": {"uv": [0, 0, 7.5, 0.5], "texture": "#6"},
				"east": {"uv": [0, 0, 10.5, 0.5], "texture": "#6"},
				"south": {"uv": [0, 0, 7.5, 0.5], "texture": "#6"},
				"west": {"uv": [0, 0, 10.5, 0.5], "texture": "#6"},
				"up": {"uv": [3.25, 3.5, 13.75, 11], "rotation": 270, "texture": "#6"},
				"down": {"uv": [0, 0, 10.5, 7.5], "rotation": 90, "texture": "#6"}
			}
		},
		{
			"from": [7.22, 0.8952, 4.4136],
			"to": [8.16, 0.8952, 12.3264],
			"rotation": {"angle": 22.5, "axis": "y", "origin": [7.62, 2.73, 8.31]},
			"faces": {
				"north": {"uv": [0, 0, 7.5, 0.5], "texture": "#6"},
				"east": {"uv": [0, 0, 10.5, 0.5], "texture": "#6"},
				"south": {"uv": [0, 0, 7.5, 0.5], "texture": "#6"},
				"west": {"uv": [0, 0, 10.5, 0.5], "texture": "#6"},
				"up": {"uv": [3.25, 3.5, 13.75, 11], "rotation": 270, "texture": "#6"},
				"down": {"uv": [0, 0, 10.5, 7.5], "rotation": 90, "texture": "#6"}
			}
		},
		{
			"from": [3.63, 4, 5],
			"to": [12.41, 4.06, 11],
			"rotation": {"angle": 0, "axis": "y", "origin": [10.75, 11.5, 12.25]},
			"faces": {
				"north": {"uv": [0, 0, 8.78, 0.06], "texture": "#5"},
				"east": {"uv": [0, 0, 6, 0.06], "texture": "#5"},
				"south": {"uv": [0, 0, 8.78, 0.06], "texture": "#5"},
				"west": {"uv": [0, 0, 6, 0.06], "texture": "#5"},
				"up": {"uv": [2, 3, 11, 9], "texture": "#5"}
			}
		},
		{
			"from": [2.75, 4.5, 10.25],
			"to": [3.25, 5.5, 10.75],
			"rotation": {"angle": 0, "axis": "y", "origin": [10.75, 12, 3.75]},
			"faces": {
				"north": {"uv": [0.5, 0, 1, 1], "texture": "#2"},
				"east": {"uv": [0.5, 0, 1, 1], "texture": "#2"},
				"south": {"uv": [0.5, 0, 1, 1], "texture": "#2"},
				"west": {"uv": [0.5, 0, 1, 1], "texture": "#2"},
				"up": {"uv": [0, 0.5, 0.5, 1], "texture": "#2"}
			}
		},
		{
			"from": [2.75, 5.5, 5.75],
			"to": [3.25, 6, 10.25],
			"rotation": {"angle": 0, "axis": "y", "origin": [10.75, 12, 3.75]},
			"faces": {
				"north": {"uv": [0.5, 0, 1, 0.5], "texture": "#2"},
				"east": {"uv": [0.5, 0, 5, 0.5], "texture": "#2"},
				"south": {"uv": [0.5, 0, 1, 0.5], "texture": "#2"},
				"west": {"uv": [0.5, 0, 5, 0.5], "texture": "#2"},
				"up": {"uv": [0, 0.5, 0.5, 5], "texture": "#2"},
				"down": {"uv": [0, 0.5, 0.5, 5], "texture": "#2"}
			}
		},
		{
			"from": [2.75, 4, 4.75],
			"to": [3.25, 4.5, 11.25],
			"rotation": {"angle": 0, "axis": "y", "origin": [5.25, 11.5, 19.25]},
			"faces": {
				"north": {"uv": [0.5, 0, 0, 0.5], "texture": "#2"},
				"east": {"uv": [6.5, 0, 0, 0.5], "texture": "#2"},
				"south": {"uv": [0.5, 0, 0, 0.5], "texture": "#2"},
				"west": {"uv": [6.5, 0, 0, 0.5], "texture": "#2"},
				"up": {"uv": [0.5, 0, 0, 6.5], "texture": "#2"}
			}
		},
		{
			"from": [12.75, 5.5, 5.75],
			"to": [13.25, 6, 10.25],
			"rotation": {"angle": 0, "axis": "y", "origin": [5.25, 12, 3.75]},
			"faces": {
				"north": {"uv": [1, 0, 1.5, 0.5], "texture": "#2"},
				"east": {"uv": [5, 0, 9.5, 0.5], "texture": "#2"},
				"south": {"uv": [1, 0, 1.5, 0.5], "texture": "#2"},
				"west": {"uv": [5, 0, 9.5, 0.5], "texture": "#2"},
				"up": {"uv": [0.5, 0.5, 1, 5], "texture": "#2"},
				"down": {"uv": [0.5, 0.5, 1, 5], "texture": "#2"}
			}
		},
		{
			"from": [12.75, 4.5, 10.25],
			"to": [13.25, 5.5, 10.75],
			"rotation": {"angle": 0, "axis": "y", "origin": [5.25, 12, 3.75]},
			"faces": {
				"north": {"uv": [0, 0, 0.5, 1], "texture": "#2"},
				"east": {"uv": [0, 0, 0.5, 1], "texture": "#2"},
				"south": {"uv": [0, 0, 0.5, 1], "texture": "#2"},
				"west": {"uv": [0, 0, 0.5, 1], "texture": "#2"},
				"up": {"uv": [0.5, 0.5, 1, 1], "texture": "#2"}
			}
		},
		{
			"from": [12.75, 4, 4.75],
			"to": [13.25, 4.5, 11.25],
			"rotation": {"angle": 0, "axis": "y", "origin": [10.75, 11.5, 19.25]},
			"faces": {
				"north": {"uv": [0, 0, 0.5, 0.5], "texture": "#2"},
				"east": {"uv": [0, 0, 6.5, 0.5], "texture": "#2"},
				"south": {"uv": [0, 0, 0.5, 0.5], "texture": "#2"},
				"west": {"uv": [0, 0, 6.5, 0.5], "texture": "#2"},
				"up": {"uv": [0, 0, 0.5, 6.5], "texture": "#2"}
			}
		},
		{
			"from": [12.75, 4.5, 5.25],
			"to": [13.25, 5.5, 5.75],
			"rotation": {"angle": 0, "axis": "y", "origin": [5.25, 12, 12.25]},
			"faces": {
				"north": {"uv": [0.5, 0, 1, 1], "texture": "#2"},
				"east": {"uv": [0.5, 0, 1, 1], "texture": "#2"},
				"south": {"uv": [0.5, 0, 1, 1], "texture": "#2"},
				"west": {"uv": [0.5, 0, 1, 1], "texture": "#2"},
				"up": {"uv": [0.5, 0, 1, 0.5], "texture": "#2"}
			}
		},
		{
			"from": [2.75, 4, 4.25],
			"to": [13.25, 4.5, 4.75],
			"rotation": {"angle": 0, "axis": "y", "origin": [10.75, 11.5, 12.25]},
			"faces": {
				"north": {"uv": [0, 0, 10.5, 0.5], "texture": "#2"},
				"east": {"uv": [0, 0, 0.5, 0.5], "texture": "#2"},
				"south": {"uv": [0, 0, 10.5, 0.5], "texture": "#2"},
				"west": {"uv": [0, 0, 0.5, 0.5], "texture": "#2"},
				"up": {"uv": [0, 0, 10.5, 0.5], "texture": "#2"}
			}
		},
		{
			"from": [2.75, 4.5, 5.25],
			"to": [3.25, 5.5, 5.75],
			"rotation": {"angle": 0, "axis": "y", "origin": [10.75, 12, 12.25]},
			"faces": {
				"north": {"uv": [0, 0, 0.5, 1], "texture": "#2"},
				"east": {"uv": [0, 0, 0.5, 1], "texture": "#2"},
				"south": {"uv": [0, 0, 0.5, 1], "texture": "#2"},
				"west": {"uv": [0, 0, 0.5, 1], "texture": "#2"},
				"up": {"uv": [0, 0, 0.5, 0.5], "texture": "#2"}
			}
		},
		{
			"from": [3.99587, 4.18307, 5.81844],
			"to": [6.55587, 5.46307, 7.16244],
			"rotation": {"angle": 0, "axis": "y", "origin": [14.55587, 14.42307, 13.56244]},
			"faces": {
				"north": {"uv": [4, 6, 6.56, 7.28], "texture": "#1"},
				"east": {"uv": [4, 6, 5.344, 7.28], "texture": "#1"},
				"south": {"uv": [4, 6, 6.56, 7.28], "texture": "#1"},
				"west": {"uv": [4, 6, 5.344, 7.28], "texture": "#1"},
				"up": {"uv": [8, 10.5, 12, 13.5], "texture": "#1"},
				"down": {"uv": [6, 7.5, 8, 8.75], "texture": "#1"}
			}
		},
		{
			"from": [4.31587, 3.95267, 5.49844],
			"to": [6.23587, 6.10307, 7.48244],
			"rotation": {"angle": 0, "axis": "y", "origin": [14.55587, 14.42307, 13.56244]},
			"faces": {
				"north": {"uv": [4, 6, 5.92, 8.1504], "texture": "#1"},
				"east": {"uv": [4, 6, 5.984, 8.1504], "texture": "#1"},
				"south": {"uv": [4, 6, 5.92, 8.1504], "texture": "#1"},
				"west": {"uv": [4, 6, 5.984, 8.1504], "texture": "#1"},
				"up": {"uv": [8, 10.5, 12, 13.5], "texture": "#1"},
				"down": {"uv": [6, 7.5, 7.5, 9.25], "texture": "#1"}
			}
		},
		{
			"from": [4.46947, 4.18307, 5.33204],
			"to": [6.06947, 5.78307, 7.80244],
			"rotation": {"angle": 0, "axis": "y", "origin": [5.26947, 5.14307, 7.64244]},
			"faces": {
				"north": {"uv": [4, 6, 5.6, 7.6], "texture": "#1"},
				"east": {"uv": [4, 6, 6.4704, 7.6], "texture": "#1"},
				"south": {"uv": [4, 6, 5.6, 7.6], "texture": "#1"},
				"west": {"uv": [4, 6, 6.4704, 7.6], "texture": "#1"},
				"up": {"uv": [8, 10.5, 12, 13.5], "texture": "#1"},
				"down": {"uv": [6, 7.5, 7.25, 9.63], "texture": "#1"}
			}
		},
		{
			"from": [4.63587, 4.18307, 5.81844],
			"to": [5.91587, 6.42307, 7.16244],
			"rotation": {"angle": 0, "axis": "y", "origin": [14.55587, 14.42307, 13.56244]},
			"faces": {
				"north": {"uv": [4, 6, 5.28, 8.24], "texture": "#1"},
				"east": {"uv": [4, 6, 5.344, 8.24], "texture": "#1"},
				"south": {"uv": [4, 6, 5.28, 8.24], "texture": "#1"},
				"west": {"uv": [4, 6, 5.344, 8.24], "texture": "#1"},
				"up": {"uv": [8, 10.5, 12, 13.5], "texture": "#1"},
				"down": {"uv": [6, 7.5, 7.5, 9.25], "texture": "#1"}
			}
		},
		{
			"from": [5.16067, 5.74467, 6.20244],
			"to": [5.48067, 7.34467, 6.52244],
			"rotation": {"angle": -22.5, "axis": "z", "origin": [5.32067, 6.54467, 6.36244]},
			"faces": {
				"north": {"uv": [4, 6, 4.32, 7.6], "texture": "#1"},
				"east": {"uv": [4, 6, 4.32, 7.6], "texture": "#1"},
				"south": {"uv": [4, 6, 4.32, 7.6], "texture": "#1"},
				"west": {"uv": [4, 6, 4.32, 7.6], "texture": "#1"},
				"up": {"uv": [8, 4, 8.25, 4.75], "texture": "#1"},
				"down": {"uv": [8, 4, 8.25, 4.75], "texture": "#1"}
			}
		},
		{
			"from": [4.63587, 6.61507, 6.35604],
			"to": [5.27587, 7.57507, 6.35604],
			"rotation": {"angle": 22.5, "axis": "z", "origin": [4.95587, 7.09507, 6.35604]},
			"faces": {
				"north": {"uv": [4, 6, 4.64, 6.96], "texture": "#1"},
				"east": {"uv": [4, 6, 4, 6.96], "texture": "#1"},
				"south": {"uv": [4, 6, 4.96, 6.64], "rotation": 90, "texture": "#1"},
				"west": {"uv": [4, 6, 4, 6.96], "texture": "#1"},
				"up": {"uv": [0, 0, 0.5, 0], "texture": "#1"},
				"down": {"uv": [0, 0, 0.5, 0], "texture": "#1"}
			}
		},
		{
			"from": [4.86067, 4.36467, 6.08244],
			"to": [5.58067, 5.46467, 7.18244],
			"rotation": {"angle": 0, "axis": "z", "origin": [5.32067, 4.86467, 6.36244]},
			"faces": {
				"north": {"uv": [8, 4, 8.25, 4.75], "texture": "#5"},
				"east": {"uv": [8, 4, 8.25, 4.75], "texture": "#5"},
				"south": {"uv": [6, 6, 7, 7], "texture": "#5"},
				"west": {"uv": [8, 4, 8.25, 4.75], "texture": "#5"},
				"up": {"uv": [8, 4, 8.25, 4.75], "texture": "#5"},
				"down": {"uv": [8, 4, 8.25, 4.75], "texture": "#5"}
			}
		},
		{
			"from": [3, 3.9, 5],
			"to": [13, 8, 11.5],
			"rotation": {"angle": 0, "axis": "y", "origin": [8, 11.5, 8]},
			"faces": {
				"north": {"uv": [0, 3.625, 16, 11], "texture": "#6"},
				"east": {"uv": [6.625, 3.75, 15.125, 11.125], "texture": "#6"},
				"south": {"uv": [0, 3.625, 16, 11], "texture": "#6"},
				"west": {"uv": [6.625, 3.75, 15.125, 11.125], "texture": "#6"},
				"down": {"uv": [0, 0, 10, 6.5], "texture": "#6"}
			}
		}
	],
	"gui_light": "front",
	"display": {
		"thirdperson_righthand": {
			"rotation": [58, 151, 0],
			"translation": [-2, 3.75, 1],
			"scale": [0.84, 0.84, 0.84]
		},
		"thirdperson_lefthand": {
			"rotation": [58, 151, 0],
			"translation": [-2, 3.75, 1],
			"scale": [0.84, 0.84, 0.84]
		},
		"firstperson_righthand": {
			"rotation": [-10, -60, 0],
			"translation": [-1.5, 5, -1.25]
		},
		"firstperson_lefthand": {
			"rotation": [-10, -60, 0],
			"translation": [-1.5, 5, -1.25]
		},
		"ground": {
			"translation": [0, 16.25, 0],
			"scale": [1.4, 1.4, 1.4]
		},
		"gui": {
			"rotation": [29, 24, 0],
			"translation": [0.25, 2.75, 0]
		},
		"head": {
			"rotation": [2, 12, 0],
			"translation": [0, -23.25, 0],
			"scale": [1.7, 1.7, 1.7]
		},
		"fixed": {
			"rotation": [-90, 0, 0],
			"translation": [0, 0, -8.75],
			"scale": [1.4, 1.4, 1.4]
		}
	},
	"groups": [
		{
			"name": "group",
			"origin": [8, 8, 8],
			"children": [0, 1, 2, 3, 4, 5, 6, 7, 8]
		},
		{
			"name": "honeybread",
			"origin": [7, 1.03, 9.005],
			"children": [9, 10, 11, 12, 13, 14]
		},
		{
			"name": "tray",
			"origin": [10.75, 8.5, 12.25],
			"children": [15, 16, 17,
				{
					"name": "group",
					"origin": [7.62, 1.97, 8.31],
					"children": [18, 19, 20, 21, 22, 23, 24, 25]
				},
				{
					"name": "group",
					"origin": [10.75, 12, 12.25],
					"children": [26, 27, 28, 29, 30, 31, 32, 33, 34, 35]
				}
			]
		},
		{
			"name": "apple",
			"origin": [4.95587, 3.59507, 6.35604],
			"children": [36, 37, 38, 39, 40, 41,
				{
					"name": "core",
					"origin": [5.32067, 1.36467, 6.36244],
					"children": [42]
				}
			]
		}, 43]
}