{
	"credit": "Made with Blockbench",
	"textures": {
		"0": "block/pine0",
		"1": "block/pine1",
		"particle": "block/pine0"
	},
	"elements": [
		{
			"from": [0.85, 0, 6.45],
			"to": [4.85, 15.7, 9.7],
			"rotation": {"angle": 0, "axis": "y", "origin": [8, 8, 9.1]},
			"faces": {
				"north": {"uv": [9.5, 0, 6.5, 16], "texture": "#0"},
				"east": {"uv": [3.25, 0, 9.5, 16], "texture": "#0"},
				"south": {"uv": [4, 0, 11.5, 16], "texture": "#0"},
				"west": {"uv": [10, 0, 6.75, 16], "texture": "#0"},
				"up": {"uv": [0, 0, 16, 16], "texture": "#0"},
				"down": {"uv": [0, 0, 16, 16], "texture": "#0"}
			}
		},
		{
			"from": [14.18924, 0, 6.44908],
			"to": [17.18924, 15.7, 9.69908],
			"rotation": {"angle": 0, "axis": "y", "origin": [10.03924, 8, 9.09908]},
			"faces": {
				"north": {"uv": [9.5, 0, 6.5, 16], "texture": "#0"},
				"east": {"uv": [11.25, 0, 7, 16], "texture": "#0"},
				"south": {"uv": [11.5, 0, 4, 16], "texture": "#0"},
				"west": {"uv": [9.5, 0, 4.25, 16], "texture": "#0"},
				"up": {"uv": [16, 0, 0, 16], "texture": "#0"},
				"down": {"uv": [16, 0, 0, 16], "texture": "#0"}
			}
		},
		{
			"from": [1.47186, 0, 9.5763],
			"to": [5.47186, 15.7, 12.8263],
			"rotation": {"angle": 22.5, "axis": "y", "origin": [1.47186, 7.85, 11.2013]},
			"faces": {
				"north": {"uv": [9.5, 0, 6.5, 16], "texture": "#0"},
				"east": {"uv": [3.25, 0, 9.5, 16], "texture": "#0"},
				"south": {"uv": [4, 0, 11.5, 16], "texture": "#0"},
				"west": {"uv": [6.25, 0, 3, 16], "texture": "#0"},
				"up": {"uv": [0, 0, 16, 16], "texture": "#0"},
				"down": {"uv": [0, 0, 16, 16], "texture": "#0"}
			}
		},
		{
			"from": [1.47186, 0, 3.3237],
			"to": [5.47186, 15.7, 6.5737],
			"rotation": {"angle": -22.5, "axis": "y", "origin": [1.47186, 7.85, 4.9487]},
			"faces": {
				"north": {"uv": [9.5, 0, 6.5, 16], "texture": "#0"},
				"east": {"uv": [9.5, 0, 3.25, 16], "texture": "#0"},
				"south": {"uv": [16, 0, 0, 16], "texture": "#0"},
				"west": {"uv": [4, 0, 1, 16], "texture": "#0"},
				"up": {"uv": [0, 16, 16, 0], "texture": "#0"},
				"down": {"uv": [0, 16, 16, 0], "texture": "#0"}
			}
		},
		{
			"from": [13.56738, 0, 9.57538],
			"to": [16.56738, 15.7, 12.82538],
			"rotation": {"angle": -22.5, "axis": "y", "origin": [16.56738, 7.85, 11.20038]},
			"faces": {
				"north": {"uv": [9.5, 0, 6.5, 16], "texture": "#0"},
				"east": {"uv": [3.75, 0, 0, 16], "texture": "#0"},
				"south": {"uv": [11.5, 0, 4, 16], "texture": "#0"},
				"west": {"uv": [9.5, 0, 4.25, 16], "texture": "#0"},
				"up": {"uv": [16, 0, 0, 16], "texture": "#0"},
				"down": {"uv": [16, 0, 0, 16], "texture": "#0"}
			}
		},
		{
			"from": [13.56738, 0, 3.32462],
			"to": [16.56738, 15.7, 6.57462],
			"rotation": {"angle": 22.5, "axis": "y", "origin": [16.56738, 7.85, 4.94962]},
			"faces": {
				"north": {"uv": [9.5, 0, 6.5, 16], "texture": "#0"},
				"east": {"uv": [0, 0, 5, 16], "texture": "#0"},
				"south": {"uv": [0, 0, 16, 16], "texture": "#0"},
				"west": {"uv": [9.5, 0, 4.25, 16], "texture": "#0"},
				"up": {"uv": [16, 16, 0, 0], "texture": "#0"},
				"down": {"uv": [16, 16, 0, 0], "texture": "#0"}
			}
		},
		{
			"from": [1.61848, 0, 9.85095],
			"to": [4.86848, 15.7, 13.85095],
			"rotation": {"angle": -45, "axis": "y", "origin": [3.24348, 7.85, 13.85095]},
			"faces": {
				"north": {"uv": [9.5, 0, 6.5, 16], "texture": "#0"},
				"east": {"uv": [4, 0, 11.5, 16], "texture": "#0"},
				"south": {"uv": [7.75, 0, 11.25, 16], "texture": "#0"},
				"west": {"uv": [9.5, 0, 4.25, 16], "texture": "#0"},
				"up": {"uv": [0, 0, 16, 16], "rotation": 270, "texture": "#0"},
				"down": {"uv": [0, 0, 16, 16], "rotation": 90, "texture": "#0"}
			}
		},
		{
			"from": [1.61848, 0, 2.29905],
			"to": [4.86848, 15.7, 6.29905],
			"rotation": {"angle": 45, "axis": "y", "origin": [3.24348, 7.85, 2.29905]},
			"faces": {
				"north": {"uv": [14, 0, 11, 16], "texture": "#0"},
				"east": {"uv": [11.5, 0, 4, 16], "texture": "#0"},
				"south": {"uv": [9.5, 0, 3.25, 16], "texture": "#0"},
				"west": {"uv": [9.5, 0, 4.25, 16], "texture": "#0"},
				"up": {"uv": [16, 0, 0, 16], "rotation": 270, "texture": "#0"},
				"down": {"uv": [16, 0, 0, 16], "rotation": 90, "texture": "#0"}
			}
		},
		{
			"from": [13.17076, 0, 9.85003],
			"to": [16.42076, 15.7, 13.85003],
			"rotation": {"angle": 45, "axis": "y", "origin": [14.79576, 7.85, 13.85003]},
			"faces": {
				"north": {"uv": [9.5, 0, 6.5, 16], "texture": "#0"},
				"east": {"uv": [16, 0, 0, 16], "texture": "#0"},
				"south": {"uv": [9.5, 0, 5.75, 16], "texture": "#0"},
				"west": {"uv": [9.5, 0, 4.25, 16], "texture": "#0"},
				"up": {"uv": [0, 16, 16, 0], "rotation": 270, "texture": "#0"},
				"down": {"uv": [0, 16, 16, 0], "rotation": 90, "texture": "#0"}
			}
		},
		{
			"from": [13.17076, 0, 2.29997],
			"to": [16.42076, 15.7, 6.29997],
			"rotation": {"angle": -45, "axis": "y", "origin": [14.79576, 7.85, 2.29997]},
			"faces": {
				"north": {"uv": [4, 0, 0, 16], "texture": "#0"},
				"east": {"uv": [0, 0, 16, 16], "texture": "#0"},
				"south": {"uv": [3.25, 0, 9.5, 16], "texture": "#0"},
				"west": {"uv": [9.5, 0, 4.25, 16], "texture": "#0"},
				"up": {"uv": [16, 16, 0, 0], "rotation": 270, "texture": "#0"},
				"down": {"uv": [16, 16, 0, 0], "rotation": 90, "texture": "#0"}
			}
		},
		{
			"from": [4.26851, 0, 11.62164],
			"to": [7.51851, 15.7, 15.62164],
			"rotation": {"angle": -22.5, "axis": "y", "origin": [5.89351, 7.85, 15.62164]},
			"faces": {
				"north": {"uv": [9.5, 0, 6.5, 16], "texture": "#0"},
				"east": {"uv": [4, 0, 11.5, 16], "texture": "#0"},
				"south": {"uv": [1.5, 0, 5.25, 16], "texture": "#0"},
				"west": {"uv": [9.5, 0, 4.25, 16], "texture": "#0"},
				"up": {"uv": [0, 0, 16, 16], "rotation": 270, "texture": "#0"},
				"down": {"uv": [0, 0, 16, 16], "rotation": 90, "texture": "#0"}
			}
		},
		{
			"from": [4.26851, 0, 0.52836],
			"to": [7.51851, 15.7, 5.52836],
			"rotation": {"angle": 22.5, "axis": "y", "origin": [5.89351, 7.85, 0.52836]},
			"faces": {
				"north": {"uv": [7.75, 0, 11.25, 16], "texture": "#0"},
				"east": {"uv": [11.5, 0, 4, 16], "texture": "#0"},
				"south": {"uv": [9.5, 0, 3.25, 16], "texture": "#0"},
				"west": {"uv": [9.5, 0, 4.25, 16], "texture": "#0"},
				"up": {"uv": [16, 0, 0, 16], "rotation": 270, "texture": "#0"},
				"down": {"uv": [16, 0, 0, 16], "rotation": 90, "texture": "#0"}
			}
		},
		{
			"from": [10.52073, 0, 11.82072],
			"to": [13.77073, 15.7, 15.62072],
			"rotation": {"angle": 22.5, "axis": "y", "origin": [12.14573, 7.85, 15.62072]},
			"faces": {
				"north": {"uv": [9.5, 0, 6.5, 16], "texture": "#0"},
				"east": {"uv": [16, 0, 0, 16], "texture": "#0"},
				"south": {"uv": [8.25, 0, 4, 16], "texture": "#0"},
				"west": {"uv": [9.5, 0, 4.25, 16], "texture": "#0"},
				"up": {"uv": [0, 16, 16, 0], "rotation": 270, "texture": "#0"},
				"down": {"uv": [0, 16, 16, 0], "rotation": 90, "texture": "#0"}
			}
		},
		{
			"from": [10.52073, 0, 0.52928],
			"to": [13.77073, 15.7, 3.52928],
			"rotation": {"angle": -22.5, "axis": "y", "origin": [12.14573, 7.85, 0.52928]},
			"faces": {
				"north": {"uv": [7, 0, 4, 16], "texture": "#0"},
				"east": {"uv": [0, 0, 16, 16], "texture": "#0"},
				"south": {"uv": [3.25, 0, 9.5, 16], "texture": "#0"},
				"west": {"uv": [9.5, 0, 4.25, 16], "texture": "#0"},
				"up": {"uv": [16, 16, 0, 0], "rotation": 270, "texture": "#0"},
				"down": {"uv": [16, 16, 0, 0], "rotation": 90, "texture": "#0"}
			}
		},
		{
			"from": [7.39481, 0, 12.2425],
			"to": [10.64481, 15.7, 16.2425],
			"rotation": {"angle": 0, "axis": "y", "origin": [9.01981, 7.85, 16.2425]},
			"faces": {
				"north": {"uv": [9.5, 0, 6.5, 16], "texture": "#0"},
				"east": {"uv": [4, 0, 11.5, 16], "texture": "#0"},
				"south": {"uv": [0, 0, 4, 16], "texture": "#0"},
				"west": {"uv": [9.5, 0, 4.25, 16], "texture": "#0"},
				"up": {"uv": [0, 0, 16, 16], "rotation": 270, "texture": "#0"},
				"down": {"uv": [0, 0, 16, 16], "rotation": 90, "texture": "#0"}
			}
		},
		{
			"from": [7.39481, 0, -0.0925],
			"to": [10.64481, 15.7, 4.7075],
			"rotation": {"angle": 0, "axis": "y", "origin": [9.01981, 7.85, -0.0925]},
			"faces": {
				"north": {"uv": [9.25, 0, 6.25, 16], "texture": "#0"},
				"east": {"uv": [11.5, 0, 4, 16], "texture": "#0"},
				"south": {"uv": [9.5, 0, 3.25, 16], "texture": "#0"},
				"west": {"uv": [9.5, 0, 4.25, 16], "texture": "#0"},
				"up": {"uv": [16, 0, 0, 16], "rotation": 270, "texture": "#0"},
				"down": {"uv": [16, 0, 0, 16], "rotation": 90, "texture": "#0"}
			}
		},
		{
			"from": [0.35, 15.75, 0.35],
			"to": [16.45, 15.75, 15.9],
			"rotation": {"angle": 0, "axis": "y", "origin": [7.75, 7.75, 7.75]},
			"faces": {
				"north": {"uv": [0, 0, 16, 16], "texture": "#0"},
				"east": {"uv": [0, 0, 16, 16], "texture": "#0"},
				"south": {"uv": [0, 0, 16, 16], "texture": "#0"},
				"west": {"uv": [0, 0, 16, 16], "texture": "#0"},
				"up": {"uv": [0, 0, 16, 16], "texture": "#1"}
			}
		},
		{
			"from": [0.45, -0.15, 0.15],
			"to": [16.85, -0.15, 15.9],
			"rotation": {"angle": 0, "axis": "y", "origin": [7.85, -8.15, 7.75]},
			"faces": {
				"north": {"uv": [0, 0, 16, 16], "texture": "#0"},
				"east": {"uv": [0, 0, 16, 16], "texture": "#0"},
				"south": {"uv": [0, 0, 16, 16], "texture": "#0"},
				"west": {"uv": [0, 0, 16, 16], "texture": "#0"},
				"down": {"uv": [0, 0, 16, 16], "texture": "#1"}
			}
		}
	],
	"display": {
		"head": {
			"translation": [0, -32.75, 0]
		}
	}
}