{
  "file_name": "ear_r",
  "texture_size": [
    16,
    16
  ],
  "textures": {
    "layer0": "modelengine:entity/goblin"
  },
  "elements": [
    {
      "name": "ear_r_0",
      "from": [
        6.893912,
        7.408598,
        7.908332
      ],
      "to": [
        7.343912,
        8.383598,
        8.133331
      ],
      "rotation": {
        "angle": -22.5,
        "axis": "z",
        "origin": [
          7.9662437,
          8.030534,
          7.9968076
        ]
      },
      "faces": {
        "down": {
          "uv": [
            9.875,
            14.5,
            9.125,
            14.875
          ],
          "texture": "#layer0",
          "tintindex": 0
        },
        "east": {
          "uv": [
            0.0,
            9.625,
            0.375,
            11.25
          ],
          "texture": "#layer0",
          "tintindex": 0
        },
        "north": {
          "uv": [
            9.5,
            13.375,
            10.25,
            15.0
          ],
          "texture": "#layer0",
          "tintindex": 0
        },
        "south": {
          "uv": [
            0.0,
            9.625,
            0.75,
            11.25
          ],
          "texture": "#layer0",
          "tintindex": 0
        },
        "up": {
          "uv": [
            0.0,
            9.625,
            0.75,
            10.0
          ],
          "texture": "#layer0",
          "tintindex": 0
        },
        "west": {
          "uv": [
            0.0,
            9.625,
            0.375,
            11.25
          ],
          "texture": "#layer0",
          "tintindex": 0
        }
      }
    },
    {
      "name": "ear_r_1",
      "from": [
        6.7635436,
        7.045574,
        7.983332
      ],
      "to": [
        7.213544,
        7.9455743,
        8.0583315
      ],
      "rotation": {
        "angle": -45.0,
        "axis": "z",
        "origin": [
          7.9662437,
          8.030534,
          7.9968076
        ]
      },
      "faces": {
        "down": {
          "uv": [
            9.875,
            14.5,
            9.125,
            14.625
          ],
          "texture": "#layer0",
          "tintindex": 0
        },
        "east": {
          "uv": [
            0.0,
            9.625,
            0.125,
            11.125
          ],
          "texture": "#layer0",
          "tintindex": 0
        },
        "north": {
          "uv": [
            10.0,
            13.25,
            9.25,
            14.75
          ],
          "texture": "#layer0",
          "tintindex": 0
        },
        "south": {
          "uv": [
            0.0,
            9.625,
            0.75,
            11.125
          ],
          "texture": "#layer0",
          "tintindex": 0
        },
        "up": {
          "uv": [
            0.0,
            9.625,
            0.75,
            9.75
          ],
          "texture": "#layer0",
          "tintindex": 0
        },
        "west": {
          "uv": [
            0.0,
            9.625,
            0.125,
            11.125
          ],
          "texture": "#layer0",
          "tintindex": 0
        }
      }
    },
    {
      "name": "ear_r_2",
      "from": [
        6.5385437,
        7.120574,
        7.983332
      ],
      "to": [
        6.7635436,
        7.870574,
        8.0583315
      ],
      "rotation": {
        "angle": -45.0,
        "axis": "z",
        "origin": [
          7.9662437,
          8.030534,
          7.9968076
        ]
      },
      "faces": {
        "down": {
          "uv": [
            9.5,
            14.5,
            9.125,
            14.625
          ],
          "texture": "#layer0",
          "tintindex": 0
        },
        "east": {
          "uv": [
            0.0,
            9.625,
            0.125,
            10.875
          ],
          "texture": "#layer0",
          "tintindex": 0
        },
        "north": {
          "uv": [
            10.125,
            13.5,
            10.5,
            14.75
          ],
          "texture": "#layer0",
          "tintindex": 0
        },
        "south": {
          "uv": [
            0.0,
            9.625,
            0.375,
            10.875
          ],
          "texture": "#layer0",
          "tintindex": 0
        },
        "up": {
          "uv": [
            0.0,
            9.625,
            0.375,
            9.75
          ],
          "texture": "#layer0",
          "tintindex": 0
        },
        "west": {
          "uv": [
            0.0,
            9.625,
            0.125,
            10.875
          ],
          "texture": "#layer0",
          "tintindex": 0
        }
      }
    },
    {
      "name": "ear_r_3",
      "from": [
        6.3885436,
        7.195574,
        7.983332
      ],
      "to": [
        6.5385437,
        7.795574,
        8.0583315
      ],
      "rotation": {
        "angle": -45.0,
        "axis": "z",
        "origin": [
          7.9662437,
          8.030534,
          7.9968076
        ]
      },
      "faces": {
        "down": {
          "uv": [
            9.375,
            14.5,
            9.125,
            14.625
          ],
          "texture": "#layer0",
          "tintindex": 0
        },
        "east": {
          "uv": [
            0.0,
            9.625,
            0.125,
            10.625
          ],
          "texture": "#layer0",
          "tintindex": 0
        },
        "north": {
          "uv": [
            10.0,
            13.5,
            9.75,
            14.5
          ],
          "texture": "#layer0",
          "tintindex": 0
        },
        "south": {
          "uv": [
            0.0,
            9.625,
            0.25,
            10.625
          ],
          "texture": "#layer0",
          "tintindex": 0
        },
        "up": {
          "uv": [
            0.0,
            9.625,
            0.25,
            9.75
          ],
          "texture": "#layer0",
          "tintindex": 0
        },
        "west": {
          "uv": [
            0.0,
            9.625,
            0.125,
            10.625
          ],
          "texture": "#layer0",
          "tintindex": 0
        }
      }
    },
    {
      "name": "ear_r_4",
      "from": [
        6.2385435,
        7.270574,
        7.983332
      ],
      "to": [
        6.3885436,
        7.7205744,
        8.0583315
      ],
      "rotation": {
        "angle": -45.0,
        "axis": "z",
        "origin": [
          7.9662437,
          8.030534,
          7.9968076
        ]
      },
      "faces": {
        "down": {
          "uv": [
            9.375,
            14.5,
            9.125,
            14.625
          ],
          "texture": "#layer0",
          "tintindex": 0
        },
        "east": {
          "uv": [
            0.0,
            9.625,
            0.125,
            10.375
          ],
          "texture": "#layer0",
          "tintindex": 0
        },
        "north": {
          "uv": [
            9.875,
            13.625,
            9.625,
            14.375
          ],
          "texture": "#layer0",
          "tintindex": 0
        },
        "south": {
          "uv": [
            0.0,
            9.625,
            0.25,
            10.375
          ],
          "texture": "#layer0",
          "tintindex": 0
        },
        "up": {
          "uv": [
            0.0,
            9.625,
            0.25,
            9.75
          ],
          "texture": "#layer0",
          "tintindex": 0
        },
        "west": {
          "uv": [
            0.0,
            9.625,
            0.125,
            10.375
          ],
          "texture": "#layer0",
          "tintindex": 0
        }
      }
    },
    {
      "name": "ear_r_5",
      "from": [
        6.088544,
        7.3455744,
        7.983332
      ],
      "to": [
        6.2385435,
        7.645574,
        8.0583315
      ],
      "rotation": {
        "angle": -45.0,
        "axis": "z",
        "origin": [
          7.9662437,
          8.030534,
          7.9968076
        ]
      },
      "faces": {
        "down": {
          "uv": [
            9.375,
            14.5,
            9.125,
            14.625
          ],
          "texture": "#layer0",
          "tintindex": 0
        },
        "east": {
          "uv": [
            0.0,
            9.625,
            0.125,
            10.125
          ],
          "texture": "#layer0",
          "tintindex": 0
        },
        "north": {
          "uv": [
            10.0,
            13.75,
            9.75,
            14.25
          ],
          "texture": "#layer0",
          "tintindex": 0
        },
        "south": {
          "uv": [
            0.0,
            9.625,
            0.25,
            10.125
          ],
          "texture": "#layer0",
          "tintindex": 0
        },
        "up": {
          "uv": [
            0.0,
            9.625,
            0.25,
            9.75
          ],
          "texture": "#layer0",
          "tintindex": 0
        },
        "west": {
          "uv": [
            0.0,
            9.625,
            0.125,
            10.125
          ],
          "texture": "#layer0",
          "tintindex": 0
        }
      }
    },
    {
      "name": "ear_r_6",
      "from": [
        6.2007675,
        8.867497,
        8.0583315
      ],
      "to": [
        6.350768,
        9.092498,
        8.0583315
      ],
      "rotation": {
        "angle": 0.0,
        "axis": "z",
        "origin": [
          8.0,
          8.0,
          8.0
        ]
      },
      "faces": {
        "down": {
          "uv": [
            9.375,
            14.5,
            9.125,
            14.5
          ],
          "texture": "#layer0",
          "tintindex": 0
        },
        "east": {
          "uv": [
            0.0,
            9.625,
            0.0,
            10.0
          ],
          "texture": "#layer0",
          "tintindex": 0
        },
        "north": {
          "uv": [
            9.875,
            13.75,
            9.625,
            14.125
          ],
          "texture": "#layer0",
          "tintindex": 0
        },
        "south": {
          "uv": [
            0.0,
            9.625,
            0.25,
            10.0
          ],
          "texture": "#layer0",
          "tintindex": 0
        },
        "up": {
          "uv": [
            0.0,
            9.625,
            0.25,
            9.625
          ],
          "texture": "#layer0",
          "tintindex": 0
        },
        "west": {
          "uv": [
            0.0,
            9.625,
            0.0,
            10.0
          ],
          "texture": "#layer0",
          "tintindex": 0
        }
      }
    },
    {
      "name": "ear_r_7",
      "from": [
        7.1532803,
        7.694096,
        7.833332
      ],
      "to": [
        8.20328,
        8.744096,
        8.208332
      ],
      "rotation": {
        "angle": 0.0,
        "axis": "z",
        "origin": [
          8.0,
          8.0,
          8.0
        ]
      },
      "faces": {
        "down": {
          "uv": [
            10.875,
            14.5,
            9.125,
            15.125
          ],
          "texture": "#layer0",
          "tintindex": 0
        },
        "east": {
          "uv": [
            0.0,
            9.625,
            0.625,
            11.375
          ],
          "texture": "#layer0",
          "tintindex": 0
        },
        "north": {
          "uv": [
            12.75,
            13.625,
            11.0,
            15.375
          ],
          "texture": "#layer0",
          "tintindex": 0
        },
        "south": {
          "uv": [
            0.0,
            9.625,
            1.75,
            11.375
          ],
          "texture": "#layer0",
          "tintindex": 0
        },
        "up": {
          "uv": [
            0.0,
            9.625,
            1.75,
            10.25
          ],
          "texture": "#layer0",
          "tintindex": 0
        },
        "west": {
          "uv": [
            0.0,
            9.625,
            0.625,
            11.375
          ],
          "texture": "#layer0",
          "tintindex": 0
        }
      }
    },
    {
      "name": "ear_r_8",
      "from": [
        7.482818,
        7.544096,
        7.4847317
      ],
      "to": [
        8.082818,
        8.819096,
        7.8597317
      ],
      "rotation": {
        "angle": 22.5,
        "axis": "y",
        "origin": [
          7.9662437,
          8.030534,
          7.9968076
        ]
      },
      "faces": {
        "down": {
          "uv": [
            10.125,
            14.5,
            9.125,
            15.125
          ],
          "texture": "#layer0",
          "tintindex": 0
        },
        "east": {
          "uv": [
            0.0,
            9.625,
            0.625,
            11.75
          ],
          "texture": "#layer0",
          "tintindex": 0
        },
        "north": {
          "uv": [
            11.375,
            13.375,
            10.375,
            15.5
          ],
          "texture": "#layer0",
          "tintindex": 0
        },
        "south": {
          "uv": [
            0.0,
            9.625,
            1.0,
            11.75
          ],
          "texture": "#layer0",
          "tintindex": 0
        },
        "up": {
          "uv": [
            0.0,
            9.625,
            1.0,
            10.25
          ],
          "texture": "#layer0",
          "tintindex": 0
        },
        "west": {
          "uv": [
            0.0,
            9.625,
            0.625,
            11.75
          ],
          "texture": "#layer0",
          "tintindex": 0
        }
      }
    }
  ],
  "display": {
    "head": {
      "translation": [
        0.0,
        -6.4,
        0.0
      ],
      "rotation": [
        0.0,
        0.0,
        0.0
      ],
      "scale": [
        3.8095,
        3.8095,
        3.8095
      ]
    },
    "gui": {
      "translation": [
        0.0,
        0.0,
        0.0
      ],
      "rotation": [
        35.0,
        225.0,
        0.0
      ],
      "scale": [
        0.625,
        0.625,
        0.625
      ]
    }
  }
}