{
  "file_name": "leg_l",
  "texture_size": [
    16,
    16
  ],
  "textures": {
    "layer0": "modelengine:entity/goblin"
  },
  "elements": [
    {
      "name": "leg_l_0",
      "from": [
        7.6925,
        6.7108755,
        7.862948
      ],
      "to": [
        8.4425,
        8.510876,
        8.537948
      ],
      "rotation": {
        "angle": 22.5,
        "axis": "x",
        "origin": [
          7.9925003,
          8.103926,
          8.192906
        ]
      },
      "faces": {
        "down": {
          "uv": [
            1.625,
            11.75,
            0.375,
            10.625
          ],
          "texture": "#layer0",
          "tintindex": 0
        },
        "east": {
          "uv": [
            0.375,
            13.625,
            1.5,
            10.625
          ],
          "texture": "#layer0",
          "tintindex": 0
        },
        "north": {
          "uv": [
            0.375,
            13.625,
            1.625,
            10.625
          ],
          "texture": "#layer0",
          "tintindex": 0
        },
        "south": {
          "uv": [
            0.375,
            13.625,
            1.625,
            10.625
          ],
          "texture": "#layer0",
          "tintindex": 0
        },
        "up": {
          "uv": [
            0.375,
            11.75,
            1.625,
            10.625
          ],
          "texture": "#layer0",
          "tintindex": 0
        },
        "west": {
          "uv": [
            0.375,
            13.625,
            1.5,
            10.625
          ],
          "texture": "#layer0",
          "tintindex": 0
        }
      }
    },
    {
      "name": "leg_l_1",
      "from": [
        7.7675,
        6.7108755,
        7.787948
      ],
      "to": [
        8.3675,
        8.510876,
        7.862948
      ],
      "rotation": {
        "angle": 22.5,
        "axis": "x",
        "origin": [
          7.9925003,
          8.103926,
          8.192906
        ]
      },
      "faces": {
        "down": {
          "uv": [
            1.375,
            10.75,
            0.375,
            10.625
          ],
          "texture": "#layer0",
          "tintindex": 0
        },
        "east": {
          "uv": [
            0.375,
            13.625,
            0.5,
            10.625
          ],
          "texture": "#layer0",
          "tintindex": 0
        },
        "north": {
          "uv": [
            0.375,
            13.625,
            1.375,
            10.625
          ],
          "texture": "#layer0",
          "tintindex": 0
        },
        "south": {
          "uv": [
            0.375,
            13.625,
            1.375,
            10.625
          ],
          "texture": "#layer0",
          "tintindex": 0
        },
        "up": {
          "uv": [
            0.375,
            10.75,
            1.375,
            10.625
          ],
          "texture": "#layer0",
          "tintindex": 0
        },
        "west": {
          "uv": [
            0.375,
            13.625,
            0.5,
            10.625
          ],
          "texture": "#layer0",
          "tintindex": 0
        }
      }
    },
    {
      "name": "leg_l_2",
      "from": [
        7.7675,
        6.446888,
        7.285676
      ],
      "to": [
        8.3675,
        6.9718876,
        8.110676
      ],
      "rotation": {
        "angle": 0.0,
        "axis": "z",
        "origin": [
          8.0,
          8.0,
          8.0
        ]
      },
      "faces": {
        "down": {
          "uv": [
            1.375,
            12.0,
            0.375,
            10.625
          ],
          "texture": "#layer0",
          "tintindex": 0
        },
        "east": {
          "uv": [
            0.375,
            11.5,
            1.75,
            10.625
          ],
          "texture": "#layer0",
          "tintindex": 0
        },
        "north": {
          "uv": [
            0.375,
            11.5,
            1.375,
            10.625
          ],
          "texture": "#layer0",
          "tintindex": 0
        },
        "south": {
          "uv": [
            0.375,
            11.5,
            1.375,
            10.625
          ],
          "texture": "#layer0",
          "tintindex": 0
        },
        "up": {
          "uv": [
            0.375,
            12.0,
            1.375,
            10.625
          ],
          "texture": "#layer0",
          "tintindex": 0
        },
        "west": {
          "uv": [
            0.375,
            11.5,
            1.75,
            10.625
          ],
          "texture": "#layer0",
          "tintindex": 0
        }
      }
    },
    {
      "name": "leg_l_3",
      "from": [
        7.8425,
        6.446888,
        7.210676
      ],
      "to": [
        8.2925,
        6.896888,
        7.285676
      ],
      "rotation": {
        "angle": 0.0,
        "axis": "z",
        "origin": [
          8.0,
          8.0,
          8.0
        ]
      },
      "faces": {
        "down": {
          "uv": [
            1.125,
            10.75,
            0.375,
            10.625
          ],
          "texture": "#layer0",
          "tintindex": 0
        },
        "east": {
          "uv": [
            0.375,
            11.375,
            0.5,
            10.625
          ],
          "texture": "#layer0",
          "tintindex": 0
        },
        "north": {
          "uv": [
            0.375,
            11.375,
            1.125,
            10.625
          ],
          "texture": "#layer0",
          "tintindex": 0
        },
        "south": {
          "uv": [
            0.375,
            11.375,
            1.125,
            10.625
          ],
          "texture": "#layer0",
          "tintindex": 0
        },
        "up": {
          "uv": [
            0.375,
            10.75,
            1.125,
            10.625
          ],
          "texture": "#layer0",
          "tintindex": 0
        },
        "west": {
          "uv": [
            0.375,
            11.375,
            0.5,
            10.625
          ],
          "texture": "#layer0",
          "tintindex": 0
        }
      }
    }
  ],
  "display": {
    "head": {
      "translation": [
        0.0,
        -6.4,
        0.0
      ],
      "rotation": [
        0.0,
        0.0,
        0.0
      ],
      "scale": [
        3.8095,
        3.8095,
        3.8095
      ]
    },
    "gui": {
      "translation": [
        0.0,
        0.0,
        0.0
      ],
      "rotation": [
        35.0,
        225.0,
        0.0
      ],
      "scale": [
        0.625,
        0.625,
        0.625
      ]
    }
  }
}