{
  "file_name": "lower_ll",
  "texture_size": [
    16,
    16
  ],
  "textures": {
    "layer0": "modelengine:entity/goblin"
  },
  "elements": [
    {
      "name": "lower_ll_0",
      "from": [
        8.0,
        7.26587,
        7.739768
      ],
      "to": [
        8.3,
        8.165871,
        7.814768
      ],
      "rotation": {
        "angle": -22.5,
        "axis": "x",
        "origin": [
          8.15,
          8.007854,
          8.043596
        ]
      },
      "faces": {
        "down": {
          "uv": [
            0.875,
            10.75,
            0.375,
            10.625
          ],
          "texture": "#layer0",
          "tintindex": 0
        },
        "east": {
          "uv": [
            0.375,
            12.125,
            0.5,
            10.625
          ],
          "texture": "#layer0",
          "tintindex": 0
        },
        "north": {
          "uv": [
            0.375,
            12.125,
            0.875,
            10.625
          ],
          "texture": "#layer0",
          "tintindex": 0
        },
        "south": {
          "uv": [
            0.375,
            12.125,
            0.875,
            10.625
          ],
          "texture": "#layer0",
          "tintindex": 0
        },
        "up": {
          "uv": [
            0.375,
            10.75,
            0.875,
            10.625
          ],
          "texture": "#layer0",
          "tintindex": 0
        },
        "west": {
          "uv": [
            0.375,
            12.125,
            0.5,
            10.625
          ],
          "texture": "#layer0",
          "tintindex": 0
        }
      }
    },
    {
      "name": "lower_ll_1",
      "from": [
        7.925,
        6.44087,
        7.814768
      ],
      "to": [
        8.3,
        8.015869,
        8.264769
      ],
      "rotation": {
        "angle": -22.5,
        "axis": "x",
        "origin": [
          8.15,
          8.007854,
          8.043596
        ]
      },
      "faces": {
        "down": {
          "uv": [
            1.0,
            11.375,
            0.375,
            10.625
          ],
          "texture": "#layer0",
          "tintindex": 0
        },
        "east": {
          "uv": [
            0.375,
            13.25,
            1.125,
            10.625
          ],
          "texture": "#layer0",
          "tintindex": 0
        },
        "north": {
          "uv": [
            0.375,
            13.25,
            1.0,
            10.625
          ],
          "texture": "#layer0",
          "tintindex": 0
        },
        "south": {
          "uv": [
            0.375,
            13.25,
            1.0,
            10.625
          ],
          "texture": "#layer0",
          "tintindex": 0
        },
        "up": {
          "uv": [
            0.375,
            11.375,
            1.0,
            10.625
          ],
          "texture": "#layer0",
          "tintindex": 0
        },
        "west": {
          "uv": [
            0.375,
            13.25,
            1.125,
            10.625
          ],
          "texture": "#layer0",
          "tintindex": 0
        }
      }
    },
    {
      "name": "lower_ll_2",
      "from": [
        7.775,
        6.6658697,
        7.739768
      ],
      "to": [
        8.45,
        7.2658696,
        8.339768
      ],
      "rotation": {
        "angle": -22.5,
        "axis": "x",
        "origin": [
          8.15,
          8.007854,
          8.043596
        ]
      },
      "faces": {
        "down": {
          "uv": [
            1.0,
            4.625,
            2.0,
            3.5
          ],
          "texture": "#layer0",
          "tintindex": 0
        },
        "east": {
          "uv": [
            2.0,
            4.5,
            1.0,
            3.5
          ],
          "texture": "#layer0",
          "tintindex": 0
        },
        "north": {
          "uv": [
            2.0,
            4.625,
            1.0,
            3.5
          ],
          "texture": "#layer0",
          "tintindex": 0
        },
        "south": {
          "uv": [
            2.0,
            4.625,
            1.0,
            3.5
          ],
          "texture": "#layer0",
          "tintindex": 0
        },
        "up": {
          "uv": [
            2.0,
            4.625,
            1.0,
            3.5
          ],
          "texture": "#layer0",
          "tintindex": 0
        },
        "west": {
          "uv": [
            2.0,
            4.5,
            1.0,
            3.5
          ],
          "texture": "#layer0",
          "tintindex": 0
        }
      }
    },
    {
      "name": "lower_ll_3",
      "from": [
        7.775,
        6.2993536,
        7.248128
      ],
      "to": [
        8.45,
        6.6743536,
        8.373128
      ],
      "rotation": {
        "angle": -22.5,
        "axis": "x",
        "origin": [
          8.15,
          8.007854,
          8.043596
        ]
      },
      "faces": {
        "down": {
          "uv": [
            1.0,
            4.625,
            2.875,
            3.5
          ],
          "texture": "#layer0",
          "tintindex": 0
        },
        "east": {
          "uv": [
            1.625,
            5.375,
            1.0,
            3.5
          ],
          "texture": "#layer0",
          "tintindex": 0
        },
        "north": {
          "uv": [
            1.625,
            4.625,
            1.0,
            3.5
          ],
          "texture": "#layer0",
          "tintindex": 0
        },
        "south": {
          "uv": [
            1.625,
            4.625,
            1.0,
            3.5
          ],
          "texture": "#layer0",
          "tintindex": 0
        },
        "up": {
          "uv": [
            2.875,
            4.625,
            1.0,
            3.5
          ],
          "texture": "#layer0",
          "tintindex": 0
        },
        "west": {
          "uv": [
            1.625,
            5.375,
            1.0,
            3.5
          ],
          "texture": "#layer0",
          "tintindex": 0
        }
      }
    },
    {
      "name": "lower_ll_4",
      "from": [
        7.85,
        6.125,
        7.5125
      ],
      "to": [
        8.375,
        6.425,
        7.9625
      ],
      "rotation": {
        "angle": 0.0,
        "axis": "z",
        "origin": [
          8.0,
          8.0,
          8.0
        ]
      },
      "faces": {
        "down": {
          "uv": [
            1.0,
            4.375,
            1.75,
            3.5
          ],
          "texture": "#layer0",
          "tintindex": 0
        },
        "east": {
          "uv": [
            1.5,
            4.25,
            1.0,
            3.5
          ],
          "texture": "#layer0",
          "tintindex": 0
        },
        "north": {
          "uv": [
            1.5,
            4.375,
            1.0,
            3.5
          ],
          "texture": "#layer0",
          "tintindex": 0
        },
        "south": {
          "uv": [
            1.5,
            4.375,
            1.0,
            3.5
          ],
          "texture": "#layer0",
          "tintindex": 0
        },
        "up": {
          "uv": [
            1.75,
            4.375,
            1.0,
            3.5
          ],
          "texture": "#layer0",
          "tintindex": 0
        },
        "west": {
          "uv": [
            1.5,
            4.25,
            1.0,
            3.5
          ],
          "texture": "#layer0",
          "tintindex": 0
        }
      }
    },
    {
      "name": "lower_ll_5",
      "from": [
        7.925,
        6.126518,
        7.976162
      ],
      "to": [
        8.3,
        6.3515177,
        8.201162
      ],
      "rotation": {
        "angle": 22.5,
        "axis": "x",
        "origin": [
          8.15,
          8.007854,
          8.043596
        ]
      },
      "faces": {
        "down": {
          "uv": [
            1.0,
            4.125,
            1.375,
            3.5
          ],
          "texture": "#layer0",
          "tintindex": 0
        },
        "east": {
          "uv": [
            1.375,
            3.875,
            1.0,
            3.5
          ],
          "texture": "#layer0",
          "tintindex": 0
        },
        "north": {
          "uv": [
            1.375,
            4.125,
            1.0,
            3.5
          ],
          "texture": "#layer0",
          "tintindex": 0
        },
        "south": {
          "uv": [
            1.375,
            4.125,
            1.0,
            3.5
          ],
          "texture": "#layer0",
          "tintindex": 0
        },
        "up": {
          "uv": [
            1.375,
            4.125,
            1.0,
            3.5
          ],
          "texture": "#layer0",
          "tintindex": 0
        },
        "west": {
          "uv": [
            1.375,
            3.875,
            1.0,
            3.5
          ],
          "texture": "#layer0",
          "tintindex": 0
        }
      }
    },
    {
      "name": "lower_ll_6",
      "from": [
        8.0,
        6.201518,
        7.826162
      ],
      "to": [
        8.225,
        6.3515177,
        8.201162
      ],
      "rotation": {
        "angle": 22.5,
        "axis": "x",
        "origin": [
          8.15,
          8.007854,
          8.043596
        ]
      },
      "faces": {
        "down": {
          "uv": [
            1.0,
            3.875,
            1.625,
            3.5
          ],
          "texture": "#layer0",
          "tintindex": 0
        },
        "east": {
          "uv": [
            1.25,
            4.125,
            1.0,
            3.5
          ],
          "texture": "#layer0",
          "tintindex": 0
        },
        "north": {
          "uv": [
            1.25,
            3.875,
            1.0,
            3.5
          ],
          "texture": "#layer0",
          "tintindex": 0
        },
        "south": {
          "uv": [
            1.25,
            3.875,
            1.0,
            3.5
          ],
          "texture": "#layer0",
          "tintindex": 0
        },
        "up": {
          "uv": [
            1.625,
            3.875,
            1.0,
            3.5
          ],
          "texture": "#layer0",
          "tintindex": 0
        },
        "west": {
          "uv": [
            1.25,
            4.125,
            1.0,
            3.5
          ],
          "texture": "#layer0",
          "tintindex": 0
        }
      }
    }
  ],
  "display": {
    "head": {
      "translation": [
        0.0,
        -6.4,
        0.0
      ],
      "rotation": [
        0.0,
        0.0,
        0.0
      ],
      "scale": [
        3.8095,
        3.8095,
        3.8095
      ]
    },
    "gui": {
      "translation": [
        0.0,
        0.0,
        0.0
      ],
      "rotation": [
        35.0,
        225.0,
        0.0
      ],
      "scale": [
        0.625,
        0.625,
        0.625
      ]
    }
  }
}