{
	"credit": "Made with Blockbench by Juknum",
	"parent": "block/block",
	"textures": {
		"particle": "block/command_block_back",
		"back": "block/command_block_back",
		"front": "block/command_block_front",
		"side": "block/command_block_conditional"
	},
	"elements": [
		{
			"from": [0, 0, 0],
			"to": [16, 16, 16],
			"faces": {
				"north": {"uv": [0, 0, 16, 16], "rotation": 180, "texture": "#front", "cullface": "north"},
				"east": {"uv": [0, 0, 16, 16], "rotation": 90, "texture": "#side", "cullface": "east"},
				"south": {"uv": [0, 0, 16, 16], "texture": "#back", "cullface": "south"},
				"west": {"uv": [0, 0, 16, 16], "rotation": 270, "texture": "#side", "cullface": "west"},
				"up": {"uv": [0, 0, 16, 16], "texture": "#side", "cullface": "up"},
				"down": {"uv": [0, 0, 16, 16], "rotation": 180, "texture": "#side", "cullface": "down"}
			}
		},
		{
			"from": [3, 7, -0.25],
			"to": [13, 9, 0],
			"faces": {
				"north": {"uv": [3, 7, 13, 9], "rotation": 180, "texture": "#front", "cullface": "north"},
				"east": {"uv": [7.0075, 12.5075, 8.9925, 12.9925], "rotation": 90, "texture": "#front", "cullface": "north"},
				"west": {"uv": [7.0075, 12.5075, 8.9925, 12.9925], "rotation": 270, "texture": "#front", "cullface": "north"},
				"up": {"uv": [3.0075, 8.5075, 12.9925, 8.9925], "texture": "#front", "cullface": "north"},
				"down": {"uv": [3.0075, 8.5075, 12.9925, 8.9925], "rotation": 180, "texture": "#front", "cullface": "north"}
			}
		},
		{
			"from": [7, 3, -0.25],
			"to": [9, 13, 0],
			"faces": {
				"north": {"uv": [7.0075, 3.0075, 9.0075, 13.0075], "rotation": 180, "texture": "#front", "cullface": "north"},
				"east": {"uv": [3.0075, 8.5075, 12.9925, 8.9925], "rotation": 90, "texture": "#front", "cullface": "north"},
				"west": {"uv": [3.0075, 8.5075, 12.9925, 8.9925], "rotation": 270, "texture": "#front", "cullface": "north"},
				"up": {"uv": [7.0075, 12.5075, 8.9925, 12.9925], "texture": "#front", "cullface": "north"},
				"down": {"uv": [7.0075, 3.0075, 8.9925, 3.4925], "rotation": 180, "texture": "#front", "cullface": "north"}
			}
		},
		{
			"from": [5, 5, -0.25],
			"to": [11, 11, 0],
			"faces": {
				"north": {"uv": [5.0075, 5.0075, 11.0075, 11.0075], "rotation": 180, "texture": "#front", "cullface": "north"},
				"east": {"uv": [5.0075, 10.5075, 10.9925, 10.9925], "rotation": 90, "texture": "#front", "cullface": "north"},
				"west": {"uv": [5.0075, 10.5075, 10.9925, 10.9925], "rotation": 270, "texture": "#front", "cullface": "north"},
				"up": {"uv": [5.0075, 10.5075, 10.9925, 10.9925], "texture": "#front", "cullface": "north"},
				"down": {"uv": [5.0075, 10.5075, 10.9925, 10.9925], "rotation": 180, "texture": "#front", "cullface": "north"}
			}
		},
		{
			"from": [6, 4, -0.25],
			"to": [10, 12, 0],
			"faces": {
				"north": {"uv": [6.0075, 4.0075, 10.0075, 12.0075], "rotation": 180, "texture": "#front", "cullface": "north"},
				"east": {"uv": [4.0075, 9.5075, 11.9925, 9.9925], "rotation": 90, "texture": "#front", "cullface": "north"},
				"west": {"uv": [4.0075, 9.5075, 11.9925, 9.9925], "rotation": 270, "texture": "#front", "cullface": "north"},
				"up": {"uv": [6.0075, 11.5075, 9.9925, 11.9925], "texture": "#front", "cullface": "north"},
				"down": {"uv": [6.0075, 11.5075, 9.9925, 11.9925], "rotation": 180, "texture": "#front", "cullface": "north"}
			}
		},
		{
			"from": [4, 6, -0.25],
			"to": [12, 10, 0],
			"faces": {
				"north": {"uv": [4.0075, 6.0075, 12.0075, 10.0075], "rotation": 180, "texture": "#front", "cullface": "north"},
				"east": {"uv": [6.0075, 11.5075, 9.9925, 11.9925], "rotation": 90, "texture": "#front", "cullface": "north"},
				"west": {"uv": [6.0075, 11.5075, 9.9925, 11.9925], "rotation": 270, "texture": "#front", "cullface": "north"},
				"up": {"uv": [4.0075, 9.5075, 11.9925, 9.9925], "texture": "#front", "cullface": "north"},
				"down": {"uv": [4.0075, 9.5075, 11.9925, 9.9925], "rotation": 180, "texture": "#front", "cullface": "north"}
			}
		},
		{
			"from": [7.5, 5.5, -0.5],
			"to": [8.5, 6.5, -0.25],
			"faces": {
				"north": {"uv": [7.5, 5.5, 8.5, 6.5], "rotation": 180, "texture": "#front", "cullface": "north"},
				"east": {"uv": [7.5, 6, 8.5, 6.25], "rotation": 90, "texture": "#front", "cullface": "north"},
				"west": {"uv": [7.5, 6, 8.5, 6.25], "rotation": 270, "texture": "#front", "cullface": "north"},
				"up": {"uv": [7.5, 6, 8.5, 6.25], "texture": "#front", "cullface": "north"},
				"down": {"uv": [7.5, 6, 8.5, 6.25], "rotation": 180, "texture": "#front", "cullface": "north"}
			}
		},
		{
			"from": [5.5, 7.5, -0.5],
			"to": [6.5, 8.5, -0.25],
			"faces": {
				"north": {"uv": [5.5, 7.5, 6.5, 8.5], "rotation": 180, "texture": "#front", "cullface": "north"},
				"east": {"uv": [5.5, 8, 6.5, 8.25], "rotation": 90, "texture": "#front", "cullface": "north"},
				"west": {"uv": [5.5, 8, 6.5, 8.25], "rotation": 270, "texture": "#front", "cullface": "north"},
				"up": {"uv": [5.5, 8, 6.5, 8.25], "texture": "#front", "cullface": "north"},
				"down": {"uv": [5.5, 8, 6.5, 8.25], "rotation": 180, "texture": "#front", "cullface": "north"}
			}
		},
		{
			"from": [7.5, 7.5, -0.5],
			"to": [8.5, 8.5, -0.25],
			"faces": {
				"north": {"uv": [7.5, 7.5, 8.5, 8.5], "rotation": 180, "texture": "#front", "cullface": "north"},
				"east": {"uv": [7.5, 8, 8.5, 8.25], "rotation": 90, "texture": "#front", "cullface": "north"},
				"west": {"uv": [7.5, 8, 8.5, 8.25], "rotation": 270, "texture": "#front", "cullface": "north"},
				"up": {"uv": [7.5, 8, 8.5, 8.25], "texture": "#front", "cullface": "north"},
				"down": {"uv": [7.5, 8, 8.5, 8.25], "rotation": 180, "texture": "#front", "cullface": "north"}
			}
		},
		{
			"from": [9.5, 7.5, -0.5],
			"to": [10.5, 8.5, -0.25],
			"faces": {
				"north": {"uv": [9.5, 7.5, 10.5, 8.5], "rotation": 180, "texture": "#front", "cullface": "north"},
				"east": {"uv": [9.5, 8, 10.5, 8.25], "rotation": 90, "texture": "#front", "cullface": "north"},
				"west": {"uv": [9.5, 8, 10.5, 8.25], "rotation": 270, "texture": "#front", "cullface": "north"},
				"up": {"uv": [9.5, 8, 10.5, 8.25], "texture": "#front", "cullface": "north"},
				"down": {"uv": [9.5, 8, 10.5, 8.25], "rotation": 180, "texture": "#front", "cullface": "north"}
			}
		},
		{
			"from": [7.5, 9.5, -0.5],
			"to": [8.5, 10.5, -0.25],
			"faces": {
				"north": {"uv": [7.5, 9.5, 8.5, 10.5], "rotation": 180, "texture": "#front", "cullface": "north"},
				"east": {"uv": [7.5, 10, 8.5, 10.25], "rotation": 90, "texture": "#front", "cullface": "north"},
				"west": {"uv": [7.5, 10, 8.5, 10.25], "rotation": 270, "texture": "#front", "cullface": "north"},
				"up": {"uv": [7.5, 10, 8.5, 10.25], "texture": "#front", "cullface": "north"},
				"down": {"uv": [7.5, 10, 8.5, 10.25], "rotation": 180, "texture": "#front", "cullface": "north"}
			}
		},
		{
			"from": [3.5, 6.5, -0.25],
			"to": [12.5, 9.5, 0],
			"faces": {
				"north": {"uv": [3.5075, 6.5075, 12.5075, 9.5075], "rotation": 180, "texture": "#front", "cullface": "north"},
				"east": {"uv": [6.5075, 12.0075, 9.4925, 12.4925], "rotation": 90, "texture": "#front", "cullface": "north"},
				"west": {"uv": [6.5075, 12.0075, 9.4925, 12.4925], "rotation": 270, "texture": "#front", "cullface": "north"},
				"up": {"uv": [3.5075, 9.0075, 12.4925, 9.4925], "texture": "#front", "cullface": "north"},
				"down": {"uv": [3.5075, 9.0075, 12.4925, 9.4925], "rotation": 180, "texture": "#front", "cullface": "north"}
			}
		},
		{
			"from": [4.5, 5.5, -0.25],
			"to": [11.5, 10.5, 0],
			"faces": {
				"north": {"uv": [4.5075, 5.5075, 11.5075, 10.5075], "rotation": 180, "texture": "#front", "cullface": "north"},
				"east": {"uv": [5.5075, 11.0075, 10.4925, 11.4925], "rotation": 90, "texture": "#front", "cullface": "north"},
				"west": {"uv": [5.5075, 11.0075, 10.4925, 11.4925], "rotation": 270, "texture": "#front", "cullface": "north"},
				"up": {"uv": [4.5075, 10.0075, 11.4925, 10.4925], "texture": "#front", "cullface": "north"},
				"down": {"uv": [4.5075, 10.0075, 11.4925, 10.4925], "rotation": 180, "texture": "#front", "cullface": "north"}
			}
		},
		{
			"from": [5.5, 4.5, -0.25],
			"to": [10.5, 11.5, 0],
			"faces": {
				"north": {"uv": [5.5075, 4.5075, 10.5075, 11.5075], "rotation": 180, "texture": "#front", "cullface": "north"},
				"east": {"uv": [4.5075, 10.0075, 11.4925, 10.4925], "rotation": 90, "texture": "#front", "cullface": "north"},
				"west": {"uv": [4.5075, 10.0075, 11.4925, 10.4925], "rotation": 270, "texture": "#front", "cullface": "north"},
				"up": {"uv": [5.5075, 11.0075, 10.4925, 11.4925], "texture": "#front", "cullface": "north"},
				"down": {"uv": [5.5075, 11.0075, 10.4925, 11.4925], "rotation": 180, "texture": "#front", "cullface": "north"}
			}
		},
		{
			"from": [6.5, 3.5, -0.25],
			"to": [9.5, 12.5, 0],
			"faces": {
				"north": {"uv": [6.5075, 3.5075, 9.5075, 12.5075], "rotation": 180, "texture": "#front", "cullface": "north"},
				"east": {"uv": [3.5075, 9.0075, 12.4925, 9.4925], "rotation": 90, "texture": "#front", "cullface": "north"},
				"west": {"uv": [3.5075, 9.0075, 12.4925, 9.4925], "rotation": 270, "texture": "#front", "cullface": "north"},
				"up": {"uv": [6.5075, 12.0075, 9.4925, 12.4925], "texture": "#front", "cullface": "north"},
				"down": {"uv": [6.5075, 3.5075, 9.4925, 3.9925], "rotation": 180, "texture": "#front", "cullface": "north"}
			}
		},
		{
			"from": [3, 3.5, 16],
			"to": [13, 12.5, 16.25],
			"faces": {
				"east": {"uv": [3.504, 3.004, 12.496, 3.496], "rotation": 90, "texture": "#back", "cullface": "south"},
				"south": {"uv": [3.004, 3.504, 12.996, 12.496], "texture": "#back", "cullface": "south"},
				"west": {"uv": [3.504, 3.004, 12.496, 3.496], "rotation": 270, "texture": "#back", "cullface": "south"},
				"up": {"uv": [3.004, 3.504, 12.996, 3.996], "texture": "#back", "cullface": "south"},
				"down": {"uv": [3.004, 3.504, 12.996, 3.996], "rotation": 180, "texture": "#back", "cullface": "south"}
			}
		},
		{
			"from": [5.5, 5.5, 16.25],
			"to": [6.5, 6.5, 16.5],
			"faces": {
				"east": {"uv": [5.5, 10, 6.5, 10.25], "rotation": 90, "texture": "#back", "cullface": "south"},
				"south": {"uv": [5.5, 9.5, 6.5, 10.5], "texture": "#back", "cullface": "south"},
				"west": {"uv": [5.5, 10, 6.5, 10.25], "rotation": 270, "texture": "#back", "cullface": "south"},
				"up": {"uv": [5.5, 10, 6.5, 10.25], "texture": "#back", "cullface": "south"},
				"down": {"uv": [5.5, 10, 6.5, 10.25], "rotation": 180, "texture": "#back", "cullface": "south"}
			}
		},
		{
			"from": [7.5, 9.5, 16.25],
			"to": [8.5, 10.5, 16.5],
			"faces": {
				"east": {"uv": [7.5, 6, 8.5, 6.25], "rotation": 90, "texture": "#back", "cullface": "south"},
				"south": {"uv": [7.5, 5.5, 8.5, 6.5], "texture": "#back", "cullface": "south"},
				"west": {"uv": [7.5, 6, 8.5, 6.25], "rotation": 270, "texture": "#back", "cullface": "south"},
				"up": {"uv": [7.5, 6, 8.5, 6.25], "texture": "#back", "cullface": "south"},
				"down": {"uv": [7.5, 6, 8.5, 6.25], "rotation": 180, "texture": "#back", "cullface": "south"}
			}
		},
		{
			"from": [9.5, 9.5, 16.25],
			"to": [10.5, 10.5, 16.5],
			"faces": {
				"east": {"uv": [9.5, 6, 10.5, 6.25], "rotation": 90, "texture": "#back", "cullface": "south"},
				"south": {"uv": [9.5, 5.5, 10.5, 6.5], "texture": "#back", "cullface": "south"},
				"west": {"uv": [9.5, 6, 10.5, 6.25], "rotation": 270, "texture": "#back", "cullface": "south"},
				"up": {"uv": [9.5, 6, 10.5, 6.25], "texture": "#back", "cullface": "south"},
				"down": {"uv": [9.5, 6, 10.5, 6.25], "rotation": 180, "texture": "#back", "cullface": "south"}
			}
		},
		{
			"from": [9.5, 7.5, 16.25],
			"to": [10.5, 8.5, 16.5],
			"faces": {
				"east": {"uv": [9.5, 7.5, 10.5, 7.75], "rotation": 90, "texture": "#back", "cullface": "south"},
				"south": {"uv": [9.5, 7.5, 10.5, 8.5], "texture": "#back", "cullface": "south"},
				"west": {"uv": [9.5, 7.5, 10.5, 7.75], "rotation": 270, "texture": "#back", "cullface": "south"},
				"up": {"uv": [9.5, 7.5, 10.5, 7.75], "texture": "#back", "cullface": "south"},
				"down": {"uv": [9.5, 7.5, 10.5, 7.75], "rotation": 180, "texture": "#back", "cullface": "south"}
			}
		},
		{
			"from": [7.5, 7.5, 16.25],
			"to": [8.5, 8.5, 16.5],
			"faces": {
				"east": {"uv": [7.5, 7.5, 8.5, 7.75], "rotation": 90, "texture": "#back", "cullface": "south"},
				"south": {"uv": [7.5, 7.5, 8.5, 8.5], "texture": "#back", "cullface": "south"},
				"west": {"uv": [7.5, 7.5, 8.5, 7.75], "rotation": 270, "texture": "#back", "cullface": "south"},
				"up": {"uv": [7.5, 7.5, 8.5, 7.75], "texture": "#back", "cullface": "south"},
				"down": {"uv": [7.5, 7.5, 8.5, 7.75], "rotation": 180, "texture": "#back", "cullface": "south"}
			}
		},
		{
			"from": [7.5, 5.5, 16.25],
			"to": [8.5, 6.5, 16.5],
			"faces": {
				"east": {"uv": [7.5, 9.5, 8.5, 9.75], "rotation": 90, "texture": "#back", "cullface": "south"},
				"south": {"uv": [7.5, 9.5, 8.5, 10.5], "texture": "#back", "cullface": "south"},
				"west": {"uv": [7.5, 9.5, 8.5, 9.75], "rotation": 270, "texture": "#back", "cullface": "south"},
				"up": {"uv": [7.5, 9.5, 8.5, 9.75], "texture": "#back", "cullface": "south"},
				"down": {"uv": [7.5, 9.5, 8.5, 9.75], "rotation": 180, "texture": "#back", "cullface": "south"}
			}
		},
		{
			"from": [9.5, 5.5, 16.25],
			"to": [10.5, 6.5, 16.5],
			"faces": {
				"east": {"uv": [9.5, 9.5, 10.5, 9.75], "rotation": 90, "texture": "#back", "cullface": "south"},
				"south": {"uv": [9.5, 9.5, 10.5, 10.5], "texture": "#back", "cullface": "south"},
				"west": {"uv": [9.5, 9.5, 10.5, 9.75], "rotation": 270, "texture": "#back", "cullface": "south"},
				"up": {"uv": [9.5, 9.5, 10.5, 9.75], "texture": "#back", "cullface": "south"},
				"down": {"uv": [9.5, 9.5, 10.5, 9.75], "rotation": 180, "texture": "#back", "cullface": "south"}
			}
		},
		{
			"from": [5.5, 9.5, 16.25],
			"to": [6.5, 10.5, 16.5],
			"faces": {
				"east": {"uv": [5.5, 6, 6.5, 6.25], "rotation": 90, "texture": "#back", "cullface": "south"},
				"south": {"uv": [5.5, 5.5, 6.5, 6.5], "texture": "#back", "cullface": "south"},
				"west": {"uv": [5.5, 6, 6.5, 6.25], "rotation": 270, "texture": "#back", "cullface": "south"},
				"up": {"uv": [5.5, 6, 6.5, 6.25], "texture": "#back", "cullface": "south"},
				"down": {"uv": [5.5, 6, 6.5, 6.25], "rotation": 180, "texture": "#back", "cullface": "south"}
			}
		},
		{
			"from": [5.5, 7.5, 16.25],
			"to": [6.5, 8.5, 16.5],
			"faces": {
				"east": {"uv": [5.5, 8, 6.5, 8.25], "rotation": 90, "texture": "#back", "cullface": "south"},
				"south": {"uv": [5.5, 7.5, 6.5, 8.5], "texture": "#back", "cullface": "south"},
				"west": {"uv": [5.5, 8, 6.5, 8.25], "rotation": 270, "texture": "#back", "cullface": "south"},
				"up": {"uv": [5.5, 8, 6.5, 8.25], "texture": "#back", "cullface": "south"},
				"down": {"uv": [5.5, 8, 6.5, 8.25], "rotation": 180, "texture": "#back", "cullface": "south"}
			}
		},
		{
			"from": [3.5, 3, 16],
			"to": [12.5, 13, 16.25],
			"faces": {
				"east": {"uv": [3.004, 3.504, 12.996, 3.996], "rotation": 90, "texture": "#back", "cullface": "south"},
				"south": {"uv": [3.504, 3.004, 12.496, 12.996], "texture": "#back", "cullface": "south"},
				"west": {"uv": [3.004, 3.504, 12.996, 3.996], "rotation": 270, "texture": "#back", "cullface": "south"},
				"up": {"uv": [3.504, 3.004, 12.496, 3.496], "texture": "#back", "cullface": "south"},
				"down": {"uv": [3.504, 3.004, 12.496, 3.496], "rotation": 180, "texture": "#back", "cullface": "south"}
			}
		},
		{
			"name": "command_block_conditional2_0",
			"from": [7.5, -0.25, 2.5],
			"to": [8.5, 0, 11.5],
			"faces": {
				"north": {"uv": [8.496, 2.504, 7.504, 2.996], "texture": "#side", "cullface": "down"},
				"east": {"uv": [8.004, 2.504, 8.496, 11.496], "rotation": 90, "texture": "#side", "cullface": "down"},
				"south": {"uv": [7.504, 11.004, 8.496, 11.496], "texture": "#side", "cullface": "down"},
				"west": {"uv": [7.504, 2.504, 7.996, 11.496], "rotation": 270, "texture": "#side", "cullface": "down"},
				"down": {"uv": [7.504, 11.496, 8.496, 2.504], "texture": "#side", "cullface": "down"}
			}
		},
		{
			"name": "dot",
			"from": [7.5, -0.5, 8],
			"to": [8.5, -0.25, 9],
			"faces": {
				"north": {"uv": [7.5, 8, 7.75, 9], "rotation": 180, "texture": "#side", "cullface": "down"},
				"east": {"uv": [7.5, 8, 7.75, 9], "rotation": 90, "texture": "#side", "cullface": "down"},
				"south": {"uv": [7.5, 8, 7.75, 9], "texture": "#side", "cullface": "down"},
				"west": {"uv": [7.5, 8, 7.75, 9], "rotation": 270, "texture": "#side", "cullface": "down"},
				"down": {"uv": [7.5, 9, 8.5, 8], "texture": "#side", "cullface": "down"}
			}
		},
		{
			"name": "dot",
			"from": [5.5, -0.5, 8],
			"to": [6.5, -0.25, 9],
			"faces": {
				"north": {"uv": [5.5, 8, 5.75, 9], "rotation": 180, "texture": "#side", "cullface": "down"},
				"east": {"uv": [5.5, 8, 5.75, 9], "rotation": 90, "texture": "#side", "cullface": "down"},
				"south": {"uv": [5.5, 8, 5.75, 9], "texture": "#side", "cullface": "down"},
				"west": {"uv": [5.5, 8, 5.75, 9], "rotation": 270, "texture": "#side", "cullface": "down"},
				"down": {"uv": [5.5, 9, 6.5, 8], "texture": "#side", "cullface": "down"}
			}
		},
		{
			"name": "dot",
			"from": [9.5, -0.5, 8],
			"to": [10.5, -0.25, 9],
			"faces": {
				"north": {"uv": [10, 8, 10.25, 9], "rotation": 180, "texture": "#side", "cullface": "down"},
				"east": {"uv": [10, 8, 10.25, 9], "rotation": 90, "texture": "#side", "cullface": "down"},
				"south": {"uv": [10, 8, 10.25, 9], "texture": "#side", "cullface": "down"},
				"west": {"uv": [10, 8, 10.25, 9], "rotation": 270, "texture": "#side", "cullface": "down"},
				"down": {"uv": [9.5, 9, 10.5, 8], "texture": "#side", "cullface": "down"}
			}
		},
		{
			"name": "dot",
			"from": [7.5, -0.5, 6],
			"to": [8.5, -0.25, 7],
			"faces": {
				"north": {"uv": [8, 6, 8.25, 7], "rotation": 180, "texture": "#side", "cullface": "down"},
				"east": {"uv": [8, 6, 8.25, 7], "rotation": 90, "texture": "#side", "cullface": "down"},
				"south": {"uv": [8, 6, 8.25, 7], "texture": "#side", "cullface": "down"},
				"west": {"uv": [8, 6, 8.25, 7], "rotation": 270, "texture": "#side", "cullface": "down"},
				"down": {"uv": [7.5, 7, 8.5, 6], "texture": "#side", "cullface": "down"}
			}
		},
		{
			"name": "command_block_conditional2_1",
			"from": [7, -0.25, 3],
			"to": [7.5, 0, 11.5],
			"faces": {
				"north": {"uv": [7.496, 3.004, 7.004, 3.496], "texture": "#side", "cullface": "down"},
				"south": {"uv": [7.004, 11.004, 7.496, 11.496], "texture": "#side", "cullface": "down"},
				"west": {"uv": [7.004, 3.004, 7.496, 11.496], "rotation": 270, "texture": "#side", "cullface": "down"},
				"down": {"uv": [7.004, 11.496, 7.496, 3.004], "texture": "#side", "cullface": "down"}
			}
		},
		{
			"name": "command_block_conditional2_2",
			"from": [8.5, -0.25, 3],
			"to": [9, 0, 11.5],
			"faces": {
				"north": {"uv": [8.996, 3.004, 8.504, 3.496], "texture": "#side", "cullface": "down"},
				"east": {"uv": [8.504, 3.004, 8.996, 11.496], "rotation": 90, "texture": "#side", "cullface": "down"},
				"south": {"uv": [8.504, 11.004, 8.996, 11.496], "texture": "#side", "cullface": "down"},
				"down": {"uv": [8.504, 11.496, 8.996, 3.004], "texture": "#side", "cullface": "down"}
			}
		},
		{
			"name": "command_block_conditional2_3",
			"from": [6.5, -0.25, 3.5],
			"to": [7, 0, 11.5],
			"faces": {
				"north": {"uv": [6.996, 3.504, 6.504, 3.996], "texture": "#side", "cullface": "down"},
				"south": {"uv": [6.504, 11.004, 6.996, 11.496], "texture": "#side", "cullface": "down"},
				"west": {"uv": [6.504, 3.504, 6.996, 11.496], "rotation": 270, "texture": "#side", "cullface": "down"},
				"down": {"uv": [6.504, 11.496, 6.996, 3.504], "texture": "#side", "cullface": "down"}
			}
		},
		{
			"name": "command_block_conditional2_4",
			"from": [9, -0.25, 3.5],
			"to": [9.5, 0, 11.5],
			"faces": {
				"north": {"uv": [9.496, 3.504, 9.004, 3.996], "texture": "#side", "cullface": "down"},
				"east": {"uv": [9.004, 3.504, 9.496, 11.496], "rotation": 90, "texture": "#side", "cullface": "down"},
				"south": {"uv": [9.004, 11.004, 9.496, 11.496], "texture": "#side", "cullface": "down"},
				"down": {"uv": [9.004, 11.496, 9.496, 3.504], "texture": "#side", "cullface": "down"}
			}
		},
		{
			"name": "command_block_conditional2_5",
			"from": [6, -0.25, 4],
			"to": [6.5, 0, 12],
			"faces": {
				"north": {"uv": [6.496, 4.004, 6.004, 4.496], "texture": "#side", "cullface": "down"},
				"east": {"uv": [6.004, 4.004, 6.496, 11.996], "rotation": 90, "texture": "#side", "cullface": "down"},
				"south": {"uv": [6.004, 11.504, 6.496, 11.996], "texture": "#side", "cullface": "down"},
				"west": {"uv": [6.004, 4.004, 6.496, 11.996], "rotation": 270, "texture": "#side", "cullface": "down"},
				"down": {"uv": [6.004, 11.996, 6.496, 4.004], "texture": "#side", "cullface": "down"}
			}
		},
		{
			"name": "command_block_conditional2_6",
			"from": [9.5, -0.25, 4],
			"to": [10, 0, 12],
			"faces": {
				"north": {"uv": [9.996, 4.004, 9.504, 4.496], "texture": "#side", "cullface": "down"},
				"east": {"uv": [9.504, 4.004, 9.996, 11.996], "rotation": 90, "texture": "#side", "cullface": "down"},
				"south": {"uv": [9.504, 11.504, 9.996, 11.996], "texture": "#side", "cullface": "down"},
				"west": {"uv": [9.504, 4.004, 9.996, 11.996], "rotation": 270, "texture": "#side", "cullface": "down"},
				"down": {"uv": [9.504, 11.996, 9.996, 4.004], "texture": "#side", "cullface": "down"}
			}
		},
		{
			"name": "command_block_conditional2_7",
			"from": [5.5, -0.25, 4.5],
			"to": [6, 0, 12.5],
			"faces": {
				"north": {"uv": [5.996, 4.504, 5.504, 4.996], "texture": "#side", "cullface": "down"},
				"east": {"uv": [5.504, 4.504, 5.996, 12.496], "rotation": 90, "texture": "#side", "cullface": "down"},
				"south": {"uv": [5.504, 12.004, 5.996, 12.496], "texture": "#side", "cullface": "down"},
				"west": {"uv": [5.504, 4.504, 5.996, 12.496], "rotation": 270, "texture": "#side", "cullface": "down"},
				"down": {"uv": [5.504, 12.496, 5.996, 4.504], "texture": "#side", "cullface": "down"}
			}
		},
		{
			"name": "command_block_conditional2_8",
			"from": [10, -0.25, 4.5],
			"to": [10.5, 0, 12.5],
			"faces": {
				"north": {"uv": [10.496, 4.504, 10.004, 4.996], "texture": "#side", "cullface": "down"},
				"east": {"uv": [10.004, 4.504, 10.496, 12.496], "rotation": 90, "texture": "#side", "cullface": "down"},
				"south": {"uv": [10.004, 12.004, 10.496, 12.496], "texture": "#side", "cullface": "down"},
				"west": {"uv": [10.004, 4.504, 10.496, 12.496], "rotation": 270, "texture": "#side", "cullface": "down"},
				"down": {"uv": [10.004, 12.496, 10.496, 4.504], "texture": "#side", "cullface": "down"}
			}
		},
		{
			"name": "command_block_conditional2_9",
			"from": [5, -0.25, 5],
			"to": [5.5, 0, 13],
			"faces": {
				"north": {"uv": [5.496, 5.004, 5.004, 5.496], "texture": "#side", "cullface": "down"},
				"east": {"uv": [5.004, 5.004, 5.496, 12.996], "rotation": 90, "texture": "#side", "cullface": "down"},
				"south": {"uv": [5.004, 12.504, 5.496, 12.996], "texture": "#side", "cullface": "down"},
				"west": {"uv": [5.004, 5.004, 5.496, 12.996], "rotation": 270, "texture": "#side", "cullface": "down"},
				"down": {"uv": [5.004, 12.996, 5.496, 5.004], "texture": "#side", "cullface": "down"}
			}
		},
		{
			"name": "command_block_conditional2_10",
			"from": [10.5, -0.25, 5],
			"to": [11, 0, 13],
			"faces": {
				"north": {"uv": [10.996, 5.004, 10.504, 5.496], "texture": "#side", "cullface": "down"},
				"east": {"uv": [10.504, 5.004, 10.996, 12.996], "rotation": 90, "texture": "#side", "cullface": "down"},
				"south": {"uv": [10.504, 12.504, 10.996, 12.996], "texture": "#side", "cullface": "down"},
				"west": {"uv": [10.504, 5.004, 10.996, 12.996], "rotation": 270, "texture": "#side", "cullface": "down"},
				"down": {"uv": [10.504, 12.996, 10.996, 5.004], "texture": "#side", "cullface": "down"}
			}
		},
		{
			"name": "command_block_conditional2_11",
			"from": [4.5, -0.25, 5.5],
			"to": [5, 0, 13.5],
			"faces": {
				"north": {"uv": [4.996, 5.504, 4.504, 5.996], "texture": "#side", "cullface": "down"},
				"east": {"uv": [4.504, 5.504, 4.996, 13.496], "rotation": 90, "texture": "#side", "cullface": "down"},
				"south": {"uv": [4.504, 13.004, 4.996, 13.496], "texture": "#side", "cullface": "down"},
				"west": {"uv": [4.504, 5.504, 4.996, 13.496], "rotation": 270, "texture": "#side", "cullface": "down"},
				"down": {"uv": [4.504, 13.496, 4.996, 5.504], "texture": "#side", "cullface": "down"}
			}
		},
		{
			"name": "command_block_conditional2_12",
			"from": [11, -0.25, 5.5],
			"to": [11.5, 0, 13.5],
			"faces": {
				"north": {"uv": [11.496, 5.504, 11.004, 5.996], "texture": "#side", "cullface": "down"},
				"east": {"uv": [11.004, 5.504, 11.496, 13.496], "rotation": 90, "texture": "#side", "cullface": "down"},
				"south": {"uv": [11.004, 13.004, 11.496, 13.496], "texture": "#side", "cullface": "down"},
				"west": {"uv": [11.004, 5.504, 11.496, 13.496], "rotation": 270, "texture": "#side", "cullface": "down"},
				"down": {"uv": [11.004, 13.496, 11.496, 5.504], "texture": "#side", "cullface": "down"}
			}
		},
		{
			"name": "command_block_conditional2_13",
			"from": [4, -0.25, 6],
			"to": [4.5, 0, 13.5],
			"faces": {
				"north": {"uv": [4.496, 6.004, 4.004, 6.496], "texture": "#side", "cullface": "down"},
				"south": {"uv": [4.004, 13.004, 4.496, 13.496], "texture": "#side", "cullface": "down"},
				"west": {"uv": [4.004, 6.004, 4.496, 13.496], "rotation": 270, "texture": "#side", "cullface": "down"},
				"down": {"uv": [4.004, 13.496, 4.496, 6.004], "texture": "#side", "cullface": "down"}
			}
		},
		{
			"name": "command_block_conditional2_14",
			"from": [11.5, -0.25, 6],
			"to": [12, 0, 13.5],
			"faces": {
				"north": {"uv": [11.996, 6.004, 11.504, 6.496], "texture": "#side", "cullface": "down"},
				"east": {"uv": [11.504, 6.004, 11.996, 13.496], "rotation": 90, "texture": "#side", "cullface": "down"},
				"south": {"uv": [11.504, 13.004, 11.996, 13.496], "texture": "#side", "cullface": "down"},
				"down": {"uv": [11.504, 13.496, 11.996, 6.004], "texture": "#side", "cullface": "down"}
			}
		},
		{
			"name": "command_block_conditional2_15",
			"from": [3.5, -0.25, 6.5],
			"to": [4, 0, 13.5],
			"faces": {
				"north": {"uv": [3.996, 6.504, 3.504, 6.996], "texture": "#side", "cullface": "down"},
				"south": {"uv": [3.504, 13.004, 3.996, 13.496], "texture": "#side", "cullface": "down"},
				"west": {"uv": [3.504, 6.504, 3.996, 13.496], "rotation": 270, "texture": "#side", "cullface": "down"},
				"down": {"uv": [3.504, 13.496, 3.996, 6.504], "texture": "#side", "cullface": "down"}
			}
		},
		{
			"name": "command_block_conditional2_16",
			"from": [12, -0.25, 6.5],
			"to": [12.5, 0, 13.5],
			"faces": {
				"north": {"uv": [12.496, 6.504, 12.004, 6.996], "texture": "#side", "cullface": "down"},
				"east": {"uv": [12.004, 6.504, 12.496, 13.496], "rotation": 90, "texture": "#side", "cullface": "down"},
				"south": {"uv": [12.004, 13.004, 12.496, 13.496], "texture": "#side", "cullface": "down"},
				"down": {"uv": [12.004, 13.496, 12.496, 6.504], "texture": "#side", "cullface": "down"}
			}
		},
		{
			"name": "command_block_conditional2_17",
			"from": [3, -0.25, 7],
			"to": [3.5, 0, 13],
			"faces": {
				"north": {"uv": [3.496, 7.004, 3.004, 7.496], "texture": "#side", "cullface": "down"},
				"south": {"uv": [3.004, 12.504, 3.496, 12.996], "texture": "#side", "cullface": "down"},
				"west": {"uv": [3.004, 7.004, 3.496, 12.996], "rotation": 270, "texture": "#side", "cullface": "down"},
				"down": {"uv": [3.004, 12.996, 3.496, 7.004], "texture": "#side", "cullface": "down"}
			}
		},
		{
			"name": "command_block_conditional2_18",
			"from": [12.5, -0.25, 7],
			"to": [13, 0, 13],
			"faces": {
				"north": {"uv": [12.996, 7.004, 12.504, 7.496], "texture": "#side", "cullface": "down"},
				"east": {"uv": [12.504, 7.004, 12.996, 12.996], "rotation": 90, "texture": "#side", "cullface": "down"},
				"south": {"uv": [12.504, 12.504, 12.996, 12.996], "texture": "#side", "cullface": "down"},
				"down": {"uv": [12.504, 12.996, 12.996, 7.004], "texture": "#side", "cullface": "down"}
			}
		},
		{
			"name": "command_block_conditional2_1",
			"from": [7.5, 16, 2.5],
			"to": [8.5, 16.25, 11.5],
			"faces": {
				"north": {"uv": [8.496, 2.504, 7.504, 2.996], "texture": "#side", "cullface": "up"},
				"east": {"uv": [8.004, 2.504, 8.496, 11.496], "rotation": 90, "texture": "#side", "cullface": "up"},
				"south": {"uv": [7.504, 11.004, 8.496, 11.496], "texture": "#side", "cullface": "up"},
				"west": {"uv": [7.504, 2.504, 7.996, 11.496], "rotation": 270, "texture": "#side", "cullface": "up"},
				"up": {"uv": [7.504, 2.504, 8.496, 11.496], "texture": "#side", "cullface": "up"}
			}
		},
		{
			"name": "command_block_conditional2_2",
			"from": [7, 16, 3],
			"to": [7.5, 16.25, 11.5],
			"faces": {
				"north": {"uv": [7.496, 3.004, 7.004, 3.496], "texture": "#side", "cullface": "up"},
				"south": {"uv": [7.004, 11.004, 7.496, 11.496], "texture": "#side", "cullface": "up"},
				"west": {"uv": [7.004, 3.004, 7.496, 11.496], "rotation": 270, "texture": "#side", "cullface": "up"},
				"up": {"uv": [7.004, 3.004, 7.496, 11.496], "texture": "#side", "cullface": "up"}
			}
		},
		{
			"name": "command_block_conditional3_3",
			"from": [8.5, 16, 3],
			"to": [9, 16.25, 11.5],
			"faces": {
				"north": {"uv": [8.996, 3.004, 8.504, 3.496], "texture": "#side", "cullface": "up"},
				"east": {"uv": [8.504, 3.004, 8.996, 11.496], "rotation": 90, "texture": "#side", "cullface": "up"},
				"south": {"uv": [8.504, 11.004, 8.996, 11.496], "texture": "#side", "cullface": "up"},
				"up": {"uv": [8.504, 3.004, 8.996, 11.496], "texture": "#side", "cullface": "up"}
			}
		},
		{
			"name": "command_block_conditional2_4",
			"from": [6.5, 16, 3.5],
			"to": [7, 16.25, 11.5],
			"faces": {
				"north": {"uv": [6.996, 3.504, 6.504, 3.996], "texture": "#side", "cullface": "up"},
				"south": {"uv": [6.504, 11.004, 6.996, 11.496], "texture": "#side", "cullface": "up"},
				"west": {"uv": [6.504, 3.504, 6.996, 11.496], "rotation": 270, "texture": "#side", "cullface": "up"},
				"up": {"uv": [6.504, 3.504, 6.996, 11.496], "texture": "#side", "cullface": "up"}
			}
		},
		{
			"name": "command_block_conditional2_5",
			"from": [9, 16, 3.5],
			"to": [9.5, 16.25, 11.5],
			"faces": {
				"north": {"uv": [9.496, 3.504, 9.004, 3.996], "texture": "#side", "cullface": "up"},
				"east": {"uv": [9.004, 3.504, 9.496, 11.496], "rotation": 90, "texture": "#side", "cullface": "up"},
				"south": {"uv": [9.004, 11.004, 9.496, 11.496], "texture": "#side", "cullface": "up"},
				"up": {"uv": [9.004, 3.504, 9.496, 11.496], "texture": "#side", "cullface": "up"}
			}
		},
		{
			"name": "command_block_conditional2_6",
			"from": [6, 16, 4],
			"to": [6.5, 16.25, 12],
			"faces": {
				"north": {"uv": [6.496, 4.004, 6.004, 4.496], "texture": "#side", "cullface": "up"},
				"east": {"uv": [6.004, 4.004, 6.496, 11.996], "rotation": 90, "texture": "#side", "cullface": "up"},
				"south": {"uv": [6.004, 11.504, 6.496, 11.996], "texture": "#side", "cullface": "up"},
				"west": {"uv": [6.004, 4.004, 6.496, 11.996], "rotation": 270, "texture": "#side", "cullface": "up"},
				"up": {"uv": [6.004, 4.004, 6.496, 11.996], "texture": "#side", "cullface": "up"}
			}
		},
		{
			"name": "command_block_conditional2_7",
			"from": [9.5, 16, 4],
			"to": [10, 16.25, 12],
			"faces": {
				"north": {"uv": [9.996, 4.004, 9.504, 4.496], "texture": "#side", "cullface": "up"},
				"east": {"uv": [9.504, 4.004, 9.996, 11.996], "rotation": 90, "texture": "#side", "cullface": "up"},
				"south": {"uv": [9.504, 11.504, 9.996, 11.996], "texture": "#side", "cullface": "up"},
				"west": {"uv": [9.504, 4.004, 9.996, 11.996], "rotation": 270, "texture": "#side", "cullface": "up"},
				"up": {"uv": [9.504, 4.004, 9.996, 11.996], "texture": "#side", "cullface": "up"}
			}
		},
		{
			"name": "command_block_conditional2_8",
			"from": [5.5, 16, 4.5],
			"to": [6, 16.25, 12.5],
			"faces": {
				"north": {"uv": [5.996, 4.504, 5.504, 4.996], "texture": "#side", "cullface": "up"},
				"east": {"uv": [5.504, 4.504, 5.996, 12.496], "rotation": 90, "texture": "#side", "cullface": "up"},
				"south": {"uv": [5.504, 12.004, 5.996, 12.496], "texture": "#side", "cullface": "up"},
				"west": {"uv": [5.504, 4.504, 5.996, 12.496], "rotation": 270, "texture": "#side", "cullface": "up"},
				"up": {"uv": [5.504, 4.504, 5.996, 12.496], "texture": "#side", "cullface": "up"}
			}
		},
		{
			"name": "command_block_conditional2_9",
			"from": [10, 16, 4.5],
			"to": [10.5, 16.25, 12.5],
			"faces": {
				"north": {"uv": [10.496, 4.504, 10.004, 4.996], "texture": "#side", "cullface": "up"},
				"east": {"uv": [10.004, 4.504, 10.496, 12.496], "rotation": 90, "texture": "#side", "cullface": "up"},
				"south": {"uv": [10.004, 12.004, 10.496, 12.496], "texture": "#side", "cullface": "up"},
				"west": {"uv": [10.004, 4.504, 10.496, 12.496], "rotation": 270, "texture": "#side", "cullface": "up"},
				"up": {"uv": [10.004, 4.504, 10.496, 12.496], "texture": "#side", "cullface": "up"}
			}
		},
		{
			"name": "command_block_conditional2_10",
			"from": [5, 16, 5],
			"to": [5.5, 16.25, 13],
			"faces": {
				"north": {"uv": [5.496, 5.004, 5.004, 5.496], "texture": "#side", "cullface": "up"},
				"east": {"uv": [5.004, 5.004, 5.496, 12.996], "rotation": 90, "texture": "#side", "cullface": "up"},
				"south": {"uv": [5.004, 12.504, 5.496, 12.996], "texture": "#side", "cullface": "up"},
				"west": {"uv": [5.004, 5.004, 5.496, 12.996], "rotation": 270, "texture": "#side", "cullface": "up"},
				"up": {"uv": [5.004, 5.004, 5.496, 12.996], "texture": "#side", "cullface": "up"}
			}
		},
		{
			"name": "command_block_conditional2_11",
			"from": [10.5, 16, 5],
			"to": [11, 16.25, 13],
			"faces": {
				"north": {"uv": [10.996, 5.004, 10.504, 5.496], "texture": "#side", "cullface": "up"},
				"east": {"uv": [10.504, 5.004, 10.996, 12.996], "rotation": 90, "texture": "#side", "cullface": "up"},
				"south": {"uv": [10.504, 12.504, 10.996, 12.996], "texture": "#side", "cullface": "up"},
				"west": {"uv": [10.504, 5.004, 10.996, 12.996], "rotation": 270, "texture": "#side", "cullface": "up"},
				"up": {"uv": [10.504, 5.004, 10.996, 12.996], "texture": "#side", "cullface": "up"}
			}
		},
		{
			"name": "command_block_conditional2_12",
			"from": [4.5, 16, 5.5],
			"to": [5, 16.25, 13.5],
			"faces": {
				"north": {"uv": [4.996, 5.504, 4.504, 5.996], "texture": "#side", "cullface": "up"},
				"east": {"uv": [4.504, 5.504, 4.996, 13.496], "rotation": 90, "texture": "#side", "cullface": "up"},
				"south": {"uv": [4.504, 13.004, 4.996, 13.496], "texture": "#side", "cullface": "up"},
				"west": {"uv": [4.504, 5.504, 4.996, 13.496], "rotation": 270, "texture": "#side", "cullface": "up"},
				"up": {"uv": [4.504, 5.504, 4.996, 13.496], "texture": "#side", "cullface": "up"}
			}
		},
		{
			"name": "command_block_conditional2_13",
			"from": [11, 16, 5.5],
			"to": [11.5, 16.25, 13.5],
			"faces": {
				"north": {"uv": [11.496, 5.504, 11.004, 5.996], "texture": "#side", "cullface": "up"},
				"east": {"uv": [11.004, 5.504, 11.496, 13.496], "rotation": 90, "texture": "#side", "cullface": "up"},
				"south": {"uv": [11.004, 13.004, 11.496, 13.496], "texture": "#side", "cullface": "up"},
				"west": {"uv": [11.004, 5.504, 11.496, 13.496], "rotation": 270, "texture": "#side", "cullface": "up"},
				"up": {"uv": [11.004, 5.504, 11.496, 13.496], "texture": "#side", "cullface": "up"}
			}
		},
		{
			"name": "command_block_conditional2_14",
			"from": [4, 16, 6],
			"to": [4.5, 16.25, 13.5],
			"faces": {
				"north": {"uv": [4.496, 6.004, 4.004, 6.496], "texture": "#side", "cullface": "up"},
				"south": {"uv": [4.004, 13.004, 4.496, 13.496], "texture": "#side", "cullface": "up"},
				"west": {"uv": [4.004, 6.004, 4.496, 13.496], "rotation": 270, "texture": "#side", "cullface": "up"},
				"up": {"uv": [4.004, 6.004, 4.496, 13.496], "texture": "#side", "cullface": "up"}
			}
		},
		{
			"name": "command_block_conditional2_15",
			"from": [11.5, 16, 6],
			"to": [12, 16.25, 13.5],
			"faces": {
				"north": {"uv": [11.996, 6.004, 11.504, 6.496], "texture": "#side", "cullface": "up"},
				"east": {"uv": [11.504, 6.004, 11.996, 13.496], "rotation": 90, "texture": "#side", "cullface": "up"},
				"south": {"uv": [11.504, 13.004, 11.996, 13.496], "texture": "#side", "cullface": "up"},
				"up": {"uv": [11.504, 6.004, 11.996, 13.496], "texture": "#side", "cullface": "up"}
			}
		},
		{
			"name": "command_block_conditional2_16",
			"from": [3.5, 16, 6.5],
			"to": [4, 16.25, 13.5],
			"faces": {
				"north": {"uv": [3.996, 6.504, 3.504, 6.996], "texture": "#side", "cullface": "up"},
				"south": {"uv": [3.504, 13.004, 3.996, 13.496], "texture": "#side", "cullface": "up"},
				"west": {"uv": [3.504, 6.504, 3.996, 13.496], "rotation": 270, "texture": "#side", "cullface": "up"},
				"up": {"uv": [3.504, 6.504, 3.996, 13.496], "texture": "#side", "cullface": "up"}
			}
		},
		{
			"name": "command_block_conditional2_17",
			"from": [12, 16, 6.5],
			"to": [12.5, 16.25, 13.5],
			"faces": {
				"north": {"uv": [12.496, 6.504, 12.004, 6.996], "texture": "#side", "cullface": "up"},
				"east": {"uv": [12.004, 6.504, 12.496, 13.496], "rotation": 90, "texture": "#side", "cullface": "up"},
				"south": {"uv": [12.004, 13.004, 12.496, 13.496], "texture": "#side", "cullface": "up"},
				"up": {"uv": [12.004, 6.504, 12.496, 13.496], "texture": "#side", "cullface": "up"}
			}
		},
		{
			"name": "command_block_conditional2_18",
			"from": [3, 16, 7],
			"to": [3.5, 16.25, 13],
			"faces": {
				"north": {"uv": [3.496, 7.004, 3.004, 7.496], "texture": "#side", "cullface": "up"},
				"south": {"uv": [3.004, 12.504, 3.496, 12.996], "texture": "#side", "cullface": "up"},
				"west": {"uv": [3.004, 7.004, 3.496, 12.996], "rotation": 270, "texture": "#side", "cullface": "up"},
				"up": {"uv": [3.004, 7.004, 3.496, 12.996], "texture": "#side", "cullface": "up"}
			}
		},
		{
			"name": "command_block_conditional2_19",
			"from": [12.5, 16, 7],
			"to": [13, 16.25, 13],
			"faces": {
				"north": {"uv": [12.996, 7.004, 12.504, 7.496], "texture": "#side", "cullface": "up"},
				"east": {"uv": [12.504, 7.004, 12.996, 12.996], "rotation": 90, "texture": "#side", "cullface": "up"},
				"south": {"uv": [12.504, 12.504, 12.996, 12.996], "texture": "#side", "cullface": "up"},
				"up": {"uv": [12.504, 7.004, 12.996, 12.996], "texture": "#side", "cullface": "up"}
			}
		},
		{
			"name": "dot",
			"from": [5.5, 16.25, 8],
			"to": [6.5, 16.5, 9],
			"faces": {
				"north": {"uv": [10, 8, 10.25, 9], "texture": "#side", "cullface": "up"},
				"east": {"uv": [10, 8, 10.25, 9], "rotation": 90, "texture": "#side", "cullface": "up"},
				"south": {"uv": [10, 8, 10.25, 9], "rotation": 180, "texture": "#side", "cullface": "up"},
				"west": {"uv": [10, 8, 10.25, 9], "rotation": 270, "texture": "#side", "cullface": "up"},
				"up": {"uv": [9.5, 9, 10.5, 8], "rotation": 180, "texture": "#side", "cullface": "up"}
			}
		},
		{
			"name": "dot",
			"from": [7.5, 16.25, 8],
			"to": [8.5, 16.5, 9],
			"faces": {
				"north": {"uv": [7.5, 8, 7.75, 9], "texture": "#side", "cullface": "up"},
				"east": {"uv": [7.5, 8, 7.75, 9], "rotation": 90, "texture": "#side", "cullface": "up"},
				"south": {"uv": [7.5, 8, 7.75, 9], "rotation": 180, "texture": "#side", "cullface": "up"},
				"west": {"uv": [7.5, 8, 7.75, 9], "rotation": 270, "texture": "#side", "cullface": "up"},
				"up": {"uv": [7.5, 9, 8.5, 8], "rotation": 180, "texture": "#side", "cullface": "up"}
			}
		},
		{
			"name": "dot",
			"from": [9.5, 16.25, 8],
			"to": [10.5, 16.5, 9],
			"faces": {
				"north": {"uv": [5.5, 8, 5.75, 9], "texture": "#side", "cullface": "up"},
				"east": {"uv": [5.5, 8, 5.75, 9], "rotation": 90, "texture": "#side", "cullface": "up"},
				"south": {"uv": [5.5, 8, 5.75, 9], "rotation": 180, "texture": "#side", "cullface": "up"},
				"west": {"uv": [5.5, 8, 5.75, 9], "rotation": 270, "texture": "#side", "cullface": "up"},
				"up": {"uv": [5.5, 9, 6.5, 8], "rotation": 180, "texture": "#side", "cullface": "up"}
			}
		},
		{
			"name": "dot",
			"from": [7.5, 16.25, 6],
			"to": [8.5, 16.5, 7],
			"faces": {
				"north": {"uv": [8, 6, 8.25, 7], "texture": "#side", "cullface": "up"},
				"east": {"uv": [8, 6, 8.25, 7], "rotation": 90, "texture": "#side", "cullface": "up"},
				"south": {"uv": [8, 6, 8.25, 7], "rotation": 180, "texture": "#side", "cullface": "up"},
				"west": {"uv": [8, 6, 8.25, 7], "rotation": 270, "texture": "#side", "cullface": "up"},
				"up": {"uv": [7.5, 7, 8.5, 6], "rotation": 180, "texture": "#side", "cullface": "up"}
			}
		},
		{
			"name": "command_block_conditional2_1",
			"from": [-0.25, 7.5, 2.5],
			"to": [0, 8.5, 11.5],
			"faces": {
				"north": {"uv": [8.496, 2.504, 7.504, 2.996], "rotation": 270, "texture": "#side", "cullface": "west"},
				"south": {"uv": [7.504, 11.004, 8.496, 11.496], "rotation": 90, "texture": "#side", "cullface": "west"},
				"west": {"uv": [7.504, 11.496, 8.496, 2.504], "rotation": 90, "texture": "#side", "cullface": "west"},
				"up": {"uv": [7.504, 2.504, 7.996, 11.496], "texture": "#side", "cullface": "west"},
				"down": {"uv": [8.004, 2.504, 8.496, 11.496], "rotation": 180, "texture": "#side", "cullface": "west"}
			}
		},
		{
			"name": "command_block_conditional2_2",
			"from": [-0.25, 8.5, 3],
			"to": [0, 9, 11.5],
			"faces": {
				"north": {"uv": [7.496, 3.004, 7.004, 3.496], "rotation": 270, "texture": "#side", "cullface": "west"},
				"south": {"uv": [7.004, 11.004, 7.496, 11.496], "rotation": 90, "texture": "#side", "cullface": "west"},
				"west": {"uv": [7.004, 11.496, 7.496, 3.004], "rotation": 90, "texture": "#side", "cullface": "west"},
				"up": {"uv": [7.004, 3.004, 7.496, 11.496], "texture": "#side", "cullface": "west"}
			}
		},
		{
			"name": "command_block_conditional3_3",
			"from": [-0.25, 7, 3],
			"to": [0, 7.5, 11.5],
			"faces": {
				"north": {"uv": [8.996, 3.004, 8.504, 3.496], "rotation": 270, "texture": "#side", "cullface": "west"},
				"south": {"uv": [8.504, 11.004, 8.996, 11.496], "rotation": 90, "texture": "#side", "cullface": "west"},
				"west": {"uv": [8.504, 11.496, 8.996, 3.004], "rotation": 90, "texture": "#side", "cullface": "west"},
				"down": {"uv": [8.504, 3.004, 8.996, 11.496], "rotation": 180, "texture": "#side", "cullface": "west"}
			}
		},
		{
			"name": "command_block_conditional2_4",
			"from": [-0.25, 9, 3.5],
			"to": [0, 9.5, 11.5],
			"faces": {
				"north": {"uv": [6.996, 3.504, 6.504, 3.996], "rotation": 270, "texture": "#side", "cullface": "west"},
				"south": {"uv": [6.504, 11.004, 6.996, 11.496], "rotation": 90, "texture": "#side", "cullface": "west"},
				"west": {"uv": [6.504, 11.496, 6.996, 3.504], "rotation": 90, "texture": "#side", "cullface": "west"},
				"up": {"uv": [6.504, 3.504, 6.996, 11.496], "texture": "#side", "cullface": "west"}
			}
		},
		{
			"name": "command_block_conditional2_5",
			"from": [-0.25, 6.5, 3.5],
			"to": [0, 7, 11.5],
			"faces": {
				"north": {"uv": [9.496, 3.504, 9.004, 3.996], "rotation": 270, "texture": "#side", "cullface": "west"},
				"south": {"uv": [9.004, 11.004, 9.496, 11.496], "rotation": 90, "texture": "#side", "cullface": "west"},
				"west": {"uv": [9.004, 11.496, 9.496, 3.504], "rotation": 90, "texture": "#side", "cullface": "west"},
				"down": {"uv": [9.004, 3.504, 9.496, 11.496], "rotation": 180, "texture": "#side", "cullface": "west"}
			}
		},
		{
			"name": "command_block_conditional2_6",
			"from": [-0.25, 9.5, 4],
			"to": [0, 10, 12],
			"faces": {
				"north": {"uv": [6.496, 4.004, 6.004, 4.496], "rotation": 270, "texture": "#side", "cullface": "west"},
				"south": {"uv": [6.004, 11.504, 6.496, 11.996], "rotation": 90, "texture": "#side", "cullface": "west"},
				"west": {"uv": [6.004, 11.996, 6.496, 4.004], "rotation": 90, "texture": "#side", "cullface": "west"},
				"up": {"uv": [6.004, 4.004, 6.496, 11.996], "texture": "#side", "cullface": "west"},
				"down": {"uv": [6.004, 4.004, 6.496, 11.996], "rotation": 180, "texture": "#side", "cullface": "west"}
			}
		},
		{
			"name": "command_block_conditional2_7",
			"from": [-0.25, 6, 4],
			"to": [0, 6.5, 12],
			"faces": {
				"north": {"uv": [9.996, 4.004, 9.504, 4.496], "rotation": 270, "texture": "#side", "cullface": "west"},
				"south": {"uv": [9.504, 11.504, 9.996, 11.996], "rotation": 90, "texture": "#side", "cullface": "west"},
				"west": {"uv": [9.504, 11.996, 9.996, 4.004], "rotation": 90, "texture": "#side", "cullface": "west"},
				"up": {"uv": [9.504, 4.004, 9.996, 11.996], "texture": "#side", "cullface": "west"},
				"down": {"uv": [9.504, 4.004, 9.996, 11.996], "rotation": 180, "texture": "#side", "cullface": "west"}
			}
		},
		{
			"name": "command_block_conditional2_8",
			"from": [-0.25, 10, 4.5],
			"to": [0, 10.5, 12.5],
			"faces": {
				"north": {"uv": [5.996, 4.504, 5.504, 4.996], "rotation": 270, "texture": "#side", "cullface": "west"},
				"south": {"uv": [5.504, 12.004, 5.996, 12.496], "rotation": 90, "texture": "#side", "cullface": "west"},
				"west": {"uv": [5.504, 12.496, 5.996, 4.504], "rotation": 90, "texture": "#side", "cullface": "west"},
				"up": {"uv": [5.504, 4.504, 5.996, 12.496], "texture": "#side", "cullface": "west"},
				"down": {"uv": [5.504, 4.504, 5.996, 12.496], "rotation": 180, "texture": "#side", "cullface": "west"}
			}
		},
		{
			"name": "command_block_conditional2_9",
			"from": [-0.25, 5.5, 4.5],
			"to": [0, 6, 12.5],
			"faces": {
				"north": {"uv": [10.496, 4.504, 10.004, 4.996], "rotation": 270, "texture": "#side", "cullface": "west"},
				"south": {"uv": [10.004, 12.004, 10.496, 12.496], "rotation": 90, "texture": "#side", "cullface": "west"},
				"west": {"uv": [10.004, 12.496, 10.496, 4.504], "rotation": 90, "texture": "#side", "cullface": "west"},
				"up": {"uv": [10.004, 4.504, 10.496, 12.496], "texture": "#side", "cullface": "west"},
				"down": {"uv": [10.004, 4.504, 10.496, 12.496], "rotation": 180, "texture": "#side", "cullface": "west"}
			}
		},
		{
			"name": "command_block_conditional2_10",
			"from": [-0.25, 10.5, 5],
			"to": [0, 11, 13],
			"faces": {
				"north": {"uv": [5.496, 5.004, 5.004, 5.496], "rotation": 270, "texture": "#side", "cullface": "west"},
				"south": {"uv": [5.004, 12.504, 5.496, 12.996], "rotation": 90, "texture": "#side", "cullface": "west"},
				"west": {"uv": [5.004, 12.996, 5.496, 5.004], "rotation": 90, "texture": "#side", "cullface": "west"},
				"up": {"uv": [5.004, 5.004, 5.496, 12.996], "texture": "#side", "cullface": "west"},
				"down": {"uv": [5.004, 5.004, 5.496, 12.996], "rotation": 180, "texture": "#side", "cullface": "west"}
			}
		},
		{
			"name": "command_block_conditional2_11",
			"from": [-0.25, 5, 5],
			"to": [0, 5.5, 13],
			"faces": {
				"north": {"uv": [10.996, 5.004, 10.504, 5.496], "rotation": 270, "texture": "#side", "cullface": "west"},
				"south": {"uv": [10.504, 12.504, 10.996, 12.996], "rotation": 90, "texture": "#side", "cullface": "west"},
				"west": {"uv": [10.504, 12.996, 10.996, 5.004], "rotation": 90, "texture": "#side", "cullface": "west"},
				"up": {"uv": [10.504, 5.004, 10.996, 12.996], "texture": "#side", "cullface": "west"},
				"down": {"uv": [10.504, 5.004, 10.996, 12.996], "rotation": 180, "texture": "#side", "cullface": "west"}
			}
		},
		{
			"name": "command_block_conditional2_12",
			"from": [-0.25, 11, 5.5],
			"to": [0, 11.5, 13.5],
			"faces": {
				"north": {"uv": [4.996, 5.504, 4.504, 5.996], "rotation": 270, "texture": "#side", "cullface": "west"},
				"south": {"uv": [4.504, 13.004, 4.996, 13.496], "rotation": 90, "texture": "#side", "cullface": "west"},
				"west": {"uv": [4.504, 13.496, 4.996, 5.504], "rotation": 90, "texture": "#side", "cullface": "west"},
				"up": {"uv": [4.504, 5.504, 4.996, 13.496], "texture": "#side", "cullface": "west"},
				"down": {"uv": [4.504, 5.504, 4.996, 13.496], "rotation": 180, "texture": "#side", "cullface": "west"}
			}
		},
		{
			"name": "command_block_conditional2_13",
			"from": [-0.25, 4.5, 5.5],
			"to": [0, 5, 13.5],
			"faces": {
				"north": {"uv": [11.496, 5.504, 11.004, 5.996], "rotation": 270, "texture": "#side", "cullface": "west"},
				"south": {"uv": [11.004, 13.004, 11.496, 13.496], "rotation": 90, "texture": "#side", "cullface": "west"},
				"west": {"uv": [11.004, 13.496, 11.496, 5.504], "rotation": 90, "texture": "#side", "cullface": "west"},
				"up": {"uv": [11.004, 5.504, 11.496, 13.496], "texture": "#side", "cullface": "west"},
				"down": {"uv": [11.004, 5.504, 11.496, 13.496], "rotation": 180, "texture": "#side", "cullface": "west"}
			}
		},
		{
			"name": "command_block_conditional2_14",
			"from": [-0.25, 11.5, 6],
			"to": [0, 12, 13.5],
			"faces": {
				"north": {"uv": [4.496, 6.004, 4.004, 6.496], "rotation": 270, "texture": "#side", "cullface": "west"},
				"south": {"uv": [4.004, 13.004, 4.496, 13.496], "rotation": 90, "texture": "#side", "cullface": "west"},
				"west": {"uv": [4.004, 13.496, 4.496, 6.004], "rotation": 90, "texture": "#side", "cullface": "west"},
				"up": {"uv": [4.004, 6.004, 4.496, 13.496], "texture": "#side", "cullface": "west"}
			}
		},
		{
			"name": "command_block_conditional2_15",
			"from": [-0.25, 4, 6],
			"to": [0, 4.5, 13.5],
			"faces": {
				"north": {"uv": [11.996, 6.004, 11.504, 6.496], "rotation": 270, "texture": "#side", "cullface": "west"},
				"south": {"uv": [11.504, 13.004, 11.996, 13.496], "rotation": 90, "texture": "#side", "cullface": "west"},
				"west": {"uv": [11.504, 13.496, 11.996, 6.004], "rotation": 90, "texture": "#side", "cullface": "west"},
				"down": {"uv": [11.504, 6.004, 11.996, 13.496], "rotation": 180, "texture": "#side", "cullface": "west"}
			}
		},
		{
			"name": "command_block_conditional2_16",
			"from": [-0.25, 12, 6.5],
			"to": [0, 12.5, 13.5],
			"faces": {
				"north": {"uv": [3.996, 6.504, 3.504, 6.996], "rotation": 270, "texture": "#side", "cullface": "west"},
				"south": {"uv": [3.504, 13.004, 3.996, 13.496], "rotation": 90, "texture": "#side", "cullface": "west"},
				"west": {"uv": [3.504, 13.496, 3.996, 6.504], "rotation": 90, "texture": "#side", "cullface": "west"},
				"up": {"uv": [3.504, 6.504, 3.996, 13.496], "texture": "#side", "cullface": "west"}
			}
		},
		{
			"name": "command_block_conditional2_17",
			"from": [-0.25, 3.5, 6.5],
			"to": [0, 4, 13.5],
			"faces": {
				"north": {"uv": [12.496, 6.504, 12.004, 6.996], "rotation": 270, "texture": "#side", "cullface": "west"},
				"south": {"uv": [12.004, 13.004, 12.496, 13.496], "rotation": 90, "texture": "#side", "cullface": "west"},
				"west": {"uv": [12.004, 13.496, 12.496, 6.504], "rotation": 90, "texture": "#side", "cullface": "west"},
				"down": {"uv": [12.004, 6.504, 12.496, 13.496], "rotation": 180, "texture": "#side", "cullface": "west"}
			}
		},
		{
			"name": "command_block_conditional2_18",
			"from": [-0.25, 12.5, 7],
			"to": [0, 13, 13],
			"faces": {
				"north": {"uv": [3.496, 7.004, 3.004, 7.496], "rotation": 270, "texture": "#side", "cullface": "west"},
				"south": {"uv": [3.004, 12.504, 3.496, 12.996], "rotation": 90, "texture": "#side", "cullface": "west"},
				"west": {"uv": [3.004, 12.996, 3.496, 7.004], "rotation": 90, "texture": "#side", "cullface": "west"},
				"up": {"uv": [3.004, 7.004, 3.496, 12.996], "texture": "#side", "cullface": "west"}
			}
		},
		{
			"name": "command_block_conditional2_19",
			"from": [-0.25, 3, 7],
			"to": [0, 3.5, 13],
			"faces": {
				"north": {"uv": [12.996, 7.004, 12.504, 7.496], "rotation": 270, "texture": "#side", "cullface": "west"},
				"south": {"uv": [12.504, 12.504, 12.996, 12.996], "rotation": 90, "texture": "#side", "cullface": "west"},
				"west": {"uv": [12.504, 12.996, 12.996, 7.004], "rotation": 90, "texture": "#side", "cullface": "west"},
				"down": {"uv": [12.504, 7.004, 12.996, 12.996], "rotation": 180, "texture": "#side", "cullface": "west"}
			}
		},
		{
			"name": "dot",
			"from": [-0.5, 5.5, 8],
			"to": [-0.25, 6.5, 9],
			"faces": {
				"north": {"uv": [10, 8, 10.25, 9], "rotation": 90, "texture": "#side", "cullface": "west"},
				"south": {"uv": [10, 8, 10.25, 9], "rotation": 90, "texture": "#side", "cullface": "west"},
				"west": {"uv": [9.5, 9, 10.5, 8], "rotation": 90, "texture": "#side", "cullface": "west"},
				"up": {"uv": [10, 8, 10.25, 9], "texture": "#side", "cullface": "west"},
				"down": {"uv": [10, 8, 10.25, 9], "rotation": 180, "texture": "#side", "cullface": "west"}
			}
		},
		{
			"name": "dot",
			"from": [-0.5, 7.5, 8],
			"to": [-0.25, 8.5, 9],
			"faces": {
				"north": {"uv": [7.5, 8, 7.75, 9], "rotation": 90, "texture": "#side", "cullface": "west"},
				"south": {"uv": [7.5, 8, 7.75, 9], "rotation": 90, "texture": "#side", "cullface": "west"},
				"west": {"uv": [7.5, 9, 8.5, 8], "rotation": 90, "texture": "#side", "cullface": "west"},
				"up": {"uv": [7.5, 8, 7.75, 9], "texture": "#side", "cullface": "west"},
				"down": {"uv": [7.5, 8, 7.75, 9], "rotation": 180, "texture": "#side", "cullface": "west"}
			}
		},
		{
			"name": "dot",
			"from": [-0.5, 9.5, 8],
			"to": [-0.25, 10.5, 9],
			"faces": {
				"north": {"uv": [5.5, 8, 5.75, 9], "rotation": 90, "texture": "#side", "cullface": "west"},
				"south": {"uv": [5.5, 8, 5.75, 9], "rotation": 90, "texture": "#side", "cullface": "west"},
				"west": {"uv": [5.5, 9, 6.5, 8], "rotation": 90, "texture": "#side", "cullface": "west"},
				"up": {"uv": [5.5, 8, 5.75, 9], "texture": "#side", "cullface": "west"},
				"down": {"uv": [5.5, 8, 5.75, 9], "rotation": 180, "texture": "#side", "cullface": "west"}
			}
		},
		{
			"name": "dot",
			"from": [-0.5, 7.5, 6],
			"to": [-0.25, 8.5, 7],
			"faces": {
				"north": {"uv": [8, 6, 8.25, 7], "rotation": 90, "texture": "#side", "cullface": "west"},
				"south": {"uv": [8, 6, 8.25, 7], "rotation": 90, "texture": "#side", "cullface": "west"},
				"west": {"uv": [7.5, 7, 8.5, 6], "rotation": 90, "texture": "#side", "cullface": "west"},
				"up": {"uv": [8, 6, 8.25, 7], "texture": "#side", "cullface": "west"},
				"down": {"uv": [8, 6, 8.25, 7], "rotation": 180, "texture": "#side", "cullface": "west"}
			}
		},
		{
			"name": "command_block_conditional2_2",
			"from": [16, 7.5, 2.5],
			"to": [16.25, 8.5, 11.5],
			"faces": {
				"north": {"uv": [8.496, 2.504, 7.504, 2.996], "rotation": 270, "texture": "#side", "cullface": "east"},
				"east": {"uv": [7.504, 2.504, 8.496, 11.496], "rotation": 90, "texture": "#side", "cullface": "east"},
				"south": {"uv": [7.504, 11.004, 8.496, 11.496], "rotation": 90, "texture": "#side", "cullface": "east"},
				"up": {"uv": [7.504, 2.504, 7.996, 11.496], "texture": "#side", "cullface": "east"},
				"down": {"uv": [8.004, 2.504, 8.496, 11.496], "rotation": 180, "texture": "#side", "cullface": "east"}
			}
		},
		{
			"name": "command_block_conditional3_3",
			"from": [16, 8.5, 3],
			"to": [16.25, 9, 11.5],
			"faces": {
				"north": {"uv": [7.496, 3.004, 7.004, 3.496], "rotation": 270, "texture": "#side", "cullface": "east"},
				"east": {"uv": [7.004, 3.004, 7.496, 11.496], "rotation": 90, "texture": "#side", "cullface": "east"},
				"south": {"uv": [7.004, 11.004, 7.496, 11.496], "rotation": 90, "texture": "#side", "cullface": "east"},
				"up": {"uv": [7.004, 3.004, 7.496, 11.496], "texture": "#side", "cullface": "east"}
			}
		},
		{
			"name": "command_block_conditional4_4",
			"from": [16, 7, 3],
			"to": [16.25, 7.5, 11.5],
			"faces": {
				"north": {"uv": [8.996, 3.004, 8.504, 3.496], "rotation": 270, "texture": "#side", "cullface": "east"},
				"east": {"uv": [8.504, 3.004, 8.996, 11.496], "rotation": 90, "texture": "#side", "cullface": "east"},
				"south": {"uv": [8.504, 11.004, 8.996, 11.496], "rotation": 90, "texture": "#side", "cullface": "east"},
				"down": {"uv": [8.504, 3.004, 8.996, 11.496], "rotation": 180, "texture": "#side", "cullface": "east"}
			}
		},
		{
			"name": "command_block_conditional2_5",
			"from": [16, 9, 3.5],
			"to": [16.25, 9.5, 11.5],
			"faces": {
				"north": {"uv": [6.996, 3.504, 6.504, 3.996], "rotation": 270, "texture": "#side", "cullface": "east"},
				"east": {"uv": [6.504, 3.504, 6.996, 11.496], "rotation": 90, "texture": "#side", "cullface": "east"},
				"south": {"uv": [6.504, 11.004, 6.996, 11.496], "rotation": 90, "texture": "#side", "cullface": "east"},
				"up": {"uv": [6.504, 3.504, 6.996, 11.496], "texture": "#side", "cullface": "east"}
			}
		},
		{
			"name": "command_block_conditional2_6",
			"from": [16, 6.5, 3.5],
			"to": [16.25, 7, 11.5],
			"faces": {
				"north": {"uv": [9.496, 3.504, 9.004, 3.996], "rotation": 270, "texture": "#side", "cullface": "east"},
				"east": {"uv": [9.004, 3.504, 9.496, 11.496], "rotation": 90, "texture": "#side", "cullface": "east"},
				"south": {"uv": [9.004, 11.004, 9.496, 11.496], "rotation": 90, "texture": "#side", "cullface": "east"},
				"down": {"uv": [9.004, 3.504, 9.496, 11.496], "rotation": 180, "texture": "#side", "cullface": "east"}
			}
		},
		{
			"name": "command_block_conditional2_7",
			"from": [16, 9.5, 4],
			"to": [16.25, 10, 12],
			"faces": {
				"north": {"uv": [6.496, 4.004, 6.004, 4.496], "rotation": 270, "texture": "#side", "cullface": "east"},
				"east": {"uv": [6.004, 4.004, 6.496, 11.996], "rotation": 90, "texture": "#side", "cullface": "east"},
				"south": {"uv": [6.004, 11.504, 6.496, 11.996], "rotation": 90, "texture": "#side", "cullface": "east"},
				"up": {"uv": [6.004, 4.004, 6.496, 11.996], "texture": "#side", "cullface": "east"},
				"down": {"uv": [6.004, 4.004, 6.496, 11.996], "rotation": 180, "texture": "#side", "cullface": "east"}
			}
		},
		{
			"name": "command_block_conditional2_8",
			"from": [16, 6, 4],
			"to": [16.25, 6.5, 12],
			"faces": {
				"north": {"uv": [9.996, 4.004, 9.504, 4.496], "rotation": 270, "texture": "#side", "cullface": "east"},
				"east": {"uv": [9.504, 4.004, 9.996, 11.996], "rotation": 90, "texture": "#side", "cullface": "east"},
				"south": {"uv": [9.504, 11.504, 9.996, 11.996], "rotation": 90, "texture": "#side", "cullface": "east"},
				"up": {"uv": [9.504, 4.004, 9.996, 11.996], "texture": "#side", "cullface": "east"},
				"down": {"uv": [9.504, 4.004, 9.996, 11.996], "rotation": 180, "texture": "#side", "cullface": "east"}
			}
		},
		{
			"name": "command_block_conditional2_9",
			"from": [16, 10, 4.5],
			"to": [16.25, 10.5, 12.5],
			"faces": {
				"north": {"uv": [5.996, 4.504, 5.504, 4.996], "rotation": 270, "texture": "#side", "cullface": "east"},
				"east": {"uv": [5.504, 4.504, 5.996, 12.496], "rotation": 90, "texture": "#side", "cullface": "east"},
				"south": {"uv": [5.504, 12.004, 5.996, 12.496], "rotation": 90, "texture": "#side", "cullface": "east"},
				"up": {"uv": [5.504, 4.504, 5.996, 12.496], "texture": "#side", "cullface": "east"},
				"down": {"uv": [5.504, 4.504, 5.996, 12.496], "rotation": 180, "texture": "#side", "cullface": "east"}
			}
		},
		{
			"name": "command_block_conditional2_10",
			"from": [16, 5.5, 4.5],
			"to": [16.25, 6, 12.5],
			"faces": {
				"north": {"uv": [10.496, 4.504, 10.004, 4.996], "rotation": 270, "texture": "#side", "cullface": "east"},
				"east": {"uv": [10.004, 4.504, 10.496, 12.496], "rotation": 90, "texture": "#side", "cullface": "east"},
				"south": {"uv": [10.004, 12.004, 10.496, 12.496], "rotation": 90, "texture": "#side", "cullface": "east"},
				"up": {"uv": [10.004, 4.504, 10.496, 12.496], "texture": "#side", "cullface": "east"},
				"down": {"uv": [10.004, 4.504, 10.496, 12.496], "rotation": 180, "texture": "#side", "cullface": "east"}
			}
		},
		{
			"name": "command_block_conditional2_11",
			"from": [16, 10.5, 5],
			"to": [16.25, 11, 13],
			"faces": {
				"north": {"uv": [5.496, 5.004, 5.004, 5.496], "rotation": 270, "texture": "#side", "cullface": "east"},
				"east": {"uv": [5.004, 5.004, 5.496, 12.996], "rotation": 90, "texture": "#side", "cullface": "east"},
				"south": {"uv": [5.004, 12.504, 5.496, 12.996], "rotation": 90, "texture": "#side", "cullface": "east"},
				"up": {"uv": [5.004, 5.004, 5.496, 12.996], "texture": "#side", "cullface": "east"},
				"down": {"uv": [5.004, 5.004, 5.496, 12.996], "rotation": 180, "texture": "#side", "cullface": "east"}
			}
		},
		{
			"name": "command_block_conditional2_12",
			"from": [16, 5, 5],
			"to": [16.25, 5.5, 13],
			"faces": {
				"north": {"uv": [10.996, 5.004, 10.504, 5.496], "rotation": 270, "texture": "#side", "cullface": "east"},
				"east": {"uv": [10.504, 5.004, 10.996, 12.996], "rotation": 90, "texture": "#side", "cullface": "east"},
				"south": {"uv": [10.504, 12.504, 10.996, 12.996], "rotation": 90, "texture": "#side", "cullface": "east"},
				"up": {"uv": [10.504, 5.004, 10.996, 12.996], "texture": "#side", "cullface": "east"},
				"down": {"uv": [10.504, 5.004, 10.996, 12.996], "rotation": 180, "texture": "#side", "cullface": "east"}
			}
		},
		{
			"name": "command_block_conditional2_13",
			"from": [16, 11, 5.5],
			"to": [16.25, 11.5, 13.5],
			"faces": {
				"north": {"uv": [4.996, 5.504, 4.504, 5.996], "rotation": 270, "texture": "#side", "cullface": "east"},
				"east": {"uv": [4.504, 5.504, 4.996, 13.496], "rotation": 90, "texture": "#side", "cullface": "east"},
				"south": {"uv": [4.504, 13.004, 4.996, 13.496], "rotation": 90, "texture": "#side", "cullface": "east"},
				"up": {"uv": [4.504, 5.504, 4.996, 13.496], "texture": "#side", "cullface": "east"},
				"down": {"uv": [4.504, 5.504, 4.996, 13.496], "rotation": 180, "texture": "#side", "cullface": "east"}
			}
		},
		{
			"name": "command_block_conditional2_14",
			"from": [16, 4.5, 5.5],
			"to": [16.25, 5, 13.5],
			"faces": {
				"north": {"uv": [11.496, 5.504, 11.004, 5.996], "rotation": 270, "texture": "#side", "cullface": "east"},
				"east": {"uv": [11.004, 5.504, 11.496, 13.496], "rotation": 90, "texture": "#side", "cullface": "east"},
				"south": {"uv": [11.004, 13.004, 11.496, 13.496], "rotation": 90, "texture": "#side", "cullface": "east"},
				"up": {"uv": [11.004, 5.504, 11.496, 13.496], "texture": "#side", "cullface": "east"},
				"down": {"uv": [11.004, 5.504, 11.496, 13.496], "rotation": 180, "texture": "#side", "cullface": "east"}
			}
		},
		{
			"name": "command_block_conditional2_15",
			"from": [16, 11.5, 6],
			"to": [16.25, 12, 13.5],
			"faces": {
				"north": {"uv": [4.496, 6.004, 4.004, 6.496], "rotation": 270, "texture": "#side", "cullface": "east"},
				"east": {"uv": [4.004, 6.004, 4.496, 13.496], "rotation": 90, "texture": "#side", "cullface": "east"},
				"south": {"uv": [4.004, 13.004, 4.496, 13.496], "rotation": 90, "texture": "#side", "cullface": "east"},
				"up": {"uv": [4.004, 6.004, 4.496, 13.496], "texture": "#side", "cullface": "east"}
			}
		},
		{
			"name": "command_block_conditional2_16",
			"from": [16, 4, 6],
			"to": [16.25, 4.5, 13.5],
			"faces": {
				"north": {"uv": [11.996, 6.004, 11.504, 6.496], "rotation": 270, "texture": "#side", "cullface": "east"},
				"east": {"uv": [11.504, 6.004, 11.996, 13.496], "rotation": 90, "texture": "#side", "cullface": "east"},
				"south": {"uv": [11.504, 13.004, 11.996, 13.496], "rotation": 90, "texture": "#side", "cullface": "east"},
				"down": {"uv": [11.504, 6.004, 11.996, 13.496], "rotation": 180, "texture": "#side", "cullface": "east"}
			}
		},
		{
			"name": "command_block_conditional2_17",
			"from": [16, 12, 6.5],
			"to": [16.25, 12.5, 13.5],
			"faces": {
				"north": {"uv": [3.996, 6.504, 3.504, 6.996], "rotation": 270, "texture": "#side", "cullface": "east"},
				"east": {"uv": [3.504, 6.504, 3.996, 13.496], "rotation": 90, "texture": "#side", "cullface": "east"},
				"south": {"uv": [3.504, 13.004, 3.996, 13.496], "rotation": 90, "texture": "#side", "cullface": "east"},
				"up": {"uv": [3.504, 6.504, 3.996, 13.496], "texture": "#side", "cullface": "east"}
			}
		},
		{
			"name": "command_block_conditional2_18",
			"from": [16, 3.5, 6.5],
			"to": [16.25, 4, 13.5],
			"faces": {
				"north": {"uv": [12.496, 6.504, 12.004, 6.996], "rotation": 270, "texture": "#side", "cullface": "east"},
				"east": {"uv": [12.004, 6.504, 12.496, 13.496], "rotation": 90, "texture": "#side", "cullface": "east"},
				"south": {"uv": [12.004, 13.004, 12.496, 13.496], "rotation": 90, "texture": "#side", "cullface": "east"},
				"down": {"uv": [12.004, 6.504, 12.496, 13.496], "rotation": 180, "texture": "#side", "cullface": "east"}
			}
		},
		{
			"name": "command_block_conditional2_19",
			"from": [16, 12.5, 7],
			"to": [16.25, 13, 13],
			"faces": {
				"north": {"uv": [3.496, 7.004, 3.004, 7.496], "rotation": 270, "texture": "#side", "cullface": "east"},
				"east": {"uv": [3.004, 7.004, 3.496, 12.996], "rotation": 90, "texture": "#side", "cullface": "east"},
				"south": {"uv": [3.004, 12.504, 3.496, 12.996], "rotation": 90, "texture": "#side", "cullface": "east"},
				"up": {"uv": [3.004, 7.004, 3.496, 12.996], "texture": "#side", "cullface": "east"}
			}
		},
		{
			"name": "command_block_conditional2_20",
			"from": [16, 3, 7],
			"to": [16.25, 3.5, 13],
			"faces": {
				"north": {"uv": [12.996, 7.004, 12.504, 7.496], "rotation": 270, "texture": "#side", "cullface": "east"},
				"east": {"uv": [12.504, 7.004, 12.996, 12.996], "rotation": 90, "texture": "#side", "cullface": "east"},
				"south": {"uv": [12.504, 12.504, 12.996, 12.996], "rotation": 90, "texture": "#side", "cullface": "east"},
				"down": {"uv": [12.504, 7.004, 12.996, 12.996], "rotation": 180, "texture": "#side", "cullface": "east"}
			}
		},
		{
			"name": "dot",
			"from": [16.25, 9.5, 8],
			"to": [16.5, 10.5, 9],
			"faces": {
				"north": {"uv": [10, 8, 10.25, 9], "rotation": 270, "texture": "#side", "cullface": "east"},
				"east": {"uv": [9.5, 9, 10.5, 8], "rotation": 270, "texture": "#side", "cullface": "east"},
				"south": {"uv": [10, 8, 10.25, 9], "rotation": 270, "texture": "#side", "cullface": "east"},
				"up": {"uv": [10, 8, 10.25, 9], "texture": "#side", "cullface": "east"},
				"down": {"uv": [10, 8, 10.25, 9], "rotation": 180, "texture": "#side", "cullface": "east"}
			}
		},
		{
			"name": "dot",
			"from": [16.25, 7.5, 6],
			"to": [16.5, 8.5, 7],
			"faces": {
				"north": {"uv": [8, 6, 8.25, 7], "rotation": 270, "texture": "#side", "cullface": "east"},
				"east": {"uv": [7.5, 7, 8.5, 6], "rotation": 270, "texture": "#side", "cullface": "east"},
				"south": {"uv": [8, 6, 8.25, 7], "rotation": 270, "texture": "#side", "cullface": "east"},
				"up": {"uv": [8, 6, 8.25, 7], "texture": "#side", "cullface": "east"},
				"down": {"uv": [8, 6, 8.25, 7], "rotation": 180, "texture": "#side", "cullface": "east"}
			}
		},
		{
			"name": "dot",
			"from": [16.25, 7.5, 8],
			"to": [16.5, 8.5, 9],
			"faces": {
				"north": {"uv": [7.5, 8, 7.75, 9], "rotation": 270, "texture": "#side", "cullface": "east"},
				"east": {"uv": [7.5, 9, 8.5, 8], "rotation": 270, "texture": "#side", "cullface": "east"},
				"south": {"uv": [7.5, 8, 7.75, 9], "rotation": 270, "texture": "#side", "cullface": "east"},
				"up": {"uv": [7.5, 8, 7.75, 9], "texture": "#side", "cullface": "east"},
				"down": {"uv": [7.5, 8, 7.75, 9], "rotation": 180, "texture": "#side", "cullface": "east"}
			}
		},
		{
			"name": "dot",
			"from": [16.25, 5.5, 8],
			"to": [16.5, 6.5, 9],
			"faces": {
				"north": {"uv": [5.5, 8, 5.75, 9], "rotation": 270, "texture": "#side", "cullface": "east"},
				"east": {"uv": [5.5, 9, 6.5, 8], "rotation": 270, "texture": "#side", "cullface": "east"},
				"south": {"uv": [5.5, 8, 5.75, 9], "rotation": 270, "texture": "#side", "cullface": "east"},
				"up": {"uv": [5.5, 8, 5.75, 9], "texture": "#side", "cullface": "east"},
				"down": {"uv": [5.5, 8, 5.75, 9], "rotation": 180, "texture": "#side", "cullface": "east"}
			}
		}
	],
	"groups": [0,
		{
			"name": "top",
			"origin": [8, 8, 8],
			"children": [1, 2, 3, 4, 5, 6, 7, 8, 9, 10, 11, 12, 13, 14]
		},
		{
			"name": "bottom",
			"origin": [8, 8, 8],
			"children": [15, 16, 17, 18, 19, 20, 21, 22, 23, 24, 25]
		},
		{
			"name": "sides",
			"origin": [8, 8, 8],
			"children": [
				{
					"name": "north",
					"origin": [8, 8, 7.5],
					"children": [26, 27, 28, 29, 30, 31, 32, 33, 34, 35, 36, 37, 38, 39, 40, 41, 42, 43, 44, 45, 46, 47, 48]
				},
				{
					"name": "south",
					"origin": [8, 8, 7.5],
					"children": [49, 50, 51, 52, 53, 54, 55, 56, 57, 58, 59, 60, 61, 62, 63, 64, 65, 66, 67, 68, 69, 70, 71]
				},
				{
					"name": "west",
					"origin": [8, 8, 7.5],
					"children": [72, 73, 74, 75, 76, 77, 78, 79, 80, 81, 82, 83, 84, 85, 86, 87, 88, 89, 90, 91, 92, 93, 94]
				},
				{
					"name": "east",
					"origin": [8, 8, 7.5],
					"children": [95, 96, 97, 98, 99, 100, 101, 102, 103, 104, 105, 106, 107, 108, 109, 110, 111, 112, 113, 114, 115, 116, 117]
				}
			]
		}
	]
}