{
	"credit": "Made with Blockbench by Howler",
	"ambientocclusion": false,
	"textures": {
		"particle": "block/spruce_door_bottom",
		"texture": "block/spruce_door_bottom",
		"texture1": "block/spruce_door_special"
	},
	"elements": [
		{
			"from": [0, 0, 0],
			"to": [3, 16, 16],
			"faces": {
				"north": {"uv": [0, 4.75, 8, 3.25], "rotation": 270, "texture": "#texture1", "cullface": "north"},
				"east": {"uv": [0, 0, 16, 16], "texture": "#texture"},
				"south": {"uv": [0, 8, 8, 6.5], "rotation": 270, "texture": "#texture1", "cullface": "south"},
				"west": {"uv": [16, 0, 0, 16], "texture": "#texture", "cullface": "west"},
				"up": {"uv": [8, 0, 0, 1.5], "rotation": 270, "texture": "#texture1", "cullface": "up"},
				"down": {"uv": [8, 13.25, 0, 14.75], "rotation": 90, "texture": "#texture1", "cullface": "down"}
			}
		},
		{
			"from": [-0.25, 4.5, 15.5],
			"to": [0.5, 5.5, 16.25],
			"faces": {
				"north": {"uv": [0, 10.5, 0.5, 11.5], "texture": "#texture"},
				"east": {"uv": [0.5, 10.5, 0, 11.5], "texture": "#texture"},
				"south": {"uv": [0.5, 10.5, 0, 11.5], "texture": "#texture"},
				"west": {"uv": [0.5, 10.5, 0, 11.5], "texture": "#texture"},
				"up": {"uv": [0, 11, 0.5, 10.5], "texture": "#texture"},
				"down": {"uv": [0, 11.5, 0.5, 11], "texture": "#texture"}
			}
		},
		{
			"from": [2.5, 4.5, 15.5],
			"to": [3.25, 5.5, 16.25],
			"faces": {
				"north": {"uv": [0, 10.5, 0.5, 11.5], "texture": "#texture"},
				"east": {"uv": [0.5, 10.5, 0, 11.5], "texture": "#texture"},
				"south": {"uv": [0.5, 10.5, 0, 11.5], "texture": "#texture"},
				"west": {"uv": [0.5, 10.5, 0, 11.5], "texture": "#texture"},
				"up": {"uv": [0, 11, 0.5, 10.5], "texture": "#texture"},
				"down": {"uv": [0, 11.5, 0.5, 11], "texture": "#texture"}
			}
		},
		{
			"from": [2.5, 15.5, 15.5],
			"to": [3.25, 16.5, 16.25],
			"faces": {
				"north": {"uv": [0, 10.5, 0.5, 11.5], "texture": "#texture"},
				"east": {"uv": [0.5, 10.5, 0, 11.5], "texture": "#texture"},
				"south": {"uv": [0.5, 10.5, 0, 11.5], "texture": "#texture"},
				"west": {"uv": [0.5, 10.5, 0, 11.5], "texture": "#texture"},
				"up": {"uv": [0, 11, 0.5, 10.5], "texture": "#texture"},
				"down": {"uv": [0, 11.5, 0.5, 11], "texture": "#texture"}
			}
		},
		{
			"from": [-0.25, 15.5, 15.5],
			"to": [0.5, 16.5, 16.25],
			"faces": {
				"north": {"uv": [0, 10.5, 0.5, 11.5], "texture": "#texture"},
				"east": {"uv": [0.5, 10.5, 0, 11.5], "texture": "#texture"},
				"south": {"uv": [0.5, 10.5, 0, 11.5], "texture": "#texture"},
				"west": {"uv": [0.5, 10.5, 0, 11.5], "texture": "#texture"},
				"up": {"uv": [0, 11, 0.5, 10.5], "texture": "#texture"},
				"down": {"uv": [0, 11.5, 0.5, 11], "texture": "#texture"}
			}
		},
		{
			"name": "spruce_door_bottom_0",
			"from": [-0.5, 15.5, 3],
			"to": [0, 16, 5],
			"rotation": {"angle": 0, "axis": "y", "origin": [-8, 8, 8]},
			"faces": {
				"north": {"uv": [13, 0, 12.5, 0.5], "texture": "#texture", "cullface": "west"},
				"south": {"uv": [11.5, 0, 11, 0.5], "texture": "#texture", "cullface": "west"},
				"west": {"uv": [13, 0, 11, 0.5], "texture": "#texture", "cullface": "west"},
				"up": {"uv": [11, 0, 13, 0.5], "rotation": 270, "texture": "#texture", "cullface": "west"},
				"down": {"uv": [13, 0, 11, 0.5], "rotation": 270, "texture": "#texture", "cullface": "west"}
			}
		},
		{
			"name": "spruce_door_bottom_1",
			"from": [-0.5, 15, 4.5],
			"to": [0, 15.5, 5.5],
			"rotation": {"angle": 0, "axis": "y", "origin": [-8, 8, 8]},
			"faces": {
				"north": {"uv": [11.5, 0.5, 11, 1], "texture": "#texture", "cullface": "west"},
				"south": {"uv": [11, 0.5, 10.5, 1], "texture": "#texture", "cullface": "west"},
				"west": {"uv": [11.5, 0.5, 10.5, 1], "texture": "#texture", "cullface": "west"},
				"up": {"uv": [10.5, 0.5, 11.5, 1], "rotation": 270, "texture": "#texture", "cullface": "west"},
				"down": {"uv": [11.5, 0.5, 10.5, 1], "rotation": 270, "texture": "#texture", "cullface": "west"}
			}
		},
		{
			"name": "spruce_door_bottom_2",
			"from": [-0.5, 15, 2.5],
			"to": [0, 15.5, 3.5],
			"rotation": {"angle": 0, "axis": "y", "origin": [-8, 8, 8]},
			"faces": {
				"north": {"uv": [13.5, 0.5, 13, 1], "texture": "#texture", "cullface": "west"},
				"south": {"uv": [13, 0.5, 12.5, 1], "texture": "#texture", "cullface": "west"},
				"west": {"uv": [13.5, 0.5, 12.5, 1], "texture": "#texture", "cullface": "west"},
				"up": {"uv": [12.5, 0.5, 13.5, 1], "rotation": 270, "texture": "#texture", "cullface": "west"},
				"down": {"uv": [13.5, 0.5, 12.5, 1], "rotation": 270, "texture": "#texture", "cullface": "west"}
			}
		},
		{
			"name": "spruce_door_bottom_3",
			"from": [-0.5, 14.5, 5],
			"to": [0, 15, 6],
			"rotation": {"angle": 0, "axis": "y", "origin": [-8, 8, 8]},
			"faces": {
				"north": {"uv": [11, 1, 10.5, 1.5], "texture": "#texture", "cullface": "west"},
				"south": {"uv": [10.5, 1, 10, 1.5], "texture": "#texture", "cullface": "west"},
				"west": {"uv": [11, 1, 10, 1.5], "texture": "#texture", "cullface": "west"},
				"up": {"uv": [10, 1, 11, 1.5], "rotation": 270, "texture": "#texture", "cullface": "west"},
				"down": {"uv": [11, 1, 10, 1.5], "rotation": 270, "texture": "#texture", "cullface": "west"}
			}
		},
		{
			"name": "spruce_door_bottom_4",
			"from": [-0.5, 14.5, 2],
			"to": [0, 15, 3],
			"rotation": {"angle": 0, "axis": "y", "origin": [-8, 8, 8]},
			"faces": {
				"north": {"uv": [14, 1, 13.5, 1.5], "texture": "#texture", "cullface": "west"},
				"south": {"uv": [13.5, 1, 13, 1.5], "texture": "#texture", "cullface": "west"},
				"west": {"uv": [14, 1, 13, 1.5], "texture": "#texture", "cullface": "west"},
				"up": {"uv": [13, 1, 14, 1.5], "rotation": 270, "texture": "#texture", "cullface": "west"},
				"down": {"uv": [14, 1, 13, 1.5], "rotation": 270, "texture": "#texture", "cullface": "west"}
			}
		},
		{
			"name": "spruce_door_bottom_5",
			"from": [-0.5, 13, 5.5],
			"to": [0, 14.5, 6],
			"rotation": {"angle": 0, "axis": "y", "origin": [-8, 8, 8]},
			"faces": {
				"north": {"uv": [10.5, 1.5, 10, 3], "texture": "#texture", "cullface": "west"},
				"south": {"uv": [10.5, 1.5, 10, 3], "texture": "#texture", "cullface": "west"},
				"west": {"uv": [10.5, 1.5, 10, 3], "texture": "#texture", "cullface": "west"},
				"down": {"uv": [10.5, 2.5, 10, 3], "rotation": 270, "texture": "#texture", "cullface": "west"}
			}
		},
		{
			"name": "spruce_door_bottom_6",
			"from": [-0.5, 13, 2],
			"to": [0, 14.5, 2.5],
			"rotation": {"angle": 0, "axis": "y", "origin": [-8, 8, 8]},
			"faces": {
				"north": {"uv": [14, 1.5, 13.5, 3], "texture": "#texture", "cullface": "west"},
				"south": {"uv": [14, 1.5, 13.5, 3], "texture": "#texture", "cullface": "west"},
				"west": {"uv": [14, 1.5, 13.5, 3], "texture": "#texture", "cullface": "west"},
				"down": {"uv": [14, 2.5, 13.5, 3], "rotation": 270, "texture": "#texture", "cullface": "west"}
			}
		},
		{
			"name": "spruce_door_bottom_7",
			"from": [-0.5, 12.5, 5],
			"to": [0, 13.5, 5.5],
			"rotation": {"angle": 0, "axis": "y", "origin": [-8, 8, 8]},
			"faces": {
				"north": {"uv": [11, 2.5, 10.5, 3.5], "texture": "#texture", "cullface": "west"},
				"south": {"uv": [11, 2.5, 10.5, 3.5], "texture": "#texture", "cullface": "west"},
				"west": {"uv": [11, 2.5, 10.5, 3.5], "texture": "#texture", "cullface": "west"},
				"up": {"uv": [10.5, 2.5, 11, 3], "rotation": 270, "texture": "#texture", "cullface": "west"},
				"down": {"uv": [11, 3, 10.5, 3.5], "rotation": 270, "texture": "#texture", "cullface": "west"}
			}
		},
		{
			"name": "spruce_door_bottom_8",
			"from": [-0.5, 12.5, 2.5],
			"to": [0, 13.5, 3],
			"rotation": {"angle": 0, "axis": "y", "origin": [-8, 8, 8]},
			"faces": {
				"north": {"uv": [13.5, 2.5, 13, 3.5], "texture": "#texture", "cullface": "west"},
				"south": {"uv": [13.5, 2.5, 13, 3.5], "texture": "#texture", "cullface": "west"},
				"west": {"uv": [13.5, 2.5, 13, 3.5], "texture": "#texture", "cullface": "west"},
				"up": {"uv": [13, 2.5, 13.5, 3], "rotation": 270, "texture": "#texture", "cullface": "west"},
				"down": {"uv": [13.5, 3, 13, 3.5], "rotation": 270, "texture": "#texture", "cullface": "west"}
			}
		},
		{
			"name": "spruce_door_bottom_9",
			"from": [-0.5, 12, 4.5],
			"to": [0, 13, 5],
			"rotation": {"angle": 0, "axis": "y", "origin": [-8, 8, 8]},
			"faces": {
				"north": {"uv": [11.5, 3, 11, 4], "texture": "#texture", "cullface": "west"},
				"south": {"uv": [11.5, 3, 11, 4], "texture": "#texture", "cullface": "west"},
				"west": {"uv": [11.5, 3, 11, 4], "texture": "#texture", "cullface": "west"},
				"up": {"uv": [11, 3, 11.5, 3.5], "rotation": 270, "texture": "#texture", "cullface": "west"},
				"down": {"uv": [11.5, 3.5, 11, 4], "rotation": 270, "texture": "#texture", "cullface": "west"}
			}
		},
		{
			"name": "spruce_door_bottom_10",
			"from": [-0.5, 12, 3],
			"to": [0, 13, 3.5],
			"rotation": {"angle": 0, "axis": "y", "origin": [-8, 8, 8]},
			"faces": {
				"north": {"uv": [13, 3, 12.5, 4], "texture": "#texture", "cullface": "west"},
				"south": {"uv": [13, 3, 12.5, 4], "texture": "#texture", "cullface": "west"},
				"west": {"uv": [13, 3, 12.5, 4], "texture": "#texture", "cullface": "west"},
				"up": {"uv": [12.5, 3, 13, 3.5], "rotation": 270, "texture": "#texture", "cullface": "west"},
				"down": {"uv": [13, 3.5, 12.5, 4], "rotation": 270, "texture": "#texture", "cullface": "west"}
			}
		},
		{
			"name": "spruce_door_bottom_11",
			"from": [-0.5, 12, 3.5],
			"to": [0, 12.5, 4.5],
			"rotation": {"angle": 0, "axis": "y", "origin": [-8, 8, 8]},
			"faces": {
				"west": {"uv": [12.5, 3.5, 11.5, 4], "texture": "#texture", "cullface": "west"},
				"up": {"uv": [11.5, 3.5, 12.5, 4], "rotation": 270, "texture": "#texture", "cullface": "west"},
				"down": {"uv": [12.5, 3.5, 11.5, 4], "rotation": 270, "texture": "#texture", "cullface": "west"}
			}
		},
		{
			"name": "spruce_door_bottom_1",
			"from": [3, 15.5, 3],
			"to": [3.5, 16, 5],
			"rotation": {"angle": 0, "axis": "y", "origin": [-4.5, 8, 8]},
			"faces": {
				"north": {"uv": [13, 0, 12.5, 0.5], "texture": "#texture"},
				"east": {"uv": [13, 0.5, 11, 0], "rotation": 180, "texture": "#texture"},
				"south": {"uv": [11.5, 0, 11, 0.5], "texture": "#texture"},
				"up": {"uv": [11, 0, 13, 0.5], "rotation": 270, "texture": "#texture"},
				"down": {"uv": [13, 0, 11, 0.5], "rotation": 270, "texture": "#texture"}
			}
		},
		{
			"name": "spruce_door_bottom_2",
			"from": [3, 15, 4.5],
			"to": [3.5, 15.5, 5.5],
			"rotation": {"angle": 0, "axis": "y", "origin": [-4.5, 8, 8]},
			"faces": {
				"north": {"uv": [11.5, 0.5, 11, 1], "texture": "#texture"},
				"east": {"uv": [11.5, 1, 10.5, 0.5], "rotation": 180, "texture": "#texture"},
				"south": {"uv": [11, 0.5, 10.5, 1], "texture": "#texture"},
				"up": {"uv": [10.5, 0.5, 11.5, 1], "rotation": 270, "texture": "#texture"},
				"down": {"uv": [11.5, 0.5, 10.5, 1], "rotation": 270, "texture": "#texture"}
			}
		},
		{
			"name": "spruce_door_bottom_3",
			"from": [3, 15, 2.5],
			"to": [3.5, 15.5, 3.5],
			"rotation": {"angle": 0, "axis": "y", "origin": [-4.5, 8, 8]},
			"faces": {
				"north": {"uv": [13.5, 0.5, 13, 1], "texture": "#texture"},
				"east": {"uv": [13.5, 1, 12.5, 0.5], "rotation": 180, "texture": "#texture"},
				"south": {"uv": [13, 0.5, 12.5, 1], "texture": "#texture"},
				"up": {"uv": [12.5, 0.5, 13.5, 1], "rotation": 270, "texture": "#texture"},
				"down": {"uv": [13.5, 0.5, 12.5, 1], "rotation": 270, "texture": "#texture"}
			}
		},
		{
			"name": "spruce_door_bottom_4",
			"from": [3, 14.5, 5],
			"to": [3.5, 15, 6],
			"rotation": {"angle": 0, "axis": "y", "origin": [-4.5, 8, 8]},
			"faces": {
				"north": {"uv": [11, 1, 10.5, 1.5], "texture": "#texture"},
				"east": {"uv": [11, 1.5, 10, 1], "rotation": 180, "texture": "#texture"},
				"south": {"uv": [10.5, 1, 10, 1.5], "texture": "#texture"},
				"up": {"uv": [10, 1, 11, 1.5], "rotation": 270, "texture": "#texture"},
				"down": {"uv": [11, 1, 10, 1.5], "rotation": 270, "texture": "#texture"}
			}
		},
		{
			"name": "spruce_door_bottom_5",
			"from": [3, 14.5, 2],
			"to": [3.5, 15, 3],
			"rotation": {"angle": 0, "axis": "y", "origin": [-4.5, 8, 8]},
			"faces": {
				"north": {"uv": [14, 1, 13.5, 1.5], "texture": "#texture"},
				"east": {"uv": [14, 1.5, 13, 1], "rotation": 180, "texture": "#texture"},
				"south": {"uv": [13.5, 1, 13, 1.5], "texture": "#texture"},
				"up": {"uv": [13, 1, 14, 1.5], "rotation": 270, "texture": "#texture"},
				"down": {"uv": [14, 1, 13, 1.5], "rotation": 270, "texture": "#texture"}
			}
		},
		{
			"name": "spruce_door_bottom_6",
			"from": [3, 13, 5.5],
			"to": [3.5, 14.5, 6],
			"rotation": {"angle": 0, "axis": "y", "origin": [-4.5, 8, 8]},
			"faces": {
				"north": {"uv": [10.5, 1.5, 10, 3], "texture": "#texture"},
				"east": {"uv": [10.5, 3, 10, 1.5], "rotation": 180, "texture": "#texture"},
				"south": {"uv": [10.5, 1.5, 10, 3], "texture": "#texture"},
				"down": {"uv": [10.5, 2.5, 10, 3], "rotation": 270, "texture": "#texture"}
			}
		},
		{
			"name": "spruce_door_bottom_7",
			"from": [3, 13, 2],
			"to": [3.5, 14.5, 2.5],
			"rotation": {"angle": 0, "axis": "y", "origin": [-4.5, 8, 8]},
			"faces": {
				"north": {"uv": [14, 1.5, 13.5, 3], "texture": "#texture"},
				"east": {"uv": [14, 3, 13.5, 1.5], "rotation": 180, "texture": "#texture"},
				"south": {"uv": [14, 1.5, 13.5, 3], "texture": "#texture"},
				"down": {"uv": [14, 2.5, 13.5, 3], "rotation": 270, "texture": "#texture"}
			}
		},
		{
			"name": "spruce_door_bottom_8",
			"from": [3, 12.5, 5],
			"to": [3.5, 13.5, 5.5],
			"rotation": {"angle": 0, "axis": "y", "origin": [-4.5, 8, 8]},
			"faces": {
				"north": {"uv": [11, 2.5, 10.5, 3.5], "texture": "#texture"},
				"east": {"uv": [11, 3.5, 10.5, 2.5], "rotation": 180, "texture": "#texture"},
				"south": {"uv": [11, 2.5, 10.5, 3.5], "texture": "#texture"},
				"up": {"uv": [10.5, 2.5, 11, 3], "rotation": 270, "texture": "#texture"},
				"down": {"uv": [11, 3, 10.5, 3.5], "rotation": 270, "texture": "#texture"}
			}
		},
		{
			"name": "spruce_door_bottom_9",
			"from": [3, 12.5, 2.5],
			"to": [3.5, 13.5, 3],
			"rotation": {"angle": 0, "axis": "y", "origin": [-4.5, 8, 8]},
			"faces": {
				"north": {"uv": [13.5, 2.5, 13, 3.5], "texture": "#texture"},
				"east": {"uv": [13.5, 3.5, 13, 2.5], "rotation": 180, "texture": "#texture"},
				"south": {"uv": [13.5, 2.5, 13, 3.5], "texture": "#texture"},
				"up": {"uv": [13, 2.5, 13.5, 3], "rotation": 270, "texture": "#texture"},
				"down": {"uv": [13.5, 3, 13, 3.5], "rotation": 270, "texture": "#texture"}
			}
		},
		{
			"name": "spruce_door_bottom_10",
			"from": [3, 12, 4.5],
			"to": [3.5, 13, 5],
			"rotation": {"angle": 0, "axis": "y", "origin": [-4.5, 8, 8]},
			"faces": {
				"north": {"uv": [11.5, 3, 11, 4], "texture": "#texture"},
				"east": {"uv": [11.5, 4, 11, 3], "rotation": 180, "texture": "#texture"},
				"south": {"uv": [11.5, 3, 11, 4], "texture": "#texture"},
				"up": {"uv": [11, 3, 11.5, 3.5], "rotation": 270, "texture": "#texture"},
				"down": {"uv": [11.5, 3.5, 11, 4], "rotation": 270, "texture": "#texture"}
			}
		},
		{
			"name": "spruce_door_bottom_11",
			"from": [3, 12, 3],
			"to": [3.5, 13, 3.5],
			"rotation": {"angle": 0, "axis": "y", "origin": [-4.5, 8, 8]},
			"faces": {
				"north": {"uv": [13, 3, 12.5, 4], "texture": "#texture"},
				"east": {"uv": [13, 4, 12.5, 3], "rotation": 180, "texture": "#texture"},
				"south": {"uv": [13, 3, 12.5, 4], "texture": "#texture"},
				"up": {"uv": [12.5, 3, 13, 3.5], "rotation": 270, "texture": "#texture"},
				"down": {"uv": [13, 3.5, 12.5, 4], "rotation": 270, "texture": "#texture"}
			}
		},
		{
			"name": "spruce_door_bottom_12",
			"from": [3, 12, 3.5],
			"to": [3.5, 12.5, 4.5],
			"rotation": {"angle": 0, "axis": "y", "origin": [-4.5, 8, 8]},
			"faces": {
				"east": {"uv": [12.5, 4, 11.5, 3.5], "rotation": 180, "texture": "#texture"},
				"up": {"uv": [11.5, 3.5, 12.5, 4], "rotation": 270, "texture": "#texture"},
				"down": {"uv": [12.5, 3.5, 11.5, 4], "rotation": 270, "texture": "#texture"}
			}
		},
		{
			"name": "spruce_door_bottom_12",
			"from": [-0.125, 5, 12.5],
			"to": [0, 5.5, 15.5],
			"rotation": {"angle": 0, "axis": "y", "origin": [-9, 8, 8]},
			"faces": {
				"north": {"uv": [3.5, 10.5, 3, 11], "texture": "#texture", "cullface": "west"},
				"west": {"uv": [3.5, 10.5, 0.5, 11], "texture": "#texture", "cullface": "west"},
				"up": {"uv": [0.5, 10.5, 3.5, 11], "rotation": 270, "texture": "#texture", "cullface": "west"},
				"down": {"uv": [3.5, 10.5, 0.5, 11], "rotation": 270, "texture": "#texture", "cullface": "west"}
			}
		},
		{
			"name": "spruce_door_bottom_13",
			"from": [-0.125, 5, 9.5],
			"to": [0, 5.5, 12],
			"rotation": {"angle": 0, "axis": "y", "origin": [-9, 8, 8]},
			"faces": {
				"north": {"uv": [6.5, 10.5, 6, 11], "texture": "#texture", "cullface": "west"},
				"south": {"uv": [4.5, 10.5, 4, 11], "texture": "#texture", "cullface": "west"},
				"west": {"uv": [6.5, 10.5, 4, 11], "texture": "#texture", "cullface": "west"},
				"up": {"uv": [4, 10.5, 6.5, 11], "rotation": 270, "texture": "#texture", "cullface": "west"},
				"down": {"uv": [6.5, 10.5, 4, 11], "rotation": 270, "texture": "#texture", "cullface": "west"}
			}
		},
		{
			"name": "spruce_door_bottom_14",
			"from": [-0.125, 5, 6.5],
			"to": [0, 5.5, 9],
			"rotation": {"angle": 0, "axis": "y", "origin": [-9, 8, 8]},
			"faces": {
				"north": {"uv": [9.5, 10.5, 9, 11], "texture": "#texture", "cullface": "west"},
				"south": {"uv": [7.5, 10.5, 7, 11], "texture": "#texture", "cullface": "west"},
				"west": {"uv": [9.5, 10.5, 7, 11], "texture": "#texture", "cullface": "west"},
				"up": {"uv": [7, 10.5, 9.5, 11], "rotation": 270, "texture": "#texture", "cullface": "west"},
				"down": {"uv": [9.5, 10.5, 7, 11], "rotation": 270, "texture": "#texture", "cullface": "west"}
			}
		},
		{
			"name": "spruce_door_bottom_15",
			"from": [-0.125, 5, 3.5],
			"to": [0, 5.5, 6],
			"rotation": {"angle": 0, "axis": "y", "origin": [-9, 8, 8]},
			"faces": {
				"north": {"uv": [12.5, 10.5, 12, 11], "texture": "#texture", "cullface": "west"},
				"south": {"uv": [10.5, 10.5, 10, 11], "texture": "#texture", "cullface": "west"},
				"west": {"uv": [12.5, 10.5, 10, 11], "texture": "#texture", "cullface": "west"},
				"up": {"uv": [10, 10.5, 12.5, 11], "rotation": 270, "texture": "#texture", "cullface": "west"},
				"down": {"uv": [12.5, 10.5, 10, 11], "rotation": 270, "texture": "#texture", "cullface": "west"}
			}
		},
		{
			"name": "spruce_door_bottom_16",
			"from": [-0.125, 5, 0.5],
			"to": [0, 5.5, 3],
			"rotation": {"angle": 0, "axis": "y", "origin": [-9, 8, 8]},
			"faces": {
				"north": {"uv": [15.5, 10.5, 15, 11], "texture": "#texture", "cullface": "west"},
				"south": {"uv": [13.5, 10.5, 13, 11], "texture": "#texture", "cullface": "west"},
				"west": {"uv": [15.5, 10.5, 13, 11], "texture": "#texture", "cullface": "west"},
				"up": {"uv": [13, 10.5, 15.5, 11], "rotation": 270, "texture": "#texture", "cullface": "west"},
				"down": {"uv": [15.5, 10.5, 13, 11], "rotation": 270, "texture": "#texture", "cullface": "west"}
			}
		},
		{
			"name": "spruce_door_bottom_13",
			"from": [3, 5, 12.5],
			"to": [3.125, 5.5, 15.5],
			"rotation": {"angle": 0, "axis": "y", "origin": [-5.5, 8, 8]},
			"faces": {
				"north": {"uv": [3.5, 10.5, 3, 11], "texture": "#texture"},
				"east": {"uv": [3.5, 11, 0.5, 10.5], "rotation": 180, "texture": "#texture"},
				"up": {"uv": [0.5, 10.5, 3.5, 11], "rotation": 270, "texture": "#texture"},
				"down": {"uv": [3.5, 10.5, 0.5, 11], "rotation": 270, "texture": "#texture"}
			}
		},
		{
			"name": "spruce_door_bottom_14",
			"from": [3, 5, 9.5],
			"to": [3.125, 5.5, 12],
			"rotation": {"angle": 0, "axis": "y", "origin": [-5.5, 8, 8]},
			"faces": {
				"north": {"uv": [6.5, 10.5, 6, 11], "texture": "#texture"},
				"east": {"uv": [6.5, 11, 4, 10.5], "rotation": 180, "texture": "#texture"},
				"south": {"uv": [4.5, 10.5, 4, 11], "texture": "#texture"},
				"up": {"uv": [4, 10.5, 6.5, 11], "rotation": 270, "texture": "#texture"},
				"down": {"uv": [6.5, 10.5, 4, 11], "rotation": 270, "texture": "#texture"}
			}
		},
		{
			"name": "spruce_door_bottom_15",
			"from": [3, 5, 6.5],
			"to": [3.125, 5.5, 9],
			"rotation": {"angle": 0, "axis": "y", "origin": [-5.5, 8, 8]},
			"faces": {
				"north": {"uv": [9.5, 10.5, 9, 11], "texture": "#texture"},
				"east": {"uv": [9.5, 11, 7, 10.5], "rotation": 180, "texture": "#texture"},
				"south": {"uv": [7.5, 10.5, 7, 11], "texture": "#texture"},
				"up": {"uv": [7, 10.5, 9.5, 11], "rotation": 270, "texture": "#texture"},
				"down": {"uv": [9.5, 10.5, 7, 11], "rotation": 270, "texture": "#texture"}
			}
		},
		{
			"name": "spruce_door_bottom_16",
			"from": [3, 5, 3.5],
			"to": [3.125, 5.5, 6],
			"rotation": {"angle": 0, "axis": "y", "origin": [-5.5, 8, 8]},
			"faces": {
				"north": {"uv": [12.5, 10.5, 12, 11], "texture": "#texture"},
				"east": {"uv": [12.5, 11, 10, 10.5], "rotation": 180, "texture": "#texture"},
				"south": {"uv": [10.5, 10.5, 10, 11], "texture": "#texture"},
				"up": {"uv": [10, 10.5, 12.5, 11], "rotation": 270, "texture": "#texture"},
				"down": {"uv": [12.5, 10.5, 10, 11], "rotation": 270, "texture": "#texture"}
			}
		},
		{
			"name": "spruce_door_bottom_17",
			"from": [3, 5, 0.5],
			"to": [3.125, 5.5, 3],
			"rotation": {"angle": 0, "axis": "y", "origin": [-5.5, 8, 8]},
			"faces": {
				"north": {"uv": [15.5, 10.5, 15, 11], "texture": "#texture"},
				"east": {"uv": [15.5, 11, 13, 10.5], "rotation": 180, "texture": "#texture"},
				"south": {"uv": [13.5, 10.5, 13, 11], "texture": "#texture"},
				"up": {"uv": [13, 10.5, 15.5, 11], "rotation": 270, "texture": "#texture"},
				"down": {"uv": [15.5, 10.5, 13, 11], "rotation": 270, "texture": "#texture"}
			}
		},
		{
			"from": [0.5, 5, -0.125],
			"to": [2.5, 5.5, 0],
			"rotation": {"angle": 0, "axis": "y", "origin": [8.5, 13, -7.5]},
			"faces": {
				"north": {"uv": [15.5, 10.5, 13.5, 11], "texture": "#texture", "cullface": "north"},
				"east": {"uv": [15.5, 10.5, 15, 11], "texture": "#texture", "cullface": "north"},
				"west": {"uv": [14, 10.5, 13.5, 11], "texture": "#texture", "cullface": "north"},
				"up": {"uv": [13.5, 11, 15.5, 10.5], "texture": "#texture", "cullface": "north"},
				"down": {"uv": [13.5, 11, 15.5, 10.5], "texture": "#texture", "cullface": "north"}
			}
		}
	],
	"groups": [0, 1, 2, 3, 4,
		{
			"name": "handle",
			"origin": [8, 8, 8],
			"children": [5, 6, 7, 8, 9, 10, 11, 12, 13, 14, 15, 16]
		},
		{
			"name": "handle2",
			"origin": [8, 8, 8],
			"children": [17, 18, 19, 20, 21, 22, 23, 24, 25, 26, 27, 28]
		},
		{
			"name": "metal",
			"origin": [8, 8, 8],
			"children": [29, 30, 31, 32, 33]
		},
		{
			"name": "metal_2",
			"origin": [8, 8, 8],
			"children": [34, 35, 36, 37, 38]
		}, 39]
}