{
	"credit": "Made with Blockbench by Juknum & Redcoke26",
	"ambientocclusion": false,
	"textures": {
		"particle": "block/warped_door_top",
		"warped_door_top": "block/warped_door_top",
		"sides": "block/warped_door_special"
	},
	"elements": [
		{
			"name": "door_top",
			"from": [0, 0, 0],
			"to": [3, 16, 16],
			"faces": {
				"north": {"uv": [3, 0, 4.5, 8], "texture": "#sides", "cullface": "north"},
				"east": {"uv": [0, 0, 16, 16], "texture": "#warped_door_top"},
				"south": {"uv": [0, 0, 1.5, 8], "texture": "#sides", "cullface": "south"},
				"west": {"uv": [16, 0, 0, 16], "texture": "#warped_door_top", "cullface": "west"},
				"up": {"uv": [3, 8, 1.5, 0], "rotation": 180, "texture": "#sides", "cullface": "up"},
				"down": {"uv": [13, 0, 14.5, 8], "rotation": 180, "texture": "#sides", "cullface": "down"}
			}
		},
		{
			"from": [0.001, 16, 6.5],
			"to": [1, 16.25, 7],
			"faces": {
				"north": {"uv": [8, 12.5, 8.5, 13], "texture": "#warped_door_top", "cullface": "up"},
				"east": {"uv": [8, 12.5, 8.5, 13], "texture": "#warped_door_top", "cullface": "up"},
				"south": {"uv": [8, 12.5, 8.5, 13], "texture": "#warped_door_top", "cullface": "up"},
				"west": {"uv": [8, 12.5, 8.5, 13], "texture": "#warped_door_top", "cullface": "up"},
				"up": {"uv": [2.25, 3, 2.5, 3.25], "rotation": 270, "texture": "#sides", "cullface": "up"}
			}
		},
		{
			"from": [0.999, 16, 6],
			"to": [2.999, 16.25, 6.5],
			"faces": {
				"north": {"uv": [8, 12.5, 8.5, 13], "texture": "#warped_door_top", "cullface": "up"},
				"east": {"uv": [8, 12.5, 8.5, 13], "texture": "#warped_door_top", "cullface": "up"},
				"south": {"uv": [8, 12.5, 8.5, 13], "texture": "#warped_door_top", "cullface": "up"},
				"west": {"uv": [8, 12.5, 8.5, 13], "texture": "#warped_door_top", "cullface": "up"},
				"up": {"uv": [2.25, 3, 2.5, 3.25], "rotation": 270, "texture": "#sides", "cullface": "up"}
			}
		},
		{
			"from": [1.5, 16, 3.5],
			"to": [2.5, 16.25, 4],
			"faces": {
				"north": {"uv": [8, 12.5, 8.5, 13], "texture": "#warped_door_top", "cullface": "up"},
				"east": {"uv": [8, 12.5, 8.5, 13], "texture": "#warped_door_top", "cullface": "up"},
				"south": {"uv": [8, 12.5, 8.5, 13], "texture": "#warped_door_top", "cullface": "up"},
				"west": {"uv": [8, 12.5, 8.75, 13], "texture": "#warped_door_top", "cullface": "up"},
				"up": {"uv": [2.25, 3, 2.5, 3.25], "rotation": 270, "texture": "#sides", "cullface": "up"}
			}
		},
		{
			"from": [0.001, 16, 4],
			"to": [1.5, 16.25, 4.5],
			"faces": {
				"north": {"uv": [8, 12.5, 8.5, 13], "texture": "#warped_door_top", "cullface": "up"},
				"east": {"uv": [8, 12.5, 8.5, 13], "texture": "#warped_door_top", "cullface": "up"},
				"south": {"uv": [8, 12.5, 8.5, 13], "texture": "#warped_door_top", "cullface": "up"},
				"west": {"uv": [8, 12.5, 8.75, 13], "texture": "#warped_door_top", "cullface": "up"},
				"up": {"uv": [2.25, 3, 2.5, 3.25], "rotation": 270, "texture": "#sides", "cullface": "up"}
			}
		},
		{
			"from": [2.499, 16, 4],
			"to": [2.999, 16.25, 4.5],
			"faces": {
				"north": {"uv": [8, 12.5, 8.5, 13], "texture": "#warped_door_top", "cullface": "up"},
				"east": {"uv": [8, 12.5, 8.5, 13], "texture": "#warped_door_top", "cullface": "up"},
				"south": {"uv": [8, 12.5, 8.5, 13], "texture": "#warped_door_top", "cullface": "up"},
				"west": {"uv": [8, 12.5, 8.75, 13], "texture": "#warped_door_top", "cullface": "up"},
				"up": {"uv": [2.25, 3, 2.5, 3.25], "rotation": 270, "texture": "#sides", "cullface": "up"}
			}
		},
		{
			"from": [3, 13.5, 14.5],
			"to": [3.25, 14, 16],
			"faces": {
				"north": {"uv": [0, 7.5, 0.5, 8], "texture": "#warped_door_top"},
				"east": {"uv": [0, 2, 1.5, 2.5], "texture": "#warped_door_top"},
				"south": {"uv": [0, 2, 0.5, 2.5], "texture": "#warped_door_top", "cullface": "south"},
				"up": {"uv": [0, 2, 1.5, 2.5], "rotation": 270, "texture": "#warped_door_top"},
				"down": {"uv": [0, 2, 1.5, 2.5], "rotation": 90, "texture": "#warped_door_top"}
			}
		},
		{
			"from": [3, 13, 13.5],
			"to": [3.25, 13.5, 14.5],
			"faces": {
				"north": {"uv": [0, 7.5, 0.5, 8], "texture": "#warped_door_top"},
				"east": {"uv": [1.5, 2.5, 2.5, 3], "texture": "#warped_door_top"},
				"south": {"uv": [1.5, 2.5, 2, 3], "texture": "#warped_door_top"},
				"up": {"uv": [1.5, 2.5, 2.5, 3], "rotation": 270, "texture": "#warped_door_top"},
				"down": {"uv": [1.5, 2.5, 2.5, 3], "rotation": 90, "texture": "#warped_door_top"}
			}
		},
		{
			"from": [3, 12.5, 12.5],
			"to": [3.25, 13, 13.5],
			"faces": {
				"north": {"uv": [0, 7.5, 0.5, 8], "texture": "#warped_door_top"},
				"east": {"uv": [2.5, 3, 3.5, 3.5], "texture": "#warped_door_top"},
				"south": {"uv": [2.5, 3, 3, 3.5], "texture": "#warped_door_top"},
				"up": {"uv": [2.5, 3, 3.5, 3.5], "rotation": 270, "texture": "#warped_door_top"},
				"down": {"uv": [2.5, 3, 3.5, 3.5], "rotation": 90, "texture": "#warped_door_top"}
			}
		},
		{
			"from": [3, 12, 11.5],
			"to": [3.25, 12.5, 12.5],
			"faces": {
				"north": {"uv": [0, 7.5, 0.5, 8], "texture": "#warped_door_top"},
				"east": {"uv": [3.5, 3.5, 4.5, 4], "texture": "#warped_door_top"},
				"south": {"uv": [3.5, 3.5, 4, 4], "texture": "#warped_door_top"},
				"up": {"uv": [3.5, 3.5, 4.5, 4], "rotation": 270, "texture": "#warped_door_top"},
				"down": {"uv": [3.5, 3.5, 4.5, 4], "rotation": 90, "texture": "#warped_door_top"}
			}
		},
		{
			"from": [3, 11.5, 10],
			"to": [3.25, 12, 11.5],
			"faces": {
				"north": {"uv": [0, 7.5, 0.5, 8], "texture": "#warped_door_top"},
				"east": {"uv": [4.5, 4, 6, 4.5], "texture": "#warped_door_top"},
				"south": {"uv": [4.5, 4, 5, 4.5], "texture": "#warped_door_top"},
				"up": {"uv": [4.5, 4, 6, 4.5], "rotation": 270, "texture": "#warped_door_top"},
				"down": {"uv": [4.5, 4, 6, 4.5], "rotation": 90, "texture": "#warped_door_top"}
			}
		},
		{
			"from": [3, 9.5, 11.5],
			"to": [3.25, 10, 12],
			"faces": {
				"north": {"uv": [0, 7.5, 0.5, 8], "texture": "#warped_door_top"},
				"east": {"uv": [4, 6, 4.5, 6.5], "texture": "#warped_door_top"},
				"south": {"uv": [4, 6, 4.5, 6.5], "texture": "#warped_door_top"},
				"up": {"uv": [2, 7, 3, 7.5], "rotation": 270, "texture": "#warped_door_top"},
				"down": {"uv": [4, 6, 4.5, 6.5], "rotation": 90, "texture": "#warped_door_top"}
			}
		},
		{
			"from": [3, 10, 11],
			"to": [3.25, 11.5, 11.5],
			"faces": {
				"north": {"uv": [0, 7.5, 0.5, 8], "texture": "#warped_door_top"},
				"east": {"uv": [4.5, 4.5, 5, 6], "texture": "#warped_door_top"},
				"south": {"uv": [4.5, 4.5, 5, 6], "texture": "#warped_door_top"},
				"down": {"uv": [4.5, 5.5, 5, 6], "rotation": 90, "texture": "#warped_door_top"}
			}
		},
		{
			"from": [3, 9, 12],
			"to": [3.25, 9.5, 13],
			"faces": {
				"north": {"uv": [0, 7.5, 0.5, 8], "texture": "#warped_door_top"},
				"east": {"uv": [3, 6.5, 4, 7], "texture": "#warped_door_top"},
				"south": {"uv": [3, 6.5, 3.5, 7], "texture": "#warped_door_top"},
				"up": {"uv": [2, 7, 3, 7.5], "rotation": 270, "texture": "#warped_door_top"},
				"down": {"uv": [3, 6.5, 4, 7], "rotation": 90, "texture": "#warped_door_top"}
			}
		},
		{
			"from": [3, 8.5, 13],
			"to": [3.25, 9, 14],
			"faces": {
				"north": {"uv": [0, 7.5, 0.5, 8], "texture": "#warped_door_top"},
				"east": {"uv": [2, 7, 3, 7.5], "texture": "#warped_door_top"},
				"south": {"uv": [2, 7, 3, 7.5], "texture": "#warped_door_top"},
				"up": {"uv": [2, 7, 3, 7.5], "rotation": 270, "texture": "#warped_door_top"},
				"down": {"uv": [2, 7, 3, 7.5], "rotation": 90, "texture": "#warped_door_top"}
			}
		},
		{
			"from": [3, 8, 14],
			"to": [3.25, 8.5, 16],
			"faces": {
				"north": {"uv": [0, 7.5, 0.5, 8], "texture": "#warped_door_top"},
				"east": {"uv": [0, 7.5, 2, 8], "texture": "#warped_door_top"},
				"south": {"uv": [0, 7.5, 0.5, 8], "texture": "#warped_door_top", "cullface": "south"},
				"up": {"uv": [0, 7.5, 2, 8], "rotation": 270, "texture": "#warped_door_top"},
				"down": {"uv": [0, 7.5, 2, 8], "rotation": 90, "texture": "#warped_door_top"}
			}
		},
		{
			"from": [3, 0, 8],
			"to": [3.25, 3, 8.5],
			"faces": {
				"north": {"uv": [8, 13, 7.5, 16], "texture": "#warped_door_top"},
				"east": {"uv": [7.5, 13, 8, 16], "texture": "#warped_door_top"},
				"south": {"uv": [7.5, 13, 8, 16], "texture": "#warped_door_top"},
				"up": {"uv": [7.5, 13, 8, 13.5], "rotation": 180, "texture": "#warped_door_top"},
				"down": {"uv": [7.5, 15.5, 8, 16], "rotation": 180, "texture": "#warped_door_top"}
			}
		},
		{
			"from": [3, 3, 7],
			"to": [3.25, 3.5, 8],
			"faces": {
				"north": {"uv": [0, 7.5, 0.5, 8], "texture": "#warped_door_top"},
				"east": {"uv": [8, 12.5, 9, 13], "texture": "#warped_door_top"},
				"south": {"uv": [8, 12.5, 9, 13], "texture": "#warped_door_top"},
				"up": {"uv": [8, 12.5, 9, 13], "rotation": 270, "texture": "#warped_door_top"},
				"down": {"uv": [8, 12.5, 9, 13], "rotation": 180, "texture": "#warped_door_top"}
			}
		},
		{
			"from": [3, 3.5, 5.5],
			"to": [3.25, 4, 7],
			"faces": {
				"north": {"uv": [0, 7.5, 0.5, 8], "texture": "#warped_door_top"},
				"east": {"uv": [9, 12, 10.5, 12.5], "texture": "#warped_door_top"},
				"south": {"uv": [9, 12, 9.5, 12.5], "texture": "#warped_door_top"},
				"up": {"uv": [9, 12, 10.5, 12.5], "rotation": 270, "texture": "#warped_door_top"},
				"down": {"uv": [9, 12, 10.5, 12.5], "rotation": 90, "texture": "#warped_door_top"}
			}
		},
		{
			"from": [3, 4, 4.5],
			"to": [3.25, 4.5, 5.5],
			"faces": {
				"north": {"uv": [0, 7.5, 0.5, 8], "texture": "#warped_door_top"},
				"east": {"uv": [10.5, 11.5, 11.5, 12], "texture": "#warped_door_top"},
				"south": {"uv": [0, 7.5, 0.5, 8], "texture": "#warped_door_top"},
				"up": {"uv": [10.5, 11.5, 11.5, 12], "rotation": 270, "texture": "#warped_door_top"},
				"down": {"uv": [10.5, 11.5, 11.5, 12], "rotation": 180, "texture": "#warped_door_top"}
			}
		},
		{
			"from": [3, 3.5, 4],
			"to": [3.25, 4, 4.5],
			"faces": {
				"north": {"uv": [0, 7.5, 0.5, 8], "texture": "#warped_door_top"},
				"east": {"uv": [11.5, 12, 12, 12.5], "texture": "#warped_door_top"},
				"south": {"uv": [11.5, 12, 12, 12.5], "texture": "#warped_door_top"},
				"up": {"uv": [11.5, 12, 12, 12.5], "rotation": 180, "texture": "#warped_door_top"},
				"down": {"uv": [11.5, 12, 12, 12.5], "rotation": 180, "texture": "#warped_door_top"}
			}
		},
		{
			"from": [3, 3, 3],
			"to": [3.25, 3.5, 4],
			"faces": {
				"north": {"uv": [0, 7.5, 0.5, 8], "texture": "#warped_door_top"},
				"east": {"uv": [12, 12.5, 13, 13], "texture": "#warped_door_top"},
				"south": {"uv": [12, 12.5, 12.5, 13], "texture": "#warped_door_top"},
				"up": {"uv": [12, 12.5, 13, 13], "rotation": 270, "texture": "#warped_door_top"},
				"down": {"uv": [12, 12.5, 13, 13], "rotation": 180, "texture": "#warped_door_top"}
			}
		},
		{
			"from": [3, 2.5, 2],
			"to": [3.25, 3, 3],
			"faces": {
				"north": {"uv": [0, 7.5, 0.5, 8], "texture": "#warped_door_top"},
				"east": {"uv": [13, 13, 14, 13.5], "texture": "#warped_door_top"},
				"south": {"uv": [13, 13, 13.5, 13.5], "texture": "#warped_door_top"},
				"up": {"uv": [13, 13, 14, 13.5], "rotation": 180, "texture": "#warped_door_top"},
				"down": {"uv": [13, 13, 14, 13.5], "rotation": 180, "texture": "#warped_door_top"}
			}
		},
		{
			"from": [3, 2, 3],
			"to": [3.25, 2.5, 3.5],
			"faces": {
				"north": {"uv": [0, 7.5, 0.5, 8], "texture": "#warped_door_top"},
				"east": {"uv": [0, 7.5, 0.5, 8], "texture": "#warped_door_top"},
				"south": {"uv": [0, 7.5, 0.5, 8], "texture": "#warped_door_top"},
				"up": {"uv": [0, 7.5, 0.5, 8], "rotation": 180, "texture": "#warped_door_top"},
				"down": {"uv": [0, 7.5, 0.5, 8], "rotation": 180, "texture": "#warped_door_top"}
			}
		},
		{
			"from": [3, 1, 4.5],
			"to": [3.25, 1.5, 5],
			"faces": {
				"north": {"uv": [0, 7.5, 0.5, 8], "texture": "#warped_door_top"},
				"east": {"uv": [0, 7.5, 0.5, 8], "texture": "#warped_door_top"}
			}
		},
		{
			"from": [3, 1.5, 3.5],
			"to": [3.25, 2, 4.5],
			"faces": {
				"north": {"uv": [0, 7.5, 0.5, 8], "texture": "#warped_door_top"},
				"east": {"uv": [11.5, 14, 12.5, 14.5], "texture": "#warped_door_top"},
				"up": {"uv": [11.5, 14, 12.5, 14.5], "rotation": 270, "texture": "#warped_door_top"},
				"down": {"uv": [11.5, 14, 12.5, 14.5], "rotation": 180, "texture": "#warped_door_top"}
			}
		},
		{
			"from": [3, 3, 1.5],
			"to": [3.25, 3.5, 2],
			"faces": {
				"north": {"uv": [0, 7.5, 0.5, 8], "texture": "#warped_door_top"},
				"east": {"uv": [14, 12.5, 14.5, 13], "texture": "#warped_door_top"},
				"south": {"uv": [0, 7.5, 0.5, 8], "texture": "#warped_door_top"},
				"up": {"uv": [14, 12.5, 14.5, 13], "rotation": 180, "texture": "#warped_door_top"},
				"down": {"uv": [0, 7.5, 0.5, 8], "rotation": 180, "texture": "#warped_door_top"}
			}
		},
		{
			"from": [3, 3.5, 1],
			"to": [3.25, 4, 1.5],
			"faces": {
				"north": {"uv": [14.5, 12, 15, 12.5], "texture": "#warped_door_top"},
				"east": {"uv": [14.5, 12, 15, 12.5], "texture": "#warped_door_top"},
				"south": {"uv": [14.5, 12, 15, 12.5], "texture": "#warped_door_top"},
				"up": {"uv": [14.5, 12, 15, 12.5], "rotation": 180, "texture": "#warped_door_top"},
				"down": {"uv": [14.5, 12, 15, 12.5], "rotation": 180, "texture": "#warped_door_top"}
			}
		},
		{
			"from": [3, 4, 0.5],
			"to": [3.25, 5, 1],
			"faces": {
				"north": {"uv": [0, 7.5, 0.5, 8], "texture": "#warped_door_top"},
				"east": {"uv": [15, 11, 15.5, 12], "texture": "#warped_door_top"},
				"south": {"uv": [15, 11, 15.5, 12], "texture": "#warped_door_top"},
				"up": {"uv": [15, 11, 15.5, 11.5], "rotation": 180, "texture": "#warped_door_top"},
				"down": {"uv": [15.5, 10.5, 16, 11], "rotation": 180, "texture": "#warped_door_top"}
			}
		},
		{
			"from": [3, 5, 0],
			"to": [3.25, 6, 0.5],
			"faces": {
				"north": {"uv": [15.5, 10, 16, 11], "texture": "#warped_door_top", "cullface": "north"},
				"east": {"uv": [15.5, 10, 16, 11], "texture": "#warped_door_top"},
				"south": {"uv": [15.5, 10, 16, 11], "texture": "#warped_door_top"},
				"up": {"uv": [15.5, 10, 16, 10.5], "rotation": 180, "texture": "#warped_door_top"},
				"down": {"uv": [15.5, 10.5, 16, 11], "rotation": 180, "texture": "#warped_door_top"}
			}
		},
		{
			"from": [3, 8, 1.5],
			"to": [3.25, 8.5, 2.5],
			"faces": {
				"north": {"uv": [0, 7.5, 0.5, 8], "texture": "#warped_door_top"},
				"east": {"uv": [13.5, 7.5, 14.5, 8], "texture": "#warped_door_top"},
				"south": {"uv": [13.5, 7.5, 14, 8], "texture": "#warped_door_top"},
				"up": {"uv": [13.5, 7.5, 14.5, 8], "rotation": 180, "texture": "#warped_door_top"},
				"down": {"uv": [13.5, 7.5, 14.5, 8], "rotation": 90, "texture": "#warped_door_top"}
			}
		},
		{
			"from": [3, 7.5, 2.5],
			"to": [3.25, 8, 3.5],
			"faces": {
				"north": {"uv": [0, 7.5, 0.5, 8], "texture": "#warped_door_top"},
				"east": {"uv": [12.5, 8, 13.5, 8.5], "texture": "#warped_door_top"},
				"south": {"uv": [12.5, 8, 13, 8.5], "texture": "#warped_door_top"},
				"up": {"uv": [12.5, 8, 13.5, 8.5], "rotation": 270, "texture": "#warped_door_top"},
				"down": {"uv": [12.5, 8, 13.5, 8.5], "rotation": 90, "texture": "#warped_door_top"}
			}
		},
		{
			"from": [3, 7, 3.5],
			"to": [3.25, 7.5, 4],
			"faces": {
				"north": {"uv": [0, 7.5, 0.5, 8], "texture": "#warped_door_top"},
				"east": {"uv": [12, 8.5, 12.5, 9], "texture": "#warped_door_top"},
				"south": {"uv": [12, 8.5, 12.5, 9], "texture": "#warped_door_top"},
				"up": {"uv": [12, 8.5, 12.5, 9], "rotation": 180, "texture": "#warped_door_top"},
				"down": {"uv": [12, 8.5, 12.5, 9], "rotation": 180, "texture": "#warped_door_top"}
			}
		},
		{
			"from": [3, 6, 4],
			"to": [3.25, 7, 4.5],
			"faces": {
				"north": {"uv": [0, 7.5, 0.5, 8], "texture": "#warped_door_top"},
				"east": {"uv": [11.5, 9, 12, 10], "texture": "#warped_door_top"},
				"south": {"uv": [11.5, 9, 12, 10], "texture": "#warped_door_top"},
				"up": {"uv": [11.5, 9, 12, 9.5], "rotation": 180, "texture": "#warped_door_top"},
				"down": {"uv": [11.5, 9, 12, 10], "rotation": 180, "texture": "#warped_door_top"}
			}
		},
		{
			"from": [3, 8.5, 0.5],
			"to": [3.25, 9, 1.5],
			"faces": {
				"north": {"uv": [0, 7.5, 0.5, 8], "texture": "#warped_door_top"},
				"east": {"uv": [14.5, 7, 15.5, 7.5], "texture": "#warped_door_top"},
				"south": {"uv": [14.5, 7, 15, 7.5], "texture": "#warped_door_top"},
				"up": {"uv": [14.5, 7, 15.5, 7.5], "rotation": 270, "texture": "#warped_door_top"},
				"down": {"uv": [14.5, 7, 15.5, 7.5], "rotation": 90, "texture": "#warped_door_top"}
			}
		},
		{
			"from": [3, 9, 0],
			"to": [3.25, 9.5, 0.5],
			"faces": {
				"north": {"uv": [0, 7.5, 0.5, 8], "texture": "#warped_door_top", "cullface": "north"},
				"east": {"uv": [15.5, 6.5, 15.9, 7], "texture": "#warped_door_top"},
				"south": {"uv": [15.5, 6.5, 16, 7], "texture": "#warped_door_top"},
				"up": {"uv": [15.5, 6.5, 15.9, 7], "rotation": 180, "texture": "#warped_door_top"},
				"down": {"uv": [15.5, 6.5, 15.9, 7], "rotation": 180, "texture": "#warped_door_top"}
			}
		},
		{
			"from": [3, 14, 0],
			"to": [3.25, 14.5, 2.5],
			"faces": {
				"north": {"uv": [15.5, 1.5, 16, 2], "texture": "#warped_door_top", "cullface": "north"},
				"east": {"uv": [13.5, 1.5, 16, 2], "texture": "#warped_door_top"},
				"south": {"uv": [13.5, 1.5, 14, 2], "texture": "#warped_door_top"},
				"up": {"uv": [13.5, 1.5, 16, 2], "rotation": 270, "texture": "#warped_door_top"},
				"down": {"uv": [13.5, 1.5, 16, 2], "rotation": 90, "texture": "#warped_door_top"}
			}
		},
		{
			"from": [3, 14.5, 2.5],
			"to": [3.25, 15, 4],
			"faces": {
				"north": {"uv": [0, 7.5, 0.5, 8], "texture": "#warped_door_top"},
				"east": {"uv": [12, 1, 13.5, 1.5], "texture": "#warped_door_top"},
				"south": {"uv": [12, 1, 12.5, 1.5], "texture": "#warped_door_top"},
				"up": {"uv": [12, 1, 13.5, 1.5], "rotation": 270, "texture": "#warped_door_top"},
				"down": {"uv": [12, 1, 13.5, 1.5], "rotation": 90, "texture": "#warped_door_top"}
			}
		},
		{
			"from": [3, 15, 4],
			"to": [3.25, 16, 4.5],
			"faces": {
				"north": {"uv": [0, 7.5, 0.5, 8], "texture": "#warped_door_top"},
				"east": {"uv": [11.5, 0, 12, 1], "texture": "#warped_door_top"},
				"south": {"uv": [8, 12.5, 8.5, 13], "texture": "#warped_door_top"},
				"up": {"uv": [8, 12.5, 8.5, 13], "rotation": 180, "texture": "#warped_door_top"},
				"down": {"uv": [8, 12.5, 8.5, 13], "rotation": 180, "texture": "#warped_door_top"}
			}
		},
		{
			"from": [3, 14.5, 6.5],
			"to": [3.25, 16, 7],
			"faces": {
				"north": {"uv": [0, 7.5, 0.5, 8], "texture": "#warped_door_top"},
				"east": {"uv": [9, 0, 9.5, 1.5], "texture": "#warped_door_top"},
				"south": {"uv": [9, 0, 9.5, 1.5], "texture": "#warped_door_top"},
				"up": {"uv": [9, 0, 9.5, 0.5], "rotation": 180, "texture": "#warped_door_top"},
				"down": {"uv": [8, 2.5, 8.5, 3], "rotation": 180, "texture": "#warped_door_top"}
			}
		},
		{
			"from": [3, 13.5, 7],
			"to": [3.25, 14.5, 7.5],
			"faces": {
				"north": {"uv": [0, 7.5, 0.5, 8], "texture": "#warped_door_top"},
				"east": {"uv": [8.5, 1.5, 9, 2], "texture": "#warped_door_top"},
				"south": {"uv": [8.5, 1.5, 9, 2.5], "texture": "#warped_door_top"},
				"up": {"uv": [8.5, 1.5, 9, 2], "rotation": 180, "texture": "#warped_door_top"},
				"down": {"uv": [8, 2.5, 8.5, 3], "rotation": 180, "texture": "#warped_door_top"}
			}
		},
		{
			"from": [3, 13, 7.5],
			"to": [3.25, 13.5, 8],
			"faces": {
				"north": {"uv": [0, 7.5, 0.5, 8], "texture": "#warped_door_top"},
				"east": {"uv": [8, 2.5, 8.5, 3], "texture": "#warped_door_top"},
				"south": {"uv": [8, 2.5, 8.5, 3], "texture": "#warped_door_top"},
				"up": {"uv": [8, 2.5, 8.5, 3], "rotation": 180, "texture": "#warped_door_top"},
				"down": {"uv": [8, 2.5, 8.5, 3], "rotation": 180, "texture": "#warped_door_top"}
			}
		},
		{
			"from": [3, 12.5, 8],
			"to": [3.25, 13, 9],
			"faces": {
				"north": {"uv": [0, 7.5, 0.5, 8], "texture": "#warped_door_top"},
				"east": {"uv": [7, 3, 8, 3.5], "texture": "#warped_door_top"},
				"south": {"uv": [7, 3, 7.5, 3.5], "texture": "#warped_door_top"},
				"up": {"uv": [7, 3, 8, 3.5], "rotation": 180, "texture": "#warped_door_top"},
				"down": {"uv": [7, 3, 8, 3.5], "rotation": 180, "texture": "#warped_door_top"}
			}
		},
		{
			"from": [3, 12, 9],
			"to": [3.25, 12.5, 10],
			"faces": {
				"north": {"uv": [0, 7.5, 0.5, 8], "texture": "#warped_door_top"},
				"east": {"uv": [6, 3.5, 7, 4], "texture": "#warped_door_top"},
				"south": {"uv": [6, 3.5, 6.5, 4], "texture": "#warped_door_top"},
				"up": {"uv": [6, 3.5, 7, 4], "rotation": 270, "texture": "#warped_door_top"},
				"down": {"uv": [7, 3, 8, 3.5], "rotation": 180, "texture": "#warped_door_top"}
			}
		},
		{
			"from": [-0.25, 13.5, 14.5],
			"to": [0, 14, 16],
			"faces": {
				"north": {"uv": [0, 7.5, 0.5, 8], "texture": "#warped_door_top", "cullface": "west"},
				"south": {"uv": [0, 2, 0.5, 2.5], "texture": "#warped_door_top", "cullface": "west"},
				"west": {"uv": [1.5, 2, 0, 2.5], "texture": "#warped_door_top", "cullface": "west"},
				"up": {"uv": [0, 2, 1.5, 2.5], "rotation": 270, "texture": "#warped_door_top", "cullface": "west"},
				"down": {"uv": [0, 2, 1.5, 2.5], "rotation": 90, "texture": "#warped_door_top", "cullface": "west"}
			}
		},
		{
			"from": [-0.25, 13, 13.5],
			"to": [0, 13.5, 14.5],
			"faces": {
				"north": {"uv": [0, 7.5, 0.5, 8], "texture": "#warped_door_top", "cullface": "west"},
				"south": {"uv": [1.5, 2.5, 2, 3], "texture": "#warped_door_top", "cullface": "west"},
				"west": {"uv": [2.5, 2.5, 1.5, 3], "texture": "#warped_door_top", "cullface": "west"},
				"up": {"uv": [1.5, 2.5, 2.5, 3], "rotation": 270, "texture": "#warped_door_top", "cullface": "west"},
				"down": {"uv": [1.5, 2.5, 2.5, 3], "rotation": 90, "texture": "#warped_door_top", "cullface": "west"}
			}
		},
		{
			"from": [-0.25, 12.5, 12.5],
			"to": [0, 13, 13.5],
			"faces": {
				"north": {"uv": [0, 7.5, 0.5, 8], "texture": "#warped_door_top", "cullface": "west"},
				"south": {"uv": [2.5, 3, 3, 3.5], "texture": "#warped_door_top", "cullface": "west"},
				"west": {"uv": [3.5, 3, 2.5, 3.5], "texture": "#warped_door_top", "cullface": "west"},
				"up": {"uv": [2.5, 3, 3.5, 3.5], "rotation": 270, "texture": "#warped_door_top", "cullface": "west"},
				"down": {"uv": [2.5, 3, 3.5, 3.5], "rotation": 90, "texture": "#warped_door_top", "cullface": "west"}
			}
		},
		{
			"from": [-0.25, 12, 11.5],
			"to": [0, 12.5, 12.5],
			"faces": {
				"north": {"uv": [0, 7.5, 0.5, 8], "texture": "#warped_door_top", "cullface": "west"},
				"south": {"uv": [3.5, 3.5, 4, 4], "texture": "#warped_door_top", "cullface": "west"},
				"west": {"uv": [4.5, 3.5, 3.5, 4], "texture": "#warped_door_top", "cullface": "west"},
				"up": {"uv": [3.5, 3.5, 4.5, 4], "rotation": 270, "texture": "#warped_door_top", "cullface": "west"},
				"down": {"uv": [3.5, 3.5, 4.5, 4], "rotation": 90, "texture": "#warped_door_top", "cullface": "west"}
			}
		},
		{
			"from": [-0.25, 11.5, 10],
			"to": [0, 12, 11.5],
			"faces": {
				"north": {"uv": [0, 7.5, 0.5, 8], "texture": "#warped_door_top", "cullface": "west"},
				"south": {"uv": [4.5, 4, 5, 4.5], "texture": "#warped_door_top", "cullface": "west"},
				"west": {"uv": [6, 4, 4.5, 4.5], "texture": "#warped_door_top", "cullface": "west"},
				"up": {"uv": [4.5, 4, 6, 4.5], "rotation": 270, "texture": "#warped_door_top", "cullface": "west"},
				"down": {"uv": [4.5, 4, 6, 4.5], "rotation": 90, "texture": "#warped_door_top", "cullface": "west"}
			}
		},
		{
			"from": [-0.25, 9.5, 11.5],
			"to": [0, 10, 12],
			"faces": {
				"north": {"uv": [0, 7.5, 0.5, 8], "texture": "#warped_door_top", "cullface": "west"},
				"south": {"uv": [4, 6, 4.5, 6.5], "texture": "#warped_door_top", "cullface": "west"},
				"west": {"uv": [4.5, 6, 4, 6.5], "texture": "#warped_door_top", "cullface": "west"},
				"up": {"uv": [2, 7, 3, 7.5], "rotation": 270, "texture": "#warped_door_top", "cullface": "west"},
				"down": {"uv": [4, 6, 4.5, 6.5], "rotation": 90, "texture": "#warped_door_top", "cullface": "west"}
			}
		},
		{
			"from": [-0.25, 10, 11],
			"to": [0, 11.5, 11.5],
			"faces": {
				"north": {"uv": [0, 7.5, 0.5, 8], "texture": "#warped_door_top", "cullface": "west"},
				"south": {"uv": [4.5, 4.5, 5, 6], "texture": "#warped_door_top", "cullface": "west"},
				"west": {"uv": [5, 4.5, 4.5, 6], "texture": "#warped_door_top", "cullface": "west"},
				"down": {"uv": [4.5, 5.5, 5, 6], "rotation": 90, "texture": "#warped_door_top", "cullface": "west"}
			}
		},
		{
			"from": [-0.25, 9, 12],
			"to": [0, 9.5, 13],
			"faces": {
				"north": {"uv": [0, 7.5, 0.5, 8], "texture": "#warped_door_top", "cullface": "west"},
				"south": {"uv": [3, 6.5, 3.5, 7], "texture": "#warped_door_top", "cullface": "west"},
				"west": {"uv": [4, 6.5, 3, 7], "texture": "#warped_door_top", "cullface": "west"},
				"up": {"uv": [2, 7, 3, 7.5], "rotation": 270, "texture": "#warped_door_top", "cullface": "west"},
				"down": {"uv": [3, 6.5, 4, 7], "rotation": 90, "texture": "#warped_door_top", "cullface": "west"}
			}
		},
		{
			"from": [-0.25, 8.5, 13],
			"to": [0, 9, 14],
			"faces": {
				"north": {"uv": [0, 7.5, 0.5, 8], "texture": "#warped_door_top", "cullface": "west"},
				"south": {"uv": [2, 7, 3, 7.5], "texture": "#warped_door_top", "cullface": "west"},
				"west": {"uv": [3, 7, 2, 7.5], "texture": "#warped_door_top", "cullface": "west"},
				"up": {"uv": [2, 7, 3, 7.5], "rotation": 270, "texture": "#warped_door_top", "cullface": "west"},
				"down": {"uv": [2, 7, 3, 7.5], "rotation": 90, "texture": "#warped_door_top", "cullface": "west"}
			}
		},
		{
			"from": [-0.25, 8, 14],
			"to": [0, 8.5, 16],
			"faces": {
				"north": {"uv": [0, 7.5, 0.5, 8], "texture": "#warped_door_top", "cullface": "west"},
				"south": {"uv": [0, 7.5, 0.5, 8], "texture": "#warped_door_top", "cullface": "west"},
				"west": {"uv": [2, 7.5, 0, 8], "texture": "#warped_door_top", "cullface": "west"},
				"up": {"uv": [0, 7.5, 2, 8], "rotation": 270, "texture": "#warped_door_top", "cullface": "west"},
				"down": {"uv": [0, 7.5, 2, 8], "rotation": 90, "texture": "#warped_door_top", "cullface": "west"}
			}
		},
		{
			"from": [-0.25, 0, 8],
			"to": [0, 3, 8.5],
			"faces": {
				"north": {"uv": [8, 13, 7.5, 16], "texture": "#warped_door_top", "cullface": "west"},
				"south": {"uv": [7.5, 13, 8, 16], "texture": "#warped_door_top", "cullface": "west"},
				"west": {"uv": [8, 13, 7.5, 16], "texture": "#warped_door_top", "cullface": "west"},
				"up": {"uv": [7.5, 13, 8, 13.5], "rotation": 180, "texture": "#warped_door_top", "cullface": "west"},
				"down": {"uv": [7.5, 15.5, 8, 16], "rotation": 180, "texture": "#warped_door_top", "cullface": "west"}
			}
		},
		{
			"from": [-0.25, 3, 7],
			"to": [0, 3.5, 8],
			"faces": {
				"north": {"uv": [0, 7.5, 0.5, 8], "texture": "#warped_door_top", "cullface": "west"},
				"south": {"uv": [8, 12.5, 9, 13], "texture": "#warped_door_top", "cullface": "west"},
				"west": {"uv": [9, 12.5, 8, 13], "texture": "#warped_door_top", "cullface": "west"},
				"up": {"uv": [8, 12.5, 9, 13], "rotation": 270, "texture": "#warped_door_top", "cullface": "west"},
				"down": {"uv": [8, 12.5, 9, 13], "rotation": 180, "texture": "#warped_door_top", "cullface": "west"}
			}
		},
		{
			"from": [-0.25, 3.5, 5.5],
			"to": [0, 4, 7],
			"faces": {
				"north": {"uv": [0, 7.5, 0.5, 8], "texture": "#warped_door_top", "cullface": "west"},
				"south": {"uv": [9, 12, 9.5, 12.5], "texture": "#warped_door_top", "cullface": "west"},
				"west": {"uv": [10.5, 12, 9, 12.5], "texture": "#warped_door_top", "cullface": "west"},
				"up": {"uv": [9, 12, 10.5, 12.5], "rotation": 270, "texture": "#warped_door_top", "cullface": "west"},
				"down": {"uv": [9, 12, 10.5, 12.5], "rotation": 90, "texture": "#warped_door_top", "cullface": "west"}
			}
		},
		{
			"from": [-0.25, 4, 4.5],
			"to": [0, 4.5, 5.5],
			"faces": {
				"north": {"uv": [0, 7.5, 0.5, 8], "texture": "#warped_door_top", "cullface": "west"},
				"south": {"uv": [0, 7.5, 0.5, 8], "texture": "#warped_door_top", "cullface": "west"},
				"west": {"uv": [11.5, 11.5, 10.5, 12], "texture": "#warped_door_top", "cullface": "west"},
				"up": {"uv": [10.5, 11.5, 11.5, 12], "rotation": 270, "texture": "#warped_door_top", "cullface": "west"},
				"down": {"uv": [10.5, 11.5, 11.5, 12], "rotation": 180, "texture": "#warped_door_top", "cullface": "west"}
			}
		},
		{
			"from": [-0.25, 3.5, 4],
			"to": [0, 4, 4.5],
			"faces": {
				"north": {"uv": [0, 7.5, 0.5, 8], "texture": "#warped_door_top", "cullface": "west"},
				"south": {"uv": [11.5, 12, 12, 12.5], "texture": "#warped_door_top", "cullface": "west"},
				"west": {"uv": [12, 12, 11.5, 12.5], "texture": "#warped_door_top", "cullface": "west"},
				"up": {"uv": [11.5, 12, 12, 12.5], "rotation": 180, "texture": "#warped_door_top", "cullface": "west"},
				"down": {"uv": [11.5, 12, 12, 12.5], "rotation": 180, "texture": "#warped_door_top", "cullface": "west"}
			}
		},
		{
			"from": [-0.25, 3, 3],
			"to": [0, 3.5, 4],
			"faces": {
				"north": {"uv": [0, 7.5, 0.5, 8], "texture": "#warped_door_top", "cullface": "west"},
				"south": {"uv": [12, 12.5, 12.5, 13], "texture": "#warped_door_top", "cullface": "west"},
				"west": {"uv": [13, 12.5, 12, 13], "texture": "#warped_door_top", "cullface": "west"},
				"up": {"uv": [12, 12.5, 13, 13], "rotation": 270, "texture": "#warped_door_top", "cullface": "west"},
				"down": {"uv": [12, 12.5, 13, 13], "rotation": 180, "texture": "#warped_door_top", "cullface": "west"}
			}
		},
		{
			"from": [-0.25, 2.5, 2],
			"to": [0, 3, 3],
			"faces": {
				"north": {"uv": [0, 7.5, 0.5, 8], "texture": "#warped_door_top", "cullface": "west"},
				"south": {"uv": [13, 13, 13.5, 13.5], "texture": "#warped_door_top", "cullface": "west"},
				"west": {"uv": [14, 13, 13, 13.5], "texture": "#warped_door_top", "cullface": "west"},
				"up": {"uv": [13, 13, 14, 13.5], "rotation": 180, "texture": "#warped_door_top", "cullface": "west"},
				"down": {"uv": [13, 13, 14, 13.5], "rotation": 180, "texture": "#warped_door_top", "cullface": "west"}
			}
		},
		{
			"from": [-0.25, 2, 3],
			"to": [0, 2.5, 3.5],
			"faces": {
				"north": {"uv": [0, 7.5, 0.5, 8], "texture": "#warped_door_top", "cullface": "west"},
				"south": {"uv": [0, 7.5, 0.5, 8], "texture": "#warped_door_top", "cullface": "west"},
				"west": {"uv": [13.5, 13, 13, 13.5], "texture": "#warped_door_top", "cullface": "west"},
				"up": {"uv": [0, 7.5, 0.5, 8], "rotation": 180, "texture": "#warped_door_top", "cullface": "west"},
				"down": {"uv": [0, 7.5, 0.5, 8], "rotation": 180, "texture": "#warped_door_top", "cullface": "west"}
			}
		},
		{
			"from": [-0.25, 1, 4.5],
			"to": [0, 1.5, 5],
			"faces": {
				"north": {"uv": [0, 7.5, 0.5, 8], "texture": "#warped_door_top", "cullface": "west"},
				"west": {"uv": [13.5, 13, 13, 13.5], "texture": "#warped_door_top", "cullface": "west"}
			}
		},
		{
			"from": [-0.25, 1.5, 3.5],
			"to": [0, 2, 4.5],
			"faces": {
				"north": {"uv": [0, 7.5, 0.5, 8], "texture": "#warped_door_top", "cullface": "west"},
				"west": {"uv": [12.5, 14, 11.5, 14.5], "texture": "#warped_door_top", "cullface": "west"},
				"up": {"uv": [11.5, 14, 12.5, 14.5], "rotation": 270, "texture": "#warped_door_top", "cullface": "west"},
				"down": {"uv": [11.5, 14, 12.5, 14.5], "rotation": 180, "texture": "#warped_door_top", "cullface": "west"}
			}
		},
		{
			"from": [-0.25, 3, 1.5],
			"to": [0, 3.5, 2],
			"faces": {
				"north": {"uv": [0, 7.5, 0.5, 8], "texture": "#warped_door_top", "cullface": "west"},
				"south": {"uv": [0, 7.5, 0.5, 8], "texture": "#warped_door_top", "cullface": "west"},
				"west": {"uv": [14.5, 12.5, 14, 13], "texture": "#warped_door_top", "cullface": "west"},
				"up": {"uv": [14, 12.5, 14.5, 13], "rotation": 180, "texture": "#warped_door_top", "cullface": "west"},
				"down": {"uv": [0, 7.5, 0.5, 8], "rotation": 180, "texture": "#warped_door_top", "cullface": "west"}
			}
		},
		{
			"from": [-0.25, 3.5, 1],
			"to": [0, 4, 1.5],
			"faces": {
				"north": {"uv": [14.5, 12, 15, 12.5], "texture": "#warped_door_top", "cullface": "west"},
				"south": {"uv": [14.5, 12, 15, 12.5], "texture": "#warped_door_top", "cullface": "west"},
				"west": {"uv": [15, 12, 14.5, 12.5], "texture": "#warped_door_top", "cullface": "west"},
				"up": {"uv": [14.5, 12, 15, 12.5], "rotation": 180, "texture": "#warped_door_top", "cullface": "west"},
				"down": {"uv": [14.5, 12, 15, 12.5], "rotation": 180, "texture": "#warped_door_top", "cullface": "west"}
			}
		},
		{
			"from": [-0.25, 4, 0.5],
			"to": [0, 5, 1],
			"faces": {
				"north": {"uv": [0, 7.5, 0.5, 8], "texture": "#warped_door_top", "cullface": "west"},
				"south": {"uv": [15, 11, 15.5, 12], "texture": "#warped_door_top", "cullface": "west"},
				"west": {"uv": [15.5, 11, 15, 12], "texture": "#warped_door_top", "cullface": "west"},
				"up": {"uv": [15, 11, 15.5, 11.5], "rotation": 180, "texture": "#warped_door_top", "cullface": "west"},
				"down": {"uv": [15.5, 10.5, 16, 11], "rotation": 180, "texture": "#warped_door_top", "cullface": "west"}
			}
		},
		{
			"from": [-0.25, 5, 0],
			"to": [0, 6, 0.5],
			"faces": {
				"north": {"uv": [15.5, 10, 16, 11], "texture": "#warped_door_top", "cullface": "west"},
				"south": {"uv": [15.5, 10, 16, 11], "texture": "#warped_door_top", "cullface": "west"},
				"west": {"uv": [16, 10, 15.5, 11], "texture": "#warped_door_top", "cullface": "west"},
				"up": {"uv": [15.5, 10, 16, 10.5], "rotation": 180, "texture": "#warped_door_top", "cullface": "west"},
				"down": {"uv": [15.5, 10.5, 16, 11], "rotation": 180, "texture": "#warped_door_top", "cullface": "west"}
			}
		},
		{
			"from": [-0.25, 8, 1.5],
			"to": [0, 8.5, 2.5],
			"faces": {
				"north": {"uv": [0, 7.5, 0.5, 8], "texture": "#warped_door_top", "cullface": "west"},
				"south": {"uv": [13.5, 7.5, 14, 8], "texture": "#warped_door_top", "cullface": "west"},
				"west": {"uv": [14.5, 7.5, 13.5, 8], "texture": "#warped_door_top", "cullface": "west"},
				"up": {"uv": [13.5, 7.5, 14.5, 8], "rotation": 180, "texture": "#warped_door_top", "cullface": "west"},
				"down": {"uv": [13.5, 7.5, 14.5, 8], "rotation": 90, "texture": "#warped_door_top", "cullface": "west"}
			}
		},
		{
			"from": [-0.25, 7.5, 2.5],
			"to": [0, 8, 3.5],
			"faces": {
				"north": {"uv": [0, 7.5, 0.5, 8], "texture": "#warped_door_top", "cullface": "west"},
				"south": {"uv": [12.5, 8, 13, 8.5], "texture": "#warped_door_top", "cullface": "west"},
				"west": {"uv": [13.5, 8, 12.5, 8.5], "texture": "#warped_door_top", "cullface": "west"},
				"up": {"uv": [12.5, 8, 13.5, 8.5], "rotation": 270, "texture": "#warped_door_top", "cullface": "west"},
				"down": {"uv": [12.5, 8, 13.5, 8.5], "rotation": 90, "texture": "#warped_door_top", "cullface": "west"}
			}
		},
		{
			"from": [-0.25, 7, 3.5],
			"to": [0, 7.5, 4],
			"faces": {
				"north": {"uv": [0, 7.5, 0.5, 8], "texture": "#warped_door_top", "cullface": "west"},
				"south": {"uv": [12, 8.5, 12.5, 9], "texture": "#warped_door_top", "cullface": "west"},
				"west": {"uv": [12.5, 8.5, 12, 9], "texture": "#warped_door_top", "cullface": "west"},
				"up": {"uv": [12, 8.5, 12.5, 9], "rotation": 180, "texture": "#warped_door_top", "cullface": "west"},
				"down": {"uv": [12, 8.5, 12.5, 9], "rotation": 180, "texture": "#warped_door_top", "cullface": "west"}
			}
		},
		{
			"from": [-0.25, 6, 4],
			"to": [0, 7, 4.5],
			"faces": {
				"north": {"uv": [0, 7.5, 0.5, 8], "texture": "#warped_door_top", "cullface": "west"},
				"south": {"uv": [11.5, 9, 12, 10], "texture": "#warped_door_top", "cullface": "west"},
				"west": {"uv": [12, 9, 11.5, 10], "texture": "#warped_door_top", "cullface": "west"},
				"up": {"uv": [11.5, 9, 12, 9.5], "rotation": 180, "texture": "#warped_door_top", "cullface": "west"},
				"down": {"uv": [11.5, 9, 12, 10], "rotation": 180, "texture": "#warped_door_top", "cullface": "west"}
			}
		},
		{
			"from": [-0.25, 8.5, 0.5],
			"to": [0, 9, 1.5],
			"faces": {
				"north": {"uv": [0, 7.5, 0.5, 8], "texture": "#warped_door_top", "cullface": "west"},
				"south": {"uv": [14.5, 7, 15, 7.5], "texture": "#warped_door_top", "cullface": "west"},
				"west": {"uv": [15.5, 7, 14.5, 7.5], "texture": "#warped_door_top", "cullface": "west"},
				"up": {"uv": [14.5, 7, 15.5, 7.5], "rotation": 270, "texture": "#warped_door_top", "cullface": "west"},
				"down": {"uv": [14.5, 7, 15.5, 7.5], "rotation": 90, "texture": "#warped_door_top", "cullface": "west"}
			}
		},
		{
			"from": [-0.25, 9, 0],
			"to": [0, 9.5, 0.5],
			"faces": {
				"north": {"uv": [0, 7.5, 0.5, 8], "texture": "#warped_door_top", "cullface": "west"},
				"south": {"uv": [15.5, 6.5, 16, 7], "texture": "#warped_door_top", "cullface": "west"},
				"west": {"uv": [16, 6.5, 15.5, 7], "texture": "#warped_door_top", "cullface": "west"},
				"up": {"uv": [15.5, 6.5, 15.9, 7], "rotation": 180, "texture": "#warped_door_top", "cullface": "west"},
				"down": {"uv": [15.5, 6.5, 15.9, 7], "rotation": 180, "texture": "#warped_door_top", "cullface": "west"}
			}
		},
		{
			"from": [-0.25, 14, 0],
			"to": [0, 14.5, 2.5],
			"faces": {
				"north": {"uv": [15.5, 1.5, 16, 2], "texture": "#warped_door_top", "cullface": "west"},
				"south": {"uv": [13.5, 1.5, 14, 2], "texture": "#warped_door_top", "cullface": "west"},
				"west": {"uv": [16, 1.5, 13.5, 2], "texture": "#warped_door_top", "cullface": "west"},
				"up": {"uv": [13.5, 1.5, 16, 2], "rotation": 270, "texture": "#warped_door_top", "cullface": "west"},
				"down": {"uv": [13.5, 1.5, 16, 2], "rotation": 90, "texture": "#warped_door_top", "cullface": "west"}
			}
		},
		{
			"from": [-0.25, 14.5, 2.5],
			"to": [0, 15, 4],
			"faces": {
				"north": {"uv": [0, 7.5, 0.5, 8], "texture": "#warped_door_top", "cullface": "west"},
				"south": {"uv": [12, 1, 12.5, 1.5], "texture": "#warped_door_top", "cullface": "west"},
				"west": {"uv": [13.5, 1, 12, 1.5], "texture": "#warped_door_top", "cullface": "west"},
				"up": {"uv": [12, 1, 13.5, 1.5], "rotation": 270, "texture": "#warped_door_top", "cullface": "west"},
				"down": {"uv": [12, 1, 13.5, 1.5], "rotation": 90, "texture": "#warped_door_top", "cullface": "west"}
			}
		},
		{
			"from": [-0.25, 15, 4],
			"to": [0, 16, 4.5],
			"faces": {
				"north": {"uv": [0, 7.5, 0.5, 8], "texture": "#warped_door_top", "cullface": "west"},
				"south": {"uv": [8, 12.5, 8.5, 13], "texture": "#warped_door_top", "cullface": "west"},
				"west": {"uv": [12, 0, 11.5, 1], "texture": "#warped_door_top", "cullface": "west"},
				"up": {"uv": [8, 12.5, 8.5, 13], "rotation": 180, "texture": "#warped_door_top", "cullface": "west"},
				"down": {"uv": [8, 12.5, 8.5, 13], "rotation": 180, "texture": "#warped_door_top", "cullface": "west"}
			}
		},
		{
			"from": [-0.25, 14.5, 6.5],
			"to": [0, 16, 7],
			"faces": {
				"north": {"uv": [0, 7.5, 0.5, 8], "texture": "#warped_door_top", "cullface": "west"},
				"south": {"uv": [9, 0, 9.5, 1.5], "texture": "#warped_door_top", "cullface": "west"},
				"west": {"uv": [9.5, 0, 9, 1.5], "texture": "#warped_door_top", "cullface": "west"},
				"up": {"uv": [9, 0, 9.5, 0.5], "rotation": 180, "texture": "#warped_door_top", "cullface": "west"},
				"down": {"uv": [8, 2.5, 8.5, 3], "rotation": 180, "texture": "#warped_door_top", "cullface": "west"}
			}
		},
		{
			"from": [-0.25, 13.5, 7],
			"to": [0, 14.5, 7.5],
			"faces": {
				"north": {"uv": [0, 7.5, 0.5, 8], "texture": "#warped_door_top", "cullface": "west"},
				"south": {"uv": [8.5, 1.5, 9, 2.5], "texture": "#warped_door_top", "cullface": "west"},
				"west": {"uv": [9, 1.5, 8.5, 2.5], "texture": "#warped_door_top", "cullface": "west"},
				"up": {"uv": [8.5, 1.5, 9, 2], "rotation": 180, "texture": "#warped_door_top", "cullface": "west"},
				"down": {"uv": [8, 2.5, 8.5, 3], "rotation": 180, "texture": "#warped_door_top", "cullface": "west"}
			}
		},
		{
			"from": [-0.25, 13, 7.5],
			"to": [0, 13.5, 8],
			"faces": {
				"north": {"uv": [0, 7.5, 0.5, 8], "texture": "#warped_door_top", "cullface": "west"},
				"south": {"uv": [8, 2.5, 8.5, 3], "texture": "#warped_door_top", "cullface": "west"},
				"west": {"uv": [8.5, 2.5, 8, 3], "texture": "#warped_door_top", "cullface": "west"},
				"up": {"uv": [8, 2.5, 8.5, 3], "rotation": 180, "texture": "#warped_door_top", "cullface": "west"},
				"down": {"uv": [8, 2.5, 8.5, 3], "rotation": 180, "texture": "#warped_door_top", "cullface": "west"}
			}
		},
		{
			"from": [-0.25, 12.5, 8],
			"to": [0, 13, 9],
			"faces": {
				"north": {"uv": [0, 7.5, 0.5, 8], "texture": "#warped_door_top", "cullface": "west"},
				"south": {"uv": [7, 3, 7.5, 3.5], "texture": "#warped_door_top", "cullface": "west"},
				"west": {"uv": [8, 3, 7, 3.5], "texture": "#warped_door_top", "cullface": "west"},
				"up": {"uv": [7, 3, 8, 3.5], "rotation": 180, "texture": "#warped_door_top", "cullface": "west"},
				"down": {"uv": [7, 3, 8, 3.5], "rotation": 180, "texture": "#warped_door_top", "cullface": "west"}
			}
		},
		{
			"from": [-0.25, 12, 9],
			"to": [0, 12.5, 10],
			"faces": {
				"north": {"uv": [0, 7.5, 0.5, 8], "texture": "#warped_door_top", "cullface": "west"},
				"south": {"uv": [6, 3.5, 6.5, 4], "texture": "#warped_door_top", "cullface": "west"},
				"west": {"uv": [7, 3.5, 6, 4], "texture": "#warped_door_top", "cullface": "west"},
				"up": {"uv": [6, 3.5, 7, 4], "rotation": 270, "texture": "#warped_door_top", "cullface": "west"},
				"down": {"uv": [7, 3, 8, 3.5], "rotation": 180, "texture": "#warped_door_top", "cullface": "west"}
			}
		},
		{
			"from": [3, 2, 4],
			"to": [3.5, 2.5, 5],
			"faces": {
				"north": {"uv": [11.5, 13.5, 12, 14], "texture": "#warped_door_top"},
				"east": {"uv": [11, 13.5, 12, 14], "texture": "#warped_door_top"},
				"south": {"uv": [11, 13.5, 11.5, 14], "texture": "#warped_door_top"},
				"up": {"uv": [11, 13.5, 12, 14], "rotation": 270, "texture": "#warped_door_top"},
				"down": {"uv": [-0.5, 4, 0, 5], "rotation": 180, "texture": "#warped_door_top"}
			}
		},
		{
			"from": [-0.5, 2, 4],
			"to": [0, 2.5, 5],
			"faces": {
				"north": {"uv": [11.5, 13.5, 12, 14], "texture": "#warped_door_top", "cullface": "west"},
				"south": {"uv": [11, 13.5, 11.5, 14], "texture": "#warped_door_top", "cullface": "west"},
				"west": {"uv": [12, 13.5, 11, 14], "texture": "#warped_door_top", "cullface": "west"},
				"up": {"uv": [11, 13.5, 12, 14], "rotation": 270, "texture": "#warped_door_top", "cullface": "west"},
				"down": {"uv": [-0.5, 4, 0, 5], "rotation": 180, "texture": "#warped_door_top", "cullface": "west"}
			}
		},
		{
			"from": [3, 0.5, 5],
			"to": [3.5, 2, 5.5],
			"faces": {
				"north": {"uv": [10.5, 14, 11, 15.5], "texture": "#warped_door_top"},
				"east": {"uv": [10.5, 14, 11, 15.5], "texture": "#warped_door_top"},
				"south": {"uv": [10.5, 14, 11, 15.5], "texture": "#warped_door_top"},
				"up": {"uv": [10.5, 14, 11, 14.5], "rotation": 270, "texture": "#warped_door_top"},
				"down": {"uv": [10.5, 15, 11, 15.5], "rotation": 270, "texture": "#warped_door_top"}
			}
		},
		{
			"from": [-0.5, 0.5, 5],
			"to": [0, 2, 5.5],
			"faces": {
				"north": {"uv": [10.5, 14, 11, 15.5], "texture": "#warped_door_top", "cullface": "west"},
				"south": {"uv": [10.5, 14, 11, 15.5], "texture": "#warped_door_top", "cullface": "west"},
				"west": {"uv": [11, 14, 10.5, 15.5], "texture": "#warped_door_top", "cullface": "west"},
				"up": {"uv": [10.5, 14, 11, 14.5], "rotation": 270, "texture": "#warped_door_top", "cullface": "west"},
				"down": {"uv": [10.5, 15, 11, 15.5], "rotation": 270, "texture": "#warped_door_top", "cullface": "west"}
			}
		},
		{
			"from": [-0.5, 0.5, 4.5],
			"to": [0, 1, 5],
			"faces": {
				"north": {"uv": [10.5, 14, 11, 14.5], "texture": "#warped_door_top", "cullface": "west"},
				"west": {"uv": [10.5, 14, 11, 14.5], "texture": "#warped_door_top", "cullface": "west"},
				"up": {"uv": [10.5, 14, 11, 14.5], "rotation": 180, "texture": "#warped_door_top", "cullface": "west"}
			}
		},
		{
			"from": [3, 0.5, 4.5],
			"to": [3.5, 1, 5],
			"faces": {
				"north": {"uv": [10.5, 14, 11, 14.5], "texture": "#warped_door_top"},
				"east": {"uv": [10.5, 14, 11, 14.5], "texture": "#warped_door_top"},
				"up": {"uv": [10.5, 14, 11, 14.5], "rotation": 180, "texture": "#warped_door_top"}
			}
		},
		{
			"from": [-0.5, 1.5, 4.5],
			"to": [0, 2, 5],
			"faces": {
				"north": {"uv": [10.5, 14, 11, 14.5], "texture": "#warped_door_top", "cullface": "west"},
				"west": {"uv": [10.5, 14, 11, 14.5], "texture": "#warped_door_top", "cullface": "west"},
				"down": {"uv": [10.5, 14, 11, 14.5], "rotation": 180, "texture": "#warped_door_top", "cullface": "west"}
			}
		},
		{
			"from": [3, 1.5, 4.5],
			"to": [3.5, 2, 5],
			"faces": {
				"north": {"uv": [10.5, 14, 11, 14.5], "texture": "#warped_door_top"},
				"east": {"uv": [10.5, 14, 11, 14.5], "texture": "#warped_door_top"},
				"down": {"uv": [10.5, 14, 11, 14.5], "rotation": 180, "texture": "#warped_door_top"}
			}
		},
		{
			"from": [3, 0, 3],
			"to": [3.5, 0.5, 5],
			"faces": {
				"north": {"uv": [11, 15.5, 11.5, 16], "texture": "#warped_door_top"},
				"east": {"uv": [11, 15.5, 13, 16], "texture": "#warped_door_top"},
				"south": {"uv": [11, 15.5, 11.5, 16], "texture": "#warped_door_top"},
				"up": {"uv": [11, 15.5, 13, 16], "rotation": 270, "texture": "#warped_door_top"},
				"down": {"uv": [11, 15.5, 13, 16], "rotation": 90, "texture": "#warped_door_top"}
			}
		},
		{
			"from": [-0.5, 0, 3],
			"to": [0, 0.5, 5],
			"faces": {
				"north": {"uv": [11, 15.5, 11.5, 16], "texture": "#warped_door_top", "cullface": "west"},
				"south": {"uv": [11, 15.5, 11.5, 16], "texture": "#warped_door_top", "cullface": "west"},
				"west": {"uv": [13, 15.5, 11, 16], "texture": "#warped_door_top", "cullface": "west"},
				"up": {"uv": [11, 15.5, 13, 16], "rotation": 270, "texture": "#warped_door_top", "cullface": "west"},
				"down": {"uv": [11, 15.5, 13, 16], "rotation": 90, "texture": "#warped_door_top", "cullface": "west"}
			}
		},
		{
			"from": [3, 0, 0.5],
			"to": [3.5, 0.5, 1.5],
			"faces": {
				"north": {"uv": [15, 15.5, 15.5, 16], "texture": "#warped_door_top"},
				"east": {"uv": [14.5, 15.5, 15.5, 16], "texture": "#warped_door_top"},
				"south": {"uv": [14.5, 15.5, 15, 16], "texture": "#warped_door_top"},
				"up": {"uv": [14.5, 15.5, 15.5, 16], "rotation": 270, "texture": "#warped_door_top"},
				"down": {"uv": [14.5, 15.5, 15.5, 16], "rotation": 90, "texture": "#warped_door_top"}
			}
		},
		{
			"from": [-0.5, 0, 0.5],
			"to": [0, 0.5, 1.5],
			"faces": {
				"north": {"uv": [15, 15.5, 15.5, 16], "texture": "#warped_door_top", "cullface": "west"},
				"south": {"uv": [14.5, 15.5, 15, 16], "texture": "#warped_door_top", "cullface": "west"},
				"west": {"uv": [15.5, 15.5, 14.5, 16], "texture": "#warped_door_top", "cullface": "west"},
				"up": {"uv": [14.5, 15.5, 15.5, 16], "rotation": 270, "texture": "#warped_door_top", "cullface": "west"},
				"down": {"uv": [14.5, 15.5, 15.5, 16], "rotation": 90, "texture": "#warped_door_top", "cullface": "west"}
			}
		},
		{
			"from": [0.1, 7.5, 16],
			"to": [1, 8, 16.25],
			"faces": {
				"east": {"uv": [0.25, 4, 0.5, 4.25], "texture": "#sides", "cullface": "south"},
				"south": {"uv": [0, 4, 0.5, 4.25], "texture": "#sides", "cullface": "south"},
				"west": {"uv": [8, 12.5, 8.5, 13], "texture": "#warped_door_top", "cullface": "south"},
				"up": {"uv": [8, 12.5, 8.5, 13], "rotation": 180, "texture": "#warped_door_top", "cullface": "south"},
				"down": {"uv": [8, 12.5, 8.5, 13], "rotation": 180, "texture": "#warped_door_top", "cullface": "south"}
			}
		},
		{
			"from": [1, 7, 16],
			"to": [2, 7.5, 16.25],
			"faces": {
				"east": {"uv": [0.75, 4.25, 1, 4.5], "texture": "#sides", "cullface": "south"},
				"south": {"uv": [0.5, 4.25, 1, 4.5], "texture": "#sides", "cullface": "south"},
				"west": {"uv": [8, 12.5, 8.5, 13], "texture": "#warped_door_top", "cullface": "south"},
				"up": {"uv": [8, 12.5, 8.5, 13], "rotation": 180, "texture": "#warped_door_top", "cullface": "south"},
				"down": {"uv": [8, 12.5, 8.5, 13], "rotation": 180, "texture": "#warped_door_top", "cullface": "south"}
			}
		},
		{
			"from": [1.999, 7.5, 16],
			"to": [2.999, 8, 16.25],
			"faces": {
				"east": {"uv": [0.25, 4, 0.5, 4.25], "texture": "#sides", "cullface": "south"},
				"south": {"uv": [1, 4, 1.5, 4.25], "texture": "#sides", "cullface": "south"},
				"west": {"uv": [8, 12.5, 8.5, 13], "texture": "#warped_door_top", "cullface": "south"},
				"up": {"uv": [8, 12.5, 8.5, 13], "rotation": 180, "texture": "#warped_door_top", "cullface": "south"},
				"down": {"uv": [8, 12.5, 8.5, 13], "rotation": 180, "texture": "#warped_door_top", "cullface": "south"}
			}
		},
		{
			"from": [0.001, 13.5, 16],
			"to": [1, 14, 16.25],
			"faces": {
				"east": {"uv": [8, 12.5, 8.5, 13], "texture": "#warped_door_top", "cullface": "south"},
				"south": {"uv": [0, 1, 0.477, 1.211], "texture": "#sides", "cullface": "south"},
				"west": {"uv": [8, 12.5, 8.5, 13], "texture": "#warped_door_top", "cullface": "south"},
				"up": {"uv": [0, 1, 0.477, 1.211], "rotation": 180, "texture": "#sides", "cullface": "south"},
				"down": {"uv": [0, 1, 0.477, 1.211], "rotation": 180, "texture": "#sides", "cullface": "south"}
			}
		},
		{
			"from": [0.999, 14, 16],
			"to": [2.999, 14.5, 16.25],
			"faces": {
				"east": {"uv": [8, 12.5, 8.5, 13], "texture": "#warped_door_top", "cullface": "south"},
				"south": {"uv": [0.5, 0.75, 1.5, 1], "texture": "#sides", "cullface": "south"},
				"west": {"uv": [8, 12.5, 8.5, 13], "texture": "#warped_door_top", "cullface": "south"},
				"up": {"uv": [1.5, 0.75, 0.5, 1], "rotation": 180, "texture": "#sides", "cullface": "south"},
				"down": {"uv": [0.5, 0.75, 1.5, 1], "rotation": 180, "texture": "#sides", "cullface": "south"}
			}
		},
		{
			"from": [2.499, 13.5, -0.25],
			"to": [2.999, 14, 0],
			"faces": {
				"north": {"uv": [3, 1, 3.25, 1.25], "texture": "#sides", "cullface": "north"},
				"east": {"uv": [8, 12.5, 8.5, 13], "texture": "#warped_door_top", "cullface": "north"},
				"west": {"uv": [8, 12.5, 8.5, 13], "texture": "#warped_door_top", "cullface": "north"},
				"up": {"uv": [8, 12.5, 8.5, 13], "rotation": 180, "texture": "#warped_door_top", "cullface": "north"},
				"down": {"uv": [8, 12.5, 8.5, 13], "rotation": 180, "texture": "#warped_door_top", "cullface": "north"}
			}
		},
		{
			"from": [1.5, 13, -0.25],
			"to": [2.5, 13.5, 0],
			"faces": {
				"north": {"uv": [3.25, 1.25, 3.75, 1.5], "texture": "#sides", "cullface": "north"},
				"east": {"uv": [8, 12.5, 8.5, 13], "texture": "#warped_door_top", "cullface": "north"},
				"west": {"uv": [8, 12.5, 8.5, 13], "texture": "#warped_door_top", "cullface": "north"},
				"up": {"uv": [3.25, 1.25, 3.75, 1.5], "rotation": 180, "texture": "#sides", "cullface": "north"},
				"down": {"uv": [3.25, 1.25, 3.75, 1.5], "rotation": 180, "texture": "#sides", "cullface": "north"}
			}
		},
		{
			"from": [0.5, 13.5, -0.25],
			"to": [1.5, 14, 0],
			"faces": {
				"north": {"uv": [3.75, 1, 4.25, 1.25], "texture": "#sides", "cullface": "north"},
				"east": {"uv": [8, 12.5, 8.5, 13], "texture": "#warped_door_top", "cullface": "north"},
				"west": {"uv": [8, 12.5, 8.5, 13], "texture": "#warped_door_top", "cullface": "north"},
				"up": {"uv": [3.75, 1, 4.25, 1.25], "rotation": 180, "texture": "#sides", "cullface": "north"},
				"down": {"uv": [3.75, 1, 4.25, 1.25], "rotation": 180, "texture": "#sides", "cullface": "north"}
			}
		},
		{
			"from": [0.001, 14, -0.25],
			"to": [0.5, 14.5, 0],
			"faces": {
				"north": {"uv": [4.25, 0.75, 4.5, 1], "texture": "#sides", "cullface": "north"},
				"east": {"uv": [8, 12.5, 8.5, 13], "texture": "#warped_door_top", "cullface": "north"},
				"west": {"uv": [8, 12.5, 8.5, 13], "texture": "#warped_door_top", "cullface": "north"},
				"up": {"uv": [8, 12.5, 8.5, 13], "rotation": 180, "texture": "#warped_door_top", "cullface": "north"},
				"down": {"uv": [8, 12.5, 8.5, 13], "rotation": 180, "texture": "#warped_door_top", "cullface": "north"}
			}
		},
		{
			"from": [0.001, 9.5, -0.25],
			"to": [0.5, 10, 0],
			"faces": {
				"north": {"uv": [4.25, 3, 4.5, 3.25], "texture": "#sides", "cullface": "north"},
				"east": {"uv": [8, 12.5, 8.5, 13], "texture": "#warped_door_top", "cullface": "north"},
				"west": {"uv": [8, 12.5, 8.5, 13], "texture": "#warped_door_top", "cullface": "north"},
				"up": {"uv": [8, 12.5, 8.5, 13], "rotation": 180, "texture": "#warped_door_top", "cullface": "north"},
				"down": {"uv": [8, 12.5, 8.5, 13], "rotation": 180, "texture": "#warped_door_top", "cullface": "north"}
			}
		},
		{
			"from": [0.5, 10, -0.25],
			"to": [1, 10.5, 0],
			"faces": {
				"north": {"uv": [4, 2.75, 4.25, 3], "texture": "#sides", "cullface": "north"},
				"east": {"uv": [8, 12.5, 8.5, 13], "texture": "#warped_door_top", "cullface": "north"},
				"west": {"uv": [8, 12.5, 8.5, 13], "texture": "#warped_door_top", "cullface": "north"},
				"up": {"uv": [8, 12.5, 8.5, 13], "rotation": 180, "texture": "#warped_door_top", "cullface": "north"},
				"down": {"uv": [8, 12.5, 8.5, 13], "rotation": 180, "texture": "#warped_door_top", "cullface": "north"}
			}
		},
		{
			"from": [1, 10.5, -0.25],
			"to": [2, 11, 0],
			"faces": {
				"north": {"uv": [3.5, 2.5, 4, 2.75], "texture": "#sides", "cullface": "north"},
				"east": {"uv": [8, 12.5, 8.5, 13], "texture": "#warped_door_top", "cullface": "north"},
				"west": {"uv": [8, 12.5, 8.5, 13], "texture": "#warped_door_top", "cullface": "north"},
				"up": {"uv": [8, 12.5, 8.5, 13], "rotation": 180, "texture": "#warped_door_top", "cullface": "north"},
				"down": {"uv": [8, 12.5, 8.5, 13], "rotation": 180, "texture": "#warped_door_top", "cullface": "north"}
			}
		},
		{
			"from": [2, 10, -0.25],
			"to": [2.5, 10.5, 0],
			"faces": {
				"north": {"uv": [3, 3, 3.25, 3.25], "texture": "#sides", "cullface": "north"},
				"east": {"uv": [8, 12.5, 8.5, 13], "texture": "#warped_door_top", "cullface": "north"},
				"west": {"uv": [8, 12.5, 8.5, 13], "texture": "#warped_door_top", "cullface": "north"},
				"up": {"uv": [8, 12.5, 8.5, 13], "rotation": 180, "texture": "#warped_door_top", "cullface": "north"},
				"down": {"uv": [8, 12.5, 8.5, 13], "rotation": 180, "texture": "#warped_door_top", "cullface": "north"}
			}
		},
		{
			"from": [2.499, 9.5, -0.25],
			"to": [2.999, 10, 0],
			"faces": {
				"north": {"uv": [3, 3, 3.25, 3.25], "texture": "#sides", "cullface": "north"},
				"east": {"uv": [8, 12.5, 8.5, 13], "texture": "#warped_door_top", "cullface": "north"},
				"west": {"uv": [8, 12.5, 8.5, 13], "texture": "#warped_door_top", "cullface": "north"},
				"up": {"uv": [8, 12.5, 8.5, 13], "rotation": 180, "texture": "#warped_door_top", "cullface": "north"},
				"down": {"uv": [8, 12.5, 8.5, 13], "rotation": 180, "texture": "#warped_door_top", "cullface": "north"}
			}
		},
		{
			"from": [2.499, 6, -0.25],
			"to": [2.999, 7, 0],
			"faces": {
				"north": {"uv": [3, 4.5, 3.25, 5], "texture": "#sides", "cullface": "north"},
				"east": {"uv": [8, 12.5, 8.5, 13], "texture": "#warped_door_top", "cullface": "north"},
				"west": {"uv": [8, 12.5, 8.5, 13], "texture": "#warped_door_top", "cullface": "north"},
				"up": {"uv": [8, 12.5, 8.5, 13], "rotation": 180, "texture": "#warped_door_top", "cullface": "north"},
				"down": {"uv": [8, 12.5, 8.5, 13], "rotation": 180, "texture": "#warped_door_top", "cullface": "north"}
			}
		},
		{
			"from": [2, 7, -0.25],
			"to": [2.5, 7.5, 0],
			"faces": {
				"north": {"uv": [3.25, 4.25, 3.5, 4.5], "texture": "#sides", "cullface": "north"},
				"east": {"uv": [8, 12.5, 8.5, 13], "texture": "#warped_door_top", "cullface": "north"},
				"west": {"uv": [8, 12.5, 8.5, 13], "texture": "#warped_door_top", "cullface": "north"},
				"up": {"uv": [8, 12.5, 8.5, 13], "rotation": 180, "texture": "#warped_door_top", "cullface": "north"},
				"down": {"uv": [8, 12.5, 8.5, 13], "rotation": 180, "texture": "#warped_door_top", "cullface": "north"}
			}
		},
		{
			"from": [1, 7.5, -0.25],
			"to": [2, 8, 0],
			"faces": {
				"north": {"uv": [3.5, 4, 4, 4.25], "texture": "#sides", "cullface": "north"},
				"east": {"uv": [8, 12.5, 8.5, 13], "texture": "#warped_door_top", "cullface": "north"},
				"west": {"uv": [8, 12.5, 8.5, 13], "texture": "#warped_door_top", "cullface": "north"},
				"up": {"uv": [8, 12.5, 8.5, 13], "rotation": 180, "texture": "#warped_door_top", "cullface": "north"},
				"down": {"uv": [8, 12.5, 8.5, 13], "rotation": 180, "texture": "#warped_door_top", "cullface": "north"}
			}
		},
		{
			"from": [0.5, 7, -0.25],
			"to": [1, 7.5, 0],
			"faces": {
				"north": {"uv": [4, 4.25, 4.25, 4.5], "texture": "#sides", "cullface": "north"},
				"east": {"uv": [8, 12.5, 8.5, 13], "texture": "#warped_door_top", "cullface": "north"},
				"west": {"uv": [8, 12.5, 8.5, 13], "texture": "#warped_door_top", "cullface": "north"},
				"up": {"uv": [8, 12.5, 8.5, 13], "rotation": 180, "texture": "#warped_door_top", "cullface": "north"},
				"down": {"uv": [8, 12.5, 8.5, 13], "rotation": 180, "texture": "#warped_door_top", "cullface": "north"}
			}
		},
		{
			"from": [0.001, 6, -0.25],
			"to": [0.5, 7, 0],
			"faces": {
				"north": {"uv": [4.25, 4.5, 4.5, 5], "texture": "#sides", "cullface": "north"},
				"east": {"uv": [8, 12.5, 8.5, 13], "texture": "#warped_door_top", "cullface": "north"},
				"west": {"uv": [8, 12.5, 8.5, 13], "texture": "#warped_door_top", "cullface": "north"},
				"up": {"uv": [8, 12.5, 8.5, 13], "rotation": 180, "texture": "#warped_door_top", "cullface": "north"},
				"down": {"uv": [8, 12.5, 8.5, 13], "rotation": 180, "texture": "#warped_door_top", "cullface": "north"}
			}
		}
	],
	"groups": [0,
		{
			"name": "top",
			"origin": [8, 8, 8],
			"children": [1, 2, 3, 4, 5]
		},
		{
			"name": "east",
			"origin": [8, 8, 8],
			"children": [6, 7, 8, 9, 10, 11, 12, 13, 14, 15, 16, 17, 18, 19, 20, 21, 22, 23, 24, 25, 26, 27, 28, 29, 30, 31, 32, 33, 34, 35, 36, 37, 38, 39, 40, 41, 42, 43]
		},
		{
			"name": "west",
			"origin": [8, 8, 8],
			"children": [44, 45, 46, 47, 48, 49, 50, 51, 52, 53, 54, 55, 56, 57, 58, 59, 60, 61, 62, 63, 64, 65, 66, 67, 68, 69, 70, 71, 72, 73, 74, 75, 76, 77, 78, 79, 80, 81]
		},
		{
			"name": "hinge",
			"origin": [8, 8, 8],
			"children": [82, 83, 84, 85, 86, 87, 88, 89, 90, 91, 92, 93]
		},
		{
			"name": "south",
			"origin": [8, 8, 8],
			"children": [94, 95, 96, 97, 98]
		},
		{
			"name": "north",
			"origin": [8, 8, 8],
			"children": [99, 100, 101, 102, 103, 104, 105, 106, 107, 108, 109, 110, 111, 112]
		}
	]
}