{
	"credit": "Made with Blockbench by Juknum",
	"textures": {
		"3": "block/candle",
		"4": "block/cake_inner",
		"bottom": "block/cake_bottom",
		"top": "block/cake_top",
		"particle": "block/cake_side",
		"side": "block/cake_side"
	},
	"elements": [
		{
			"name": "cake",
			"from": [13.5, 0, 1.5],
			"to": [14.5, 8, 14.5],
			"faces": {
				"north": {"uv": [1.5, 8, 2.5, 16], "texture": "#side"},
				"east": {"uv": [1.5, 8, 14.5, 16], "texture": "#side"},
				"south": {"uv": [13.5, 8, 14.5, 16], "texture": "#side"},
				"west": {"uv": [1.5, 8, 14.5, 16], "texture": "#4"},
				"up": {"uv": [13.5, 1.5, 14.5, 14.5], "texture": "#top"},
				"down": {"uv": [13.5, 1.5, 14.5, 14.5], "texture": "#bottom", "cullface": "down"}
			}
		},
		{
			"name": "cream",
			"from": [13, 5, 1],
			"to": [15, 8, 1.5],
			"faces": {
				"north": {"uv": [1, 8, 3, 11], "texture": "#side"},
				"south": {"uv": [13, 8, 15, 11], "texture": "#side"},
				"west": {"uv": [13.5, 8, 14, 11], "texture": "#side"},
				"up": {"uv": [2.5, 1, 15, 1.5], "texture": "#top"},
				"down": {"uv": [15, 10.5, 1, 11], "texture": "#side"}
			}
		},
		{
			"name": "cream",
			"from": [13.5, 4, 1],
			"to": [15, 5, 1.5],
			"faces": {
				"north": {"uv": [1, 11, 2.5, 12], "texture": "#side"},
				"west": {"uv": [2, 11, 2.5, 12], "texture": "#side"},
				"down": {"uv": [2.5, 11.5, 1, 12], "texture": "#side"}
			}
		},
		{
			"name": "cream",
			"from": [13, 4.5, 1],
			"to": [13.5, 5, 1.5],
			"faces": {
				"north": {"uv": [2.5, 11, 3, 11.5], "texture": "#side"},
				"south": {"uv": [2.5, 11, 3, 11.5], "texture": "#side"},
				"west": {"uv": [2.5, 11, 3, 11.5], "texture": "#side"},
				"down": {"uv": [2.5, 11, 3, 11.5], "texture": "#side"}
			}
		},
		{
			"name": "cream",
			"from": [14.5, 5, 1],
			"to": [15, 8, 15],
			"faces": {
				"east": {"uv": [1, 8, 15, 11], "texture": "#side"},
				"up": {"uv": [1, 1, 15, 1.5], "rotation": 90, "texture": "#top"},
				"down": {"uv": [15, 10.5, 1, 11], "rotation": 270, "texture": "#side"}
			}
		},
		{
			"name": "cream",
			"from": [14.5, 4, 1],
			"to": [15, 5, 2.5],
			"faces": {
				"east": {"uv": [13.5, 11, 15, 12], "texture": "#side"},
				"south": {"uv": [13.5, 11, 14, 12], "texture": "#side"},
				"down": {"uv": [15, 11.5, 13.5, 12], "rotation": 270, "texture": "#side"}
			}
		},
		{
			"name": "cream",
			"from": [14.5, 4, 13.5],
			"to": [15, 5, 15],
			"faces": {
				"north": {"uv": [2, 11, 2.5, 12], "texture": "#side"},
				"east": {"uv": [1, 11, 2.5, 12], "texture": "#side"},
				"down": {"uv": [2.5, 11.5, 1, 12], "rotation": 270, "texture": "#side"}
			}
		},
		{
			"name": "cream",
			"from": [14.5, 4.5, 2.5],
			"to": [15, 5, 3],
			"faces": {
				"east": {"uv": [13, 11, 13.5, 11.5], "texture": "#side"},
				"south": {"uv": [13, 11, 13.5, 11.5], "texture": "#side"},
				"down": {"uv": [13, 11, 13.5, 11.5], "rotation": 270, "texture": "#side"}
			}
		},
		{
			"name": "cream",
			"from": [14.5, 4, 9],
			"to": [15, 4.5, 9.5],
			"faces": {
				"north": {"uv": [6.5, 11.5, 7, 12], "texture": "#side"},
				"east": {"uv": [6.5, 11.5, 7, 12], "texture": "#side"},
				"south": {"uv": [6.5, 11.5, 7, 12], "texture": "#side"},
				"down": {"uv": [6.5, 11.5, 7, 12], "rotation": 270, "texture": "#side"}
			}
		},
		{
			"name": "cream",
			"from": [14.5, 4.5, 13],
			"to": [15, 5, 13.5],
			"faces": {
				"north": {"uv": [2.5, 11, 3, 11.5], "texture": "#side"},
				"east": {"uv": [2.5, 11, 3, 11.5], "texture": "#side"},
				"down": {"uv": [2.5, 11, 3, 11.5], "rotation": 270, "texture": "#side"}
			}
		},
		{
			"name": "cream",
			"from": [14.5, 4.5, 5],
			"to": [15, 5, 7],
			"faces": {
				"north": {"uv": [10.5, 11, 11, 11.5], "texture": "#side"},
				"east": {"uv": [9, 11, 11, 11.5], "texture": "#side"},
				"south": {"uv": [9, 11, 9.5, 11.5], "texture": "#side"},
				"down": {"uv": [11, 11, 9, 11.5], "rotation": 270, "texture": "#side"}
			}
		},
		{
			"name": "cream",
			"from": [14.5, 4.5, 9],
			"to": [15, 5, 11],
			"faces": {
				"north": {"uv": [6.5, 11, 7, 11.5], "texture": "#side"},
				"east": {"uv": [5, 11, 7, 11.5], "texture": "#side"},
				"south": {"uv": [5, 11, 5.5, 11.5], "texture": "#side"},
				"down": {"uv": [7, 11, 5, 11.5], "rotation": 270, "texture": "#side"}
			}
		},
		{
			"name": "cream",
			"from": [14.5, 4, 5.5],
			"to": [15, 4.5, 6.5],
			"faces": {
				"north": {"uv": [9.5, 11.5, 10, 12], "texture": "#side"},
				"east": {"uv": [9.5, 11.5, 10.5, 12], "texture": "#side"},
				"south": {"uv": [9.5, 11.5, 10, 12], "texture": "#side"},
				"down": {"uv": [9.5, 11.5, 10, 12], "rotation": 270, "texture": "#side"}
			}
		},
		{
			"name": "cream",
			"from": [13, 5, 14.5],
			"to": [15, 8, 15],
			"faces": {
				"north": {"uv": [1, 8, 3, 11], "texture": "#side"},
				"south": {"uv": [13, 8, 15, 11], "texture": "#side"},
				"west": {"uv": [13.5, 8, 14, 11], "texture": "#side"},
				"up": {"uv": [1, 1, 13.5, 1.5], "rotation": 180, "texture": "#top"},
				"down": {"uv": [15, 10.5, 1, 11], "rotation": 180, "texture": "#side"}
			}
		},
		{
			"name": "cream",
			"from": [13.5, 4, 14.5],
			"to": [15, 5, 15],
			"faces": {
				"south": {"uv": [13.5, 11, 15, 12], "texture": "#side"},
				"west": {"uv": [13.5, 11, 14, 12], "texture": "#side"},
				"down": {"uv": [15, 11.5, 13.5, 12], "rotation": 180, "texture": "#side"}
			}
		},
		{
			"name": "cream",
			"from": [13, 4.5, 14.5],
			"to": [13.5, 5, 15],
			"faces": {
				"north": {"uv": [13, 11, 13.5, 11.5], "texture": "#side"},
				"south": {"uv": [13, 11, 13.5, 11.5], "texture": "#side"},
				"west": {"uv": [13, 11, 13.5, 11.5], "texture": "#side"},
				"down": {"uv": [13, 11, 13.5, 11.5], "rotation": 180, "texture": "#side"}
			}
		},
		{
			"name": "candle",
			"from": [3.29765, 0, 8.60816],
			"to": [4.79765, 1.5, 11.60816],
			"rotation": {"angle": -22.5, "axis": "y", "origin": [2.25, 2, 10.75]},
			"faces": {
				"north": {"uv": [0, 3, 1.5, 4.5], "rotation": 180, "texture": "#3"},
				"east": {"uv": [0, 0, 1.5, 3], "rotation": 90, "texture": "#3"},
				"south": {"uv": [0, 3, 1.5, 4.5], "texture": "#3"},
				"west": {"uv": [0, 0, 1.5, 3], "rotation": 270, "texture": "#3"},
				"up": {"uv": [0, 0, 1.5, 3], "texture": "#3"},
				"down": {"uv": [0, 0, 1.5, 3], "rotation": 180, "texture": "#3", "cullface": "down"}
			}
		},
		{
			"name": "candle",
			"from": [3.79765, 0.5, 7.60816],
			"to": [4.29765, 1, 8.60816],
			"rotation": {"angle": -22.5, "axis": "y", "origin": [2.25, 2, 10.75]},
			"faces": {
				"north": {"uv": [1.5, 0, 2, 0.5], "rotation": 180, "texture": "#3"},
				"east": {"uv": [1.5, 0, 2, 1], "rotation": 90, "texture": "#3"},
				"west": {"uv": [1.5, 0, 2, 1], "rotation": 270, "texture": "#3"},
				"up": {"uv": [1.5, 0, 2, 1], "texture": "#3"},
				"down": {"uv": [1.5, 0, 2, 1], "rotation": 180, "texture": "#3"}
			}
		},
		{
			"name": "cream",
			"from": [13, 7.5, 1.5],
			"to": [13.5, 8, 14.5],
			"faces": {
				"west": {"uv": [1.5, 8, 14.5, 8.5], "texture": "#4"},
				"up": {"uv": [13, 1.5, 13.5, 14.5], "texture": "#top"},
				"down": {"uv": [1.5, 8, 14.5, 8.5], "rotation": 270, "texture": "#4"}
			}
		},
		{
			"name": "cream",
			"from": [13, 7, 2.5],
			"to": [13.5, 7.5, 5],
			"faces": {
				"north": {"uv": [2.5, 8.5, 3, 9], "texture": "#4"},
				"south": {"uv": [4.5, 8.5, 5, 9], "texture": "#4"},
				"west": {"uv": [2.5, 8.5, 5, 9], "texture": "#4"},
				"down": {"uv": [2.5, 8.5, 5, 9], "texture": "#4"}
			}
		},
		{
			"name": "cream",
			"from": [13, 6.5, 3],
			"to": [13.5, 7, 4],
			"faces": {
				"north": {"uv": [3, 9, 3.5, 9.5], "texture": "#4"},
				"south": {"uv": [3.5, 9, 4, 9.5], "texture": "#4"},
				"west": {"uv": [3, 9, 4, 9.5], "texture": "#4"},
				"down": {"uv": [3, 9, 4, 9.5], "texture": "#4"}
			}
		},
		{
			"name": "cream",
			"from": [13, 7, 11.5],
			"to": [13.5, 7.5, 12.5],
			"faces": {
				"north": {"uv": [11.5, 8.5, 12, 9], "texture": "#4"},
				"south": {"uv": [12, 8.5, 12.5, 9], "texture": "#4"},
				"west": {"uv": [11.5, 8.5, 12.5, 9], "texture": "#4"},
				"down": {"uv": [11.5, 8.5, 12.5, 9], "texture": "#4"}
			}
		},
		{
			"from": [11, 0, 4],
			"to": [12, 0.5, 5],
			"faces": {
				"north": {"uv": [6, 9.5, 6.5, 10.5], "rotation": 270, "texture": "#4"},
				"east": {"uv": [6, 9.5, 6.5, 10.5], "rotation": 270, "texture": "#4"},
				"south": {"uv": [6, 9.5, 6.5, 10.5], "rotation": 270, "texture": "#4"},
				"west": {"uv": [6, 9.5, 6.5, 10.5], "rotation": 270, "texture": "#4"},
				"up": {"uv": [7, 10, 8, 11], "texture": "#4"},
				"down": {"uv": [5, 9.5, 6, 10.5], "rotation": 270, "texture": "#4", "cullface": "down"}
			}
		},
		{
			"from": [8, 0, 8],
			"to": [9, 0.5, 9],
			"faces": {
				"north": {"uv": [6, 9.5, 6.5, 10.5], "rotation": 270, "texture": "#4"},
				"east": {"uv": [6, 9.5, 6.5, 10.5], "rotation": 270, "texture": "#4"},
				"south": {"uv": [6, 9.5, 6.5, 10.5], "rotation": 270, "texture": "#4"},
				"west": {"uv": [6, 9.5, 6.5, 10.5], "rotation": 270, "texture": "#4"},
				"up": {"uv": [7, 10, 8, 11], "texture": "#4"},
				"down": {"uv": [5, 9.5, 6, 10.5], "rotation": 270, "texture": "#4", "cullface": "down"}
			}
		},
		{
			"from": [10.5, 0, 7.5],
			"to": [11.5, 0.5, 8.5],
			"faces": {
				"north": {"uv": [6, 9.5, 6.5, 10.5], "rotation": 270, "texture": "#4"},
				"east": {"uv": [6, 9.5, 6.5, 10.5], "rotation": 270, "texture": "#4"},
				"south": {"uv": [6, 9.5, 6.5, 10.5], "rotation": 270, "texture": "#4"},
				"west": {"uv": [6, 9.5, 6.5, 10.5], "rotation": 270, "texture": "#4"},
				"up": {"uv": [7, 10, 8, 11], "texture": "#4"},
				"down": {"uv": [5, 9.5, 6, 10.5], "rotation": 270, "texture": "#4", "cullface": "down"}
			}
		},
		{
			"from": [11.5, 0, 10.5],
			"to": [12.5, 0.5, 11.5],
			"faces": {
				"north": {"uv": [6, 9.5, 6.5, 10.5], "rotation": 270, "texture": "#4"},
				"east": {"uv": [6, 9.5, 6.5, 10.5], "rotation": 270, "texture": "#4"},
				"south": {"uv": [6, 9.5, 6.5, 10.5], "rotation": 270, "texture": "#4"},
				"west": {"uv": [6, 9.5, 6.5, 10.5], "rotation": 270, "texture": "#4"},
				"up": {"uv": [7, 10, 8, 11], "texture": "#4"},
				"down": {"uv": [5, 9.5, 6, 10.5], "rotation": 270, "texture": "#4", "cullface": "down"}
			}
		},
		{
			"from": [5, 0, 2],
			"to": [5.5, 0.5, 2.5],
			"faces": {
				"north": {"uv": [7, 10, 7.5, 10.5], "texture": "#4"},
				"east": {"uv": [7, 10, 7.5, 10.5], "texture": "#4"},
				"south": {"uv": [7, 10, 7.5, 10.5], "texture": "#4"},
				"west": {"uv": [7, 10, 7.5, 10.5], "texture": "#4"},
				"up": {"uv": [7, 10, 7.5, 10.5], "texture": "#4"},
				"down": {"uv": [7, 10, 7.5, 10.5], "texture": "#4", "cullface": "down"}
			}
		},
		{
			"from": [4, 0, 5],
			"to": [4.5, 0.5, 5.5],
			"faces": {
				"north": {"uv": [7, 10, 7.5, 10.5], "texture": "#4"},
				"east": {"uv": [7, 10, 7.5, 10.5], "texture": "#4"},
				"south": {"uv": [7, 10, 7.5, 10.5], "texture": "#4"},
				"west": {"uv": [7, 10, 7.5, 10.5], "texture": "#4"},
				"up": {"uv": [7, 10, 7.5, 10.5], "texture": "#4"},
				"down": {"uv": [7, 10, 7.5, 10.5], "texture": "#4", "cullface": "down"}
			}
		},
		{
			"from": [6.5, 0, 4],
			"to": [7, 0.5, 4.5],
			"faces": {
				"north": {"uv": [7, 10, 7.5, 10.5], "texture": "#4"},
				"east": {"uv": [7, 10, 7.5, 10.5], "texture": "#4"},
				"south": {"uv": [7, 10, 7.5, 10.5], "texture": "#4"},
				"west": {"uv": [7, 10, 7.5, 10.5], "texture": "#4"},
				"up": {"uv": [7, 10, 7.5, 10.5], "texture": "#4"},
				"down": {"uv": [7, 10, 7.5, 10.5], "texture": "#4", "cullface": "down"}
			}
		},
		{
			"from": [9, 0, 3.5],
			"to": [9.5, 0.5, 4],
			"faces": {
				"north": {"uv": [7, 10, 7.5, 10.5], "texture": "#4"},
				"east": {"uv": [7, 10, 7.5, 10.5], "texture": "#4"},
				"south": {"uv": [7, 10, 7.5, 10.5], "texture": "#4"},
				"west": {"uv": [7, 10, 7.5, 10.5], "texture": "#4"},
				"up": {"uv": [7, 10, 7.5, 10.5], "texture": "#4"},
				"down": {"uv": [7, 10, 7.5, 10.5], "texture": "#4", "cullface": "down"}
			}
		},
		{
			"from": [10.5, 0, 2.5],
			"to": [11, 0.5, 3],
			"faces": {
				"north": {"uv": [7, 10, 7.5, 10.5], "texture": "#4"},
				"east": {"uv": [7, 10, 7.5, 10.5], "texture": "#4"},
				"south": {"uv": [7, 10, 7.5, 10.5], "texture": "#4"},
				"west": {"uv": [7, 10, 7.5, 10.5], "texture": "#4"},
				"up": {"uv": [7, 10, 7.5, 10.5], "texture": "#4"},
				"down": {"uv": [7, 10, 7.5, 10.5], "texture": "#4", "cullface": "down"}
			}
		},
		{
			"from": [8, 0, 5.5],
			"to": [8.5, 0.5, 6],
			"faces": {
				"north": {"uv": [7, 10, 7.5, 10.5], "texture": "#4"},
				"east": {"uv": [7, 10, 7.5, 10.5], "texture": "#4"},
				"south": {"uv": [7, 10, 7.5, 10.5], "texture": "#4"},
				"west": {"uv": [7, 10, 7.5, 10.5], "texture": "#4"},
				"up": {"uv": [7, 10, 7.5, 10.5], "texture": "#4"},
				"down": {"uv": [7, 10, 7.5, 10.5], "texture": "#4", "cullface": "down"}
			}
		},
		{
			"from": [11, 0, 6],
			"to": [11.5, 0.5, 6.5],
			"faces": {
				"north": {"uv": [7, 10, 7.5, 10.5], "texture": "#4"},
				"east": {"uv": [7, 10, 7.5, 10.5], "texture": "#4"},
				"south": {"uv": [7, 10, 7.5, 10.5], "texture": "#4"},
				"west": {"uv": [7, 10, 7.5, 10.5], "texture": "#4"},
				"up": {"uv": [7, 10, 7.5, 10.5], "texture": "#4"},
				"down": {"uv": [7, 10, 7.5, 10.5], "texture": "#4", "cullface": "down"}
			}
		},
		{
			"from": [8, 0, 10.5],
			"to": [8.5, 0.5, 11],
			"faces": {
				"north": {"uv": [7, 10, 7.5, 10.5], "texture": "#4"},
				"east": {"uv": [7, 10, 7.5, 10.5], "texture": "#4"},
				"south": {"uv": [7, 10, 7.5, 10.5], "texture": "#4"},
				"west": {"uv": [7, 10, 7.5, 10.5], "texture": "#4"},
				"up": {"uv": [7, 10, 7.5, 10.5], "texture": "#4"},
				"down": {"uv": [7, 10, 7.5, 10.5], "texture": "#4", "cullface": "down"}
			}
		},
		{
			"from": [9.5, 0, 10.5],
			"to": [10, 0.5, 11],
			"faces": {
				"north": {"uv": [7, 10, 7.5, 10.5], "texture": "#4"},
				"east": {"uv": [7, 10, 7.5, 10.5], "texture": "#4"},
				"south": {"uv": [7, 10, 7.5, 10.5], "texture": "#4"},
				"west": {"uv": [7, 10, 7.5, 10.5], "texture": "#4"},
				"up": {"uv": [7, 10, 7.5, 10.5], "texture": "#4"},
				"down": {"uv": [7, 10, 7.5, 10.5], "texture": "#4", "cullface": "down"}
			}
		},
		{
			"from": [5.5, 0, 7.5],
			"to": [6, 0.5, 8],
			"faces": {
				"north": {"uv": [7, 10, 7.5, 10.5], "texture": "#4"},
				"east": {"uv": [7, 10, 7.5, 10.5], "texture": "#4"},
				"south": {"uv": [7, 10, 7.5, 10.5], "texture": "#4"},
				"west": {"uv": [7, 10, 7.5, 10.5], "texture": "#4"},
				"up": {"uv": [7, 10, 7.5, 10.5], "texture": "#4"},
				"down": {"uv": [7, 10, 7.5, 10.5], "texture": "#4"}
			}
		},
		{
			"from": [4, 0, 13.5],
			"to": [4.5, 0.5, 14],
			"faces": {
				"north": {"uv": [7, 10, 7.5, 10.5], "texture": "#4"},
				"east": {"uv": [7, 10, 7.5, 10.5], "texture": "#4"},
				"south": {"uv": [7, 10, 7.5, 10.5], "texture": "#4"},
				"west": {"uv": [7, 10, 7.5, 10.5], "texture": "#4"},
				"up": {"uv": [7, 10, 7.5, 10.5], "texture": "#4"},
				"down": {"uv": [7, 10, 7.5, 10.5], "texture": "#4"}
			}
		},
		{
			"from": [9.5, 0, 12.5],
			"to": [10, 0.5, 13],
			"faces": {
				"north": {"uv": [7, 10, 7.5, 10.5], "texture": "#4"},
				"east": {"uv": [7, 10, 7.5, 10.5], "texture": "#4"},
				"south": {"uv": [7, 10, 7.5, 10.5], "texture": "#4"},
				"west": {"uv": [7, 10, 7.5, 10.5], "texture": "#4"},
				"up": {"uv": [7, 10, 7.5, 10.5], "texture": "#4"},
				"down": {"uv": [7, 10, 7.5, 10.5], "texture": "#4"}
			}
		},
		{
			"from": [6, 0, 11.5],
			"to": [6.5, 0.5, 12],
			"faces": {
				"north": {"uv": [7, 10, 7.5, 10.5], "texture": "#4"},
				"east": {"uv": [7, 10, 7.5, 10.5], "texture": "#4"},
				"south": {"uv": [7, 10, 7.5, 10.5], "texture": "#4"},
				"west": {"uv": [7, 10, 7.5, 10.5], "texture": "#4"},
				"up": {"uv": [7, 10, 7.5, 10.5], "texture": "#4"},
				"down": {"uv": [7, 10, 7.5, 10.5], "texture": "#4"}
			}
		},
		{
			"from": [8, 0, 13.5],
			"to": [8.5, 0.5, 14],
			"faces": {
				"north": {"uv": [7, 10, 7.5, 10.5], "texture": "#4"},
				"east": {"uv": [7, 10, 7.5, 10.5], "texture": "#4"},
				"south": {"uv": [7, 10, 7.5, 10.5], "texture": "#4"},
				"west": {"uv": [7, 10, 7.5, 10.5], "texture": "#4"},
				"up": {"uv": [7, 10, 7.5, 10.5], "texture": "#4"},
				"down": {"uv": [7, 10, 7.5, 10.5], "texture": "#4"}
			}
		}
	],
	"groups": [0,
		{
			"name": "cream north",
			"origin": [8, 8, 8],
			"children": [1, 2, 3]
		},
		{
			"name": "cream east",
			"origin": [8, 8, 8],
			"children": [4, 5, 6, 7, 8, 9, 10, 11, 12]
		},
		{
			"name": "cream south",
			"origin": [8, 8, 8],
			"children": [13, 14, 15]
		},
		{
			"name": "cherry",
			"origin": [8, 8, 8],
			"children": []
		},
		{
			"name": "candle",
			"origin": [8, 8, 8],
			"children": [16, 17]
		},
		{
			"name": "cream west",
			"origin": [8, 8, 8],
			"children": [18, 19, 20, 21]
		}, 22, 23, 24, 25, 26, 27, 28, 29, 30, 31, 32, 33, 34, 35, 36, 37, 38, 39]
}
