{
	"credit": "Made with Blockbench by Juknum",
	"textures": {
		"0": "item/book_custom",
		"particle": "item/book_custom"
	},
	"elements": [
		{
			"from": [3, -0.5, 1.5],
			"to": [13, 0, 14.5],
			"rotation": {"angle": 0, "axis": "y", "origin": [4, 9, 5.5]},
			"faces": {
				"north": {"uv": [0, 0, 5, 0.25], "texture": "#0"},
				"east": {"uv": [0, 0, 0.25, 6.5], "rotation": 90, "texture": "#0"},
				"south": {"uv": [0, 0, 5, 0.25], "texture": "#0"},
				"west": {"uv": [4.75, 0, 5, 6.5], "rotation": 90, "texture": "#0"},
				"up": {"uv": [5.5, 0, 10.5, 6.5], "rotation": 180, "texture": "#0"},
				"down": {"uv": [5.5, 0, 10.5, 6.5], "rotation": 180, "texture": "#0"}
			}
		},
		{
			"from": [3, 0, 1.5],
			"to": [3.5, 2, 14.5],
			"rotation": {"angle": 0, "axis": "y", "origin": [4, 9.5, 5.5]},
			"faces": {
				"north": {"uv": [4.75, 0, 5.25, 0.25], "rotation": 90, "texture": "#0"},
				"east": {"uv": [5, 0, 5.5, 6.5], "rotation": 90, "texture": "#0"},
				"south": {"uv": [4.75, 0, 5.25, 0.25], "rotation": 90, "texture": "#0"},
				"west": {"uv": [5, 0, 5.5, 6.5], "rotation": 90, "texture": "#0"}
			}
		},
		{
			"from": [3.5, 0, 2],
			"to": [12.5, 2, 14],
			"rotation": {"angle": 0, "axis": "y", "origin": [4, 9.5, 5.5]},
			"faces": {
				"north": {"uv": [0.25, 6.5, 4.75, 7.5], "texture": "#0"},
				"east": {"uv": [10.5, 0.25, 11.5, 6.25], "rotation": 90, "texture": "#0"},
				"south": {"uv": [0.25, 6.5, 4.75, 7.5], "texture": "#0"}
			}
		},
		{
			"from": [3, 2, 1.5],
			"to": [13, 2.5, 14.5],
			"rotation": {"angle": 0, "axis": "y", "origin": [4, 10, 5.5]},
			"faces": {
				"north": {"uv": [0, 0, 5, 0.25], "texture": "#0"},
				"east": {"uv": [0, 0, 0.25, 6.5], "rotation": 90, "texture": "#0"},
				"south": {"uv": [0, 0, 5, 0.25], "texture": "#0"},
				"west": {"uv": [4.75, 0, 5, 6.5], "rotation": 90, "texture": "#0"},
				"up": {"uv": [0, 0, 5, 6.5], "rotation": 180, "texture": "#0"},
				"down": {"uv": [0, 0, 5, 6.5], "rotation": 180, "texture": "#0"}
			}
		}
	],
	"display": {
		"thirdperson_righthand": {
			"rotation": [90, 0, 8],
			"translation": [0, 2.25, 4.25],
			"scale": [0.45, 0.45, 0.45]
		},
		"thirdperson_lefthand": {
			"rotation": [90, 0, 8],
			"translation": [0, 2.25, 4.25],
			"scale": [0.45, 0.45, 0.45]
		},
		"firstperson_righthand": {
			"rotation": [90, 0, 8],
			"translation": [-1, 3.5, 6],
			"scale": [0.5, 0.5, 0.5]
		},
		"firstperson_lefthand": {
			"rotation": [90, 0, 8],
			"translation": [-1, 3.5, 6],
			"scale": [0.5, 0.5, 0.5]
		},
		"ground": {
			"rotation": [90, 0, 0],
			"translation": [0, 3, 2.85],
			"scale": [0.42, 0.42, 0.42]
		},
		"gui": {
			"rotation": [45, -55, 0],
			"translation": [0, 5, 0],
			"scale": [0.95, 0.95, 0.95]
		},
		"head": {
			"translation": [0, 14.25, 0]
		},
		"fixed": {
			"rotation": [90, 0, -180],
			"translation": [0, 0, -7.5]
		}
	}
}