{
	"credit": "Made with Blockbench by Juknum",
	"parent": "block/block",
	"ambientocclusion": false,
	"textures": {
		"0": "block/bookshelf",
		"1": "block/oak_planks",
		"particle": "block/bookshelf_books",
		"1_0": "block/bookshelf_books",
		"1_1": "block/bookshelf_empty_bottom"
	},
	"elements": [
		{
			"from": [15.5, 0.5, 0],
			"to": [16, 15.5, 0.5],
			"rotation": {"angle": 0, "axis": "y", "origin": [22, 8.5, 8]},
			"faces": {
				"north": {"uv": [0, 0.5, 0.5, 15.5], "texture": "#0", "cullface": "north"},
				"east": {"uv": [15.5, 0.5, 16, 15.5], "texture": "#0", "cullface": "east"},
				"south": {"uv": [15.5, 0.5, 16, 15.5], "texture": "#0", "cullface": "east"},
				"west": {"uv": [0, 0.5, 0.5, 15.5], "texture": "#0", "cullface": "north"}
			}
		},
		{
			"from": [15.5, 0.5, 15.5],
			"to": [16, 15.5, 16],
			"rotation": {"angle": 0, "axis": "y", "origin": [15.5, 8, 15.5]},
			"faces": {
				"north": {"uv": [0, 0.5, 0.5, 15.5], "texture": "#0", "cullface": "east"},
				"east": {"uv": [0, 0.5, 0.5, 15.5], "texture": "#0", "cullface": "east"},
				"south": {"uv": [15.5, 0.5, 16, 15.5], "texture": "#0", "cullface": "south"},
				"west": {"uv": [15.5, 0.5, 16, 15.5], "texture": "#0", "cullface": "south"}
			}
		},
		{
			"from": [0, 0.5, 15.5],
			"to": [0.5, 15.5, 16],
			"rotation": {"angle": 0, "axis": "y", "origin": [0.5, 8, 15.5]},
			"faces": {
				"north": {"uv": [15.5, 0.5, 16, 15.5], "texture": "#0", "cullface": "west"},
				"east": {"uv": [0, 0.5, 0.5, 15.5], "texture": "#0", "cullface": "south"},
				"south": {"uv": [0, 0.5, 0.5, 15.5], "texture": "#0", "cullface": "south"},
				"west": {"uv": [15.5, 0.5, 16, 15.5], "texture": "#0", "cullface": "west"}
			}
		},
		{
			"from": [0, 0.5, 0],
			"to": [0.5, 15.5, 0.5],
			"rotation": {"angle": 0, "axis": "y", "origin": [0.5, 8, 0.5]},
			"faces": {
				"north": {"uv": [15.5, 0.5, 16, 15.5], "texture": "#0", "cullface": "north"},
				"east": {"uv": [15.5, 0.5, 16, 15.5], "texture": "#0", "cullface": "north"},
				"south": {"uv": [0, 0.5, 0.5, 15.5], "texture": "#0", "cullface": "west"},
				"west": {"uv": [0, 0.5, 0.5, 15.5], "texture": "#0", "cullface": "west"}
			}
		},
		{
			"name": "top",
			"from": [0, 15.5, 0],
			"to": [16, 16, 16],
			"rotation": {"angle": 0, "axis": "y", "origin": [8, 23, 8]},
			"faces": {
				"north": {"uv": [0, 0, 16, 0.5], "texture": "#0", "cullface": "north"},
				"east": {"uv": [0, 0, 16, 0.5], "texture": "#0", "cullface": "east"},
				"south": {"uv": [0, 0, 16, 0.5], "texture": "#0", "cullface": "south"},
				"west": {"uv": [0, 0, 16, 0.5], "texture": "#0", "cullface": "west"},
				"up": {"uv": [0, 0, 16, 16], "texture": "#1", "cullface": "up"}
			}
		},
		{
			"name": "bottom",
			"from": [0, 0, 0],
			"to": [16, 0.5, 16],
			"faces": {
				"north": {"uv": [0, 15.5, 16, 16], "texture": "#0", "cullface": "north"},
				"east": {"uv": [0, 15.5, 16, 16], "texture": "#0", "cullface": "east"},
				"south": {"uv": [0, 15.5, 16, 16], "texture": "#0", "cullface": "south"},
				"west": {"uv": [0, 15.5, 16, 16], "texture": "#0", "cullface": "west"},
				"down": {"uv": [0, 0, 16, 16], "texture": "#1", "cullface": "down"}
			}
		},
		{
			"from": [7, 0.5, 1.5],
			"to": [9, 7, 7],
			"shade": false,
			"faces": {
				"north": {"uv": [3, 3.875, 3.5, 5.5], "texture": "#1_0", "cullface": "north"},
				"east": {"uv": [4.875, 3.875, 6.25, 5.5], "texture": "#1_0", "cullface": "north"},
				"west": {"uv": [3.625, 3.875, 5, 5.5], "texture": "#1_0", "cullface": "north"},
				"up": {"uv": [3.5, 3.375, 4.875, 3.875], "rotation": 90, "texture": "#1_0", "cullface": "north"}
			}
		},
		{
			"from": [8.00012, 0.5, -1.98202],
			"to": [9.00012, 5, 1.01798],
			"shade": false,
			"rotation": {"angle": 45, "axis": "y", "origin": [8, 8, 8]},
			"faces": {
				"north": {"uv": [2.75, 2.25, 3, 3.375], "texture": "#1_0", "cullface": "north"},
				"east": {"uv": [4.5, 2.25, 3.75, 3.375], "texture": "#1_0", "cullface": "north"},
				"south": {"uv": [4.5, 2.25, 4.75, 3.375], "texture": "#1_0", "cullface": "north"},
				"up": {"uv": [3, 2, 3.75, 2.25], "rotation": 90, "texture": "#1_0", "cullface": "north"}
			}
		},
		{
			"from": [11, 0.5, 0.5],
			"to": [12.5, 4.5, 3.5],
			"shade": false,
			"faces": {
				"north": {"uv": [0, 5.125, 0.375, 6.125], "texture": "#1_0", "cullface": "north"},
				"east": {"uv": [1.125, 5.125, 0.375, 6.125], "texture": "#1_0", "cullface": "north"},
				"up": {"uv": [0.375, 4.75, 1.125, 5.125], "rotation": 90, "texture": "#1_0", "cullface": "north"}
			}
		},
		{
			"from": [5, 0.5, 1],
			"to": [7, 6, 4.5],
			"shade": false,
			"faces": {
				"north": {"uv": [0, 3.375, 0.5, 4.75], "texture": "#1_0", "cullface": "north"},
				"east": {"uv": [2.375, 3.375, 1.5, 4.75], "texture": "#1_0", "cullface": "north"},
				"west": {"uv": [0.5, 3.375, 1.375, 4.75], "texture": "#1_0", "cullface": "north"},
				"up": {"uv": [0.5, 2.875, 1.375, 3.375], "rotation": 90, "texture": "#1_0", "cullface": "north"}
			}
		},
		{
			"from": [9.00012, 0.5, -1.33558],
			"to": [10.00012, 4.5, 1.66442],
			"shade": false,
			"rotation": {"angle": 45, "axis": "y", "origin": [8, 8, 8]},
			"faces": {
				"north": {"uv": [0.25, 6.375, 0, 7.375], "texture": "#1_0", "cullface": "north"},
				"east": {"uv": [1, 6.375, 0.25, 7.375], "texture": "#1_0", "cullface": "north"},
				"up": {"uv": [0.25, 6.125, 1, 6.375], "rotation": 90, "texture": "#1_0", "cullface": "north"}
			}
		},
		{
			"from": [9, 0.5, 0.5],
			"to": [11, 6.5, 4.5],
			"shade": false,
			"faces": {
				"north": {"uv": [2.5, 0.5, 3, 2], "texture": "#1_0", "cullface": "north"},
				"east": {"uv": [4, 0.5, 3, 2], "texture": "#1_0", "cullface": "north"},
				"west": {"uv": [4, 0.5, 5, 2], "texture": "#1_0", "cullface": "north"},
				"up": {"uv": [3, 0, 4, 0.5], "rotation": 90, "texture": "#1_0", "cullface": "north"}
			}
		},
		{
			"from": [15.52524, 0.5, 6.94359],
			"to": [18.02524, 5, 7.94359],
			"shade": false,
			"rotation": {"angle": 45, "axis": "y", "origin": [8, 8, 8]},
			"faces": {
				"north": {"uv": [0.25, 1.75, 0.875, 2.875], "texture": "#1_0", "cullface": "north"},
				"east": {"uv": [0, 1.75, 0.25, 2.875], "texture": "#1_0", "cullface": "north"},
				"west": {"uv": [1.5, 1.75, 1.75, 2.875], "texture": "#1_0", "cullface": "north"},
				"up": {"uv": [0.25, 1.5, 0.875, 1.75], "rotation": 180, "texture": "#1_0", "cullface": "north"}
			}
		},
		{
			"from": [7.93846, 8.5, -0.93608],
			"to": [9.43846, 12.5, 2.06392],
			"shade": false,
			"rotation": {"angle": 45, "axis": "y", "origin": [8, 8, 8]},
			"faces": {
				"north": {"uv": [0, 5.125, 0.375, 6.125], "texture": "#1_0", "cullface": "north"},
				"east": {"uv": [1.875, 5.125, 1.125, 6.125], "texture": "#1_0", "cullface": "north"},
				"up": {"uv": [0.375, 4.75, 1.125, 5.125], "rotation": 90, "texture": "#1_0", "cullface": "north"}
			}
		},
		{
			"from": [6.5, 8.5, 2.5],
			"to": [8.5, 14.5, 6.5],
			"shade": false,
			"faces": {
				"north": {"uv": [2.5, 0.5, 3, 2], "texture": "#1_0", "cullface": "north"},
				"east": {"uv": [4, 0.5, 3, 2], "texture": "#1_0", "cullface": "north"},
				"west": {"uv": [4, 0.5, 5, 2], "texture": "#1_0", "cullface": "north"},
				"up": {"uv": [3, 0, 4, 0.5], "rotation": 90, "texture": "#1_0", "cullface": "north"}
			}
		},
		{
			"from": [8.5, 8.5, 0.5],
			"to": [10.5, 15, 5],
			"shade": false,
			"faces": {
				"north": {"uv": [3, 3.875, 3.5, 5.5], "texture": "#1_0", "cullface": "north"},
				"east": {"uv": [4.625, 3.875, 3.5, 5.5], "texture": "#1_0", "cullface": "north"},
				"west": {"uv": [3.5, 3.875, 4.625, 5.5], "texture": "#1_0", "cullface": "north"},
				"up": {"uv": [3.5, 3.375, 4.625, 3.875], "rotation": 90, "texture": "#1_0", "cullface": "north"}
			}
		},
		{
			"from": [5, 8.5, 1],
			"to": [6.5, 13, 4.5],
			"shade": false,
			"faces": {
				"north": {"uv": [0, 0.375, 0.375, 1.5], "texture": "#1_0", "cullface": "north"},
				"east": {"uv": [1.25, 0.375, 2.125, 1.5], "texture": "#1_0", "cullface": "north"},
				"west": {"uv": [0.375, 0.375, 1.25, 1.5], "texture": "#1_0", "cullface": "north"},
				"up": {"uv": [0.375, 0, 1.25, 0.375], "rotation": 90, "texture": "#1_0", "cullface": "north"}
			}
		},
		{
			"from": [10.5, 8.5, 1],
			"to": [11.5, 13, 3.5],
			"shade": false,
			"faces": {
				"north": {"uv": [0, 1.75, 0.25, 2.875], "texture": "#1_0", "cullface": "north"},
				"east": {"uv": [0.875, 1.75, 1.5, 2.875], "texture": "#1_0", "cullface": "north"},
				"up": {"uv": [0.25, 1.5, 0.875, 1.75], "rotation": 90, "texture": "#1_0", "cullface": "north"}
			}
		},
		{
			"from": [7.0834, 8.5, -1.02232],
			"to": [8.0834, 12.5, 1.97768],
			"shade": false,
			"rotation": {"angle": -45, "axis": "y", "origin": [8, 8, 8]},
			"faces": {
				"north": {"uv": [0, 6.375, 0.25, 7.375], "texture": "#1_0", "cullface": "north"},
				"west": {"uv": [0.25, 6.375, 1, 7.375], "texture": "#1_0", "cullface": "north"},
				"up": {"uv": [0.25, 6.125, 1, 6.375], "rotation": 90, "texture": "#1_0", "cullface": "north"}
			}
		},
		{
			"name": "background",
			"from": [7.5, 0, 7.5],
			"to": [8.5, 16, 7.5],
			"faces": {
				"north": {"uv": [7.5, 0, 8.5, 16], "texture": "#1_1", "cullface": "north"}
			}
		},
		{
			"name": "middle",
			"from": [0.5, 7.5, 0],
			"to": [15.5, 8.5, 1],
			"faces": {
				"north": {"uv": [0.5, 7.5, 15.5, 8.5], "texture": "#0", "cullface": "north"},
				"up": {"uv": [1, 0, 15, 1], "texture": "#1_1", "cullface": "north"},
				"down": {"uv": [0.5, 1, 15.5, 0], "texture": "#1_1", "cullface": "north"}
			}
		},
		{
			"name": "middle",
			"from": [2, 7.5, 1],
			"to": [14, 8.5, 2],
			"faces": {
				"up": {"uv": [2, 1, 14, 2], "texture": "#1_1", "cullface": "north"},
				"down": {"uv": [2, 2, 14, 1], "texture": "#1_1", "cullface": "north"}
			}
		},
		{
			"name": "middle",
			"from": [3, 7.5, 2],
			"to": [13, 8.5, 3],
			"faces": {
				"up": {"uv": [3, 2, 13, 3], "texture": "#1_1", "cullface": "north"},
				"down": {"uv": [3, 3, 13, 2], "texture": "#1_1", "cullface": "north"}
			}
		},
		{
			"name": "middle",
			"from": [6, 7.5, 5],
			"to": [10, 8.5, 6],
			"faces": {
				"up": {"uv": [6, 5, 10, 6], "texture": "#1_1", "cullface": "north"},
				"down": {"uv": [6, 6, 10, 5], "texture": "#1_1", "cullface": "north"}
			}
		},
		{
			"name": "middle",
			"from": [4, 7.5, 3],
			"to": [12, 8.5, 4],
			"faces": {
				"up": {"uv": [4, 3, 12, 4], "texture": "#1_1", "cullface": "north"},
				"down": {"uv": [4, 4, 12, 3], "texture": "#1_1", "cullface": "north"}
			}
		},
		{
			"name": "middle",
			"from": [5, 7.5, 4],
			"to": [11, 8.5, 5],
			"faces": {
				"up": {"uv": [5, 4, 11, 5], "texture": "#1_1", "cullface": "north"},
				"down": {"uv": [5, 5, 11, 4], "texture": "#1_1", "cullface": "north"}
			}
		},
		{
			"name": "middle",
			"from": [7, 7.5, 6],
			"to": [9, 8.5, 7],
			"faces": {
				"down": {"uv": [7, 7, 9, 6], "texture": "#1_1", "cullface": "north"}
			}
		},
		{
			"name": "edge",
			"from": [7.64656, 7.499, -2.66401],
			"to": [8.64656, 8.501, 8.23599],
			"rotation": {"angle": 45, "axis": "y", "origin": [8, 8, 8]},
			"faces": {
				"east": {"uv": [0, 0, 10.25, 1.002], "texture": "#missing", "cullface": "north"},
				"up": {"uv": [2, 0, 2.75, 7.75], "texture": "#1_1", "cullface": "north"},
				"down": {"uv": [2, 7.75, 2.75, 0], "texture": "#1_1", "cullface": "north"}
			}
		},
		{
			"name": "edge",
			"from": [7.37629, 7.499, -2.60882],
			"to": [8.37629, 8.501, 8.29118],
			"rotation": {"angle": -45, "axis": "y", "origin": [8, 8, 8]},
			"faces": {
				"west": {"uv": [0, 0, 10.9, 1.002], "texture": "#missing", "cullface": "north"},
				"up": {"uv": [2, 0, 2.75, 7.75], "texture": "#1_1", "cullface": "north"},
				"down": {"uv": [2, 7.75, 2.75, 0], "texture": "#1_1", "cullface": "north"}
			}
		},
		{
			"name": "middle",
			"from": [0.5, 0.5, 0],
			"to": [15.5, 0.5, 1],
			"faces": {
				"up": {"uv": [0.5, 0, 15.5, 1], "texture": "#1_1", "cullface": "north"}
			}
		},
		{
			"name": "middle",
			"from": [2, 0.5, 1],
			"to": [14, 0.5, 2],
			"faces": {
				"up": {"uv": [2, 1, 14, 2], "texture": "#1_1", "cullface": "north"}
			}
		},
		{
			"name": "middle",
			"from": [3, 0.5, 2],
			"to": [13, 0.5, 3],
			"faces": {
				"up": {"uv": [3, 2, 13, 3], "texture": "#1_1", "cullface": "north"}
			}
		},
		{
			"name": "middle",
			"from": [6, 0.5, 5],
			"to": [10, 0.5, 6],
			"faces": {
				"up": {"uv": [6, 5, 10, 6], "texture": "#1_1", "cullface": "north"}
			}
		},
		{
			"name": "middle",
			"from": [4, 0.5, 3],
			"to": [12, 0.5, 4],
			"faces": {
				"up": {"uv": [4, 3, 12, 4], "texture": "#1_1", "cullface": "north"}
			}
		},
		{
			"name": "middle",
			"from": [5, 0.5, 4],
			"to": [11, 0.5, 5],
			"faces": {
				"up": {"uv": [5, 4, 11, 5], "texture": "#1_1", "cullface": "north"}
			}
		},
		{
			"name": "middle",
			"from": [7, 0.5, 6],
			"to": [9, 0.5, 7],
			"faces": {
				"up": {"uv": [7, 6, 9, 7], "texture": "#1_1", "cullface": "north"}
			}
		},
		{
			"name": "edge",
			"from": [7.94657, 0.501, -2.66401],
			"to": [8.64657, 0.501, 7.88599],
			"rotation": {"angle": 45, "axis": "y", "origin": [8, 8, 8]},
			"faces": {
				"up": {"uv": [2, 0, 2.75, 7.75], "texture": "#1_1", "cullface": "north"}
			}
		},
		{
			"name": "edge",
			"from": [7.37629, 0.501, -2.60882],
			"to": [8.07629, 0.501, 7.99118],
			"rotation": {"angle": -45, "axis": "y", "origin": [8, 8, 8]},
			"faces": {
				"up": {"uv": [2, 0, 2.75, 7.75], "texture": "#1_1", "cullface": "north"}
			}
		},
		{
			"name": "middle",
			"from": [0.5, 15.5, 0],
			"to": [15.5, 15.5, 1],
			"faces": {
				"down": {"uv": [0.5, 1, 15.5, 0], "texture": "#1_1", "cullface": "north"}
			}
		},
		{
			"name": "middle",
			"from": [2, 15.5, 1],
			"to": [14, 15.5, 2],
			"faces": {
				"down": {"uv": [2, 2, 14, 1], "texture": "#1_1", "cullface": "north"}
			}
		},
		{
			"name": "middle",
			"from": [3, 15.5, 2],
			"to": [13, 15.5, 3],
			"faces": {
				"down": {"uv": [3, 3, 13, 2], "texture": "#1_1", "cullface": "north"}
			}
		},
		{
			"name": "middle",
			"from": [6, 15.5, 5],
			"to": [10, 15.5, 6],
			"faces": {
				"down": {"uv": [6, 6, 10, 5], "texture": "#1_1", "cullface": "north"}
			}
		},
		{
			"name": "middle",
			"from": [4, 15.5, 3],
			"to": [12, 15.5, 4],
			"faces": {
				"down": {"uv": [4, 4, 12, 3], "texture": "#1_1", "cullface": "north"}
			}
		},
		{
			"name": "middle",
			"from": [5, 15.5, 4],
			"to": [11, 15.5, 5],
			"faces": {
				"down": {"uv": [5, 5, 11, 4], "texture": "#1_1", "cullface": "north"}
			}
		},
		{
			"name": "middle",
			"from": [7, 15.5, 6],
			"to": [9, 15.5, 7],
			"faces": {
				"down": {"uv": [7, 7, 9, 6], "texture": "#1_1", "cullface": "north"}
			}
		},
		{
			"name": "edge",
			"from": [7.94657, 15.499, -2.664],
			"to": [8.64657, 15.499, 7.886],
			"rotation": {"angle": 45, "axis": "y", "origin": [8, 8, 8]},
			"faces": {
				"down": {"uv": [2, 7.75, 2.75, 0], "texture": "#1_1", "cullface": "north"}
			}
		},
		{
			"name": "edge",
			"from": [7.37629, 15.499, -2.60882],
			"to": [8.07629, 15.499, 7.99118],
			"rotation": {"angle": -45, "axis": "y", "origin": [8, 8, 8]},
			"faces": {
				"down": {"uv": [2, 7.75, 2.75, 0], "texture": "#1_1", "cullface": "north"}
			}
		},
		{
			"from": [1.5, 0.5, 7],
			"to": [7, 7, 9],
			"shade": false,
			"faces": {
				"north": {"uv": [4.875, 3.875, 6.25, 5.5], "texture": "#1_0", "cullface": "north"},
				"south": {"uv": [3.625, 3.875, 5, 5.5], "texture": "#1_0", "cullface": "north"},
				"west": {"uv": [3, 3.875, 3.5, 5.5], "texture": "#1_0", "cullface": "north"},
				"up": {"uv": [3.5, 3.375, 4.875, 3.875], "texture": "#1_0", "cullface": "north"}
			}
		},
		{
			"from": [-1.98202, 0.5, 6.99988],
			"to": [1.01798, 5, 7.99988],
			"shade": false,
			"rotation": {"angle": 45, "axis": "y", "origin": [8, 8, 8]},
			"faces": {
				"north": {"uv": [4.5, 2.25, 3.75, 3.375], "texture": "#1_0", "cullface": "north"},
				"east": {"uv": [4.5, 2.25, 4.75, 3.375], "texture": "#1_0", "cullface": "north"},
				"west": {"uv": [2.75, 2.25, 3, 3.375], "texture": "#1_0", "cullface": "north"},
				"up": {"uv": [3, 2, 3.75, 2.25], "texture": "#1_0", "cullface": "north"}
			}
		},
		{
			"from": [0.5, 0.5, 3.5],
			"to": [3.5, 4.5, 5],
			"shade": false,
			"faces": {
				"north": {"uv": [1.125, 5.125, 0.375, 6.125], "texture": "#1_0", "cullface": "north"},
				"west": {"uv": [0, 5.125, 0.375, 6.125], "texture": "#1_0", "cullface": "north"},
				"up": {"uv": [0.375, 4.75, 1.125, 5.125], "texture": "#1_0", "cullface": "north"}
			}
		},
		{
			"from": [1, 0.5, 9],
			"to": [4.5, 6, 11],
			"shade": false,
			"faces": {
				"north": {"uv": [2.375, 3.375, 1.5, 4.75], "texture": "#1_0", "cullface": "north"},
				"south": {"uv": [0.5, 3.375, 1.375, 4.75], "texture": "#1_0", "cullface": "north"},
				"west": {"uv": [0, 3.375, 0.5, 4.75], "texture": "#1_0", "cullface": "north"},
				"up": {"uv": [0.5, 2.875, 1.375, 3.375], "texture": "#1_0", "cullface": "north"}
			}
		},
		{
			"from": [-1.33558, 0.5, 5.99988],
			"to": [1.66442, 4.5, 6.99988],
			"shade": false,
			"rotation": {"angle": 45, "axis": "y", "origin": [8, 8, 8]},
			"faces": {
				"north": {"uv": [1, 6.375, 0.25, 7.375], "texture": "#1_0", "cullface": "north"},
				"west": {"uv": [0.25, 6.375, 0, 7.375], "texture": "#1_0", "cullface": "north"},
				"up": {"uv": [0.25, 6.125, 1, 6.375], "texture": "#1_0", "cullface": "north"}
			}
		},
		{
			"from": [0.5, 0.5, 5],
			"to": [4.5, 6.5, 7],
			"shade": false,
			"faces": {
				"north": {"uv": [4, 0.5, 3, 2], "texture": "#1_0", "cullface": "north"},
				"south": {"uv": [4, 0.5, 5, 2], "texture": "#1_0", "cullface": "north"},
				"west": {"uv": [2.5, 0.5, 3, 2], "texture": "#1_0", "cullface": "north"},
				"up": {"uv": [3, 0, 4, 0.5], "texture": "#1_0", "cullface": "north"}
			}
		},
		{
			"from": [6.94359, 0.5, -2.02524],
			"to": [7.94359, 5, 0.47476],
			"shade": false,
			"rotation": {"angle": 45, "axis": "y", "origin": [8, 8, 8]},
			"faces": {
				"north": {"uv": [0, 1.75, 0.25, 2.875], "texture": "#1_0", "cullface": "north"},
				"south": {"uv": [1.5, 1.75, 1.75, 2.875], "texture": "#1_0", "cullface": "north"},
				"west": {"uv": [0.25, 1.75, 0.875, 2.875], "texture": "#1_0", "cullface": "north"},
				"up": {"uv": [0.25, 1.5, 0.875, 1.75], "rotation": 90, "texture": "#1_0", "cullface": "north"}
			}
		},
		{
			"from": [-0.93608, 8.5, 6.56154],
			"to": [2.06392, 12.5, 8.06154],
			"shade": false,
			"rotation": {"angle": 45, "axis": "y", "origin": [8, 8, 8]},
			"faces": {
				"north": {"uv": [1.875, 5.125, 1.125, 6.125], "texture": "#1_0", "cullface": "north"},
				"west": {"uv": [0, 5.125, 0.375, 6.125], "texture": "#1_0", "cullface": "north"},
				"up": {"uv": [0.375, 4.75, 1.125, 5.125], "texture": "#1_0", "cullface": "north"}
			}
		},
		{
			"from": [2.5, 8.5, 7.5],
			"to": [6.5, 14.5, 9.5],
			"shade": false,
			"faces": {
				"north": {"uv": [4, 0.5, 3, 2], "texture": "#1_0", "cullface": "north"},
				"south": {"uv": [4, 0.5, 5, 2], "texture": "#1_0", "cullface": "north"},
				"west": {"uv": [2.5, 0.5, 3, 2], "texture": "#1_0", "cullface": "north"},
				"up": {"uv": [3, 0, 4, 0.5], "texture": "#1_0", "cullface": "north"}
			}
		},
		{
			"from": [0.5, 8.5, 5.5],
			"to": [5, 15, 7.5],
			"shade": false,
			"faces": {
				"north": {"uv": [4.625, 3.875, 3.5, 5.5], "texture": "#1_0", "cullface": "north"},
				"south": {"uv": [3.5, 3.875, 4.625, 5.5], "texture": "#1_0", "cullface": "north"},
				"west": {"uv": [3, 3.875, 3.5, 5.5], "texture": "#1_0", "cullface": "north"},
				"up": {"uv": [3.5, 3.375, 4.625, 3.875], "texture": "#1_0", "cullface": "north"}
			}
		},
		{
			"from": [1, 8.5, 9.5],
			"to": [4.5, 13, 11],
			"shade": false,
			"faces": {
				"north": {"uv": [1.25, 0.375, 2.125, 1.5], "texture": "#1_0", "cullface": "north"},
				"south": {"uv": [0.375, 0.375, 1.25, 1.5], "texture": "#1_0", "cullface": "north"},
				"west": {"uv": [0, 0.375, 0.375, 1.5], "texture": "#1_0", "cullface": "north"},
				"up": {"uv": [0.375, 0, 1.25, 0.375], "texture": "#1_0", "cullface": "north"}
			}
		},
		{
			"from": [1, 8.5, 4.5],
			"to": [3.5, 13, 5.5],
			"shade": false,
			"faces": {
				"north": {"uv": [0.875, 1.75, 1.5, 2.875], "texture": "#1_0", "cullface": "north"},
				"west": {"uv": [0, 1.75, 0.25, 2.875], "texture": "#1_0", "cullface": "north"},
				"up": {"uv": [0.25, 1.5, 0.875, 1.75], "texture": "#1_0", "cullface": "north"}
			}
		},
		{
			"from": [7.0834, 8.5, -1.02232],
			"to": [8.0834, 12.5, 1.97768],
			"shade": false,
			"rotation": {"angle": 45, "axis": "y", "origin": [8, 8, 8]},
			"faces": {
				"north": {"uv": [0, 6.375, 0.25, 7.375], "texture": "#1_0", "cullface": "north"},
				"west": {"uv": [0.25, 6.375, 1, 7.375], "texture": "#1_0", "cullface": "north"},
				"up": {"uv": [0.25, 6.125, 1, 6.375], "rotation": 90, "texture": "#1_0", "cullface": "north"}
			}
		},
		{
			"name": "background",
			"from": [7.5, 0, 7.5],
			"to": [7.5, 16, 8.5],
			"faces": {
				"west": {"uv": [7.5, 0, 8.5, 16], "texture": "#1_1", "cullface": "north"}
			}
		},
		{
			"name": "middle",
			"from": [0, 7.5, 0.5],
			"to": [1, 8.5, 15.5],
			"faces": {
				"west": {"uv": [0.5, 7.5, 15.5, 8.5], "texture": "#0", "cullface": "north"},
				"up": {"uv": [1, 0, 15, 1], "rotation": 270, "texture": "#1_1", "cullface": "north"},
				"down": {"uv": [0.5, 1, 15.5, 0], "rotation": 90, "texture": "#1_1", "cullface": "north"}
			}
		},
		{
			"name": "middle",
			"from": [1, 7.5, 2],
			"to": [2, 8.5, 14],
			"faces": {
				"up": {"uv": [2, 1, 14, 2], "rotation": 270, "texture": "#1_1", "cullface": "north"},
				"down": {"uv": [2, 2, 14, 1], "rotation": 90, "texture": "#1_1", "cullface": "north"}
			}
		},
		{
			"name": "middle",
			"from": [2, 7.5, 3],
			"to": [3, 8.5, 13],
			"faces": {
				"up": {"uv": [3, 2, 13, 3], "rotation": 270, "texture": "#1_1", "cullface": "north"},
				"down": {"uv": [3, 3, 13, 2], "rotation": 90, "texture": "#1_1", "cullface": "north"}
			}
		},
		{
			"name": "middle",
			"from": [5, 7.5, 6],
			"to": [6, 8.5, 10],
			"faces": {
				"up": {"uv": [6, 5, 10, 6], "rotation": 270, "texture": "#1_1", "cullface": "north"},
				"down": {"uv": [6, 6, 10, 5], "rotation": 90, "texture": "#1_1", "cullface": "north"}
			}
		},
		{
			"name": "middle",
			"from": [3, 7.5, 4],
			"to": [4, 8.5, 12],
			"faces": {
				"up": {"uv": [4, 3, 12, 4], "rotation": 270, "texture": "#1_1", "cullface": "north"},
				"down": {"uv": [4, 4, 12, 3], "rotation": 90, "texture": "#1_1", "cullface": "north"}
			}
		},
		{
			"name": "middle",
			"from": [4, 7.5, 5],
			"to": [5, 8.5, 11],
			"faces": {
				"up": {"uv": [5, 4, 11, 5], "rotation": 270, "texture": "#1_1", "cullface": "north"},
				"down": {"uv": [5, 5, 11, 4], "rotation": 90, "texture": "#1_1", "cullface": "north"}
			}
		},
		{
			"name": "middle",
			"from": [6, 7.5, 7],
			"to": [7, 8.5, 9],
			"faces": {
				"down": {"uv": [7, 7, 9, 6], "rotation": 90, "texture": "#1_1", "cullface": "north"}
			}
		},
		{
			"name": "edge",
			"from": [-2.66401, 7.499, 7.35344],
			"to": [8.23599, 8.501, 8.35344],
			"rotation": {"angle": 45, "axis": "y", "origin": [8, 8, 8]},
			"faces": {
				"north": {"uv": [0, 0, 10.25, 1.002], "texture": "#missing", "cullface": "north"},
				"up": {"uv": [2, 0, 2.75, 7.75], "rotation": 270, "texture": "#1_1", "cullface": "north"},
				"down": {"uv": [2, 7.75, 2.75, 0], "rotation": 90, "texture": "#1_1", "cullface": "north"}
			}
		},
		{
			"name": "edge",
			"from": [7.37629, 7.499, -2.60882],
			"to": [8.37629, 8.501, 8.29118],
			"rotation": {"angle": 45, "axis": "y", "origin": [8, 8, 8]},
			"faces": {
				"west": {"uv": [0, 0, 10.9, 1.002], "texture": "#missing", "cullface": "north"},
				"up": {"uv": [2, 0, 2.75, 7.75], "texture": "#1_1", "cullface": "north"},
				"down": {"uv": [2, 7.75, 2.75, 0], "texture": "#1_1", "cullface": "north"}
			}
		},
		{
			"name": "middle",
			"from": [0, 0.5, 0.5],
			"to": [1, 0.5, 15.5],
			"faces": {
				"up": {"uv": [0.5, 0, 15.5, 1], "rotation": 270, "texture": "#1_1", "cullface": "north"}
			}
		},
		{
			"name": "middle",
			"from": [1, 0.5, 2],
			"to": [2, 0.5, 14],
			"faces": {
				"up": {"uv": [2, 1, 14, 2], "rotation": 270, "texture": "#1_1", "cullface": "north"}
			}
		},
		{
			"name": "middle",
			"from": [2, 0.5, 3],
			"to": [3, 0.5, 13],
			"faces": {
				"up": {"uv": [3, 2, 13, 3], "rotation": 270, "texture": "#1_1", "cullface": "north"}
			}
		},
		{
			"name": "middle",
			"from": [5, 0.5, 6],
			"to": [6, 0.5, 10],
			"faces": {
				"up": {"uv": [6, 5, 10, 6], "rotation": 270, "texture": "#1_1", "cullface": "north"}
			}
		},
		{
			"name": "middle",
			"from": [3, 0.5, 4],
			"to": [4, 0.5, 12],
			"faces": {
				"up": {"uv": [4, 3, 12, 4], "rotation": 270, "texture": "#1_1", "cullface": "north"}
			}
		},
		{
			"name": "middle",
			"from": [4, 0.5, 5],
			"to": [5, 0.5, 11],
			"faces": {
				"up": {"uv": [5, 4, 11, 5], "rotation": 270, "texture": "#1_1", "cullface": "north"}
			}
		},
		{
			"name": "middle",
			"from": [6, 0.5, 7],
			"to": [7, 0.5, 9],
			"faces": {
				"up": {"uv": [7, 6, 9, 7], "rotation": 270, "texture": "#1_1", "cullface": "north"}
			}
		},
		{
			"name": "edge",
			"from": [-2.66401, 0.501, 7.35343],
			"to": [7.88599, 0.501, 8.05343],
			"rotation": {"angle": 45, "axis": "y", "origin": [8, 8, 8]},
			"faces": {
				"up": {"uv": [2, 0, 2.75, 7.75], "rotation": 270, "texture": "#1_1", "cullface": "north"}
			}
		},
		{
			"name": "edge",
			"from": [7.37629, 0.501, -2.60882],
			"to": [8.07629, 0.501, 7.99118],
			"rotation": {"angle": 45, "axis": "y", "origin": [8, 8, 8]},
			"faces": {
				"up": {"uv": [2, 0, 2.75, 7.75], "texture": "#1_1", "cullface": "north"}
			}
		},
		{
			"name": "middle",
			"from": [0, 15.5, 0.5],
			"to": [1, 15.5, 15.5],
			"faces": {
				"down": {"uv": [0.5, 1, 15.5, 0], "rotation": 90, "texture": "#1_1", "cullface": "north"}
			}
		},
		{
			"name": "middle",
			"from": [1, 15.5, 2],
			"to": [2, 15.5, 14],
			"faces": {
				"down": {"uv": [2, 2, 14, 1], "rotation": 90, "texture": "#1_1", "cullface": "north"}
			}
		},
		{
			"name": "middle",
			"from": [2, 15.5, 3],
			"to": [3, 15.5, 13],
			"faces": {
				"down": {"uv": [3, 3, 13, 2], "rotation": 90, "texture": "#1_1", "cullface": "north"}
			}
		},
		{
			"name": "middle",
			"from": [5, 15.5, 6],
			"to": [6, 15.5, 10],
			"faces": {
				"down": {"uv": [6, 6, 10, 5], "rotation": 90, "texture": "#1_1", "cullface": "north"}
			}
		},
		{
			"name": "middle",
			"from": [3, 15.5, 4],
			"to": [4, 15.5, 12],
			"faces": {
				"down": {"uv": [4, 4, 12, 3], "rotation": 90, "texture": "#1_1", "cullface": "north"}
			}
		},
		{
			"name": "middle",
			"from": [4, 15.5, 5],
			"to": [5, 15.5, 11],
			"faces": {
				"down": {"uv": [5, 5, 11, 4], "rotation": 90, "texture": "#1_1", "cullface": "north"}
			}
		},
		{
			"name": "middle",
			"from": [6, 15.5, 7],
			"to": [7, 15.5, 9],
			"faces": {
				"down": {"uv": [7, 7, 9, 6], "rotation": 90, "texture": "#1_1", "cullface": "north"}
			}
		},
		{
			"name": "edge",
			"from": [-2.664, 15.499, 7.35343],
			"to": [7.886, 15.499, 8.05343],
			"rotation": {"angle": 45, "axis": "y", "origin": [8, 8, 8]},
			"faces": {
				"down": {"uv": [2, 7.75, 2.75, 0], "rotation": 90, "texture": "#1_1", "cullface": "north"}
			}
		},
		{
			"name": "edge",
			"from": [7.37629, 15.499, -2.60882],
			"to": [8.07629, 15.499, 7.99118],
			"rotation": {"angle": 45, "axis": "y", "origin": [8, 8, 8]},
			"faces": {
				"down": {"uv": [2, 7.75, 2.75, 0], "texture": "#1_1", "cullface": "north"}
			}
		},
		{
			"from": [7, 0.5, 9],
			"to": [9, 7, 14.5],
			"shade": false,
			"faces": {
				"east": {"uv": [3.625, 3.875, 5, 5.5], "texture": "#1_0", "cullface": "north"},
				"south": {"uv": [3, 3.875, 3.5, 5.5], "texture": "#1_0", "cullface": "north"},
				"west": {"uv": [4.875, 3.875, 6.25, 5.5], "texture": "#1_0", "cullface": "north"},
				"up": {"uv": [3.5, 3.375, 4.875, 3.875], "rotation": 270, "texture": "#1_0", "cullface": "north"}
			}
		},
		{
			"from": [6.99988, 0.5, 14.98202],
			"to": [7.99988, 5, 17.98202],
			"shade": false,
			"rotation": {"angle": 45, "axis": "y", "origin": [8, 8, 8]},
			"faces": {
				"north": {"uv": [4.5, 2.25, 4.75, 3.375], "texture": "#1_0", "cullface": "north"},
				"south": {"uv": [2.75, 2.25, 3, 3.375], "texture": "#1_0", "cullface": "north"},
				"west": {"uv": [4.5, 2.25, 3.75, 3.375], "texture": "#1_0", "cullface": "north"},
				"up": {"uv": [3, 2, 3.75, 2.25], "rotation": 270, "texture": "#1_0", "cullface": "north"}
			}
		},
		{
			"from": [3.5, 0.5, 12.5],
			"to": [5, 4.5, 15.5],
			"shade": false,
			"faces": {
				"south": {"uv": [0, 5.125, 0.375, 6.125], "texture": "#1_0", "cullface": "north"},
				"west": {"uv": [1.125, 5.125, 0.375, 6.125], "texture": "#1_0", "cullface": "north"},
				"up": {"uv": [0.375, 4.75, 1.125, 5.125], "rotation": 270, "texture": "#1_0", "cullface": "north"}
			}
		},
		{
			"from": [9, 0.5, 11.5],
			"to": [11, 6, 15],
			"shade": false,
			"faces": {
				"east": {"uv": [0.5, 3.375, 1.375, 4.75], "texture": "#1_0", "cullface": "north"},
				"south": {"uv": [0, 3.375, 0.5, 4.75], "texture": "#1_0", "cullface": "north"},
				"west": {"uv": [2.375, 3.375, 1.5, 4.75], "texture": "#1_0", "cullface": "north"},
				"up": {"uv": [0.5, 2.875, 1.375, 3.375], "rotation": 270, "texture": "#1_0", "cullface": "north"}
			}
		},
		{
			"from": [5.99988, 0.5, 14.33558],
			"to": [6.99988, 4.5, 17.33558],
			"shade": false,
			"rotation": {"angle": 45, "axis": "y", "origin": [8, 8, 8]},
			"faces": {
				"south": {"uv": [0.25, 6.375, 0, 7.375], "texture": "#1_0", "cullface": "north"},
				"west": {"uv": [1, 6.375, 0.25, 7.375], "texture": "#1_0", "cullface": "north"},
				"up": {"uv": [0.25, 6.125, 1, 6.375], "rotation": 270, "texture": "#1_0", "cullface": "north"}
			}
		},
		{
			"from": [5, 0.5, 11.5],
			"to": [7, 6.5, 15.5],
			"shade": false,
			"faces": {
				"east": {"uv": [4, 0.5, 5, 2], "texture": "#1_0", "cullface": "north"},
				"south": {"uv": [2.5, 0.5, 3, 2], "texture": "#1_0", "cullface": "north"},
				"west": {"uv": [4, 0.5, 3, 2], "texture": "#1_0", "cullface": "north"},
				"up": {"uv": [3, 0, 4, 0.5], "rotation": 270, "texture": "#1_0", "cullface": "north"}
			}
		},
		{
			"from": [-2.02524, 0.5, 8.05641],
			"to": [0.47476, 5, 9.05641],
			"shade": false,
			"rotation": {"angle": 45, "axis": "y", "origin": [8, 8, 8]},
			"faces": {
				"east": {"uv": [1.5, 1.75, 1.75, 2.875], "texture": "#1_0", "cullface": "north"},
				"south": {"uv": [0.25, 1.75, 0.875, 2.875], "texture": "#1_0", "cullface": "north"},
				"west": {"uv": [0, 1.75, 0.25, 2.875], "texture": "#1_0", "cullface": "north"},
				"up": {"uv": [0.25, 1.5, 0.875, 1.75], "texture": "#1_0", "cullface": "north"}
			}
		},
		{
			"from": [6.56154, 8.5, 13.93608],
			"to": [8.06154, 12.5, 16.93608],
			"shade": false,
			"rotation": {"angle": 45, "axis": "y", "origin": [8, 8, 8]},
			"faces": {
				"south": {"uv": [0, 5.125, 0.375, 6.125], "texture": "#1_0", "cullface": "north"},
				"west": {"uv": [1.875, 5.125, 1.125, 6.125], "texture": "#1_0", "cullface": "north"},
				"up": {"uv": [0.375, 4.75, 1.125, 5.125], "rotation": 270, "texture": "#1_0", "cullface": "north"}
			}
		},
		{
			"from": [7.5, 8.5, 9.5],
			"to": [9.5, 14.5, 13.5],
			"shade": false,
			"faces": {
				"east": {"uv": [4, 0.5, 5, 2], "texture": "#1_0", "cullface": "north"},
				"south": {"uv": [2.5, 0.5, 3, 2], "texture": "#1_0", "cullface": "north"},
				"west": {"uv": [4, 0.5, 3, 2], "texture": "#1_0", "cullface": "north"},
				"up": {"uv": [3, 0, 4, 0.5], "rotation": 270, "texture": "#1_0", "cullface": "north"}
			}
		},
		{
			"from": [5.5, 8.5, 11],
			"to": [7.5, 15, 15.5],
			"shade": false,
			"faces": {
				"east": {"uv": [3.5, 3.875, 4.625, 5.5], "texture": "#1_0", "cullface": "north"},
				"south": {"uv": [3, 3.875, 3.5, 5.5], "texture": "#1_0", "cullface": "north"},
				"west": {"uv": [4.625, 3.875, 3.5, 5.5], "texture": "#1_0", "cullface": "north"},
				"up": {"uv": [3.5, 3.375, 4.625, 3.875], "rotation": 270, "texture": "#1_0", "cullface": "north"}
			}
		},
		{
			"from": [9.5, 8.5, 11.5],
			"to": [11, 13, 15],
			"shade": false,
			"faces": {
				"east": {"uv": [0.375, 0.375, 1.25, 1.5], "texture": "#1_0", "cullface": "north"},
				"south": {"uv": [0, 0.375, 0.375, 1.5], "texture": "#1_0", "cullface": "north"},
				"west": {"uv": [1.25, 0.375, 2.125, 1.5], "texture": "#1_0", "cullface": "north"},
				"up": {"uv": [0.375, 0, 1.25, 0.375], "rotation": 270, "texture": "#1_0", "cullface": "north"}
			}
		},
		{
			"from": [4.5, 8.5, 12.5],
			"to": [5.5, 13, 15],
			"shade": false,
			"faces": {
				"south": {"uv": [0, 1.75, 0.25, 2.875], "texture": "#1_0", "cullface": "north"},
				"west": {"uv": [0.875, 1.75, 1.5, 2.875], "texture": "#1_0", "cullface": "north"},
				"up": {"uv": [0.25, 1.5, 0.875, 1.75], "rotation": 270, "texture": "#1_0", "cullface": "north"}
			}
		},
		{
			"from": [-1.02232, 8.5, 7.9166],
			"to": [1.97768, 12.5, 8.9166],
			"shade": false,
			"rotation": {"angle": 45, "axis": "y", "origin": [8, 8, 8]},
			"faces": {
				"south": {"uv": [0.25, 6.375, 1, 7.375], "texture": "#1_0", "cullface": "north"},
				"west": {"uv": [0, 6.375, 0.25, 7.375], "texture": "#1_0", "cullface": "north"},
				"up": {"uv": [0.25, 6.125, 1, 6.375], "texture": "#1_0", "cullface": "north"}
			}
		},
		{
			"name": "background",
			"from": [7.5, 0, 8.5],
			"to": [8.5, 16, 8.5],
			"faces": {
				"south": {"uv": [7.5, 0, 8.5, 16], "texture": "#1_1", "cullface": "north"}
			}
		},
		{
			"name": "middle",
			"from": [0.5, 7.5, 15],
			"to": [15.5, 8.5, 16],
			"faces": {
				"south": {"uv": [0.5, 7.5, 15.5, 8.5], "texture": "#0", "cullface": "north"},
				"up": {"uv": [1, 0, 15, 1], "rotation": 180, "texture": "#1_1", "cullface": "north"},
				"down": {"uv": [0.5, 1, 15.5, 0], "rotation": 180, "texture": "#1_1", "cullface": "north"}
			}
		},
		{
			"name": "middle",
			"from": [2, 7.5, 14],
			"to": [14, 8.5, 15],
			"faces": {
				"up": {"uv": [2, 1, 14, 2], "rotation": 180, "texture": "#1_1", "cullface": "north"},
				"down": {"uv": [2, 2, 14, 1], "rotation": 180, "texture": "#1_1", "cullface": "north"}
			}
		},
		{
			"name": "middle",
			"from": [3, 7.5, 13],
			"to": [13, 8.5, 14],
			"faces": {
				"up": {"uv": [3, 2, 13, 3], "rotation": 180, "texture": "#1_1", "cullface": "north"},
				"down": {"uv": [3, 3, 13, 2], "rotation": 180, "texture": "#1_1", "cullface": "north"}
			}
		},
		{
			"name": "middle",
			"from": [6, 7.5, 10],
			"to": [10, 8.5, 11],
			"faces": {
				"up": {"uv": [6, 5, 10, 6], "rotation": 180, "texture": "#1_1", "cullface": "north"},
				"down": {"uv": [6, 6, 10, 5], "rotation": 180, "texture": "#1_1", "cullface": "north"}
			}
		},
		{
			"name": "middle",
			"from": [4, 7.5, 12],
			"to": [12, 8.5, 13],
			"faces": {
				"up": {"uv": [4, 3, 12, 4], "rotation": 180, "texture": "#1_1", "cullface": "north"},
				"down": {"uv": [4, 4, 12, 3], "rotation": 180, "texture": "#1_1", "cullface": "north"}
			}
		},
		{
			"name": "middle",
			"from": [5, 7.5, 11],
			"to": [11, 8.5, 12],
			"faces": {
				"up": {"uv": [5, 4, 11, 5], "rotation": 180, "texture": "#1_1", "cullface": "north"},
				"down": {"uv": [5, 5, 11, 4], "rotation": 180, "texture": "#1_1", "cullface": "north"}
			}
		},
		{
			"name": "middle",
			"from": [7, 7.5, 9],
			"to": [9, 8.5, 10],
			"faces": {
				"down": {"uv": [7, 7, 9, 6], "rotation": 180, "texture": "#1_1", "cullface": "north"}
			}
		},
		{
			"name": "edge",
			"from": [7.35344, 7.499, 7.76401],
			"to": [8.35344, 8.501, 18.66401],
			"rotation": {"angle": 45, "axis": "y", "origin": [8, 8, 8]},
			"faces": {
				"west": {"uv": [0, 0, 10.25, 1.002], "texture": "#missing", "cullface": "north"},
				"up": {"uv": [2, 0, 2.75, 7.75], "rotation": 180, "texture": "#1_1", "cullface": "north"},
				"down": {"uv": [2, 7.75, 2.75, 0], "rotation": 180, "texture": "#1_1", "cullface": "north"}
			}
		},
		{
			"name": "edge",
			"from": [-2.60882, 7.499, 7.62371],
			"to": [8.29118, 8.501, 8.62371],
			"rotation": {"angle": 45, "axis": "y", "origin": [8, 8, 8]},
			"faces": {
				"south": {"uv": [0, 0, 10.9, 1.002], "texture": "#missing", "cullface": "north"},
				"up": {"uv": [2, 0, 2.75, 7.75], "rotation": 270, "texture": "#1_1", "cullface": "north"},
				"down": {"uv": [2, 7.75, 2.75, 0], "rotation": 90, "texture": "#1_1", "cullface": "north"}
			}
		},
		{
			"name": "middle",
			"from": [0.5, 0.5, 15],
			"to": [15.5, 0.5, 16],
			"faces": {
				"up": {"uv": [0.5, 0, 15.5, 1], "rotation": 180, "texture": "#1_1", "cullface": "north"}
			}
		},
		{
			"name": "middle",
			"from": [2, 0.5, 14],
			"to": [14, 0.5, 15],
			"faces": {
				"up": {"uv": [2, 1, 14, 2], "rotation": 180, "texture": "#1_1", "cullface": "north"}
			}
		},
		{
			"name": "middle",
			"from": [3, 0.5, 13],
			"to": [13, 0.5, 14],
			"faces": {
				"up": {"uv": [3, 2, 13, 3], "rotation": 180, "texture": "#1_1", "cullface": "north"}
			}
		},
		{
			"name": "middle",
			"from": [6, 0.5, 10],
			"to": [10, 0.5, 11],
			"faces": {
				"up": {"uv": [6, 5, 10, 6], "rotation": 180, "texture": "#1_1", "cullface": "north"}
			}
		},
		{
			"name": "middle",
			"from": [4, 0.5, 12],
			"to": [12, 0.5, 13],
			"faces": {
				"up": {"uv": [4, 3, 12, 4], "rotation": 180, "texture": "#1_1", "cullface": "north"}
			}
		},
		{
			"name": "middle",
			"from": [5, 0.5, 11],
			"to": [11, 0.5, 12],
			"faces": {
				"up": {"uv": [5, 4, 11, 5], "rotation": 180, "texture": "#1_1", "cullface": "north"}
			}
		},
		{
			"name": "middle",
			"from": [7, 0.5, 9],
			"to": [9, 0.5, 10],
			"faces": {
				"up": {"uv": [7, 6, 9, 7], "rotation": 180, "texture": "#1_1", "cullface": "north"}
			}
		},
		{
			"name": "edge",
			"from": [7.35343, 0.501, 8.11401],
			"to": [8.05343, 0.501, 18.66401],
			"rotation": {"angle": 45, "axis": "y", "origin": [8, 8, 8]},
			"faces": {
				"up": {"uv": [2, 0, 2.75, 7.75], "rotation": 180, "texture": "#1_1", "cullface": "north"}
			}
		},
		{
			"name": "edge",
			"from": [-2.60882, 0.501, 7.92371],
			"to": [7.99118, 0.501, 8.62371],
			"rotation": {"angle": 45, "axis": "y", "origin": [8, 8, 8]},
			"faces": {
				"up": {"uv": [2, 0, 2.75, 7.75], "rotation": 270, "texture": "#1_1", "cullface": "north"}
			}
		},
		{
			"name": "middle",
			"from": [0.5, 15.5, 15],
			"to": [15.5, 15.5, 16],
			"faces": {
				"down": {"uv": [0.5, 1, 15.5, 0], "rotation": 180, "texture": "#1_1", "cullface": "north"}
			}
		},
		{
			"name": "middle",
			"from": [2, 15.5, 14],
			"to": [14, 15.5, 15],
			"faces": {
				"down": {"uv": [2, 2, 14, 1], "rotation": 180, "texture": "#1_1", "cullface": "north"}
			}
		},
		{
			"name": "middle",
			"from": [3, 15.5, 13],
			"to": [13, 15.5, 14],
			"faces": {
				"down": {"uv": [3, 3, 13, 2], "rotation": 180, "texture": "#1_1", "cullface": "north"}
			}
		},
		{
			"name": "middle",
			"from": [6, 15.5, 10],
			"to": [10, 15.5, 11],
			"faces": {
				"down": {"uv": [6, 6, 10, 5], "rotation": 180, "texture": "#1_1", "cullface": "north"}
			}
		},
		{
			"name": "middle",
			"from": [4, 15.5, 12],
			"to": [12, 15.5, 13],
			"faces": {
				"down": {"uv": [4, 4, 12, 3], "rotation": 180, "texture": "#1_1", "cullface": "north"}
			}
		},
		{
			"name": "middle",
			"from": [5, 15.5, 11],
			"to": [11, 15.5, 12],
			"faces": {
				"down": {"uv": [5, 5, 11, 4], "rotation": 180, "texture": "#1_1", "cullface": "north"}
			}
		},
		{
			"name": "middle",
			"from": [7, 15.5, 9],
			"to": [9, 15.5, 10],
			"faces": {
				"down": {"uv": [7, 7, 9, 6], "rotation": 180, "texture": "#1_1", "cullface": "north"}
			}
		},
		{
			"name": "edge",
			"from": [7.35343, 15.499, 8.114],
			"to": [8.05343, 15.499, 18.664],
			"rotation": {"angle": 45, "axis": "y", "origin": [8, 8, 8]},
			"faces": {
				"down": {"uv": [2, 7.75, 2.75, 0], "rotation": 180, "texture": "#1_1", "cullface": "north"}
			}
		},
		{
			"name": "edge",
			"from": [-2.60882, 15.499, 7.92371],
			"to": [7.99118, 15.499, 8.62371],
			"rotation": {"angle": 45, "axis": "y", "origin": [8, 8, 8]},
			"faces": {
				"down": {"uv": [2, 7.75, 2.75, 0], "rotation": 90, "texture": "#1_1", "cullface": "north"}
			}
		},
		{
			"from": [9, 0.5, 7],
			"to": [14.5, 7, 9],
			"shade": false,
			"faces": {
				"north": {"uv": [3.625, 3.875, 5, 5.5], "texture": "#1_0", "cullface": "north"},
				"east": {"uv": [3, 3.875, 3.5, 5.5], "texture": "#1_0", "cullface": "north"},
				"south": {"uv": [4.875, 3.875, 6.25, 5.5], "texture": "#1_0", "cullface": "north"},
				"up": {"uv": [3.5, 3.375, 4.875, 3.875], "rotation": 180, "texture": "#1_0", "cullface": "north"}
			}
		},
		{
			"from": [14.98202, 0.5, 8.00012],
			"to": [17.98202, 5, 9.00012],
			"shade": false,
			"rotation": {"angle": 45, "axis": "y", "origin": [8, 8, 8]},
			"faces": {
				"east": {"uv": [2.75, 2.25, 3, 3.375], "texture": "#1_0", "cullface": "north"},
				"south": {"uv": [4.5, 2.25, 3.75, 3.375], "texture": "#1_0", "cullface": "north"},
				"west": {"uv": [4.5, 2.25, 4.75, 3.375], "texture": "#1_0", "cullface": "north"},
				"up": {"uv": [3, 2, 3.75, 2.25], "rotation": 180, "texture": "#1_0", "cullface": "north"}
			}
		},
		{
			"from": [12.5, 0.5, 11],
			"to": [15.5, 4.5, 12.5],
			"shade": false,
			"faces": {
				"east": {"uv": [0, 5.125, 0.375, 6.125], "texture": "#1_0", "cullface": "north"},
				"south": {"uv": [1.125, 5.125, 0.375, 6.125], "texture": "#1_0", "cullface": "north"},
				"up": {"uv": [0.375, 4.75, 1.125, 5.125], "rotation": 180, "texture": "#1_0", "cullface": "north"}
			}
		},
		{
			"from": [11.5, 0.5, 5],
			"to": [15, 6, 7],
			"shade": false,
			"faces": {
				"north": {"uv": [0.5, 3.375, 1.375, 4.75], "texture": "#1_0", "cullface": "north"},
				"east": {"uv": [0, 3.375, 0.5, 4.75], "texture": "#1_0", "cullface": "north"},
				"south": {"uv": [2.375, 3.375, 1.5, 4.75], "texture": "#1_0", "cullface": "north"},
				"up": {"uv": [0.5, 2.875, 1.375, 3.375], "rotation": 180, "texture": "#1_0", "cullface": "north"}
			}
		},
		{
			"from": [14.33558, 0.5, 9.00012],
			"to": [17.33558, 4.5, 10.00012],
			"shade": false,
			"rotation": {"angle": 45, "axis": "y", "origin": [8, 8, 8]},
			"faces": {
				"east": {"uv": [0.25, 6.375, 0, 7.375], "texture": "#1_0", "cullface": "north"},
				"south": {"uv": [1, 6.375, 0.25, 7.375], "texture": "#1_0", "cullface": "north"},
				"up": {"uv": [0.25, 6.125, 1, 6.375], "rotation": 180, "texture": "#1_0", "cullface": "north"}
			}
		},
		{
			"from": [11.5, 0.5, 9],
			"to": [15.5, 6.5, 11],
			"shade": false,
			"faces": {
				"north": {"uv": [4, 0.5, 5, 2], "texture": "#1_0", "cullface": "north"},
				"east": {"uv": [2.5, 0.5, 3, 2], "texture": "#1_0", "cullface": "north"},
				"south": {"uv": [4, 0.5, 3, 2], "texture": "#1_0", "cullface": "north"},
				"up": {"uv": [3, 0, 4, 0.5], "rotation": 180, "texture": "#1_0", "cullface": "north"}
			}
		},
		{
			"from": [8.05641, 0.5, 15.52524],
			"to": [9.05641, 5, 18.02524],
			"shade": false,
			"rotation": {"angle": 45, "axis": "y", "origin": [8, 8, 8]},
			"faces": {
				"north": {"uv": [1.5, 1.75, 1.75, 2.875], "texture": "#1_0", "cullface": "north"},
				"east": {"uv": [0.25, 1.75, 0.875, 2.875], "texture": "#1_0", "cullface": "north"},
				"south": {"uv": [0, 1.75, 0.25, 2.875], "texture": "#1_0", "cullface": "north"},
				"up": {"uv": [0.25, 1.5, 0.875, 1.75], "rotation": 270, "texture": "#1_0", "cullface": "north"}
			}
		},
		{
			"from": [13.93608, 8.5, 7.93846],
			"to": [16.93608, 12.5, 9.43846],
			"shade": false,
			"rotation": {"angle": 45, "axis": "y", "origin": [8, 8, 8]},
			"faces": {
				"east": {"uv": [0, 5.125, 0.375, 6.125], "texture": "#1_0", "cullface": "north"},
				"south": {"uv": [1.875, 5.125, 1.125, 6.125], "texture": "#1_0", "cullface": "north"},
				"up": {"uv": [0.375, 4.75, 1.125, 5.125], "rotation": 180, "texture": "#1_0", "cullface": "north"}
			}
		},
		{
			"from": [9.5, 8.5, 6.5],
			"to": [13.5, 14.5, 8.5],
			"shade": false,
			"faces": {
				"north": {"uv": [4, 0.5, 5, 2], "texture": "#1_0", "cullface": "north"},
				"east": {"uv": [2.5, 0.5, 3, 2], "texture": "#1_0", "cullface": "north"},
				"south": {"uv": [4, 0.5, 3, 2], "texture": "#1_0", "cullface": "north"},
				"up": {"uv": [3, 0, 4, 0.5], "rotation": 180, "texture": "#1_0", "cullface": "north"}
			}
		},
		{
			"from": [11, 8.5, 8.5],
			"to": [15.5, 15, 10.5],
			"shade": false,
			"faces": {
				"north": {"uv": [3.5, 3.875, 4.625, 5.5], "texture": "#1_0", "cullface": "north"},
				"east": {"uv": [3, 3.875, 3.5, 5.5], "texture": "#1_0", "cullface": "north"},
				"south": {"uv": [4.625, 3.875, 3.5, 5.5], "texture": "#1_0", "cullface": "north"},
				"up": {"uv": [3.5, 3.375, 4.625, 3.875], "rotation": 180, "texture": "#1_0", "cullface": "north"}
			}
		},
		{
			"from": [11.5, 8.5, 5],
			"to": [15, 13, 6.5],
			"shade": false,
			"faces": {
				"north": {"uv": [0.375, 0.375, 1.25, 1.5], "texture": "#1_0", "cullface": "north"},
				"east": {"uv": [0, 0.375, 0.375, 1.5], "texture": "#1_0", "cullface": "north"},
				"south": {"uv": [1.25, 0.375, 2.125, 1.5], "texture": "#1_0", "cullface": "north"},
				"up": {"uv": [0.375, 0, 1.25, 0.375], "rotation": 180, "texture": "#1_0", "cullface": "north"}
			}
		},
		{
			"from": [12.5, 8.5, 10.5],
			"to": [15, 13, 11.5],
			"shade": false,
			"faces": {
				"east": {"uv": [0, 1.75, 0.25, 2.875], "texture": "#1_0", "cullface": "north"},
				"south": {"uv": [0.875, 1.75, 1.5, 2.875], "texture": "#1_0", "cullface": "north"},
				"up": {"uv": [0.25, 1.5, 0.875, 1.75], "rotation": 180, "texture": "#1_0", "cullface": "north"}
			}
		},
		{
			"from": [7.9166, 8.5, 14.02232],
			"to": [8.9166, 12.5, 17.02232],
			"shade": false,
			"rotation": {"angle": 45, "axis": "y", "origin": [8, 8, 8]},
			"faces": {
				"east": {"uv": [0.25, 6.375, 1, 7.375], "texture": "#1_0", "cullface": "north"},
				"south": {"uv": [0, 6.375, 0.25, 7.375], "texture": "#1_0", "cullface": "north"},
				"up": {"uv": [0.25, 6.125, 1, 6.375], "rotation": 270, "texture": "#1_0", "cullface": "north"}
			}
		},
		{
			"name": "background",
			"from": [8.5, 0, 7.5],
			"to": [8.5, 16, 8.5],
			"faces": {
				"east": {"uv": [7.5, 0, 8.5, 16], "texture": "#1_1", "cullface": "north"}
			}
		},
		{
			"name": "middle",
			"from": [15, 7.5, 0.5],
			"to": [16, 8.5, 15.5],
			"faces": {
				"east": {"uv": [0.5, 7.5, 15.5, 8.5], "texture": "#0", "cullface": "north"},
				"up": {"uv": [1, 0, 15, 1], "rotation": 90, "texture": "#1_1", "cullface": "north"},
				"down": {"uv": [0.5, 1, 15.5, 0], "rotation": 270, "texture": "#1_1", "cullface": "north"}
			}
		},
		{
			"name": "middle",
			"from": [14, 7.5, 2],
			"to": [15, 8.5, 14],
			"faces": {
				"up": {"uv": [2, 1, 14, 2], "rotation": 90, "texture": "#1_1", "cullface": "north"},
				"down": {"uv": [2, 2, 14, 1], "rotation": 270, "texture": "#1_1", "cullface": "north"}
			}
		},
		{
			"name": "middle",
			"from": [13, 7.5, 3],
			"to": [14, 8.5, 13],
			"faces": {
				"up": {"uv": [3, 2, 13, 3], "rotation": 90, "texture": "#1_1", "cullface": "north"},
				"down": {"uv": [3, 3, 13, 2], "rotation": 270, "texture": "#1_1", "cullface": "north"}
			}
		},
		{
			"name": "middle",
			"from": [10, 7.5, 6],
			"to": [11, 8.5, 10],
			"faces": {
				"up": {"uv": [6, 5, 10, 6], "rotation": 90, "texture": "#1_1", "cullface": "north"},
				"down": {"uv": [6, 6, 10, 5], "rotation": 270, "texture": "#1_1", "cullface": "north"}
			}
		},
		{
			"name": "middle",
			"from": [12, 7.5, 4],
			"to": [13, 8.5, 12],
			"faces": {
				"up": {"uv": [4, 3, 12, 4], "rotation": 90, "texture": "#1_1", "cullface": "north"},
				"down": {"uv": [4, 4, 12, 3], "rotation": 270, "texture": "#1_1", "cullface": "north"}
			}
		},
		{
			"name": "middle",
			"from": [11, 7.5, 5],
			"to": [12, 8.5, 11],
			"faces": {
				"up": {"uv": [5, 4, 11, 5], "rotation": 90, "texture": "#1_1", "cullface": "north"},
				"down": {"uv": [5, 5, 11, 4], "rotation": 270, "texture": "#1_1", "cullface": "north"}
			}
		},
		{
			"name": "middle",
			"from": [9, 7.5, 7],
			"to": [10, 8.5, 9],
			"faces": {
				"down": {"uv": [7, 7, 9, 6], "rotation": 270, "texture": "#1_1", "cullface": "north"}
			}
		},
		{
			"name": "edge",
			"from": [7.76401, 7.499, 7.64656],
			"to": [18.66401, 8.501, 8.64656],
			"rotation": {"angle": 45, "axis": "y", "origin": [8, 8, 8]},
			"faces": {
				"south": {"uv": [0, 0, 10.25, 1.002], "texture": "#missing", "cullface": "north"},
				"up": {"uv": [2, 0, 2.75, 7.75], "rotation": 90, "texture": "#1_1", "cullface": "north"},
				"down": {"uv": [2, 7.75, 2.75, 0], "rotation": 270, "texture": "#1_1", "cullface": "north"}
			}
		},
		{
			"name": "edge",
			"from": [7.62371, 7.499, 7.70882],
			"to": [8.62371, 8.501, 18.60882],
			"rotation": {"angle": 45, "axis": "y", "origin": [8, 8, 8]},
			"faces": {
				"east": {"uv": [0, 0, 10.9, 1.002], "texture": "#missing", "cullface": "north"},
				"up": {"uv": [2, 0, 2.75, 7.75], "rotation": 180, "texture": "#1_1", "cullface": "north"},
				"down": {"uv": [2, 7.75, 2.75, 0], "rotation": 180, "texture": "#1_1", "cullface": "north"}
			}
		},
		{
			"name": "middle",
			"from": [15, 0.5, 0.5],
			"to": [16, 0.5, 15.5],
			"faces": {
				"up": {"uv": [0.5, 0, 15.5, 1], "rotation": 90, "texture": "#1_1", "cullface": "north"}
			}
		},
		{
			"name": "middle",
			"from": [14, 0.5, 2],
			"to": [15, 0.5, 14],
			"faces": {
				"up": {"uv": [2, 1, 14, 2], "rotation": 90, "texture": "#1_1", "cullface": "north"}
			}
		},
		{
			"name": "middle",
			"from": [13, 0.5, 3],
			"to": [14, 0.5, 13],
			"faces": {
				"up": {"uv": [3, 2, 13, 3], "rotation": 90, "texture": "#1_1", "cullface": "north"}
			}
		},
		{
			"name": "middle",
			"from": [10, 0.5, 6],
			"to": [11, 0.5, 10],
			"faces": {
				"up": {"uv": [6, 5, 10, 6], "rotation": 90, "texture": "#1_1", "cullface": "north"}
			}
		},
		{
			"name": "middle",
			"from": [12, 0.5, 4],
			"to": [13, 0.5, 12],
			"faces": {
				"up": {"uv": [4, 3, 12, 4], "rotation": 90, "texture": "#1_1", "cullface": "north"}
			}
		},
		{
			"name": "middle",
			"from": [11, 0.5, 5],
			"to": [12, 0.5, 11],
			"faces": {
				"up": {"uv": [5, 4, 11, 5], "rotation": 90, "texture": "#1_1", "cullface": "north"}
			}
		},
		{
			"name": "middle",
			"from": [9, 0.5, 7],
			"to": [10, 0.5, 9],
			"faces": {
				"up": {"uv": [7, 6, 9, 7], "rotation": 90, "texture": "#1_1", "cullface": "north"}
			}
		},
		{
			"name": "edge",
			"from": [8.11401, 0.501, 7.94657],
			"to": [18.66401, 0.501, 8.64657],
			"rotation": {"angle": 45, "axis": "y", "origin": [8, 8, 8]},
			"faces": {
				"up": {"uv": [2, 0, 2.75, 7.75], "rotation": 90, "texture": "#1_1", "cullface": "north"}
			}
		},
		{
			"name": "edge",
			"from": [7.92371, 0.501, 8.00882],
			"to": [8.62371, 0.501, 18.60882],
			"rotation": {"angle": 45, "axis": "y", "origin": [8, 8, 8]},
			"faces": {
				"up": {"uv": [2, 0, 2.75, 7.75], "rotation": 180, "texture": "#1_1", "cullface": "north"}
			}
		},
		{
			"name": "middle",
			"from": [15, 15.5, 0.5],
			"to": [16, 15.5, 15.5],
			"faces": {
				"down": {"uv": [0.5, 1, 15.5, 0], "rotation": 270, "texture": "#1_1", "cullface": "north"}
			}
		},
		{
			"name": "middle",
			"from": [14, 15.5, 2],
			"to": [15, 15.5, 14],
			"faces": {
				"down": {"uv": [2, 2, 14, 1], "rotation": 270, "texture": "#1_1", "cullface": "north"}
			}
		},
		{
			"name": "middle",
			"from": [13, 15.5, 3],
			"to": [14, 15.5, 13],
			"faces": {
				"down": {"uv": [3, 3, 13, 2], "rotation": 270, "texture": "#1_1", "cullface": "north"}
			}
		},
		{
			"name": "middle",
			"from": [10, 15.5, 6],
			"to": [11, 15.5, 10],
			"faces": {
				"down": {"uv": [6, 6, 10, 5], "rotation": 270, "texture": "#1_1", "cullface": "north"}
			}
		},
		{
			"name": "middle",
			"from": [12, 15.5, 4],
			"to": [13, 15.5, 12],
			"faces": {
				"down": {"uv": [4, 4, 12, 3], "rotation": 270, "texture": "#1_1", "cullface": "north"}
			}
		},
		{
			"name": "middle",
			"from": [11, 15.5, 5],
			"to": [12, 15.5, 11],
			"faces": {
				"down": {"uv": [5, 5, 11, 4], "rotation": 270, "texture": "#1_1", "cullface": "north"}
			}
		},
		{
			"name": "middle",
			"from": [9, 15.5, 7],
			"to": [10, 15.5, 9],
			"faces": {
				"down": {"uv": [7, 7, 9, 6], "rotation": 270, "texture": "#1_1", "cullface": "north"}
			}
		},
		{
			"name": "edge",
			"from": [8.114, 15.499, 7.94657],
			"to": [18.664, 15.499, 8.64657],
			"rotation": {"angle": 45, "axis": "y", "origin": [8, 8, 8]},
			"faces": {
				"down": {"uv": [2, 7.75, 2.75, 0], "rotation": 270, "texture": "#1_1", "cullface": "north"}
			}
		},
		{
			"name": "edge",
			"from": [7.92371, 15.499, 8.00882],
			"to": [8.62371, 15.499, 18.60882],
			"rotation": {"angle": 45, "axis": "y", "origin": [8, 8, 8]},
			"faces": {
				"down": {"uv": [2, 7.75, 2.75, 0], "rotation": 180, "texture": "#1_1", "cullface": "north"}
			}
		}
	],
	"display": {},
	"groups": [
		{
			"name": "bookshelf",
			"origin": [8, 23, 8],
			"children": [0, 1, 2, 3, 4, 5]
		},
		{
			"name": "books_0",
			"origin": [8, 8, 8],
			"children": [
				{
					"name": "books",
					"origin": [10.21343, 10.77214, 3.80994],
					"children": [
						{
							"name": "top",
							"origin": [13.08075, 10.79602, 2.30994],
							"children": [6, 7, 8, 9, 10, 11, 12]
						},
						{
							"name": "bottom",
							"origin": [11.96343, 2.77214, 5.80994],
							"children": [13, 14, 15, 16, 17, 18]
						}
					]
				}, 19,
				{
					"name": "middle",
					"origin": [8.45926, 7.998, 7.24784],
					"children": [20, 21, 22, 23, 24, 25, 26, 27, 28]
				},
				{
					"name": "bottom",
					"origin": [8.45926, 7.998, 7.24784],
					"children": [29, 30, 31, 32, 33, 34, 35, 36, 37]
				},
				{
					"name": "top",
					"origin": [8.45926, 7.998, 7.24784],
					"children": [38, 39, 40, 41, 42, 43, 44, 45, 46]
				}
			]
		},
		{
			"name": "books_0",
			"origin": [8, 8, 8],
			"children": [
				{
					"name": "books",
					"origin": [10.21343, 10.77214, 3.80994],
					"children": [
						{
							"name": "top",
							"origin": [13.08075, 10.79602, 2.30994],
							"children": [47, 48, 49, 50, 51, 52, 53]
						},
						{
							"name": "bottom",
							"origin": [11.96343, 2.77214, 5.80994],
							"children": [54, 55, 56, 57, 58, 59]
						}
					]
				}, 60,
				{
					"name": "middle",
					"origin": [8.45926, 7.998, 7.24784],
					"children": [61, 62, 63, 64, 65, 66, 67, 68, 69]
				},
				{
					"name": "bottom",
					"origin": [8.45926, 7.998, 7.24784],
					"children": [70, 71, 72, 73, 74, 75, 76, 77, 78]
				},
				{
					"name": "top",
					"origin": [8.45926, 7.998, 7.24784],
					"children": [79, 80, 81, 82, 83, 84, 85, 86, 87]
				}
			]
		},
		{
			"name": "books_0",
			"origin": [8, 8, 8],
			"children": [
				{
					"name": "books",
					"origin": [10.21343, 10.77214, 3.80994],
					"children": [
						{
							"name": "top",
							"origin": [13.08075, 10.79602, 2.30994],
							"children": [88, 89, 90, 91, 92, 93, 94]
						},
						{
							"name": "bottom",
							"origin": [11.96343, 2.77214, 5.80994],
							"children": [95, 96, 97, 98, 99, 100]
						}
					]
				}, 101,
				{
					"name": "middle",
					"origin": [8.45926, 7.998, 7.24784],
					"children": [102, 103, 104, 105, 106, 107, 108, 109, 110]
				},
				{
					"name": "bottom",
					"origin": [8.45926, 7.998, 7.24784],
					"children": [111, 112, 113, 114, 115, 116, 117, 118, 119]
				},
				{
					"name": "top",
					"origin": [8.45926, 7.998, 7.24784],
					"children": [120, 121, 122, 123, 124, 125, 126, 127, 128]
				}
			]
		},
		{
			"name": "books_0",
			"origin": [8, 8, 8],
			"children": [
				{
					"name": "books",
					"origin": [10.21343, 10.77214, 3.80994],
					"children": [
						{
							"name": "top",
							"origin": [13.08075, 10.79602, 2.30994],
							"children": [129, 130, 131, 132, 133, 134, 135]
						},
						{
							"name": "bottom",
							"origin": [11.96343, 2.77214, 5.80994],
							"children": [136, 137, 138, 139, 140, 141]
						}
					]
				}, 142,
				{
					"name": "middle",
					"origin": [8.45926, 7.998, 7.24784],
					"children": [143, 144, 145, 146, 147, 148, 149, 150, 151]
				},
				{
					"name": "bottom",
					"origin": [8.45926, 7.998, 7.24784],
					"children": [152, 153, 154, 155, 156, 157, 158, 159, 160]
				},
				{
					"name": "top",
					"origin": [8.45926, 7.998, 7.24784],
					"children": [161, 162, 163, 164, 165, 166, 167, 168, 169]
				}
			]
		}
	]
}