{
	"credit": "Made with Blockbench by Juknum",
	"parent": "item/door_display",
	"textures": {
		"0": "block/crimson_door_bottom",
		"1": "block/crimson_door_special",
		"particle": "block/crimson_door_top",
		"2_0": "block/crimson_door_top"
	},
	"elements": [
		{
			"name": "plank",
			"from": [0, 5, 9.5],
			"to": [16, 12, 10],
			"faces": {
				"east": {"uv": [15.5, 4, 16, 11], "texture": "#0"},
				"south": {"uv": [0, 4, 16, 11], "texture": "#0"},
				"west": {"uv": [0, 4, 0.5, 11], "texture": "#0"},
				"up": {"uv": [0, 4, 16, 4.5], "texture": "#0"},
				"down": {"uv": [0, 10.5, 16, 11], "rotation": 180, "texture": "#0"}
			}
		},
		{
			"name": "plank",
			"from": [-0.5, 5, 6.5],
			"to": [0, 12, 9.5],
			"faces": {
				"north": {"uv": [2.5, 13, 5.75, 13.25], "rotation": 270, "texture": "#1"},
				"south": {"uv": [2.5, 14.25, 5.75, 14.5], "rotation": 270, "texture": "#1"},
				"west": {"uv": [2.5, 13, 5.75, 14.5], "rotation": 270, "texture": "#1"},
				"up": {"uv": [5.5, 13, 5.75, 14.5], "rotation": 180, "texture": "#1"},
				"down": {"uv": [2.5, 13, 2.75, 14.5], "texture": "#1"}
			}
		},
		{
			"name": "bottom",
			"from": [0, 0, 6.5],
			"to": [16, 16, 9.5],
			"faces": {
				"north": {"uv": [16, 0, 0, 16], "texture": "#0"},
				"east": {"uv": [0, 13, 8, 14.5], "rotation": 270, "texture": "#1", "cullface": "north"},
				"south": {"uv": [0, 0, 16, 16], "texture": "#0", "cullface": "west"},
				"west": {"uv": [0, 13, 8, 14.5], "rotation": 270, "texture": "#1", "cullface": "north"},
				"up": {"uv": [0, 11.5, 8, 13], "rotation": 180, "texture": "#1", "cullface": "north"},
				"down": {"uv": [0, 14.5, 8, 16], "texture": "#1", "cullface": "north"}
			}
		},
		{
			"name": "plank",
			"from": [16, 5, 6.5],
			"to": [16.5, 12, 9.5],
			"faces": {
				"north": {"uv": [2.5, 14.25, 5.75, 14.5], "rotation": 270, "texture": "#1"},
				"east": {"uv": [2.5, 13, 5.75, 14.5], "rotation": 270, "texture": "#1"},
				"south": {"uv": [2.5, 13, 5.75, 13.25], "rotation": 270, "texture": "#1"},
				"up": {"uv": [5.5, 13, 5.75, 14.5], "texture": "#1"},
				"down": {"uv": [2.5, 13, 2.75, 14.5], "rotation": 180, "texture": "#1"}
			}
		},
		{
			"name": "plank",
			"from": [0, 5, 6],
			"to": [16, 12, 6.5],
			"faces": {
				"north": {"uv": [16, 4, 0, 11], "texture": "#0"},
				"east": {"uv": [0, 4, 0.5, 11], "texture": "#0"},
				"west": {"uv": [15.5, 4, 16, 11], "texture": "#0"},
				"up": {"uv": [0, 4, 16, 4.5], "rotation": 180, "texture": "#0"},
				"down": {"uv": [0, 10.5, 16, 11], "texture": "#0"}
			}
		},
		{
			"name": "top",
			"from": [0, 16, 6.5],
			"to": [16, 32, 9.5],
			"faces": {
				"north": {"uv": [16, 0, 0, 16], "texture": "#2_0"},
				"east": {"uv": [0, 0, 8, 1.5], "rotation": 270, "texture": "#1", "cullface": "north"},
				"south": {"uv": [0, 0, 16, 16], "texture": "#2_0", "cullface": "west"},
				"west": {"uv": [0, 0, 8, 1.5], "rotation": 270, "texture": "#1", "cullface": "north"},
				"up": {"uv": [0, 1.5, 8, 3], "rotation": 180, "texture": "#1", "cullface": "north"},
				"down": {"uv": [0, 3, 8, 4.5], "texture": "#1", "cullface": "north"}
			}
		},
		{
			"name": "plank",
			"from": [0, 21.5, 9.5],
			"to": [16, 27.5, 10],
			"faces": {
				"east": {"uv": [15.5, 4.5, 16, 10.5], "texture": "#2_0"},
				"south": {"uv": [0, 4.5, 16, 10.5], "texture": "#2_0"},
				"west": {"uv": [0, 4.5, 0.5, 10.5], "texture": "#2_0"},
				"up": {"uv": [0, 4.5, 16, 5], "texture": "#2_0"},
				"down": {"uv": [0, 10, 16, 10.5], "rotation": 180, "texture": "#2_0"}
			}
		},
		{
			"name": "plank",
			"from": [0, 21.5, 6],
			"to": [16, 27.5, 6.5],
			"faces": {
				"north": {"uv": [0, 4.5, 16, 10.5], "texture": "#2_0"},
				"east": {"uv": [0, 4.5, 0.5, 10.5], "texture": "#2_0"},
				"west": {"uv": [15.5, 4.5, 16, 10.5], "texture": "#2_0"},
				"up": {"uv": [0, 4.5, 16, 5], "rotation": 180, "texture": "#2_0"},
				"down": {"uv": [0, 10, 16, 10.5], "texture": "#2_0"}
			}
		},
		{
			"name": "plank",
			"from": [16, 21.5, 6.5],
			"to": [16.5, 27.5, 9.5],
			"faces": {
				"north": {"uv": [2.75, 1.25, 5.5, 1.5], "rotation": 270, "texture": "#1"},
				"east": {"uv": [2.5, 13, 5.75, 14.5], "rotation": 270, "texture": "#1"},
				"south": {"uv": [2.75, 0, 5.5, 0.25], "rotation": 270, "texture": "#1"},
				"up": {"uv": [5.25, 0, 5.5, 1.5], "texture": "#1"},
				"down": {"uv": [2.75, 0, 3, 1.5], "rotation": 180, "texture": "#1"}
			}
		},
		{
			"name": "plank",
			"from": [-0.5, 21.5, 6.5],
			"to": [0, 27.5, 9.5],
			"faces": {
				"north": {"uv": [2.75, 0, 5.5, 0.25], "rotation": 270, "texture": "#1"},
				"south": {"uv": [2.75, 1.25, 5.5, 1.5], "rotation": 270, "texture": "#1"},
				"west": {"uv": [2.5, 13, 5.75, 14.5], "rotation": 270, "texture": "#1"},
				"up": {"uv": [5.25, 0, 5.5, 1.5], "rotation": 180, "texture": "#1"},
				"down": {"uv": [2.75, 0, 3, 1.5], "texture": "#1"}
			}
		},
		{
			"name": "handle",
			"from": [11, 16, 9.5],
			"to": [12, 17, 9.75],
			"faces": {
				"south": {"uv": [11, 15, 12, 16], "texture": "#2_0"},
				"west": {"uv": [12, 14, 12.25, 15], "texture": "#2_0"},
				"up": {"uv": [12, 14, 12.25, 15], "rotation": 270, "texture": "#2_0"},
				"down": {"uv": [12.5, 15, 12.75, 16], "rotation": 90, "texture": "#2_0"}
			}
		},
		{
			"name": "handle",
			"from": [11.5, 16, 9.5],
			"to": [12.5, 17.5, 9.75],
			"faces": {
				"east": {"uv": [12.5, 15, 12.75, 16], "texture": "#2_0"},
				"south": {"uv": [11.5, 14.5, 12.5, 15.5], "texture": "#2_0"},
				"west": {"uv": [12, 14, 12.25, 15.5], "texture": "#2_0"},
				"up": {"uv": [12, 14, 12.25, 15], "rotation": 270, "texture": "#2_0"},
				"down": {"uv": [12.5, 15, 12.75, 16], "rotation": 90, "texture": "#2_0"}
			}
		},
		{
			"name": "handle",
			"from": [12, 16.5, 9.5],
			"to": [13.5, 18, 9.75],
			"faces": {
				"east": {"uv": [12.5, 15, 12.75, 16], "texture": "#2_0"},
				"south": {"uv": [12, 14, 13.5, 15.5], "texture": "#2_0"},
				"west": {"uv": [12, 14, 12.25, 15.5], "texture": "#2_0"},
				"up": {"uv": [12, 14, 12.25, 15.5], "rotation": 270, "texture": "#2_0"},
				"down": {"uv": [12.5, 15, 12.75, 16], "rotation": 90, "texture": "#2_0"}
			}
		},
		{
			"name": "handle",
			"from": [12, 16, 9.75],
			"to": [14, 17.5, 10],
			"faces": {
				"north": {"uv": [14, 14.5, 12, 16], "texture": "#2_0"},
				"east": {"uv": [13.5, 15.5, 13.75, 16], "texture": "#2_0"},
				"south": {"uv": [12, 14.5, 14, 16], "texture": "#2_0"},
				"west": {"uv": [12, 14, 12.25, 15.5], "texture": "#2_0"},
				"up": {"uv": [12, 14.5, 14, 14.75], "texture": "#2_0"},
				"down": {"uv": [14.5, 15, 12.5, 15.25], "rotation": 180, "texture": "#2_0"}
			}
		},
		{
			"name": "handle",
			"from": [11.5, 15.5, 9.75],
			"to": [12.5, 16.5, 10],
			"faces": {
				"north": {"uv": [12.5, 15.5, 11.5, 16], "texture": "#2_0"},
				"east": {"uv": [12.5, 15.5, 12.75, 16], "texture": "#2_0"},
				"south": {"uv": [11.5, 15.5, 12.5, 16], "texture": "#2_0"},
				"west": {"uv": [12, 14, 12.25, 15], "texture": "#2_0"},
				"up": {"uv": [12, 14, 12.25, 15], "rotation": 270, "texture": "#2_0"},
				"down": {"uv": [11.5, 15.5, 12.5, 15.75], "rotation": 180, "texture": "#2_0"}
			}
		},
		{
			"name": "handle",
			"from": [13.5, 17, 9.5],
			"to": [15.5, 18, 9.75],
			"faces": {
				"east": {"uv": [15, 14, 15.25, 15], "texture": "#2_0"},
				"south": {"uv": [13.5, 14, 15.5, 15], "texture": "#2_0"},
				"up": {"uv": [13.5, 14, 15.5, 14.25], "texture": "#2_0"},
				"down": {"uv": [12.5, 15, 12.75, 16], "rotation": 90, "texture": "#2_0"}
			}
		},
		{
			"name": "handle",
			"from": [14, 16.5, 9.75],
			"to": [14.5, 17.5, 10],
			"faces": {
				"north": {"uv": [14, 14.5, 14.5, 15.5], "texture": "#2_0"},
				"east": {"uv": [14, 14.5, 14.25, 15.5], "texture": "#2_0"},
				"south": {"uv": [14, 14.5, 14.5, 15.5], "texture": "#2_0"},
				"up": {"uv": [14, 14.5, 14.25, 15], "rotation": 270, "texture": "#2_0"},
				"down": {"uv": [12.5, 15, 12.75, 15.5], "rotation": 90, "texture": "#2_0"}
			}
		},
		{
			"name": "handle",
			"from": [11, 16, 6.25],
			"to": [12, 17, 6.5],
			"faces": {
				"north": {"uv": [11, 15, 12, 16], "texture": "#2_0"},
				"west": {"uv": [12, 14, 12.25, 15], "texture": "#2_0"},
				"up": {"uv": [12, 14, 12.25, 15], "rotation": 270, "texture": "#2_0"},
				"down": {"uv": [12.5, 15, 12.75, 16], "rotation": 90, "texture": "#2_0"}
			}
		},
		{
			"name": "handle",
			"from": [11.5, 15.5, 6],
			"to": [12.5, 16.5, 6.25],
			"faces": {
				"north": {"uv": [12.5, 15.5, 11.5, 16], "texture": "#2_0"},
				"east": {"uv": [12.5, 15.5, 12.75, 16], "texture": "#2_0"},
				"south": {"uv": [11.5, 15.5, 12.5, 16], "texture": "#2_0"},
				"west": {"uv": [12, 14, 12.25, 15], "texture": "#2_0"},
				"up": {"uv": [12, 14, 12.25, 15], "rotation": 270, "texture": "#2_0"},
				"down": {"uv": [12.5, 15.5, 11.5, 15.75], "rotation": 180, "texture": "#2_0"}
			}
		},
		{
			"name": "handle",
			"from": [14, 16.5, 6],
			"to": [14.5, 17.5, 6.25],
			"faces": {
				"north": {"uv": [14, 14.5, 14.5, 15.5], "texture": "#2_0"},
				"east": {"uv": [14, 14.5, 14.25, 15.5], "texture": "#2_0"},
				"south": {"uv": [14, 14.5, 14.5, 15.5], "texture": "#2_0"},
				"up": {"uv": [14, 14.5, 14.25, 15], "rotation": 270, "texture": "#2_0"},
				"down": {"uv": [12.5, 15, 12.75, 15.5], "rotation": 90, "texture": "#2_0"}
			}
		},
		{
			"name": "handle",
			"from": [11.5, 16, 6.25],
			"to": [12.5, 17.5, 6.5],
			"faces": {
				"north": {"uv": [11.5, 14.5, 12.5, 15.5], "texture": "#2_0"},
				"east": {"uv": [12.5, 15, 12.75, 16], "texture": "#2_0"},
				"west": {"uv": [12, 14, 12.25, 15.5], "texture": "#2_0"},
				"up": {"uv": [12, 14, 12.25, 15], "rotation": 270, "texture": "#2_0"},
				"down": {"uv": [12.5, 15, 12.75, 16], "rotation": 90, "texture": "#2_0"}
			}
		},
		{
			"name": "handle",
			"from": [13.5, 17, 6.25],
			"to": [15.5, 18, 6.5],
			"faces": {
				"north": {"uv": [13.5, 14, 15.5, 15], "texture": "#2_0"},
				"east": {"uv": [15, 14, 15.25, 15], "texture": "#2_0"},
				"up": {"uv": [13.5, 14, 15.5, 14.25], "texture": "#2_0"},
				"down": {"uv": [12.5, 15, 12.75, 16], "rotation": 90, "texture": "#2_0"}
			}
		},
		{
			"name": "handle",
			"from": [12, 16.5, 6.25],
			"to": [13.5, 18, 6.5],
			"faces": {
				"north": {"uv": [12, 14, 13.5, 15.5], "texture": "#2_0"},
				"east": {"uv": [12.5, 15, 12.75, 16], "texture": "#2_0"},
				"west": {"uv": [12, 14, 12.25, 15.5], "texture": "#2_0"},
				"up": {"uv": [12, 14, 12.25, 15.5], "rotation": 270, "texture": "#2_0"},
				"down": {"uv": [12.5, 15, 12.75, 16], "rotation": 90, "texture": "#2_0"}
			}
		},
		{
			"name": "handle",
			"from": [12, 16, 6],
			"to": [14, 17.5, 6.25],
			"faces": {
				"north": {"uv": [14, 14.5, 12, 16], "texture": "#2_0"},
				"east": {"uv": [13.5, 15.5, 13.75, 16], "texture": "#2_0"},
				"south": {"uv": [12, 14.5, 14, 16], "texture": "#2_0"},
				"west": {"uv": [12, 14, 12.25, 15.5], "texture": "#2_0"},
				"up": {"uv": [12, 14.5, 14, 14.75], "texture": "#2_0"},
				"down": {"uv": [14.5, 15, 12.5, 15.25], "rotation": 180, "texture": "#2_0"}
			}
		}
	],
	"groups": [
		{
			"name": "crimson_door_bottom",
			"origin": [8, 8, 8],
			"children": [
				{
					"name": "bottom",
					"origin": [8, 8, 8],
					"children": [0, 1, 2, 3, 4]
				}
			]
		},
		{
			"name": "crimson_door_top",
			"origin": [8, 8, 8],
			"children": [
				{
					"name": "top",
					"origin": [8, 8, 8],
					"children": [5, 6, 7, 8, 9,
						{
							"name": "handle",
							"origin": [8, 8, 8],
							"children": [10, 11, 12, 13, 14, 15, 16, 17, 18, 19, 20, 21, 22, 23]
						}
					]
				}
			]
		}
	]
}