{
    "parent": "item/wooden_axe",
    "textures": {
        "layer0": "item/diamond_axe",
		"particle": "item/diamond_axe"
    }
    "overrides": [
        {"predicate": {"damaged": 0, "damage": 0.00064}, "model": "majesty/slots/fill"},
        {"predicate": {"damaged": 0, "damage": 0.00128}, "model": "majesty/slots/workbench"},
        {"predicate": {"damaged": 0, "damage": 0.00192}, "model": "majesty/slots/info"},
        {"predicate": {"damaged": 0, "damage": 0.00256}, "model": "majesty/slots/helmet"},
        {"predicate": {"damaged": 0, "damage": 0.00320}, "model": "majesty/slots/chestplate"},
        {"predicate": {"damaged": 0, "damage": 0.00384}, "model": "majesty/slots/leggings"},
        {"predicate": {"damaged": 0, "damage": 0.00448}, "model": "majesty/slots/boots"},
        {"predicate": {"damaged": 0, "damage": 0.00512}, "model": "majesty/slots/gloves"},
        {"predicate": {"damaged": 0, "damage": 0.00576}, "model": "majesty/slots/weapon"},
        {"predicate": {"damaged": 0, "damage": 0.00640}, "model": "majesty/slots/shield"},
        {"predicate": {"damaged": 0, "damage": 0.00704}, "model": "majesty/slots/elytra"},
        {"predicate": {"damaged": 0, "damage": 0.00768}, "model": "majesty/slots/ring"},
        {"predicate": {"damaged": 0, "damage": 0.00832}, "model": "majesty/slots/amulet"},
        {"predicate": {"damaged": 0, "damage": 0.00896}, "model": "majesty/slots/pet"},
        {"predicate": {"damaged": 0, "damage": 0.00960}, "model": "majesty/slots/backpack"},
        {"predicate": {"damaged": 0, "damage": 0.01024}, "model": "majesty/slots/artifact"},
        {"predicate": {"damaged": 0, "damage": 0.01088}, "model": "majesty/slots/empty"},
        {"predicate": {"damaged": 0, "damage": 0.01152}, "model": "majesty/slots/available"},
        {"predicate": {"damaged": 0, "damage": 0.01216}, "model": "majesty/slots/locked"},
        {"predicate": {"damaged": 0, "damage": 0.01280}, "model": "majesty/backpacks/small"},
        {"predicate": {"damaged": 0, "damage": 0.01344}, "model": "majesty/backpacks/medium"},
        {"predicate": {"damaged": 0, "damage": 0.01408}, "model": "majesty/backpacks/large"},
        {"predicate": {"damaged": 0, "damage": 0.01472}, "model": "majesty/items/ring"},
        {"predicate": {"damaged": 0, "damage": 0.01536}, "model": "majesty/items/gloves"},
        {"predicate": {"damaged": 0, "damage": 0.01600}, "model": "majesty/items/amulet"},
        {"predicate": {"damaged": 0, "damage": 0.01664}, "model": "majesty/items/scroll"},
        {"predicate": {"damaged": 0, "damage": 0.01728}, "model": "majesty/slots/extendable"},
        {"predicate": {"damaged": 1, "damage": 0}, "model": "item/diamond_axe"},
        
        {"predicate": {"custom_model_data": 1}, "model": "majesty/slots/fill"},
        {"predicate": {"custom_model_data": 2}, "model": "majesty/slots/workbench"},
        {"predicate": {"custom_model_data": 3}, "model": "majesty/slots/info"},
        {"predicate": {"custom_model_data": 4}, "model": "majesty/slots/helmet"},
        {"predicate": {"custom_model_data": 5}, "model": "majesty/slots/helmet"},
        {"predicate": {"custom_model_data": 6}, "model": "majesty/slots/leggings"},
        {"predicate": {"custom_model_data": 7}, "model": "majesty/slots/boots"},
        {"predicate": {"custom_model_data": 8}, "model": "majesty/slots/gloves"},
        {"predicate": {"custom_model_data": 9}, "model": "majesty/slots/weapon"},
        {"predicate": {"custom_model_data": 10}, "model": "majesty/slots/shield"},
        {"predicate": {"custom_model_data": 11}, "model": "majesty/slots/elytra"},
        {"predicate": {"custom_model_data": 12}, "model": "majesty/slots/ring"},
        {"predicate": {"custom_model_data": 13}, "model": "majesty/slots/amulet"},
        {"predicate": {"custom_model_data": 14}, "model": "majesty/slots/pet"},
        {"predicate": {"custom_model_data": 15}, "model": "majesty/slots/backpack"},
        {"predicate": {"custom_model_data": 16}, "model": "majesty/slots/artifact"},
        {"predicate": {"custom_model_data": 17}, "model": "majesty/slots/empty"},
        {"predicate": {"custom_model_data": 18}, "model": "majesty/slots/available"},
        {"predicate": {"custom_model_data": 19}, "model": "majesty/slots/locked"},
        {"predicate": {"custom_model_data": 20}, "model": "majesty/backpacks/small"},
        {"predicate": {"custom_model_data": 21}, "model": "majesty/backpacks/medium"},
        {"predicate": {"custom_model_data": 22}, "model": "majesty/backpacks/large"},
        {"predicate": {"custom_model_data": 23}, "model": "majesty/items/ring"},
        {"predicate": {"custom_model_data": 24}, "model": "majesty/items/gloves"},
        {"predicate": {"custom_model_data": 25}, "model": "majesty/items/amulet"},
        {"predicate": {"custom_model_data": 26}, "model": "majesty/items/scroll"},
        {"predicate": {"custom_model_data": 27}, "model": "majesty/slots/extendable"},
        {"predicate": {"custom_model_data": 28}, "model": "majesty/slots/ingot"}
      ]
}
