{
	"parent": "item/generated",
	"textures": {
		"layer0": "item/diamond"
	},
	
	"overrides": [
		{"predicate": {"custom_model_data":1}, "model": "item/relics/chalice"},
		{"predicate": {"custom_model_data":2}, "model": "item/relics/cross"},
		{"predicate": {"custom_model_data":3}, "model": "item/relics/crown"},
		{"predicate": {"custom_model_data":4}, "model": "item/relics/diadem"},
		{"predicate": {"custom_model_data":5}, "model": "item/relics/orb"},
		{"predicate": {"custom_model_data":6}, "model": "item/relics/statue"},
		{"predicate": {"custom_model_data":7}, "model": "item/relics/tablet"},
		{"predicate": {"custom_model_data":8}, "model": "item/relics/tome"}
	]
}