{
	"credit": "Made with Blockbench",
	"parent": "item/rod_display",
	"textures": {
		"particle": "item/fishing_rod",
		"layer0": "item/fishing_rod"
	},
	"elements": [
		{
			"name": "fishing_rod_0",
			"from": [13.5, 14, 7.75],
			"to": [14, 14.5, 8.25],
			"faces": {
				"north": {"uv": [13.525, 1.975, 13.975, 1.525], "rotation": 180, "texture": "#layer0"},
				"south": {"uv": [13.525, 1.525, 13.975, 1.975], "texture": "#layer0"},
				"west": {"uv": [13.525, 1.525, 13.975, 1.975], "texture": "#layer0"},
				"up": {"uv": [13.975, 1.525, 13.525, 1.975], "rotation": 180, "texture": "#layer0"}
			}
		},
		{
			"name": "fishing_rod_1",
			"from": [14, 14, 7.75],
			"to": [14.5, 14.5, 8.25],
			"faces": {
				"north": {"uv": [14.025, 1.975, 14.475, 1.525], "rotation": 180, "texture": "#layer0"},
				"east": {"uv": [14.025, 1.525, 14.475, 1.975], "texture": "#layer0"},
				"south": {"uv": [14.025, 1.525, 14.475, 1.975], "texture": "#layer0"},
				"up": {"uv": [14.475, 1.525, 14.025, 1.975], "rotation": 180, "texture": "#layer0"}
			}
		},
		{
			"name": "fishing_rod_2",
			"from": [13, 13.5, 7.75],
			"to": [13.5, 14, 8.25],
			"faces": {
				"north": {"uv": [13.025, 2.475, 13.475, 2.025], "rotation": 180, "texture": "#layer0"},
				"south": {"uv": [13.025, 2.025, 13.475, 2.475], "texture": "#layer0"},
				"west": {"uv": [13.025, 2.025, 13.475, 2.475], "texture": "#layer0"},
				"up": {"uv": [13.475, 2.025, 13.025, 2.475], "rotation": 180, "texture": "#layer0"}
			}
		},
		{
			"name": "fishing_rod_3",
			"from": [13.5, 13.5, 7.75],
			"to": [14, 14, 8.25],
			"faces": {
				"north": {"uv": [13.525, 2.475, 13.975, 2.025], "rotation": 180, "texture": "#layer0"},
				"south": {"uv": [13.525, 2.025, 13.975, 2.475], "texture": "#layer0"}
			}
		},
		{
			"name": "fishing_rod_4",
			"from": [14, 13.5, 7.75],
			"to": [14.5, 14, 8.25],
			"faces": {
				"north": {"uv": [14.025, 2.475, 14.475, 2.025], "rotation": 180, "texture": "#layer0"},
				"south": {"uv": [14.025, 2.025, 14.475, 2.475], "texture": "#layer0"}
			}
		},
		{
			"name": "fishing_rod_5",
			"from": [14.5, 13.5, 7.75],
			"to": [15, 14, 8.25],
			"faces": {
				"north": {"uv": [14.525, 2.475, 14.975, 2.025], "rotation": 180, "texture": "#layer0"},
				"east": {"uv": [14.525, 2.025, 14.975, 2.475], "texture": "#layer0"},
				"south": {"uv": [14.525, 2.025, 14.975, 2.475], "texture": "#layer0"},
				"up": {"uv": [14.975, 2.025, 14.525, 2.475], "rotation": 180, "texture": "#layer0"}
			}
		},
		{
			"name": "fishing_rod_6",
			"from": [12.5, 13, 7.75],
			"to": [13, 13.5, 8.25],
			"faces": {
				"north": {"uv": [12.525, 2.975, 12.975, 2.525], "rotation": 180, "texture": "#layer0"},
				"south": {"uv": [12.525, 2.525, 12.975, 2.975], "texture": "#layer0"},
				"west": {"uv": [12.525, 2.525, 12.975, 2.975], "texture": "#layer0"},
				"up": {"uv": [12.975, 2.525, 12.525, 2.975], "rotation": 180, "texture": "#layer0"}
			}
		},
		{
			"name": "fishing_rod_7",
			"from": [13, 13, 7.75],
			"to": [13.5, 13.5, 8.25],
			"faces": {
				"north": {"uv": [13.025, 2.975, 13.475, 2.525], "rotation": 180, "texture": "#layer0"},
				"south": {"uv": [13.025, 2.525, 13.475, 2.975], "texture": "#layer0"}
			}
		},
		{
			"name": "fishing_rod_8",
			"from": [13.5, 13, 7.55],
			"to": [14, 13.5, 8.45],
			"faces": {
				"north": {"uv": [13.525, 2.975, 13.975, 2.525], "rotation": 180, "texture": "#layer0"},
				"south": {"uv": [13.525, 2.525, 13.975, 2.975], "texture": "#layer0"},
				"west": {"uv": [13.525, 2.525, 13.975, 2.975], "texture": "#layer0"},
				"up": {"uv": [13.975, 2.525, 13.525, 2.975], "rotation": 180, "texture": "#layer0"}
			}
		},
		{
			"name": "fishing_rod_9",
			"from": [14, 13, 7.55],
			"to": [14.5, 13.5, 8.45],
			"faces": {
				"north": {"uv": [14.025, 2.975, 14.475, 2.525], "rotation": 180, "texture": "#layer0"},
				"east": {"uv": [14.025, 2.525, 14.475, 2.975], "texture": "#layer0"},
				"south": {"uv": [14.025, 2.525, 14.475, 2.975], "texture": "#layer0"},
				"up": {"uv": [14.475, 2.525, 14.025, 2.975], "rotation": 180, "texture": "#layer0"}
			}
		},
		{
			"name": "fishing_rod_10",
			"from": [14.5, 13, 7.75],
			"to": [15, 13.5, 8.25],
			"faces": {
				"north": {"uv": [14.525, 2.975, 14.975, 2.525], "rotation": 180, "texture": "#layer0"},
				"east": {"uv": [14.525, 2.525, 14.975, 2.975], "texture": "#layer0"},
				"south": {"uv": [14.525, 2.525, 14.975, 2.975], "texture": "#layer0"}
			}
		},
		{
			"name": "fishing_rod_11",
			"from": [12, 12.5, 7.75],
			"to": [12.5, 13, 8.25],
			"faces": {
				"north": {"uv": [12.025, 3.475, 12.475, 3.025], "rotation": 180, "texture": "#layer0"},
				"south": {"uv": [12.025, 3.025, 12.475, 3.475], "texture": "#layer0"},
				"west": {"uv": [12.025, 3.025, 12.475, 3.475], "texture": "#layer0"},
				"up": {"uv": [12.475, 3.025, 12.025, 3.475], "rotation": 180, "texture": "#layer0"}
			}
		},
		{
			"name": "fishing_rod_12",
			"from": [12.5, 12.5, 7.75],
			"to": [13, 13, 8.25],
			"faces": {
				"north": {"uv": [12.525, 3.475, 12.975, 3.025], "rotation": 180, "texture": "#layer0"},
				"south": {"uv": [12.525, 3.025, 12.975, 3.475], "texture": "#layer0"}
			}
		},
		{
			"name": "fishing_rod_13",
			"from": [13, 12.5, 7.55],
			"to": [13.5, 13, 8.45],
			"faces": {
				"north": {"uv": [13.025, 3.475, 13.475, 3.025], "rotation": 180, "texture": "#layer0"},
				"south": {"uv": [13.025, 3.025, 13.475, 3.475], "texture": "#layer0"},
				"west": {"uv": [13.025, 3.025, 13.475, 3.475], "texture": "#layer0"},
				"up": {"uv": [13.475, 3.025, 13.025, 3.475], "rotation": 180, "texture": "#layer0"}
			}
		},
		{
			"name": "fishing_rod_14",
			"from": [13.5, 12.5, 7.55],
			"to": [14, 13, 8.45],
			"faces": {
				"north": {"uv": [13.525, 3.475, 13.975, 3.025], "rotation": 180, "texture": "#layer0"},
				"south": {"uv": [13.525, 3.025, 13.975, 3.475], "texture": "#layer0"}
			}
		},
		{
			"name": "fishing_rod_15",
			"from": [14, 12.5, 7.55],
			"to": [14.5, 13, 8.45],
			"faces": {
				"north": {"uv": [14.025, 3.475, 14.475, 3.025], "rotation": 180, "texture": "#layer0"},
				"east": {"uv": [14.025, 3.025, 14.475, 3.475], "texture": "#layer0"},
				"south": {"uv": [14.025, 3.025, 14.475, 3.475], "texture": "#layer0"},
				"down": {"uv": [14.025, 3.025, 14.475, 3.475], "texture": "#layer0"}
			}
		},
		{
			"name": "fishing_rod_16",
			"from": [14.5, 12.5, 7.75],
			"to": [15, 13, 8.25],
			"faces": {
				"north": {"uv": [14.525, 3.475, 14.975, 3.025], "rotation": 180, "texture": "#layer0"},
				"east": {"uv": [14.525, 3.025, 14.975, 3.475], "texture": "#layer0"},
				"south": {"uv": [14.525, 3.025, 14.975, 3.475], "texture": "#layer0"}
			}
		},
		{
			"name": "fishing_rod_17",
			"from": [11.5, 12, 7.75],
			"to": [12, 12.5, 8.25],
			"faces": {
				"north": {"uv": [11.525, 3.975, 11.975, 3.525], "rotation": 180, "texture": "#layer0"},
				"south": {"uv": [11.525, 3.525, 11.975, 3.975], "texture": "#layer0"},
				"west": {"uv": [11.525, 3.525, 11.975, 3.975], "texture": "#layer0"},
				"up": {"uv": [11.975, 3.525, 11.525, 3.975], "rotation": 180, "texture": "#layer0"}
			}
		},
		{
			"name": "fishing_rod_18",
			"from": [12, 12, 7.75],
			"to": [12.5, 12.5, 8.25],
			"faces": {
				"north": {"uv": [12.025, 3.975, 12.475, 3.525], "rotation": 180, "texture": "#layer0"},
				"south": {"uv": [12.025, 3.525, 12.475, 3.975], "texture": "#layer0"}
			}
		},
		{
			"name": "fishing_rod_19",
			"from": [12.5, 12, 7.55],
			"to": [13, 12.5, 8.45],
			"faces": {
				"north": {"uv": [12.525, 3.975, 12.975, 3.525], "rotation": 180, "texture": "#layer0"},
				"south": {"uv": [12.525, 3.525, 12.975, 3.975], "texture": "#layer0"},
				"west": {"uv": [12.525, 3.525, 12.975, 3.975], "texture": "#layer0"},
				"up": {"uv": [12.975, 3.525, 12.525, 3.975], "rotation": 180, "texture": "#layer0"}
			}
		},
		{
			"name": "fishing_rod_20",
			"from": [13, 12, 7.55],
			"to": [13.5, 12.5, 8.45],
			"faces": {
				"north": {"uv": [13.025, 3.975, 13.475, 3.525], "rotation": 180, "texture": "#layer0"},
				"south": {"uv": [13.025, 3.525, 13.475, 3.975], "texture": "#layer0"}
			}
		},
		{
			"name": "fishing_rod_21",
			"from": [13.5, 12, 7.55],
			"to": [14, 12.5, 8.45],
			"faces": {
				"north": {"uv": [13.525, 3.975, 13.975, 3.525], "rotation": 180, "texture": "#layer0"},
				"east": {"uv": [13.525, 3.525, 13.975, 3.975], "texture": "#layer0"},
				"south": {"uv": [13.525, 3.525, 13.975, 3.975], "texture": "#layer0"},
				"down": {"uv": [13.525, 3.525, 13.975, 3.975], "texture": "#layer0"}
			}
		},
		{
			"name": "fishing_rod_22",
			"from": [14, 12, 7.75],
			"to": [14.5, 12.5, 8.25],
			"faces": {
				"north": {"uv": [14.025, 3.975, 14.475, 3.525], "rotation": 180, "texture": "#layer0"},
				"south": {"uv": [14.025, 3.525, 14.475, 3.975], "texture": "#layer0"},
				"down": {"uv": [14.025, 3.525, 14.475, 3.975], "texture": "#layer0"}
			}
		},
		{
			"name": "fishing_rod_23",
			"from": [14.5, 12, 7.75],
			"to": [15, 12.5, 8.25],
			"faces": {
				"north": {"uv": [14.525, 3.975, 14.975, 3.525], "rotation": 180, "texture": "#layer0"},
				"east": {"uv": [14.525, 3.525, 14.975, 3.975], "texture": "#layer0"},
				"south": {"uv": [14.525, 3.525, 14.975, 3.975], "texture": "#layer0"}
			}
		},
		{
			"name": "fishing_rod_24",
			"from": [11, 11.5, 7.75],
			"to": [11.5, 12, 8.25],
			"faces": {
				"north": {"uv": [11.025, 4.475, 11.475, 4.025], "rotation": 180, "texture": "#layer0"},
				"south": {"uv": [11.025, 4.025, 11.475, 4.475], "texture": "#layer0"},
				"west": {"uv": [11.025, 4.025, 11.475, 4.475], "texture": "#layer0"},
				"up": {"uv": [11.475, 4.025, 11.025, 4.475], "rotation": 180, "texture": "#layer0"}
			}
		},
		{
			"name": "fishing_rod_25",
			"from": [11.5, 11.5, 7.75],
			"to": [12, 12, 8.25],
			"faces": {
				"north": {"uv": [11.525, 4.475, 11.975, 4.025], "rotation": 180, "texture": "#layer0"},
				"south": {"uv": [11.525, 4.025, 11.975, 4.475], "texture": "#layer0"}
			}
		},
		{
			"name": "fishing_rod_26",
			"from": [12, 11.5, 7.55],
			"to": [12.5, 12, 8.45],
			"faces": {
				"north": {"uv": [12.025, 4.475, 12.475, 4.025], "rotation": 180, "texture": "#layer0"},
				"south": {"uv": [12.025, 4.025, 12.475, 4.475], "texture": "#layer0"},
				"west": {"uv": [12.025, 4.025, 12.475, 4.475], "texture": "#layer0"},
				"up": {"uv": [12.475, 4.025, 12.025, 4.475], "rotation": 180, "texture": "#layer0"}
			}
		},
		{
			"name": "fishing_rod_27",
			"from": [12.5, 11.5, 7.55],
			"to": [13, 12, 8.45],
			"faces": {
				"north": {"uv": [12.525, 4.475, 12.975, 4.025], "rotation": 180, "texture": "#layer0"},
				"south": {"uv": [12.525, 4.025, 12.975, 4.475], "texture": "#layer0"}
			}
		},
		{
			"name": "fishing_rod_28",
			"from": [13, 11.5, 7.55],
			"to": [13.5, 12, 8.45],
			"faces": {
				"north": {"uv": [13.025, 4.475, 13.475, 4.025], "rotation": 180, "texture": "#layer0"},
				"east": {"uv": [13.025, 4.025, 13.475, 4.475], "texture": "#layer0"},
				"south": {"uv": [13.025, 4.025, 13.475, 4.475], "texture": "#layer0"},
				"down": {"uv": [13.025, 4.025, 13.475, 4.475], "texture": "#layer0"}
			}
		},
		{
			"name": "fishing_rod_29",
			"from": [13.5, 11.5, 7.75],
			"to": [14, 12, 8.25],
			"faces": {
				"north": {"uv": [13.525, 4.475, 13.975, 4.025], "rotation": 180, "texture": "#layer0"},
				"east": {"uv": [13.525, 4.025, 13.975, 4.475], "texture": "#layer0"},
				"south": {"uv": [13.525, 4.025, 13.975, 4.475], "texture": "#layer0"},
				"down": {"uv": [13.525, 4.025, 13.975, 4.475], "texture": "#layer0"}
			}
		},
		{
			"name": "fishing_rod_30",
			"from": [14.5, 11.5, 7.75],
			"to": [15, 12, 8.25],
			"faces": {
				"north": {"uv": [14.525, 4.475, 14.975, 4.025], "rotation": 180, "texture": "#layer0"},
				"east": {"uv": [14.525, 4.025, 14.975, 4.475], "texture": "#layer0"},
				"south": {"uv": [14.525, 4.025, 14.975, 4.475], "texture": "#layer0"},
				"west": {"uv": [14.525, 4.025, 14.975, 4.475], "texture": "#layer0"}
			}
		},
		{
			"name": "fishing_rod_31",
			"from": [10.5, 11, 7.75],
			"to": [11, 11.5, 8.25],
			"faces": {
				"north": {"uv": [10.525, 4.975, 10.975, 4.525], "rotation": 180, "texture": "#layer0"},
				"south": {"uv": [10.525, 4.525, 10.975, 4.975], "texture": "#layer0"},
				"west": {"uv": [10.525, 4.525, 10.975, 4.975], "texture": "#layer0"},
				"up": {"uv": [10.975, 4.525, 10.525, 4.975], "rotation": 180, "texture": "#layer0"}
			}
		},
		{
			"name": "fishing_rod_32",
			"from": [11, 11, 7.75],
			"to": [11.5, 11.5, 8.25],
			"faces": {
				"north": {"uv": [11.025, 4.975, 11.475, 4.525], "rotation": 180, "texture": "#layer0"},
				"south": {"uv": [11.025, 4.525, 11.475, 4.975], "texture": "#layer0"}
			}
		},
		{
			"name": "fishing_rod_33",
			"from": [11.5, 11, 7.55],
			"to": [12, 11.5, 8.45],
			"faces": {
				"north": {"uv": [11.525, 4.975, 11.975, 4.525], "rotation": 180, "texture": "#layer0"},
				"south": {"uv": [11.525, 4.525, 11.975, 4.975], "texture": "#layer0"},
				"west": {"uv": [11.525, 4.525, 11.975, 4.975], "texture": "#layer0"},
				"up": {"uv": [11.975, 4.525, 11.525, 4.975], "rotation": 180, "texture": "#layer0"}
			}
		},
		{
			"name": "fishing_rod_34",
			"from": [12, 11, 7.55],
			"to": [12.5, 11.5, 8.45],
			"faces": {
				"north": {"uv": [12.025, 4.975, 12.475, 4.525], "rotation": 180, "texture": "#layer0"},
				"south": {"uv": [12.025, 4.525, 12.475, 4.975], "texture": "#layer0"}
			}
		},
		{
			"name": "fishing_rod_35",
			"from": [12.5, 11, 7.55],
			"to": [13, 11.5, 8.45],
			"faces": {
				"north": {"uv": [12.525, 4.975, 12.975, 4.525], "rotation": 180, "texture": "#layer0"},
				"east": {"uv": [12.525, 4.525, 12.975, 4.975], "texture": "#layer0"},
				"south": {"uv": [12.525, 4.525, 12.975, 4.975], "texture": "#layer0"},
				"down": {"uv": [12.525, 4.525, 12.975, 4.975], "texture": "#layer0"}
			}
		},
		{
			"name": "fishing_rod_36",
			"from": [13, 11, 7.75],
			"to": [13.5, 11.5, 8.25],
			"faces": {
				"north": {"uv": [13.025, 4.975, 13.475, 4.525], "rotation": 180, "texture": "#layer0"},
				"east": {"uv": [13.025, 4.525, 13.475, 4.975], "texture": "#layer0"},
				"south": {"uv": [13.025, 4.525, 13.475, 4.975], "texture": "#layer0"},
				"down": {"uv": [13.025, 4.525, 13.475, 4.975], "texture": "#layer0"}
			}
		},
		{
			"name": "fishing_rod_37",
			"from": [14.5, 11, 7.75],
			"to": [15, 11.5, 8.25],
			"faces": {
				"north": {"uv": [14.525, 4.975, 14.975, 4.525], "rotation": 180, "texture": "#layer0"},
				"east": {"uv": [14.525, 4.525, 14.975, 4.975], "texture": "#layer0"},
				"south": {"uv": [14.525, 4.525, 14.975, 4.975], "texture": "#layer0"},
				"west": {"uv": [14.525, 4.525, 14.975, 4.975], "texture": "#layer0"}
			}
		},
		{
			"name": "fishing_rod_38",
			"from": [10, 10.5, 7.75],
			"to": [10.5, 11, 8.25],
			"faces": {
				"north": {"uv": [10.025, 5.475, 10.475, 5.025], "rotation": 180, "texture": "#layer0"},
				"south": {"uv": [10.025, 5.025, 10.475, 5.475], "texture": "#layer0"},
				"west": {"uv": [10.025, 5.025, 10.475, 5.475], "texture": "#layer0"},
				"up": {"uv": [10.475, 5.025, 10.025, 5.475], "rotation": 180, "texture": "#layer0"}
			}
		},
		{
			"name": "fishing_rod_39",
			"from": [10.5, 10.5, 7.75],
			"to": [11, 11, 8.25],
			"faces": {
				"north": {"uv": [10.525, 5.475, 10.975, 5.025], "rotation": 180, "texture": "#layer0"},
				"south": {"uv": [10.525, 5.025, 10.975, 5.475], "texture": "#layer0"}
			}
		},
		{
			"name": "fishing_rod_40",
			"from": [11, 10.5, 7.55],
			"to": [11.5, 11, 8.45],
			"faces": {
				"north": {"uv": [11.025, 5.475, 11.475, 5.025], "rotation": 180, "texture": "#layer0"},
				"south": {"uv": [11.025, 5.025, 11.475, 5.475], "texture": "#layer0"},
				"west": {"uv": [11.025, 5.025, 11.475, 5.475], "texture": "#layer0"},
				"up": {"uv": [11.475, 5.025, 11.025, 5.475], "rotation": 180, "texture": "#layer0"}
			}
		},
		{
			"name": "fishing_rod_41",
			"from": [11.5, 10.5, 7.55],
			"to": [12, 11, 8.45],
			"faces": {
				"north": {"uv": [11.525, 5.475, 11.975, 5.025], "rotation": 180, "texture": "#layer0"},
				"south": {"uv": [11.525, 5.025, 11.975, 5.475], "texture": "#layer0"}
			}
		},
		{
			"name": "fishing_rod_42",
			"from": [12, 10.5, 7.55],
			"to": [12.5, 11, 8.45],
			"faces": {
				"north": {"uv": [12.025, 5.475, 12.475, 5.025], "rotation": 180, "texture": "#layer0"},
				"east": {"uv": [12.025, 5.025, 12.475, 5.475], "texture": "#layer0"},
				"south": {"uv": [12.025, 5.025, 12.475, 5.475], "texture": "#layer0"},
				"down": {"uv": [12.025, 5.025, 12.475, 5.475], "texture": "#layer0"}
			}
		},
		{
			"name": "fishing_rod_43",
			"from": [12.5, 10.5, 7.75],
			"to": [13, 11, 8.25],
			"faces": {
				"north": {"uv": [12.525, 5.475, 12.975, 5.025], "rotation": 180, "texture": "#layer0"},
				"east": {"uv": [12.525, 5.025, 12.975, 5.475], "texture": "#layer0"},
				"south": {"uv": [12.525, 5.025, 12.975, 5.475], "texture": "#layer0"},
				"down": {"uv": [12.525, 5.025, 12.975, 5.475], "texture": "#layer0"}
			}
		},
		{
			"name": "fishing_rod_44",
			"from": [14.5, 10.5, 7.75],
			"to": [15, 11, 8.25],
			"faces": {
				"north": {"uv": [14.525, 5.475, 14.975, 5.025], "rotation": 180, "texture": "#layer0"},
				"east": {"uv": [14.525, 5.025, 14.975, 5.475], "texture": "#layer0"},
				"south": {"uv": [14.525, 5.025, 14.975, 5.475], "texture": "#layer0"},
				"west": {"uv": [14.525, 5.025, 14.975, 5.475], "texture": "#layer0"}
			}
		},
		{
			"name": "fishing_rod_45",
			"from": [9.5, 10, 7.75],
			"to": [10, 10.5, 8.25],
			"faces": {
				"north": {"uv": [9.525, 5.975, 9.975, 5.525], "rotation": 180, "texture": "#layer0"},
				"south": {"uv": [9.525, 5.525, 9.975, 5.975], "texture": "#layer0"},
				"west": {"uv": [9.525, 5.525, 9.975, 5.975], "texture": "#layer0"},
				"up": {"uv": [9.975, 5.525, 9.525, 5.975], "rotation": 180, "texture": "#layer0"}
			}
		},
		{
			"name": "fishing_rod_46",
			"from": [10, 10, 7.75],
			"to": [10.5, 10.5, 8.25],
			"faces": {
				"north": {"uv": [10.025, 5.975, 10.475, 5.525], "rotation": 180, "texture": "#layer0"},
				"south": {"uv": [10.025, 5.525, 10.475, 5.975], "texture": "#layer0"}
			}
		},
		{
			"name": "fishing_rod_47",
			"from": [10.5, 10, 7.55],
			"to": [11, 10.5, 8.45],
			"faces": {
				"north": {"uv": [10.525, 5.975, 10.975, 5.525], "rotation": 180, "texture": "#layer0"},
				"south": {"uv": [10.525, 5.525, 10.975, 5.975], "texture": "#layer0"},
				"west": {"uv": [10.525, 5.525, 10.975, 5.975], "texture": "#layer0"},
				"up": {"uv": [10.975, 5.525, 10.525, 5.975], "rotation": 180, "texture": "#layer0"}
			}
		},
		{
			"name": "fishing_rod_48",
			"from": [11, 10, 7.55],
			"to": [11.5, 10.5, 8.45],
			"faces": {
				"north": {"uv": [11.025, 5.975, 11.475, 5.525], "rotation": 180, "texture": "#layer0"},
				"south": {"uv": [11.025, 5.525, 11.475, 5.975], "texture": "#layer0"}
			}
		},
		{
			"name": "fishing_rod_49",
			"from": [11.5, 10, 7.55],
			"to": [12, 10.5, 8.45],
			"faces": {
				"north": {"uv": [11.525, 5.975, 11.975, 5.525], "rotation": 180, "texture": "#layer0"},
				"east": {"uv": [11.525, 5.525, 11.975, 5.975], "texture": "#layer0"},
				"south": {"uv": [11.525, 5.525, 11.975, 5.975], "texture": "#layer0"},
				"down": {"uv": [11.525, 5.525, 11.975, 5.975], "texture": "#layer0"}
			}
		},
		{
			"name": "fishing_rod_50",
			"from": [12, 10, 7.75],
			"to": [12.5, 10.5, 8.25],
			"faces": {
				"north": {"uv": [12.025, 5.975, 12.475, 5.525], "rotation": 180, "texture": "#layer0"},
				"east": {"uv": [12.025, 5.525, 12.475, 5.975], "texture": "#layer0"},
				"south": {"uv": [12.025, 5.525, 12.475, 5.975], "texture": "#layer0"},
				"down": {"uv": [12.025, 5.525, 12.475, 5.975], "texture": "#layer0"}
			}
		},
		{
			"name": "fishing_rod_51",
			"from": [14.5, 10, 7.75],
			"to": [15, 10.5, 8.25],
			"faces": {
				"north": {"uv": [14.525, 5.975, 14.975, 5.525], "rotation": 180, "texture": "#layer0"},
				"east": {"uv": [14.525, 5.525, 14.975, 5.975], "texture": "#layer0"},
				"south": {"uv": [14.525, 5.525, 14.975, 5.975], "texture": "#layer0"},
				"west": {"uv": [14.525, 5.525, 14.975, 5.975], "texture": "#layer0"}
			}
		},
		{
			"name": "fishing_rod_52",
			"from": [9, 9.5, 7.75],
			"to": [9.5, 10, 8.25],
			"faces": {
				"north": {"uv": [9.025, 6.475, 9.475, 6.025], "rotation": 180, "texture": "#layer0"},
				"south": {"uv": [9.025, 6.025, 9.475, 6.475], "texture": "#layer0"},
				"west": {"uv": [9.025, 6.025, 9.475, 6.475], "texture": "#layer0"},
				"up": {"uv": [9.475, 6.025, 9.025, 6.475], "rotation": 180, "texture": "#layer0"}
			}
		},
		{
			"name": "fishing_rod_53",
			"from": [9.5, 9.5, 7.75],
			"to": [10, 10, 8.25],
			"faces": {
				"north": {"uv": [9.525, 6.475, 9.975, 6.025], "rotation": 180, "texture": "#layer0"},
				"south": {"uv": [9.525, 6.025, 9.975, 6.475], "texture": "#layer0"}
			}
		},
		{
			"name": "fishing_rod_54",
			"from": [10, 9.5, 7.55],
			"to": [10.5, 10, 8.45],
			"faces": {
				"north": {"uv": [10.025, 6.475, 10.475, 6.025], "rotation": 180, "texture": "#layer0"},
				"south": {"uv": [10.025, 6.025, 10.475, 6.475], "texture": "#layer0"},
				"west": {"uv": [10.025, 6.025, 10.475, 6.475], "texture": "#layer0"},
				"up": {"uv": [10.475, 6.025, 10.025, 6.475], "rotation": 180, "texture": "#layer0"}
			}
		},
		{
			"name": "fishing_rod_55",
			"from": [10.5, 9.5, 7.55],
			"to": [11, 10, 8.45],
			"faces": {
				"north": {"uv": [10.525, 6.475, 10.975, 6.025], "rotation": 180, "texture": "#layer0"},
				"south": {"uv": [10.525, 6.025, 10.975, 6.475], "texture": "#layer0"}
			}
		},
		{
			"name": "fishing_rod_56",
			"from": [11, 9.5, 7.55],
			"to": [11.5, 10, 8.45],
			"faces": {
				"north": {"uv": [11.025, 6.475, 11.475, 6.025], "rotation": 180, "texture": "#layer0"},
				"east": {"uv": [11.025, 6.025, 11.475, 6.475], "texture": "#layer0"},
				"south": {"uv": [11.025, 6.025, 11.475, 6.475], "texture": "#layer0"},
				"down": {"uv": [11.025, 6.025, 11.475, 6.475], "texture": "#layer0"}
			}
		},
		{
			"name": "fishing_rod_57",
			"from": [11.5, 9.5, 7.75],
			"to": [12, 10, 8.25],
			"faces": {
				"north": {"uv": [11.525, 6.475, 11.975, 6.025], "rotation": 180, "texture": "#layer0"},
				"east": {"uv": [11.525, 6.025, 11.975, 6.475], "texture": "#layer0"},
				"south": {"uv": [11.525, 6.025, 11.975, 6.475], "texture": "#layer0"},
				"down": {"uv": [11.525, 6.025, 11.975, 6.475], "texture": "#layer0"}
			}
		},
		{
			"name": "fishing_rod_58",
			"from": [14.5, 9.5, 7.75],
			"to": [15, 10, 8.25],
			"faces": {
				"north": {"uv": [14.525, 6.475, 14.975, 6.025], "rotation": 180, "texture": "#layer0"},
				"east": {"uv": [14.525, 6.025, 14.975, 6.475], "texture": "#layer0"},
				"south": {"uv": [14.525, 6.025, 14.975, 6.475], "texture": "#layer0"},
				"west": {"uv": [14.525, 6.025, 14.975, 6.475], "texture": "#layer0"}
			}
		},
		{
			"name": "fishing_rod_59",
			"from": [8.5, 9, 7.75],
			"to": [9, 9.5, 8.25],
			"faces": {
				"north": {"uv": [8.525, 6.975, 8.975, 6.525], "rotation": 180, "texture": "#layer0"},
				"south": {"uv": [8.525, 6.525, 8.975, 6.975], "texture": "#layer0"},
				"west": {"uv": [8.525, 6.525, 8.975, 6.975], "texture": "#layer0"},
				"up": {"uv": [8.975, 6.525, 8.525, 6.975], "rotation": 180, "texture": "#layer0"}
			}
		},
		{
			"name": "fishing_rod_60",
			"from": [9, 9, 7.75],
			"to": [9.5, 9.5, 8.25],
			"faces": {
				"north": {"uv": [9.025, 6.975, 9.475, 6.525], "rotation": 180, "texture": "#layer0"},
				"south": {"uv": [9.025, 6.525, 9.475, 6.975], "texture": "#layer0"}
			}
		},
		{
			"name": "fishing_rod_61",
			"from": [9.5, 9, 7.55],
			"to": [10, 9.5, 8.45],
			"faces": {
				"north": {"uv": [9.525, 6.975, 9.975, 6.525], "rotation": 180, "texture": "#layer0"},
				"south": {"uv": [9.525, 6.525, 9.975, 6.975], "texture": "#layer0"},
				"west": {"uv": [9.525, 6.525, 9.975, 6.975], "texture": "#layer0"},
				"up": {"uv": [9.975, 6.525, 9.525, 6.975], "rotation": 180, "texture": "#layer0"}
			}
		},
		{
			"name": "fishing_rod_62",
			"from": [10, 9, 7.55],
			"to": [10.5, 9.5, 8.45],
			"faces": {
				"north": {"uv": [10.025, 6.975, 10.475, 6.525], "rotation": 180, "texture": "#layer0"},
				"south": {"uv": [10.025, 6.525, 10.475, 6.975], "texture": "#layer0"}
			}
		},
		{
			"name": "fishing_rod_63",
			"from": [10.5, 9, 7.55],
			"to": [11, 9.5, 8.45],
			"faces": {
				"north": {"uv": [10.525, 6.975, 10.975, 6.525], "rotation": 180, "texture": "#layer0"},
				"east": {"uv": [10.525, 6.525, 10.975, 6.975], "texture": "#layer0"},
				"south": {"uv": [10.525, 6.525, 10.975, 6.975], "texture": "#layer0"},
				"down": {"uv": [10.525, 6.525, 10.975, 6.975], "texture": "#layer0"}
			}
		},
		{
			"name": "fishing_rod_64",
			"from": [11, 9, 7.75],
			"to": [11.5, 9.5, 8.25],
			"faces": {
				"north": {"uv": [11.025, 6.975, 11.475, 6.525], "rotation": 180, "texture": "#layer0"},
				"east": {"uv": [11.025, 6.525, 11.475, 6.975], "texture": "#layer0"},
				"south": {"uv": [11.025, 6.525, 11.475, 6.975], "texture": "#layer0"},
				"down": {"uv": [11.025, 6.525, 11.475, 6.975], "texture": "#layer0"}
			}
		},
		{
			"name": "fishing_rod_65",
			"from": [14.5, 9, 7.75],
			"to": [15, 9.5, 8.25],
			"faces": {
				"north": {"uv": [14.525, 6.975, 14.975, 6.525], "rotation": 180, "texture": "#layer0"},
				"east": {"uv": [14.525, 6.525, 14.975, 6.975], "texture": "#layer0"},
				"south": {"uv": [14.525, 6.525, 14.975, 6.975], "texture": "#layer0"},
				"west": {"uv": [14.525, 6.525, 14.975, 6.975], "texture": "#layer0"}
			}
		},
		{
			"name": "fishing_rod_66",
			"from": [8, 8.5, 7.75],
			"to": [8.5, 9, 8.25],
			"faces": {
				"north": {"uv": [8.025, 7.475, 8.475, 7.025], "rotation": 180, "texture": "#layer0"},
				"south": {"uv": [8.025, 7.025, 8.475, 7.475], "texture": "#layer0"},
				"west": {"uv": [8.025, 7.025, 8.475, 7.475], "texture": "#layer0"},
				"up": {"uv": [8.475, 7.025, 8.025, 7.475], "rotation": 180, "texture": "#layer0"}
			}
		},
		{
			"name": "fishing_rod_67",
			"from": [8.5, 8.5, 7.75],
			"to": [9, 9, 8.25],
			"faces": {
				"north": {"uv": [8.525, 7.475, 8.975, 7.025], "rotation": 180, "texture": "#layer0"},
				"south": {"uv": [8.525, 7.025, 8.975, 7.475], "texture": "#layer0"}
			}
		},
		{
			"name": "fishing_rod_68",
			"from": [9, 8.5, 7.55],
			"to": [9.5, 9, 8.45],
			"faces": {
				"north": {"uv": [9.025, 7.475, 9.475, 7.025], "rotation": 180, "texture": "#layer0"},
				"south": {"uv": [9.025, 7.025, 9.475, 7.475], "texture": "#layer0"},
				"west": {"uv": [9.025, 7.025, 9.475, 7.475], "texture": "#layer0"},
				"up": {"uv": [9.475, 7.025, 9.025, 7.475], "rotation": 180, "texture": "#layer0"}
			}
		},
		{
			"name": "fishing_rod_69",
			"from": [9.5, 8.5, 7.55],
			"to": [10, 9, 8.45],
			"faces": {
				"north": {"uv": [9.525, 7.475, 9.975, 7.025], "rotation": 180, "texture": "#layer0"},
				"south": {"uv": [9.525, 7.025, 9.975, 7.475], "texture": "#layer0"}
			}
		},
		{
			"name": "fishing_rod_70",
			"from": [10, 8.5, 7.55],
			"to": [10.5, 9, 8.45],
			"faces": {
				"north": {"uv": [10.025, 7.475, 10.475, 7.025], "rotation": 180, "texture": "#layer0"},
				"east": {"uv": [10.025, 7.025, 10.475, 7.475], "texture": "#layer0"},
				"south": {"uv": [10.025, 7.025, 10.475, 7.475], "texture": "#layer0"},
				"down": {"uv": [10.025, 7.025, 10.475, 7.475], "texture": "#layer0"}
			}
		},
		{
			"name": "fishing_rod_71",
			"from": [10.5, 8.5, 7.75],
			"to": [11, 9, 8.25],
			"faces": {
				"north": {"uv": [10.525, 7.475, 10.975, 7.025], "rotation": 180, "texture": "#layer0"},
				"east": {"uv": [10.525, 7.025, 10.975, 7.475], "texture": "#layer0"},
				"south": {"uv": [10.525, 7.025, 10.975, 7.475], "texture": "#layer0"},
				"down": {"uv": [10.525, 7.025, 10.975, 7.475], "texture": "#layer0"}
			}
		},
		{
			"name": "fishing_rod_72",
			"from": [14.5, 8.5, 7.75],
			"to": [15, 9, 8.25],
			"faces": {
				"north": {"uv": [14.525, 7.475, 14.975, 7.025], "rotation": 180, "texture": "#layer0"},
				"east": {"uv": [14.525, 7.025, 14.975, 7.475], "texture": "#layer0"},
				"south": {"uv": [14.525, 7.025, 14.975, 7.475], "texture": "#layer0"},
				"west": {"uv": [14.525, 7.025, 14.975, 7.475], "texture": "#layer0"}
			}
		},
		{
			"name": "fishing_rod_73",
			"from": [7.5, 8, 7.75],
			"to": [8, 8.5, 8.25],
			"faces": {
				"north": {"uv": [7.525, 7.975, 7.975, 7.525], "rotation": 180, "texture": "#layer0"},
				"south": {"uv": [7.525, 7.525, 7.975, 7.975], "texture": "#layer0"},
				"west": {"uv": [7.525, 7.525, 7.975, 7.975], "texture": "#layer0"},
				"up": {"uv": [7.975, 7.525, 7.525, 7.975], "rotation": 180, "texture": "#layer0"}
			}
		},
		{
			"name": "fishing_rod_74",
			"from": [8, 8, 7.75],
			"to": [8.5, 8.5, 8.25],
			"faces": {
				"north": {"uv": [8.025, 7.975, 8.475, 7.525], "rotation": 180, "texture": "#layer0"},
				"south": {"uv": [8.025, 7.525, 8.475, 7.975], "texture": "#layer0"}
			}
		},
		{
			"name": "fishing_rod_75",
			"from": [8.5, 8, 7.55],
			"to": [9, 8.5, 8.45],
			"faces": {
				"north": {"uv": [8.525, 7.975, 8.975, 7.525], "rotation": 180, "texture": "#layer0"},
				"south": {"uv": [8.525, 7.525, 8.975, 7.975], "texture": "#layer0"},
				"west": {"uv": [8.525, 7.525, 8.975, 7.975], "texture": "#layer0"},
				"up": {"uv": [8.975, 7.525, 8.525, 7.975], "rotation": 180, "texture": "#layer0"}
			}
		},
		{
			"name": "fishing_rod_76",
			"from": [9, 8, 7.55],
			"to": [9.5, 8.5, 8.45],
			"faces": {
				"north": {"uv": [9.025, 7.975, 9.475, 7.525], "rotation": 180, "texture": "#layer0"},
				"south": {"uv": [9.025, 7.525, 9.475, 7.975], "texture": "#layer0"}
			}
		},
		{
			"name": "fishing_rod_77",
			"from": [9.5, 8, 7.55],
			"to": [10, 8.5, 8.45],
			"faces": {
				"north": {"uv": [9.525, 7.975, 9.975, 7.525], "rotation": 180, "texture": "#layer0"},
				"east": {"uv": [9.525, 7.525, 9.975, 7.975], "texture": "#layer0"},
				"south": {"uv": [9.525, 7.525, 9.975, 7.975], "texture": "#layer0"},
				"down": {"uv": [9.525, 7.525, 9.975, 7.975], "texture": "#layer0"}
			}
		},
		{
			"name": "fishing_rod_78",
			"from": [10, 8, 7.75],
			"to": [10.5, 8.5, 8.25],
			"faces": {
				"north": {"uv": [10.025, 7.975, 10.475, 7.525], "rotation": 180, "texture": "#layer0"},
				"east": {"uv": [10.025, 7.525, 10.475, 7.975], "texture": "#layer0"},
				"south": {"uv": [10.025, 7.525, 10.475, 7.975], "texture": "#layer0"},
				"down": {"uv": [10.025, 7.525, 10.475, 7.975], "texture": "#layer0"}
			}
		},
		{
			"name": "fishing_rod_79",
			"from": [14.5, 8, 7.75],
			"to": [15, 8.5, 8.25],
			"faces": {
				"north": {"uv": [14.525, 7.975, 14.975, 7.525], "rotation": 180, "texture": "#layer0"},
				"east": {"uv": [14.525, 7.525, 14.975, 7.975], "texture": "#layer0"},
				"south": {"uv": [14.525, 7.525, 14.975, 7.975], "texture": "#layer0"},
				"west": {"uv": [14.525, 7.525, 14.975, 7.975], "texture": "#layer0"}
			}
		},
		{
			"name": "fishing_rod_80",
			"from": [7, 7.5, 7.75],
			"to": [7.5, 8, 8.25],
			"faces": {
				"north": {"uv": [7.025, 8.475, 7.475, 8.025], "rotation": 180, "texture": "#layer0"},
				"south": {"uv": [7.025, 8.025, 7.475, 8.475], "texture": "#layer0"},
				"west": {"uv": [7.025, 8.025, 7.475, 8.475], "texture": "#layer0"},
				"up": {"uv": [7.475, 8.025, 7.025, 8.475], "rotation": 180, "texture": "#layer0"}
			}
		},
		{
			"name": "fishing_rod_81",
			"from": [7.5, 7.5, 7.75],
			"to": [8, 8, 8.25],
			"faces": {
				"north": {"uv": [7.525, 8.475, 7.975, 8.025], "rotation": 180, "texture": "#layer0"},
				"south": {"uv": [7.525, 8.025, 7.975, 8.475], "texture": "#layer0"}
			}
		},
		{
			"name": "fishing_rod_82",
			"from": [8, 7.5, 7.55],
			"to": [8.5, 8, 8.45],
			"faces": {
				"north": {"uv": [8.025, 8.475, 8.475, 8.025], "rotation": 180, "texture": "#layer0"},
				"south": {"uv": [8.025, 8.025, 8.475, 8.475], "texture": "#layer0"},
				"west": {"uv": [8.025, 8.025, 8.475, 8.475], "texture": "#layer0"},
				"up": {"uv": [8.475, 8.025, 8.025, 8.475], "rotation": 180, "texture": "#layer0"}
			}
		},
		{
			"name": "fishing_rod_83",
			"from": [8.5, 7.5, 7.55],
			"to": [9, 8, 8.45],
			"faces": {
				"north": {"uv": [8.525, 8.475, 8.975, 8.025], "rotation": 180, "texture": "#layer0"},
				"south": {"uv": [8.525, 8.025, 8.975, 8.475], "texture": "#layer0"}
			}
		},
		{
			"name": "fishing_rod_84",
			"from": [9, 7.5, 7.55],
			"to": [9.5, 8, 8.45],
			"faces": {
				"north": {"uv": [9.025, 8.475, 9.475, 8.025], "rotation": 180, "texture": "#layer0"},
				"east": {"uv": [9.025, 8.025, 9.475, 8.475], "texture": "#layer0"},
				"south": {"uv": [9.025, 8.025, 9.475, 8.475], "texture": "#layer0"},
				"down": {"uv": [9.025, 8.025, 9.475, 8.475], "texture": "#layer0"}
			}
		},
		{
			"name": "fishing_rod_85",
			"from": [9.5, 7.5, 7.75],
			"to": [10, 8, 8.25],
			"faces": {
				"north": {"uv": [9.525, 8.475, 9.975, 8.025], "rotation": 180, "texture": "#layer0"},
				"east": {"uv": [9.525, 8.025, 9.975, 8.475], "texture": "#layer0"},
				"south": {"uv": [9.525, 8.025, 9.975, 8.475], "texture": "#layer0"},
				"down": {"uv": [9.525, 8.025, 9.975, 8.475], "texture": "#layer0"}
			}
		},
		{
			"name": "fishing_rod_86",
			"from": [14.5, 7.5, 7.75],
			"to": [15, 8, 8.25],
			"faces": {
				"north": {"uv": [14.525, 8.475, 14.975, 8.025], "rotation": 180, "texture": "#layer0"},
				"east": {"uv": [14.525, 8.025, 14.975, 8.475], "texture": "#layer0"},
				"south": {"uv": [14.525, 8.025, 14.975, 8.475], "texture": "#layer0"},
				"west": {"uv": [14.525, 8.025, 14.975, 8.475], "texture": "#layer0"}
			}
		},
		{
			"name": "fishing_rod_87",
			"from": [6.5, 7, 7.75],
			"to": [7, 7.5, 8.25],
			"faces": {
				"north": {"uv": [6.525, 8.975, 6.975, 8.525], "rotation": 180, "texture": "#layer0"},
				"south": {"uv": [6.525, 8.525, 6.975, 8.975], "texture": "#layer0"},
				"west": {"uv": [6.525, 8.525, 6.975, 8.975], "texture": "#layer0"},
				"up": {"uv": [6.975, 8.525, 6.525, 8.975], "rotation": 180, "texture": "#layer0"}
			}
		},
		{
			"name": "fishing_rod_88",
			"from": [7, 7, 7.75],
			"to": [7.5, 7.5, 8.25],
			"faces": {
				"north": {"uv": [7.025, 8.975, 7.475, 8.525], "rotation": 180, "texture": "#layer0"},
				"south": {"uv": [7.025, 8.525, 7.475, 8.975], "texture": "#layer0"}
			}
		},
		{
			"name": "fishing_rod_89",
			"from": [7.5, 7, 7.55],
			"to": [8, 7.5, 8.45],
			"faces": {
				"north": {"uv": [7.525, 8.975, 7.975, 8.525], "rotation": 180, "texture": "#layer0"},
				"south": {"uv": [7.525, 8.525, 7.975, 8.975], "texture": "#layer0"},
				"west": {"uv": [7.525, 8.525, 7.975, 8.975], "texture": "#layer0"},
				"up": {"uv": [7.975, 8.525, 7.525, 8.975], "rotation": 180, "texture": "#layer0"}
			}
		},
		{
			"name": "fishing_rod_90",
			"from": [8, 7, 7.55],
			"to": [8.5, 7.5, 8.45],
			"faces": {
				"north": {"uv": [8.025, 8.975, 8.475, 8.525], "rotation": 180, "texture": "#layer0"},
				"south": {"uv": [8.025, 8.525, 8.475, 8.975], "texture": "#layer0"}
			}
		},
		{
			"name": "fishing_rod_91",
			"from": [8.5, 7, 7.55],
			"to": [9, 7.5, 8.45],
			"faces": {
				"north": {"uv": [8.525, 8.975, 8.975, 8.525], "rotation": 180, "texture": "#layer0"},
				"east": {"uv": [8.525, 8.525, 8.975, 8.975], "texture": "#layer0"},
				"south": {"uv": [8.525, 8.525, 8.975, 8.975], "texture": "#layer0"},
				"down": {"uv": [8.525, 8.525, 8.975, 8.975], "texture": "#layer0"}
			}
		},
		{
			"name": "fishing_rod_92",
			"from": [9, 7, 7.75],
			"to": [9.5, 7.5, 8.25],
			"faces": {
				"north": {"uv": [9.025, 8.975, 9.475, 8.525], "rotation": 180, "texture": "#layer0"},
				"east": {"uv": [9.025, 8.525, 9.475, 8.975], "texture": "#layer0"},
				"south": {"uv": [9.025, 8.525, 9.475, 8.975], "texture": "#layer0"},
				"down": {"uv": [9.025, 8.525, 9.475, 8.975], "texture": "#layer0"}
			}
		},
		{
			"name": "fishing_rod_93",
			"from": [14.5, 7, 7.75],
			"to": [15, 7.5, 8.25],
			"faces": {
				"north": {"uv": [14.525, 8.975, 14.975, 8.525], "rotation": 180, "texture": "#layer0"},
				"east": {"uv": [14.525, 8.525, 14.975, 8.975], "texture": "#layer0"},
				"south": {"uv": [14.525, 8.525, 14.975, 8.975], "texture": "#layer0"},
				"west": {"uv": [14.525, 8.525, 14.975, 8.975], "texture": "#layer0"},
				"down": {"uv": [14.525, 8.525, 14.975, 8.975], "texture": "#layer0"}
			}
		},
		{
			"name": "fishing_rod_94",
			"from": [6, 6.5, 7.75],
			"to": [6.5, 7, 8.25],
			"faces": {
				"north": {"uv": [6.025, 9.475, 6.475, 9.025], "rotation": 180, "texture": "#layer0"},
				"south": {"uv": [6.025, 9.025, 6.475, 9.475], "texture": "#layer0"},
				"west": {"uv": [6.025, 9.025, 6.475, 9.475], "texture": "#layer0"},
				"up": {"uv": [6.475, 9.025, 6.025, 9.475], "rotation": 180, "texture": "#layer0"}
			}
		},
		{
			"name": "fishing_rod_95",
			"from": [6.5, 6.5, 7.75],
			"to": [7, 7, 8.25],
			"faces": {
				"north": {"uv": [6.525, 9.475, 6.975, 9.025], "rotation": 180, "texture": "#layer0"},
				"south": {"uv": [6.525, 9.025, 6.975, 9.475], "texture": "#layer0"}
			}
		},
		{
			"name": "fishing_rod_96",
			"from": [7, 6.5, 7.55],
			"to": [7.5, 7, 8.45],
			"faces": {
				"north": {"uv": [7.025, 9.475, 7.475, 9.025], "rotation": 180, "texture": "#layer0"},
				"south": {"uv": [7.025, 9.025, 7.475, 9.475], "texture": "#layer0"},
				"west": {"uv": [7.025, 9.025, 7.475, 9.475], "texture": "#layer0"},
				"up": {"uv": [7.475, 9.025, 7.025, 9.475], "rotation": 180, "texture": "#layer0"}
			}
		},
		{
			"name": "fishing_rod_97",
			"from": [7.5, 6.5, 7.55],
			"to": [8, 7, 8.45],
			"faces": {
				"north": {"uv": [7.525, 9.475, 7.975, 9.025], "rotation": 180, "texture": "#layer0"},
				"south": {"uv": [7.525, 9.025, 7.975, 9.475], "texture": "#layer0"}
			}
		},
		{
			"name": "fishing_rod_98",
			"from": [8, 6.5, 7.55],
			"to": [8.5, 7, 8.45],
			"faces": {
				"north": {"uv": [8.025, 9.475, 8.475, 9.025], "rotation": 180, "texture": "#layer0"},
				"east": {"uv": [8.025, 9.025, 8.475, 9.475], "texture": "#layer0"},
				"south": {"uv": [8.025, 9.025, 8.475, 9.475], "texture": "#layer0"},
				"down": {"uv": [8.025, 9.025, 8.475, 9.475], "texture": "#layer0"}
			}
		},
		{
			"name": "fishing_rod_99",
			"from": [8.5, 6.5, 7.75],
			"to": [9, 7, 8.25],
			"faces": {
				"north": {"uv": [8.525, 9.475, 8.975, 9.025], "rotation": 180, "texture": "#layer0"},
				"east": {"uv": [8.525, 9.025, 8.975, 9.475], "texture": "#layer0"},
				"south": {"uv": [8.525, 9.025, 8.975, 9.475], "texture": "#layer0"},
				"down": {"uv": [8.525, 9.025, 8.975, 9.475], "texture": "#layer0"}
			}
		},
		{
			"name": "fishing_rod_100",
			"from": [14, 6.5, 7.75],
			"to": [14.5, 7, 8.25],
			"faces": {
				"north": {"uv": [14.025, 9.475, 14.475, 9.025], "rotation": 180, "texture": "#layer0"},
				"east": {"uv": [14.025, 9.025, 14.475, 9.475], "texture": "#layer0"},
				"south": {"uv": [14.025, 9.025, 14.475, 9.475], "texture": "#layer0"},
				"west": {"uv": [14.025, 9.025, 14.475, 9.475], "texture": "#layer0"},
				"up": {"uv": [14.475, 9.025, 14.025, 9.475], "rotation": 180, "texture": "#layer0"}
			}
		},
		{
			"name": "fishing_rod_101",
			"from": [5.5, 6, 7.75],
			"to": [6, 6.5, 8.25],
			"faces": {
				"north": {"uv": [5.525, 9.975, 5.975, 9.525], "rotation": 180, "texture": "#layer0"},
				"south": {"uv": [5.525, 9.525, 5.975, 9.975], "texture": "#layer0"},
				"west": {"uv": [5.525, 9.525, 5.975, 9.975], "texture": "#layer0"},
				"up": {"uv": [5.975, 9.525, 5.525, 9.975], "rotation": 180, "texture": "#layer0"}
			}
		},
		{
			"name": "fishing_rod_102",
			"from": [6, 6, 7.75],
			"to": [6.5, 6.5, 8.25],
			"faces": {
				"north": {"uv": [6.025, 9.975, 6.475, 9.525], "rotation": 180, "texture": "#layer0"},
				"south": {"uv": [6.025, 9.525, 6.475, 9.975], "texture": "#layer0"}
			}
		},
		{
			"name": "fishing_rod_103",
			"from": [6.5, 6, 7.55],
			"to": [7, 6.5, 8.45],
			"faces": {
				"north": {"uv": [6.525, 9.975, 6.975, 9.525], "rotation": 180, "texture": "#layer0"},
				"south": {"uv": [6.525, 9.525, 6.975, 9.975], "texture": "#layer0"},
				"west": {"uv": [6.525, 9.525, 6.975, 9.975], "texture": "#layer0"},
				"up": {"uv": [6.975, 9.525, 6.525, 9.975], "rotation": 180, "texture": "#layer0"}
			}
		},
		{
			"name": "fishing_rod_104",
			"from": [7, 6, 7.55],
			"to": [7.5, 6.5, 8.45],
			"faces": {
				"north": {"uv": [7.025, 9.975, 7.475, 9.525], "rotation": 180, "texture": "#layer0"},
				"south": {"uv": [7.025, 9.525, 7.475, 9.975], "texture": "#layer0"}
			}
		},
		{
			"name": "fishing_rod_105",
			"from": [7.5, 6, 7.55],
			"to": [8, 6.5, 8.45],
			"faces": {
				"north": {"uv": [7.525, 9.975, 7.975, 9.525], "rotation": 180, "texture": "#layer0"},
				"east": {"uv": [7.525, 9.525, 7.975, 9.975], "texture": "#layer0"},
				"south": {"uv": [7.525, 9.525, 7.975, 9.975], "texture": "#layer0"},
				"down": {"uv": [7.525, 9.525, 7.975, 9.975], "texture": "#layer0"}
			}
		},
		{
			"name": "fishing_rod_106",
			"from": [8, 6, 7.75],
			"to": [8.5, 6.5, 8.25],
			"faces": {
				"north": {"uv": [8.025, 9.975, 8.475, 9.525], "rotation": 180, "texture": "#layer0"},
				"east": {"uv": [8.025, 9.525, 8.475, 9.975], "texture": "#layer0"},
				"south": {"uv": [8.025, 9.525, 8.475, 9.975], "texture": "#layer0"},
				"down": {"uv": [8.025, 9.525, 8.475, 9.975], "texture": "#layer0"}
			}
		},
		{
			"name": "fishing_rod_107",
			"from": [14, 6, 7.75],
			"to": [14.5, 6.5, 8.25],
			"faces": {
				"north": {"uv": [14.025, 9.975, 14.475, 9.525], "rotation": 180, "texture": "#layer0"},
				"east": {"uv": [14.025, 9.525, 14.475, 9.975], "texture": "#layer0"},
				"south": {"uv": [14.025, 9.525, 14.475, 9.975], "texture": "#layer0"},
				"west": {"uv": [14.025, 9.525, 14.475, 9.975], "texture": "#layer0"},
				"down": {"uv": [14.025, 9.525, 14.475, 9.975], "texture": "#layer0"}
			}
		},
		{
			"name": "fishing_rod_108",
			"from": [5.5, 5.5, 7.75],
			"to": [6, 6, 8.25],
			"faces": {
				"north": {"uv": [5.525, 10.475, 5.975, 10.025], "rotation": 180, "texture": "#layer0"},
				"south": {"uv": [5.525, 10.025, 5.975, 10.475], "texture": "#layer0"},
				"west": {"uv": [5.525, 10.025, 5.975, 10.475], "texture": "#layer0"}
			}
		},
		{
			"name": "fishing_rod_109",
			"from": [6, 5.5, 7.55],
			"to": [6.5, 6, 8.45],
			"faces": {
				"north": {"uv": [6.025, 10.475, 6.475, 10.025], "rotation": 180, "texture": "#layer0"},
				"south": {"uv": [6.025, 10.025, 6.475, 10.475], "texture": "#layer0"},
				"west": {"uv": [6.025, 10.025, 6.475, 10.475], "texture": "#layer0"},
				"up": {"uv": [6.475, 10.025, 6.025, 10.475], "rotation": 180, "texture": "#layer0"}
			}
		},
		{
			"name": "fishing_rod_110",
			"from": [6.5, 5.5, 7.55],
			"to": [7, 6, 8.45],
			"faces": {
				"north": {"uv": [6.525, 10.475, 6.975, 10.025], "rotation": 180, "texture": "#layer0"},
				"south": {"uv": [6.525, 10.025, 6.975, 10.475], "texture": "#layer0"}
			}
		},
		{
			"name": "fishing_rod_111",
			"from": [7, 5.5, 7.55],
			"to": [7.5, 6, 8.45],
			"faces": {
				"north": {"uv": [7.025, 10.475, 7.475, 10.025], "rotation": 180, "texture": "#layer0"},
				"east": {"uv": [7.025, 10.025, 7.475, 10.475], "texture": "#layer0"},
				"south": {"uv": [7.025, 10.025, 7.475, 10.475], "texture": "#layer0"}
			}
		},
		{
			"name": "fishing_rod_112",
			"from": [7.5, 5.5, 7.75],
			"to": [8, 6, 8.25],
			"faces": {
				"north": {"uv": [7.525, 10.475, 7.975, 10.025], "rotation": 180, "texture": "#layer0"},
				"east": {"uv": [7.525, 10.025, 7.975, 10.475], "texture": "#layer0"},
				"south": {"uv": [7.525, 10.025, 7.975, 10.475], "texture": "#layer0"}
			}
		},
		{
			"name": "fishing_rod_113",
			"from": [13.5, 5.5, 7.75],
			"to": [14, 6, 8.25],
			"faces": {
				"north": {"uv": [13.525, 10.475, 13.975, 10.025], "rotation": 180, "texture": "#layer0"},
				"east": {"uv": [13.525, 10.025, 13.975, 10.475], "texture": "#layer0"},
				"south": {"uv": [13.525, 10.025, 13.975, 10.475], "texture": "#layer0"},
				"west": {"uv": [13.525, 10.025, 13.975, 10.475], "texture": "#layer0"},
				"up": {"uv": [13.975, 10.025, 13.525, 10.475], "rotation": 180, "texture": "#layer0"}
			}
		},
		{
			"name": "fishing_rod_114",
			"from": [5, 5, 7.75],
			"to": [5.5, 5.5, 8.25],
			"faces": {
				"north": {"uv": [5.025, 10.975, 5.475, 10.525], "rotation": 180, "texture": "#layer0"},
				"south": {"uv": [5.025, 10.525, 5.475, 10.975], "texture": "#layer0"},
				"west": {"uv": [5.025, 10.525, 5.475, 10.975], "texture": "#layer0"},
				"up": {"uv": [5.475, 10.525, 5.025, 10.975], "rotation": 180, "texture": "#layer0"}
			}
		},
		{
			"name": "fishing_rod_115",
			"from": [5.5, 5, 7.55],
			"to": [6, 5.5, 8.45],
			"faces": {
				"north": {"uv": [5.525, 10.975, 5.975, 10.525], "rotation": 180, "texture": "#layer0"},
				"south": {"uv": [5.525, 10.525, 5.975, 10.975], "texture": "#layer0"},
				"west": {"uv": [5.525, 10.525, 5.975, 10.975], "texture": "#layer0"},
				"up": {"uv": [5.975, 10.525, 5.525, 10.975], "rotation": 180, "texture": "#layer0"}
			}
		},
		{
			"name": "fishing_rod_116",
			"from": [6, 5, 7.55],
			"to": [6.5, 5.5, 8.45],
			"faces": {
				"north": {"uv": [6.025, 10.975, 6.475, 10.525], "rotation": 180, "texture": "#layer0"},
				"south": {"uv": [6.025, 10.525, 6.475, 10.975], "texture": "#layer0"}
			}
		},
		{
			"name": "fishing_rod_117",
			"from": [6.5, 5, 7.55],
			"to": [7, 5.5, 8.45],
			"faces": {
				"north": {"uv": [6.525, 10.975, 6.975, 10.525], "rotation": 180, "texture": "#layer0"},
				"south": {"uv": [6.525, 10.525, 6.975, 10.975], "texture": "#layer0"}
			}
		},
		{
			"name": "fishing_rod_118",
			"from": [7, 5, 7.35],
			"to": [7.5, 5.5, 8.65],
			"faces": {
				"north": {"uv": [7.025, 10.975, 7.475, 10.525], "rotation": 180, "texture": "#layer0"},
				"south": {"uv": [7.025, 10.525, 7.475, 10.975], "texture": "#layer0"},
				"west": {"uv": [7.025, 10.525, 7.475, 10.975], "texture": "#layer0"},
				"up": {"uv": [7.475, 10.525, 7.025, 10.975], "rotation": 180, "texture": "#layer0"},
				"down": {"uv": [7.025, 10.525, 7.475, 10.975], "texture": "#layer0"}
			}
		},
		{
			"name": "fishing_rod_119",
			"from": [7.5, 5, 7.35],
			"to": [8, 5.5, 8.65],
			"faces": {
				"north": {"uv": [7.525, 10.975, 7.975, 10.525], "rotation": 180, "texture": "#layer0"},
				"east": {"uv": [7.525, 10.525, 7.975, 10.975], "texture": "#layer0"},
				"south": {"uv": [7.525, 10.525, 7.975, 10.975], "texture": "#layer0"},
				"up": {"uv": [7.975, 10.525, 7.525, 10.975], "rotation": 180, "texture": "#layer0"},
				"down": {"uv": [7.525, 10.525, 7.975, 10.975], "texture": "#layer0"}
			}
		},
		{
			"name": "fishing_rod_120",
			"from": [13.5, 5, 7.75],
			"to": [14, 5.5, 8.25],
			"faces": {
				"north": {"uv": [13.525, 10.975, 13.975, 10.525], "rotation": 180, "texture": "#layer0"},
				"east": {"uv": [13.525, 10.525, 13.975, 10.975], "texture": "#layer0"},
				"south": {"uv": [13.525, 10.525, 13.975, 10.975], "texture": "#layer0"},
				"west": {"uv": [13.525, 10.525, 13.975, 10.975], "texture": "#layer0"},
				"down": {"uv": [13.525, 10.525, 13.975, 10.975], "texture": "#layer0"}
			}
		},
		{
			"name": "fishing_rod_121",
			"from": [4.5, 4.5, 7.75],
			"to": [5, 5, 8.25],
			"faces": {
				"north": {"uv": [4.525, 11.475, 4.975, 11.025], "rotation": 180, "texture": "#layer0"},
				"south": {"uv": [4.525, 11.025, 4.975, 11.475], "texture": "#layer0"},
				"west": {"uv": [4.525, 11.025, 4.975, 11.475], "texture": "#layer0"},
				"up": {"uv": [4.975, 11.025, 4.525, 11.475], "rotation": 180, "texture": "#layer0"}
			}
		},
		{
			"name": "fishing_rod_122",
			"from": [5, 4.5, 7.55],
			"to": [5.5, 5, 8.45],
			"faces": {
				"north": {"uv": [5.025, 11.475, 5.475, 11.025], "rotation": 180, "texture": "#layer0"},
				"south": {"uv": [5.025, 11.025, 5.475, 11.475], "texture": "#layer0"},
				"west": {"uv": [5.025, 11.025, 5.475, 11.475], "texture": "#layer0"},
				"up": {"uv": [5.475, 11.025, 5.025, 11.475], "rotation": 180, "texture": "#layer0"}
			}
		},
		{
			"name": "fishing_rod_123",
			"from": [5.5, 4.5, 7.55],
			"to": [6, 5, 8.45],
			"faces": {
				"north": {"uv": [5.525, 11.475, 5.975, 11.025], "rotation": 180, "texture": "#layer0"},
				"south": {"uv": [5.525, 11.025, 5.975, 11.475], "texture": "#layer0"}
			}
		},
		{
			"name": "fishing_rod_124",
			"from": [6, 4.5, 7.55],
			"to": [6.5, 5, 8.45],
			"faces": {
				"north": {"uv": [6.025, 11.475, 6.475, 11.025], "rotation": 180, "texture": "#layer0"},
				"south": {"uv": [6.025, 11.025, 6.475, 11.475], "texture": "#layer0"}
			}
		},
		{
			"name": "fishing_rod_125",
			"from": [6.5, 4.5, 7.55],
			"to": [7, 5, 8.45],
			"faces": {
				"north": {"uv": [6.525, 11.475, 6.975, 11.025], "rotation": 180, "texture": "#layer0"},
				"south": {"uv": [6.525, 11.025, 6.975, 11.475], "texture": "#layer0"},
				"west": {"uv": [6.525, 11.025, 6.975, 11.475], "texture": "#layer0"},
				"up": {"uv": [6.975, 11.025, 6.525, 11.475], "rotation": 180, "texture": "#layer0"}
			}
		},
		{
			"name": "fishing_rod_126",
			"from": [7, 4.5, 7.55],
			"to": [7.5, 5, 8.45],
			"faces": {
				"north": {"uv": [7.025, 11.475, 7.475, 11.025], "rotation": 180, "texture": "#layer0"},
				"south": {"uv": [7.025, 11.025, 7.475, 11.475], "texture": "#layer0"}
			}
		},
		{
			"name": "fishing_rod_127",
			"from": [7.5, 4.5, 7.45],
			"to": [8, 5, 8.55],
			"rotation": {"angle": 0, "axis": "y", "origin": [8, 8, 7.8]},
			"faces": {
				"north": {"uv": [7.525, 11.475, 7.975, 11.025], "rotation": 180, "texture": "#layer0"},
				"south": {"uv": [7.525, 11.025, 7.975, 11.475], "texture": "#layer0"},
				"west": {"uv": [7.525, 11.025, 7.975, 11.475], "texture": "#layer0"},
				"down": {"uv": [7.525, 11.025, 7.975, 11.475], "texture": "#layer0"}
			}
		},
		{
			"name": "fishing_rod_128",
			"from": [8, 4.5, 7.35],
			"to": [8.5, 5, 8.65],
			"faces": {
				"north": {"uv": [8.025, 11.475, 8.475, 11.025], "rotation": 180, "texture": "#layer0"},
				"east": {"uv": [8.025, 11.025, 8.475, 11.475], "texture": "#layer0"},
				"south": {"uv": [8.025, 11.025, 8.475, 11.475], "texture": "#layer0"},
				"west": {"uv": [8.025, 11.025, 8.475, 11.475], "texture": "#layer0"},
				"up": {"uv": [8.475, 11.025, 8.025, 11.475], "rotation": 180, "texture": "#layer0"}
			}
		},
		{
			"name": "fishing_rod_129",
			"from": [13, 4.5, 7.75],
			"to": [13.5, 5, 8.25],
			"faces": {
				"north": {"uv": [13.025, 11.475, 13.475, 11.025], "rotation": 180, "texture": "#layer0"},
				"east": {"uv": [13.025, 11.025, 13.475, 11.475], "texture": "#layer0"},
				"south": {"uv": [13.025, 11.025, 13.475, 11.475], "texture": "#layer0"},
				"west": {"uv": [13.025, 11.025, 13.475, 11.475], "texture": "#layer0"},
				"up": {"uv": [13.475, 11.025, 13.025, 11.475], "rotation": 180, "texture": "#layer0"}
			}
		},
		{
			"name": "fishing_rod_130",
			"from": [4, 4, 7.75],
			"to": [4.5, 4.5, 8.25],
			"faces": {
				"north": {"uv": [4.025, 11.975, 4.475, 11.525], "rotation": 180, "texture": "#layer0"},
				"south": {"uv": [4.025, 11.525, 4.475, 11.975], "texture": "#layer0"},
				"west": {"uv": [4.025, 11.525, 4.475, 11.975], "texture": "#layer0"},
				"up": {"uv": [4.475, 11.525, 4.025, 11.975], "rotation": 180, "texture": "#layer0"}
			}
		},
		{
			"name": "fishing_rod_131",
			"from": [4.5, 4, 7.55],
			"to": [5, 4.5, 8.45],
			"faces": {
				"north": {"uv": [4.525, 11.975, 4.975, 11.525], "rotation": 180, "texture": "#layer0"},
				"south": {"uv": [4.525, 11.525, 4.975, 11.975], "texture": "#layer0"},
				"west": {"uv": [4.525, 11.525, 4.975, 11.975], "texture": "#layer0"},
				"up": {"uv": [4.975, 11.525, 4.525, 11.975], "rotation": 180, "texture": "#layer0"}
			}
		},
		{
			"name": "fishing_rod_132",
			"from": [5, 4, 7.55],
			"to": [5.5, 4.5, 8.45],
			"faces": {
				"north": {"uv": [5.025, 11.975, 5.475, 11.525], "rotation": 180, "texture": "#layer0"},
				"south": {"uv": [5.025, 11.525, 5.475, 11.975], "texture": "#layer0"}
			}
		},
		{
			"name": "fishing_rod_133",
			"from": [5.5, 4, 7.55],
			"to": [6, 4.5, 8.45],
			"faces": {
				"north": {"uv": [5.525, 11.975, 5.975, 11.525], "rotation": 180, "texture": "#layer0"},
				"south": {"uv": [5.525, 11.525, 5.975, 11.975], "texture": "#layer0"}
			}
		},
		{
			"name": "fishing_rod_134",
			"from": [6, 4, 7.55],
			"to": [6.5, 4.5, 8.45],
			"faces": {
				"north": {"uv": [6.025, 11.975, 6.475, 11.525], "rotation": 180, "texture": "#layer0"},
				"south": {"uv": [6.025, 11.525, 6.475, 11.975], "texture": "#layer0"},
				"west": {"uv": [6.025, 11.525, 6.475, 11.975], "texture": "#layer0"},
				"up": {"uv": [6.475, 11.525, 6.025, 11.975], "rotation": 180, "texture": "#layer0"}
			}
		},
		{
			"name": "fishing_rod_135",
			"from": [6.5, 4, 7.55],
			"to": [7, 4.5, 8.45],
			"faces": {
				"north": {"uv": [6.525, 11.975, 6.975, 11.525], "rotation": 180, "texture": "#layer0"},
				"south": {"uv": [6.525, 11.525, 6.975, 11.975], "texture": "#layer0"}
			}
		},
		{
			"name": "fishing_rod_136",
			"from": [7, 4, 7.55],
			"to": [7.5, 4.5, 8.45],
			"faces": {
				"north": {"uv": [7.025, 11.975, 7.475, 11.525], "rotation": 180, "texture": "#layer0"},
				"south": {"uv": [7.025, 11.525, 7.475, 11.975], "texture": "#layer0"}
			}
		},
		{
			"name": "fishing_rod_137",
			"from": [7.5, 4, 7.55],
			"to": [8, 4.5, 8.45],
			"faces": {
				"north": {"uv": [7.525, 11.975, 7.975, 11.525], "rotation": 180, "texture": "#layer0"},
				"south": {"uv": [7.525, 11.525, 7.975, 11.975], "texture": "#layer0"}
			}
		},
		{
			"name": "fishing_rod_138",
			"from": [8, 4, 7.35],
			"to": [8.5, 4.5, 8.65],
			"faces": {
				"north": {"uv": [8.025, 11.975, 8.475, 11.525], "rotation": 180, "texture": "#layer0"},
				"east": {"uv": [8.025, 11.525, 8.475, 11.975], "texture": "#layer0"},
				"south": {"uv": [8.025, 11.525, 8.475, 11.975], "texture": "#layer0"},
				"west": {"uv": [8.025, 11.525, 8.475, 11.975], "texture": "#layer0"}
			}
		},
		{
			"name": "fishing_rod_139",
			"from": [13, 4, 7.75],
			"to": [13.5, 4.5, 8.25],
			"faces": {
				"north": {"uv": [13.025, 11.975, 13.475, 11.525], "rotation": 180, "texture": "#layer0"},
				"east": {"uv": [13.025, 11.525, 13.475, 11.975], "texture": "#layer0"},
				"south": {"uv": [13.025, 11.525, 13.475, 11.975], "texture": "#layer0"},
				"west": {"uv": [13.025, 11.525, 13.475, 11.975], "texture": "#layer0"},
				"down": {"uv": [13.025, 11.525, 13.475, 11.975], "texture": "#layer0"}
			}
		},
		{
			"name": "fishing_rod_140",
			"from": [3.5, 3.5, 7.75],
			"to": [4, 4, 8.25],
			"faces": {
				"north": {"uv": [3.525, 12.475, 3.975, 12.025], "rotation": 180, "texture": "#layer0"},
				"south": {"uv": [3.525, 12.025, 3.975, 12.475], "texture": "#layer0"},
				"west": {"uv": [3.525, 12.025, 3.975, 12.475], "texture": "#layer0"},
				"up": {"uv": [3.975, 12.025, 3.525, 12.475], "rotation": 180, "texture": "#layer0"}
			}
		},
		{
			"name": "fishing_rod_141",
			"from": [4, 3.5, 7.55],
			"to": [4.5, 4, 8.45],
			"faces": {
				"north": {"uv": [4.025, 12.475, 4.475, 12.025], "rotation": 180, "texture": "#layer0"},
				"south": {"uv": [4.025, 12.025, 4.475, 12.475], "texture": "#layer0"},
				"west": {"uv": [4.025, 12.025, 4.475, 12.475], "texture": "#layer0"},
				"up": {"uv": [4.475, 12.025, 4.025, 12.475], "rotation": 180, "texture": "#layer0"}
			}
		},
		{
			"name": "fishing_rod_142",
			"from": [4.5, 3.5, 7.55],
			"to": [5, 4, 8.45],
			"faces": {
				"north": {"uv": [4.525, 12.475, 4.975, 12.025], "rotation": 180, "texture": "#layer0"},
				"south": {"uv": [4.525, 12.025, 4.975, 12.475], "texture": "#layer0"}
			}
		},
		{
			"name": "fishing_rod_143",
			"from": [5, 3.5, 7.55],
			"to": [5.5, 4, 8.45],
			"faces": {
				"north": {"uv": [5.025, 12.475, 5.475, 12.025], "rotation": 180, "texture": "#layer0"},
				"south": {"uv": [5.025, 12.025, 5.475, 12.475], "texture": "#layer0"},
				"down": {"uv": [5.025, 12.025, 5.475, 12.475], "texture": "#layer0"}
			}
		},
		{
			"name": "fishing_rod_144",
			"from": [5.5, 3.5, 7.35],
			"to": [6, 4, 8.65],
			"faces": {
				"north": {"uv": [5.525, 12.475, 5.975, 12.025], "rotation": 180, "texture": "#layer0"},
				"east": {"uv": [5.525, 12.025, 5.975, 12.475], "texture": "#layer0"},
				"south": {"uv": [5.525, 12.025, 5.975, 12.475], "texture": "#layer0"},
				"west": {"uv": [5.525, 12.025, 5.975, 12.475], "texture": "#layer0"},
				"up": {"uv": [5.975, 12.025, 5.525, 12.475], "rotation": 180, "texture": "#layer0"}
			}
		},
		{
			"name": "fishing_rod_145",
			"from": [6, 3.5, 7.55],
			"to": [6.5, 4, 8.45],
			"faces": {
				"north": {"uv": [6.025, 12.475, 6.475, 12.025], "rotation": 180, "texture": "#layer0"},
				"south": {"uv": [6.025, 12.025, 6.475, 12.475], "texture": "#layer0"}
			}
		},
		{
			"name": "fishing_rod_146",
			"from": [6.5, 3.5, 7.55],
			"to": [7, 4, 8.45],
			"faces": {
				"north": {"uv": [6.525, 12.475, 6.975, 12.025], "rotation": 180, "texture": "#layer0"},
				"south": {"uv": [6.525, 12.025, 6.975, 12.475], "texture": "#layer0"}
			}
		},
		{
			"name": "fishing_rod_147",
			"from": [7, 3.5, 7.55],
			"to": [7.5, 4, 8.45],
			"faces": {
				"north": {"uv": [7.025, 12.475, 7.475, 12.025], "rotation": 180, "texture": "#layer0"},
				"south": {"uv": [7.025, 12.025, 7.475, 12.475], "texture": "#layer0"}
			}
		},
		{
			"name": "fishing_rod_148",
			"from": [7.5, 3.5, 7.55],
			"to": [8, 4, 8.45],
			"faces": {
				"north": {"uv": [7.525, 12.475, 7.975, 12.025], "rotation": 180, "texture": "#layer0"},
				"south": {"uv": [7.525, 12.025, 7.975, 12.475], "texture": "#layer0"}
			}
		},
		{
			"name": "fishing_rod_149",
			"from": [8, 3.5, 7.35],
			"to": [8.5, 4, 8.65],
			"faces": {
				"north": {"uv": [8.025, 12.475, 8.475, 12.025], "rotation": 180, "texture": "#layer0"},
				"east": {"uv": [8.025, 12.025, 8.475, 12.475], "texture": "#layer0"},
				"south": {"uv": [8.025, 12.025, 8.475, 12.475], "texture": "#layer0"},
				"west": {"uv": [8.025, 12.025, 8.475, 12.475], "texture": "#layer0"}
			}
		},
		{
			"name": "fishing_rod_150",
			"from": [12.5, 3.5, 7.75],
			"to": [13, 4, 8.25],
			"faces": {
				"north": {"uv": [12.525, 12.475, 12.975, 12.025], "rotation": 180, "texture": "#layer0"},
				"east": {"uv": [12.525, 12.025, 12.975, 12.475], "texture": "#layer0"},
				"south": {"uv": [12.525, 12.025, 12.975, 12.475], "texture": "#layer0"},
				"west": {"uv": [12.525, 12.025, 12.975, 12.475], "texture": "#layer0"},
				"up": {"uv": [12.975, 12.025, 12.525, 12.475], "rotation": 180, "texture": "#layer0"},
				"down": {"uv": [12.525, 12.025, 12.975, 12.475], "texture": "#layer0"}
			}
		},
		{
			"name": "fishing_rod_151",
			"from": [3, 3, 7.75],
			"to": [3.5, 3.5, 8.25],
			"faces": {
				"north": {"uv": [3.025, 12.975, 3.475, 12.525], "rotation": 180, "texture": "#layer0"},
				"south": {"uv": [3.025, 12.525, 3.475, 12.975], "texture": "#layer0"},
				"west": {"uv": [3.025, 12.525, 3.475, 12.975], "texture": "#layer0"},
				"up": {"uv": [3.475, 12.525, 3.025, 12.975], "rotation": 180, "texture": "#layer0"}
			}
		},
		{
			"name": "fishing_rod_152",
			"from": [3.5, 3, 7.55],
			"to": [4, 3.5, 8.45],
			"faces": {
				"north": {"uv": [3.525, 12.975, 3.975, 12.525], "rotation": 180, "texture": "#layer0"},
				"south": {"uv": [3.525, 12.525, 3.975, 12.975], "texture": "#layer0"},
				"west": {"uv": [3.525, 12.525, 3.975, 12.975], "texture": "#layer0"},
				"up": {"uv": [3.975, 12.525, 3.525, 12.975], "rotation": 180, "texture": "#layer0"}
			}
		},
		{
			"name": "fishing_rod_153",
			"from": [4, 3, 7.55],
			"to": [4.5, 3.5, 8.45],
			"faces": {
				"north": {"uv": [4.025, 12.975, 4.475, 12.525], "rotation": 180, "texture": "#layer0"},
				"south": {"uv": [4.025, 12.525, 4.475, 12.975], "texture": "#layer0"}
			}
		},
		{
			"name": "fishing_rod_154",
			"from": [4.5, 3, 7.55],
			"to": [5, 3.5, 8.45],
			"faces": {
				"north": {"uv": [4.525, 12.975, 4.975, 12.525], "rotation": 180, "texture": "#layer0"},
				"east": {"uv": [4.525, 12.525, 4.975, 12.975], "texture": "#layer0"},
				"south": {"uv": [4.525, 12.525, 4.975, 12.975], "texture": "#layer0"},
				"down": {"uv": [4.525, 12.525, 4.975, 12.975], "texture": "#layer0"}
			}
		},
		{
			"name": "fishing_rod_155",
			"from": [5, 3, 7.75],
			"to": [5.5, 3.5, 8.25],
			"faces": {
				"north": {"uv": [5.025, 12.975, 5.475, 12.525], "rotation": 180, "texture": "#layer0"},
				"south": {"uv": [5.025, 12.525, 5.475, 12.975], "texture": "#layer0"},
				"down": {"uv": [5.025, 12.525, 5.475, 12.975], "texture": "#layer0"}
			}
		},
		{
			"name": "fishing_rod_156",
			"from": [5.5, 3, 7.35],
			"to": [6, 3.5, 8.65],
			"faces": {
				"north": {"uv": [5.525, 12.975, 5.975, 12.525], "rotation": 180, "texture": "#layer0"},
				"east": {"uv": [5.525, 12.525, 5.975, 12.975], "texture": "#layer0"},
				"south": {"uv": [5.525, 12.525, 5.975, 12.975], "texture": "#layer0"},
				"west": {"uv": [5.525, 12.525, 5.975, 12.975], "texture": "#layer0"},
				"down": {"uv": [5.525, 12.525, 5.975, 12.975], "texture": "#layer0"}
			}
		},
		{
			"name": "fishing_rod_157",
			"from": [6, 3, 7.45],
			"to": [6.5, 3.5, 8.55],
			"rotation": {"angle": 0, "axis": "y", "origin": [8, 8, 7.8]},
			"faces": {
				"north": {"uv": [6.025, 12.975, 6.475, 12.525], "rotation": 180, "texture": "#layer0"},
				"east": {"uv": [6.025, 12.525, 6.475, 12.975], "texture": "#layer0"},
				"south": {"uv": [6.025, 12.525, 6.475, 12.975], "texture": "#layer0"},
				"up": {"uv": [6.475, 12.525, 6.025, 12.975], "rotation": 180, "texture": "#layer0"}
			}
		},
		{
			"name": "fishing_rod_158",
			"from": [6.5, 3, 7.55],
			"to": [7, 3.5, 8.45],
			"faces": {
				"north": {"uv": [6.525, 12.975, 6.975, 12.525], "rotation": 180, "texture": "#layer0"},
				"south": {"uv": [6.525, 12.525, 6.975, 12.975], "texture": "#layer0"}
			}
		},
		{
			"name": "fishing_rod_159",
			"from": [7, 3, 7.55],
			"to": [7.5, 3.5, 8.45],
			"faces": {
				"north": {"uv": [7.025, 12.975, 7.475, 12.525], "rotation": 180, "texture": "#layer0"},
				"south": {"uv": [7.025, 12.525, 7.475, 12.975], "texture": "#layer0"}
			}
		},
		{
			"name": "fishing_rod_160",
			"from": [7.5, 3, 7.45],
			"to": [8, 3.5, 8.55],
			"rotation": {"angle": 0, "axis": "y", "origin": [8, 8, 7.8]},
			"faces": {
				"north": {"uv": [7.525, 12.975, 7.975, 12.525], "rotation": 180, "texture": "#layer0"},
				"south": {"uv": [7.525, 12.525, 7.975, 12.975], "texture": "#layer0"},
				"west": {"uv": [7.525, 12.525, 7.975, 12.975], "texture": "#layer0"},
				"up": {"uv": [7.975, 12.525, 7.525, 12.975], "rotation": 180, "texture": "#layer0"}
			}
		},
		{
			"name": "fishing_rod_161",
			"from": [8, 3, 7.35],
			"to": [8.5, 3.5, 8.65],
			"faces": {
				"north": {"uv": [8.025, 12.975, 8.475, 12.525], "rotation": 180, "texture": "#layer0"},
				"east": {"uv": [8.025, 12.525, 8.475, 12.975], "texture": "#layer0"},
				"south": {"uv": [8.025, 12.525, 8.475, 12.975], "texture": "#layer0"},
				"west": {"uv": [8.025, 12.525, 8.475, 12.975], "texture": "#layer0"},
				"down": {"uv": [8.025, 12.525, 8.475, 12.975], "texture": "#layer0"}
			}
		},
		{
			"name": "fishing_rod_162",
			"from": [12, 3, 7.75],
			"to": [12.5, 3.5, 8.25],
			"faces": {
				"north": {"uv": [12.025, 12.975, 12.475, 12.525], "rotation": 180, "texture": "#layer0"},
				"east": {"uv": [12.025, 12.525, 12.475, 12.975], "texture": "#layer0"},
				"south": {"uv": [12.025, 12.525, 12.475, 12.975], "texture": "#layer0"},
				"west": {"uv": [12.025, 12.525, 12.475, 12.975], "texture": "#layer0"},
				"up": {"uv": [12.475, 12.525, 12.025, 12.975], "rotation": 180, "texture": "#layer0"}
			}
		},
		{
			"name": "fishing_rod_163",
			"from": [2.5, 2.5, 7.75],
			"to": [3, 3, 8.25],
			"faces": {
				"north": {"uv": [2.525, 13.475, 2.975, 13.025], "rotation": 180, "texture": "#layer0"},
				"south": {"uv": [2.525, 13.025, 2.975, 13.475], "texture": "#layer0"},
				"west": {"uv": [2.525, 13.025, 2.975, 13.475], "texture": "#layer0"},
				"up": {"uv": [2.975, 13.025, 2.525, 13.475], "rotation": 180, "texture": "#layer0"}
			}
		},
		{
			"name": "fishing_rod_164",
			"from": [3, 2.5, 7.55],
			"to": [3.5, 3, 8.45],
			"faces": {
				"north": {"uv": [3.025, 13.475, 3.475, 13.025], "rotation": 180, "texture": "#layer0"},
				"south": {"uv": [3.025, 13.025, 3.475, 13.475], "texture": "#layer0"},
				"west": {"uv": [3.025, 13.025, 3.475, 13.475], "texture": "#layer0"},
				"up": {"uv": [3.475, 13.025, 3.025, 13.475], "rotation": 180, "texture": "#layer0"}
			}
		},
		{
			"name": "fishing_rod_165",
			"from": [3.5, 2.5, 7.55],
			"to": [4, 3, 8.45],
			"faces": {
				"north": {"uv": [3.525, 13.475, 3.975, 13.025], "rotation": 180, "texture": "#layer0"},
				"south": {"uv": [3.525, 13.025, 3.975, 13.475], "texture": "#layer0"}
			}
		},
		{
			"name": "fishing_rod_166",
			"from": [4, 2.5, 7.55],
			"to": [4.5, 3, 8.45],
			"faces": {
				"north": {"uv": [4.025, 13.475, 4.475, 13.025], "rotation": 180, "texture": "#layer0"},
				"east": {"uv": [4.025, 13.025, 4.475, 13.475], "texture": "#layer0"},
				"south": {"uv": [4.025, 13.025, 4.475, 13.475], "texture": "#layer0"},
				"down": {"uv": [4.025, 13.025, 4.475, 13.475], "texture": "#layer0"}
			}
		},
		{
			"name": "fishing_rod_167",
			"from": [4.5, 2.5, 7.75],
			"to": [5, 3, 8.25],
			"faces": {
				"north": {"uv": [4.525, 13.475, 4.975, 13.025], "rotation": 180, "texture": "#layer0"},
				"east": {"uv": [4.525, 13.025, 4.975, 13.475], "texture": "#layer0"},
				"south": {"uv": [4.525, 13.025, 4.975, 13.475], "texture": "#layer0"},
				"down": {"uv": [4.525, 13.025, 4.975, 13.475], "texture": "#layer0"}
			}
		},
		{
			"name": "fishing_rod_168",
			"from": [6, 2.5, 7.35],
			"to": [6.5, 3, 8.65],
			"faces": {
				"north": {"uv": [6.025, 13.475, 6.475, 13.025], "rotation": 180, "texture": "#layer0"},
				"south": {"uv": [6.025, 13.025, 6.475, 13.475], "texture": "#layer0"},
				"west": {"uv": [6.025, 13.025, 6.475, 13.475], "texture": "#layer0"},
				"up": {"uv": [6.475, 13.025, 6.025, 13.475], "rotation": 180, "texture": "#layer0"},
				"down": {"uv": [6.025, 13.025, 6.475, 13.475], "texture": "#layer0"}
			}
		},
		{
			"name": "fishing_rod_169",
			"from": [6.5, 2.5, 7.35],
			"to": [7, 3, 8.65],
			"faces": {
				"north": {"uv": [6.525, 13.475, 6.975, 13.025], "rotation": 180, "texture": "#layer0"},
				"south": {"uv": [6.525, 13.025, 6.975, 13.475], "texture": "#layer0"},
				"up": {"uv": [6.975, 13.025, 6.525, 13.475], "rotation": 180, "texture": "#layer0"},
				"down": {"uv": [6.525, 13.025, 6.975, 13.475], "texture": "#layer0"}
			}
		},
		{
			"name": "fishing_rod_170",
			"from": [7, 2.5, 7.35],
			"to": [7.5, 3, 8.65],
			"faces": {
				"north": {"uv": [7.025, 13.475, 7.475, 13.025], "rotation": 180, "texture": "#layer0"},
				"south": {"uv": [7.025, 13.025, 7.475, 13.475], "texture": "#layer0"},
				"up": {"uv": [7.475, 13.025, 7.025, 13.475], "rotation": 180, "texture": "#layer0"},
				"down": {"uv": [7.025, 13.025, 7.475, 13.475], "texture": "#layer0"}
			}
		},
		{
			"name": "fishing_rod_171",
			"from": [7.5, 2.5, 7.35],
			"to": [8, 3, 8.65],
			"faces": {
				"north": {"uv": [7.525, 13.475, 7.975, 13.025], "rotation": 180, "texture": "#layer0"},
				"east": {"uv": [7.525, 13.025, 7.975, 13.475], "texture": "#layer0"},
				"south": {"uv": [7.525, 13.025, 7.975, 13.475], "texture": "#layer0"},
				"up": {"uv": [7.975, 13.025, 7.525, 13.475], "rotation": 180, "texture": "#layer0"},
				"down": {"uv": [7.525, 13.025, 7.975, 13.475], "texture": "#layer0"}
			}
		},
		{
			"name": "fishing_rod_172",
			"from": [11, 2.5, 7.75],
			"to": [11.5, 3, 8.25],
			"faces": {
				"north": {"uv": [11.025, 13.475, 11.475, 13.025], "rotation": 180, "texture": "#layer0"},
				"east": {"uv": [11.025, 13.025, 11.475, 13.475], "texture": "#layer0"},
				"south": {"uv": [11.025, 13.025, 11.475, 13.475], "texture": "#layer0"},
				"west": {"uv": [11.025, 13.025, 11.475, 13.475], "texture": "#layer0"},
				"up": {"uv": [11.475, 13.025, 11.025, 13.475], "rotation": 180, "texture": "#layer0"}
			}
		},
		{
			"name": "fishing_rod_173",
			"from": [12, 2.5, 7.75],
			"to": [12.5, 3, 8.25],
			"faces": {
				"north": {"uv": [12.025, 13.475, 12.475, 13.025], "rotation": 180, "texture": "#layer0"},
				"east": {"uv": [12.025, 13.025, 12.475, 13.475], "texture": "#layer0"},
				"south": {"uv": [12.025, 13.025, 12.475, 13.475], "texture": "#layer0"},
				"west": {"uv": [12.025, 13.025, 12.475, 13.475], "texture": "#layer0"},
				"down": {"uv": [12.025, 13.025, 12.475, 13.475], "texture": "#layer0"}
			}
		},
		{
			"name": "fishing_rod_174",
			"from": [2, 2, 7.75],
			"to": [2.5, 2.5, 8.25],
			"faces": {
				"north": {"uv": [2.025, 13.975, 2.475, 13.525], "rotation": 180, "texture": "#layer0"},
				"south": {"uv": [2.025, 13.525, 2.475, 13.975], "texture": "#layer0"},
				"west": {"uv": [2.025, 13.525, 2.475, 13.975], "texture": "#layer0"},
				"up": {"uv": [2.475, 13.525, 2.025, 13.975], "rotation": 180, "texture": "#layer0"}
			}
		},
		{
			"name": "fishing_rod_175",
			"from": [2.5, 2, 7.55],
			"to": [3, 2.5, 8.45],
			"faces": {
				"north": {"uv": [2.525, 13.975, 2.975, 13.525], "rotation": 180, "texture": "#layer0"},
				"south": {"uv": [2.525, 13.525, 2.975, 13.975], "texture": "#layer0"},
				"west": {"uv": [2.525, 13.525, 2.975, 13.975], "texture": "#layer0"},
				"up": {"uv": [2.975, 13.525, 2.525, 13.975], "rotation": 180, "texture": "#layer0"}
			}
		},
		{
			"name": "fishing_rod_176",
			"from": [3, 2, 7.55],
			"to": [3.5, 2.5, 8.45],
			"faces": {
				"north": {"uv": [3.025, 13.975, 3.475, 13.525], "rotation": 180, "texture": "#layer0"},
				"south": {"uv": [3.025, 13.525, 3.475, 13.975], "texture": "#layer0"}
			}
		},
		{
			"name": "fishing_rod_177",
			"from": [3.5, 2, 7.55],
			"to": [4, 2.5, 8.45],
			"faces": {
				"north": {"uv": [3.525, 13.975, 3.975, 13.525], "rotation": 180, "texture": "#layer0"},
				"east": {"uv": [3.525, 13.525, 3.975, 13.975], "texture": "#layer0"},
				"south": {"uv": [3.525, 13.525, 3.975, 13.975], "texture": "#layer0"},
				"down": {"uv": [3.525, 13.525, 3.975, 13.975], "texture": "#layer0"}
			}
		},
		{
			"name": "fishing_rod_178",
			"from": [4, 2, 7.75],
			"to": [4.5, 2.5, 8.25],
			"faces": {
				"north": {"uv": [4.025, 13.975, 4.475, 13.525], "rotation": 180, "texture": "#layer0"},
				"east": {"uv": [4.025, 13.525, 4.475, 13.975], "texture": "#layer0"},
				"south": {"uv": [4.025, 13.525, 4.475, 13.975], "texture": "#layer0"},
				"down": {"uv": [4.025, 13.525, 4.475, 13.975], "texture": "#layer0"}
			}
		},
		{
			"name": "fishing_rod_179",
			"from": [11, 2, 7.75],
			"to": [11.5, 2.5, 8.25],
			"faces": {
				"north": {"uv": [11.025, 13.975, 11.475, 13.525], "rotation": 180, "texture": "#layer0"},
				"south": {"uv": [11.025, 13.525, 11.475, 13.975], "texture": "#layer0"},
				"west": {"uv": [11.025, 13.525, 11.475, 13.975], "texture": "#layer0"},
				"down": {"uv": [11.025, 13.525, 11.475, 13.975], "texture": "#layer0"}
			}
		},
		{
			"name": "fishing_rod_180",
			"from": [11.5, 2, 7.75],
			"to": [12, 2.5, 8.25],
			"faces": {
				"north": {"uv": [11.525, 13.975, 11.975, 13.525], "rotation": 180, "texture": "#layer0"},
				"east": {"uv": [11.525, 13.525, 11.975, 13.975], "texture": "#layer0"},
				"south": {"uv": [11.525, 13.525, 11.975, 13.975], "texture": "#layer0"},
				"up": {"uv": [11.975, 13.525, 11.525, 13.975], "rotation": 180, "texture": "#layer0"},
				"down": {"uv": [11.525, 13.525, 11.975, 13.975], "texture": "#layer0"}
			}
		},
		{
			"name": "fishing_rod_181",
			"from": [2, 1.5, 7.75],
			"to": [2.5, 2, 8.25],
			"faces": {
				"north": {"uv": [2.025, 14.475, 2.475, 14.025], "rotation": 180, "texture": "#layer0"},
				"south": {"uv": [2.025, 14.025, 2.475, 14.475], "texture": "#layer0"},
				"west": {"uv": [2.025, 14.025, 2.475, 14.475], "texture": "#layer0"},
				"down": {"uv": [2.025, 14.025, 2.475, 14.475], "texture": "#layer0"}
			}
		},
		{
			"name": "fishing_rod_182",
			"from": [2.5, 1.5, 7.55],
			"to": [3, 2, 8.45],
			"faces": {
				"north": {"uv": [2.525, 14.475, 2.975, 14.025], "rotation": 180, "texture": "#layer0"},
				"south": {"uv": [2.525, 14.025, 2.975, 14.475], "texture": "#layer0"},
				"west": {"uv": [2.525, 14.025, 2.975, 14.475], "texture": "#layer0"},
				"down": {"uv": [2.525, 14.025, 2.975, 14.475], "texture": "#layer0"}
			}
		},
		{
			"name": "fishing_rod_183",
			"from": [3, 1.5, 7.55],
			"to": [3.5, 2, 8.45],
			"faces": {
				"north": {"uv": [3.025, 14.475, 3.475, 14.025], "rotation": 180, "texture": "#layer0"},
				"east": {"uv": [3.025, 14.025, 3.475, 14.475], "texture": "#layer0"},
				"south": {"uv": [3.025, 14.025, 3.475, 14.475], "texture": "#layer0"},
				"down": {"uv": [3.025, 14.025, 3.475, 14.475], "texture": "#layer0"}
			}
		},
		{
			"name": "fishing_rod_184",
			"from": [3.5, 1.5, 7.75],
			"to": [4, 2, 8.25],
			"faces": {
				"north": {"uv": [3.525, 14.475, 3.975, 14.025], "rotation": 180, "texture": "#layer0"},
				"east": {"uv": [3.525, 14.025, 3.975, 14.475], "texture": "#layer0"},
				"south": {"uv": [3.525, 14.025, 3.975, 14.475], "texture": "#layer0"},
				"down": {"uv": [3.525, 14.025, 3.975, 14.475], "texture": "#layer0"}
			}
		},
		{
			"name": "fishing_rod_185",
			"from": [2.5, 1, 7.75],
			"to": [3, 1.5, 8.25],
			"faces": {
				"north": {"uv": [2.525, 14.975, 2.975, 14.525], "rotation": 180, "texture": "#layer0"},
				"south": {"uv": [2.525, 14.525, 2.975, 14.975], "texture": "#layer0"},
				"west": {"uv": [2.525, 14.525, 2.975, 14.975], "texture": "#layer0"},
				"down": {"uv": [2.525, 14.525, 2.975, 14.975], "texture": "#layer0"}
			}
		},
		{
			"name": "fishing_rod_186",
			"from": [3, 1, 7.75],
			"to": [3.5, 1.5, 8.25],
			"faces": {
				"north": {"uv": [3.025, 14.975, 3.475, 14.525], "rotation": 180, "texture": "#layer0"},
				"east": {"uv": [3.025, 14.525, 3.475, 14.975], "texture": "#layer0"},
				"south": {"uv": [3.025, 14.525, 3.475, 14.975], "texture": "#layer0"},
				"down": {"uv": [3.025, 14.525, 3.475, 14.975], "texture": "#layer0"}
			}
		}
	],
	"overrides": [
        {
            "predicate": {
                "cast": 1
            },
            "model": "item/fishing_rod_cast"
        }
    ],
	"groups": [
		{
			"name": "fishing_rod",
			"origin": [8, 8, 8],
			"children": [0, 1, 2, 3, 4, 5, 6, 7, 8, 9, 10, 11, 12, 13, 14, 15, 16, 17, 18, 19, 20, 21, 22, 23, 24, 25, 26, 27, 28, 29, 30, 31, 32, 33, 34, 35, 36, 37, 38, 39, 40, 41, 42, 43, 44, 45, 46, 47, 48, 49, 50, 51, 52, 53, 54, 55, 56, 57, 58, 59, 60, 61, 62, 63, 64, 65, 66, 67, 68, 69, 70, 71, 72, 73, 74, 75, 76, 77, 78, 79, 80, 81, 82, 83, 84, 85, 86, 87, 88, 89, 90, 91, 92, 93, 94, 95, 96, 97, 98, 99, 100, 101, 102, 103, 104, 105, 106, 107, 108, 109, 110, 111, 112, 113, 114, 115, 116, 117, 118, 119, 120, 121, 122, 123, 124, 125, 126, 127, 128, 129, 130, 131, 132, 133, 134, 135, 136, 137, 138, 139, 140, 141, 142, 143, 144, 145, 146, 147, 148, 149, 150, 151, 152, 153, 154, 155, 156, 157, 158, 159, 160, 161, 162, 163, 164, 165, 166, 167, 168, 169, 170, 171, 172, 173, 174, 175, 176, 177, 178, 179, 180, 181, 182, 183, 184, 185, 186]
		}
	]
}