{
	"credit": "Made with Blockbench by Juknum",
	"parent": "block/block",
	"ambientocclusion": false,
	"textures": {
		"2": "block/furnace_side",
		"3": "block/furnace_top",
		"4": "block/furnace_front",
		"texture": "block/minecart",
		"particle": "block/furnace_top"
	},
	"elements": [
		{
			"name": "minecart bottom",
			"from": [-2, 0, 0],
			"to": [18, 2, 16],
			"faces": {
				"north": {"uv": [0.5, 2.5, 5.5, 3], "texture": "#texture"},
				"east": {"uv": [0, 3, 0.5, 7], "rotation": 90, "texture": "#texture"},
				"south": {"uv": [0.5, 2.5, 5.5, 3], "texture": "#texture"},
				"west": {"uv": [5.5, 3, 6, 7], "rotation": 90, "texture": "#texture"},
				"up": {"uv": [6, 3, 11, 7], "texture": "#texture"},
				"down": {"uv": [0.5, 3, 5.5, 7], "texture": "#texture"}
			}
		},
		{
			"name": "minecart side left",
			"from": [-2, 2, 0],
			"to": [18, 10, 2],
			"faces": {
				"north": {"uv": [4.5, 0.5, 9.5, 2.5], "texture": "#texture"},
				"south": {"uv": [0, 0.5, 5, 2.5], "texture": "#texture"},
				"up": {"uv": [0, 0, 5, 0.5], "texture": "#texture"}
			}
		},
		{
			"name": "minecart side bottom",
			"from": [-2, 2, 0],
			"to": [0, 10, 16],
			"faces": {
				"north": {"uv": [0, 0.5, 0.5, 2.5], "texture": "#texture"},
				"east": {"uv": [0.75, 0.5, 4.25, 2.5], "texture": "#texture"},
				"west": {"uv": [5.25, 0.5, 8.75, 2.5], "texture": "#texture"},
				"up": {"uv": [0, 0.5, 0.5, 2.5], "texture": "#texture"}
			}
		},
		{
			"name": "minecart side bottom",
			"from": [16, 2, 0],
			"to": [18, 10, 16],
			"faces": {
				"east": {"uv": [5.25, 0.5, 8.75, 2.5], "texture": "#texture"},
				"south": {"uv": [0, 0.5, 0.5, 2.5], "texture": "#texture"},
				"west": {"uv": [0.75, 0.5, 4.25, 2.5], "texture": "#texture"},
				"up": {"uv": [4.5, 0.5, 5, 2.5], "rotation": 180, "texture": "#texture"}
			}
		},
		{
			"name": "minecart side right",
			"from": [-2, 2, 14],
			"to": [18, 10, 16],
			"faces": {
				"north": {"uv": [0, 0.5, 5, 2.5], "texture": "#texture"},
				"south": {"uv": [4.5, 0.5, 9.5, 2.5], "texture": "#texture"},
				"up": {"uv": [0, 0, 5, 0.5], "rotation": 180, "texture": "#texture"}
			}
		},
		{
			"from": [2.24, 2.24, 2.24],
			"to": [13.4, 13.76, 13.76],
			"faces": {
				"north": {"uv": [0.5, 0, 16, 16], "texture": "#2", "cullface": "west"},
				"east": {"uv": [0, 0, 16, 16], "texture": "#4", "cullface": "north"},
				"south": {"uv": [0, 0, 15.5, 16], "texture": "#2", "cullface": "east"},
				"west": {"uv": [0, 0, 16, 16], "texture": "#2", "cullface": "south"},
				"up": {"uv": [0, 0.5, 16, 16], "rotation": 90, "texture": "#3", "cullface": "up"},
				"down": {"uv": [0, 0, 16, 15.5], "rotation": 270, "texture": "#3", "cullface": "down"}
			}
		},
		{
			"name": "furnace_front_0",
			"from": [13.4, 10.88, 10.16],
			"to": [13.76, 13.76, 13.76],
			"faces": {
				"north": {"uv": [4.5, 0, 5, 4], "texture": "#4", "cullface": "north"},
				"east": {"uv": [0, 0, 5, 4], "texture": "#4", "cullface": "north"},
				"south": {"uv": [15.5, 0, 16, 4], "texture": "#2", "cullface": "east"},
				"west": {"uv": [0, 0, 0, 0], "texture": "#4", "cullface": "north"},
				"up": {"uv": [11, 0, 16, 0.5], "rotation": 90, "texture": "#3", "cullface": "up"},
				"down": {"uv": [0, 3.5, 5, 4], "rotation": 90, "texture": "#4", "cullface": "north"}
			}
		},
		{
			"name": "furnace_front_1",
			"from": [13.4, 11.24, 2.24],
			"to": [13.76, 13.76, 10.16],
			"faces": {
				"north": {"uv": [0, 0, 0.5, 3.5], "texture": "#2", "cullface": "west"},
				"east": {"uv": [5, 0, 16, 3.5], "texture": "#4", "cullface": "north"},
				"south": {"uv": [0, 0, 0, 0], "texture": "#4"},
				"west": {"uv": [0, 0, 0, 0], "texture": "#4", "cullface": "west"},
				"up": {"uv": [0, 0, 11, 0.5], "rotation": 90, "texture": "#3", "cullface": "up"},
				"down": {"uv": [5, 3, 16, 3.5], "rotation": 90, "texture": "#4", "cullface": "north"}
			}
		},
		{
			"name": "furnace_front_2",
			"from": [13.4, 10.88, 2.24],
			"to": [13.76, 11.24, 5.84],
			"faces": {
				"north": {"uv": [0, 3.5, 0.5, 4], "texture": "#2", "cullface": "west"},
				"east": {"uv": [11, 3.5, 16, 4], "texture": "#4", "cullface": "north"},
				"south": {"uv": [11, 3.5, 11.5, 4], "texture": "#4", "cullface": "north"},
				"west": {"uv": [0, 0, 0, 0], "texture": "#4", "cullface": "west"},
				"up": {"uv": [0, 0, 0, 0], "rotation": 90, "texture": "#4"},
				"down": {"uv": [11, 3.5, 16, 4], "rotation": 90, "texture": "#4", "cullface": "north"}
			}
		},
		{
			"name": "furnace_front_3",
			"from": [13.4, 2.24, 11.6],
			"to": [13.76, 10.88, 13.76],
			"faces": {
				"north": {"uv": [2.5, 4, 3, 16], "texture": "#4", "cullface": "north"},
				"east": {"uv": [0, 4, 3, 16], "texture": "#4", "cullface": "north"},
				"south": {"uv": [15.5, 4, 16, 16], "texture": "#2", "cullface": "east"},
				"west": {"uv": [0, 0, 0, 0], "texture": "#4", "cullface": "north"},
				"up": {"uv": [0, 0, 0, 0], "rotation": 90, "texture": "#4"},
				"down": {"uv": [13, 15.5, 16, 16], "rotation": 270, "texture": "#3", "cullface": "down"}
			}
		},
		{
			"name": "furnace_front_4",
			"from": [13.4, 10.16, 10.88],
			"to": [13.76, 10.88, 11.6],
			"faces": {
				"north": {"uv": [3.5, 4, 4, 5], "texture": "#4", "cullface": "north"},
				"east": {"uv": [3, 4, 4, 5], "texture": "#4", "cullface": "north"},
				"south": {"uv": [0, 0, 0, 0], "texture": "#4"},
				"west": {"uv": [0, 0, 0, 0], "texture": "#4", "cullface": "north"},
				"up": {"uv": [0, 0, 0, 0], "rotation": 90, "texture": "#4"},
				"down": {"uv": [3, 4.5, 4, 5], "rotation": 90, "texture": "#4", "cullface": "north"}
			}
		},
		{
			"name": "furnace_front_5",
			"from": [13.4, 10.16, 2.24],
			"to": [13.76, 10.88, 5.12],
			"faces": {
				"north": {"uv": [0, 4, 0.5, 5], "texture": "#2", "cullface": "west"},
				"east": {"uv": [12, 4, 16, 5], "texture": "#4", "cullface": "north"},
				"south": {"uv": [12, 4, 12.5, 5], "texture": "#4", "cullface": "north"},
				"west": {"uv": [0, 0, 0, 0], "texture": "#4", "cullface": "west"},
				"up": {"uv": [0, 0, 0, 0], "rotation": 90, "texture": "#4"},
				"down": {"uv": [12, 4.5, 16, 5], "rotation": 90, "texture": "#4", "cullface": "north"}
			}
		},
		{
			"name": "furnace_front_6",
			"from": [13.4, 9.44, 11.24],
			"to": [13.76, 10.16, 11.6],
			"faces": {
				"north": {"uv": [3, 5, 3.5, 6], "texture": "#4", "cullface": "north"},
				"east": {"uv": [3, 5, 3.5, 6], "texture": "#4", "cullface": "north"},
				"south": {"uv": [0, 0, 0, 0], "texture": "#4"},
				"west": {"uv": [0, 0, 0, 0], "texture": "#4", "cullface": "north"},
				"up": {"uv": [0, 0, 0, 0], "rotation": 90, "texture": "#4"},
				"down": {"uv": [3, 5.5, 3.5, 6], "rotation": 90, "texture": "#4", "cullface": "north"}
			}
		},
		{
			"name": "furnace_front_7",
			"from": [13.4, 9.44, 2.24],
			"to": [13.76, 10.16, 4.76],
			"faces": {
				"north": {"uv": [0, 5, 0.5, 6], "texture": "#2", "cullface": "west"},
				"east": {"uv": [12.5, 5, 16, 6], "texture": "#4", "cullface": "north"},
				"south": {"uv": [12.5, 5, 13, 6], "texture": "#4", "cullface": "north"},
				"west": {"uv": [0, 0, 0, 0], "texture": "#4", "cullface": "west"},
				"up": {"uv": [0, 0, 0, 0], "rotation": 90, "texture": "#4"},
				"down": {"uv": [12.5, 5.5, 16, 6], "rotation": 90, "texture": "#4", "cullface": "north"}
			}
		},
		{
			"name": "furnace_front_8",
			"from": [13.4, 2.24, 2.24],
			"to": [13.76, 9.44, 4.4],
			"faces": {
				"north": {"uv": [0, 6, 0.5, 16], "texture": "#2", "cullface": "west"},
				"east": {"uv": [13, 6, 16, 16], "texture": "#4", "cullface": "north"},
				"south": {"uv": [13, 6, 13.5, 16], "texture": "#4", "cullface": "north"},
				"west": {"uv": [0, 0, 0, 0], "texture": "#4", "cullface": "west"},
				"up": {"uv": [0, 0, 0, 0], "rotation": 90, "texture": "#4"},
				"down": {"uv": [0, 15.5, 3, 16], "rotation": 270, "texture": "#3", "cullface": "down"}
			}
		},
		{
			"name": "furnace_front_9",
			"from": [13.4, 5.84, 4.4],
			"to": [13.76, 8.72, 11.6],
			"faces": {
				"north": {"uv": [0, 0, 0, 0], "texture": "#4", "cullface": "north"},
				"east": {"uv": [3, 7, 13, 11], "texture": "#4", "cullface": "north"},
				"south": {"uv": [0, 0, 0, 0], "texture": "#4"},
				"west": {"uv": [0, 0, 0, 0], "texture": "#4"},
				"up": {"uv": [13, 7, 3, 7.5], "rotation": 90, "texture": "#4", "cullface": "north"},
				"down": {"uv": [3, 10.5, 13, 11], "rotation": 90, "texture": "#4", "cullface": "north"}
			}
		},
		{
			"name": "furnace_front_10",
			"from": [13.4, 4.76, 10.52],
			"to": [13.76, 5.84, 11.6],
			"faces": {
				"north": {"uv": [4, 11, 4.5, 12.5], "texture": "#4", "cullface": "north"},
				"east": {"uv": [3, 11, 4.5, 12.5], "texture": "#4", "cullface": "north"},
				"south": {"uv": [0, 0, 0, 0], "texture": "#4"},
				"west": {"uv": [0, 0, 0, 0], "texture": "#4", "cullface": "north"},
				"up": {"uv": [0, 0, 0, 0], "rotation": 90, "texture": "#4"},
				"down": {"uv": [3, 12, 4.5, 12.5], "rotation": 90, "texture": "#4", "cullface": "north"}
			}
		},
		{
			"name": "furnace_front_11",
			"from": [13.4, 5.12, 9.8],
			"to": [13.76, 5.84, 10.52],
			"faces": {
				"north": {"uv": [5, 11, 5.5, 12], "texture": "#4", "cullface": "north"},
				"east": {"uv": [4.5, 11, 5.5, 12], "texture": "#4", "cullface": "north"},
				"south": {"uv": [0, 0, 0, 0], "texture": "#4"},
				"west": {"uv": [0, 0, 0, 0], "texture": "#4", "cullface": "north"},
				"up": {"uv": [0, 0, 0, 0], "rotation": 90, "texture": "#4"},
				"down": {"uv": [4.5, 11.5, 5.5, 12], "rotation": 90, "texture": "#4", "cullface": "north"}
			}
		},
		{
			"name": "furnace_front_12",
			"from": [13.4, 5.48, 9.08],
			"to": [13.76, 5.84, 9.8],
			"faces": {
				"north": {"uv": [6, 11, 6.5, 11.5], "texture": "#4", "cullface": "north"},
				"east": {"uv": [5.5, 11, 6.5, 11.5], "texture": "#4", "cullface": "north"},
				"south": {"uv": [0, 0, 0, 0], "texture": "#4"},
				"west": {"uv": [0, 0, 0, 0], "texture": "#4", "cullface": "north"},
				"up": {"uv": [0, 0, 0, 0], "rotation": 90, "texture": "#4"},
				"down": {"uv": [5.5, 11, 6.5, 11.5], "rotation": 90, "texture": "#4", "cullface": "north"}
			}
		},
		{
			"name": "furnace_front_13",
			"from": [13.4, 5.48, 4.4],
			"to": [13.76, 5.84, 6.92],
			"faces": {
				"north": {"uv": [0, 0, 0, 0], "texture": "#4", "cullface": "north"},
				"east": {"uv": [9.5, 11, 13, 11.5], "texture": "#4", "cullface": "north"},
				"south": {"uv": [9.5, 11, 10, 11.5], "texture": "#4", "cullface": "north"},
				"west": {"uv": [0, 0, 0, 0], "texture": "#4"},
				"up": {"uv": [0, 0, 0, 0], "rotation": 90, "texture": "#4"},
				"down": {"uv": [9.5, 11, 13, 11.5], "rotation": 90, "texture": "#4", "cullface": "north"}
			}
		},
		{
			"name": "furnace_front_14",
			"from": [13.4, 5.12, 4.4],
			"to": [13.76, 5.48, 6.2],
			"faces": {
				"north": {"uv": [0, 0, 0, 0], "texture": "#4", "cullface": "north"},
				"east": {"uv": [10.5, 11.5, 13, 12], "texture": "#4", "cullface": "north"},
				"south": {"uv": [10.5, 11.5, 11, 12], "texture": "#4", "cullface": "north"},
				"west": {"uv": [0, 0, 0, 0], "texture": "#4"},
				"up": {"uv": [0, 0, 0, 0], "rotation": 90, "texture": "#4"},
				"down": {"uv": [10.5, 11.5, 13, 12], "rotation": 90, "texture": "#4", "cullface": "north"}
			}
		},
		{
			"name": "furnace_front_15",
			"from": [13.4, 4.76, 4.4],
			"to": [13.76, 5.12, 5.48],
			"faces": {
				"north": {"uv": [0, 0, 0, 0], "texture": "#4", "cullface": "north"},
				"east": {"uv": [11.5, 12, 13, 12.5], "texture": "#4", "cullface": "north"},
				"south": {"uv": [11.5, 12, 12, 12.5], "texture": "#4", "cullface": "north"},
				"west": {"uv": [0, 0, 0, 0], "texture": "#4"},
				"up": {"uv": [0, 0, 0, 0], "rotation": 90, "texture": "#4"},
				"down": {"uv": [11.5, 12, 13, 12.5], "rotation": 90, "texture": "#4", "cullface": "north"}
			}
		},
		{
			"name": "furnace_front_16",
			"from": [13.4, 4.04, 10.88],
			"to": [13.76, 4.76, 11.6],
			"faces": {
				"north": {"uv": [3.5, 12.5, 4, 13.5], "texture": "#4", "cullface": "north"},
				"east": {"uv": [3, 12.5, 4, 13.5], "texture": "#4", "cullface": "north"},
				"south": {"uv": [0, 0, 0, 0], "texture": "#4"},
				"west": {"uv": [0, 0, 0, 0], "texture": "#4", "cullface": "north"},
				"up": {"uv": [0, 0, 0, 0], "rotation": 90, "texture": "#4"},
				"down": {"uv": [3, 13, 4, 13.5], "rotation": 90, "texture": "#4", "cullface": "north"}
			}
		},
		{
			"name": "furnace_front_17",
			"from": [13.4, 4.04, 4.4],
			"to": [13.76, 4.76, 5.12],
			"faces": {
				"north": {"uv": [0, 0, 0, 0], "texture": "#4", "cullface": "north"},
				"east": {"uv": [12, 12.5, 13, 13.5], "texture": "#4", "cullface": "north"},
				"south": {"uv": [12, 12.5, 12.5, 13.5], "texture": "#4", "cullface": "north"},
				"west": {"uv": [0, 0, 0, 0], "texture": "#4"},
				"up": {"uv": [0, 0, 0, 0], "rotation": 90, "texture": "#4"},
				"down": {"uv": [12, 13, 13, 13.5], "rotation": 90, "texture": "#4", "cullface": "north"}
			}
		},
		{
			"name": "furnace_front_18",
			"from": [13.4, 3.32, 11.24],
			"to": [13.76, 4.04, 11.6],
			"faces": {
				"north": {"uv": [3, 13.5, 3.5, 14.5], "texture": "#4", "cullface": "north"},
				"east": {"uv": [3, 13.5, 3.5, 14.5], "texture": "#4", "cullface": "north"},
				"south": {"uv": [0, 0, 0, 0], "texture": "#4"},
				"west": {"uv": [0, 0, 0, 0], "texture": "#4", "cullface": "north"},
				"up": {"uv": [0, 0, 0, 0], "rotation": 90, "texture": "#4"},
				"down": {"uv": [3, 14, 3.5, 14.5], "rotation": 90, "texture": "#4", "cullface": "north"}
			}
		},
		{
			"name": "furnace_front_19",
			"from": [13.4, 3.32, 4.4],
			"to": [13.76, 4.04, 4.76],
			"faces": {
				"north": {"uv": [0, 0, 0, 0], "texture": "#4", "cullface": "north"},
				"east": {"uv": [12.5, 13.5, 13, 14.5], "texture": "#4", "cullface": "north"},
				"south": {"uv": [12.5, 13.5, 13, 14.5], "texture": "#4", "cullface": "north"},
				"west": {"uv": [0, 0, 0, 0], "texture": "#4"},
				"up": {"uv": [0, 0, 0, 0], "rotation": 90, "texture": "#4"},
				"down": {"uv": [12.5, 14, 13, 14.5], "rotation": 90, "texture": "#4", "cullface": "north"}
			}
		},
		{
			"name": "furnace_front_20",
			"from": [13.4, 2.24, 4.4],
			"to": [13.76, 2.6, 11.6],
			"faces": {
				"north": {"uv": [0, 0, 0, 0], "texture": "#4", "cullface": "north"},
				"east": {"uv": [3, 15.5, 13, 16], "texture": "#4", "cullface": "north"},
				"south": {"uv": [0, 0, 0, 0], "texture": "#4"},
				"west": {"uv": [0, 0, 0, 0], "texture": "#4"},
				"up": {"uv": [13, 15.5, 3, 16], "rotation": 90, "texture": "#4", "cullface": "north"},
				"down": {"uv": [3, 15.5, 13, 16], "rotation": 270, "texture": "#3", "cullface": "down"}
			}
		}
	],
	"display": {
		"thirdperson_righthand": {
			"rotation": [0, 90, 45],
			"translation": [0, 3, 1],
			"scale": [0.325, 0.325, 0.325]
		},
		"thirdperson_lefthand": {
			"rotation": [0, 90, 45],
			"translation": [0, 3, 1],
			"scale": [0.325, 0.325, 0.325]
		},
		"firstperson_righthand": {
			"rotation": [0, 45, 0],
			"translation": [0, 1, 0],
			"scale": [0.4, 0.4, 0.4]
		},
		"firstperson_lefthand": {
			"rotation": [0, 45, 0],
			"translation": [0, 1, 0],
			"scale": [0.4, 0.4, 0.4]
		},
		"ground": {
			"translation": [0, -1, 0],
			"scale": [0.25, 0.25, 0.25]
		},
		"gui": {
			"rotation": [30, 225, 0],
			"scale": [0.585, 0.585, 0.585]
		},
		"fixed": {
			"scale": [0.5, 0.5, 0.5]
		}
	},
	"groups": [0, 1, 2, 3, 4,
		{
			"name": "furnace",
			"origin": [8, 8, 8],
			"children": [5,
				{
					"name": "furnace_front",
					"origin": [8, 8, 8],
					"children": [6, 7, 8, 9, 10, 11, 12, 13, 14, 15, 16, 17, 18, 19, 20, 21, 22, 23, 24, 25, 26]
				}
			]
		}
	]
}