{
	"credit": "Made with Blockbench",
	"textures": {
		"1": "Mining:block/gold1",
		"2": "Mining:block/gold0",
		"particle": "Mining:block/gold0"
	},
	"elements": [
		{
			"from": [0, 0, 0.125],
			"to": [16, 16, 16.125],
			"faces": {
				"north": {"uv": [0, 0, 16, 16], "texture": "#1"},
				"east": {"uv": [0, 0, 16, 16], "texture": "#1"},
				"south": {"uv": [0, 0, 16, 16], "texture": "#1"},
				"west": {"uv": [0, 0, 16, 16], "texture": "#1"},
				"up": {"uv": [0, 0, 16, 16], "texture": "#1"},
				"down": {"uv": [0, 0, 16, 16], "texture": "#1"}
			}
		},
		{
			"from": [1.5, 4.75, 7.5],
			"to": [4.875, 7.375, 10.25],
			"rotation": {"angle": 45, "axis": "x", "origin": [3.1875, 6.0625, 8.875]},
			"color": 7,
			"faces": {
				"north": {"uv": [13.25, 7.25, 7.5, 3], "texture": "#missing"},
				"east": {"uv": [13.25, 7.25, 7.5, 3], "texture": "#missing"},
				"south": {"uv": [13.25, 7.25, 7.5, 3], "texture": "#missing"},
				"west": {"uv": [13.25, 7.25, 7.5, 3], "texture": "#missing"},
				"up": {"uv": [7.5, 3, 13.25, 7.25], "texture": "#missing"},
				"down": {"uv": [7.5, 3, 13.25, 7.25], "texture": "#missing"}
			}
		},
		{
			"from": [3.6875, 10, 6.9375],
			"to": [6.4375, 13.375, 9.5625],
			"rotation": {"angle": 45, "axis": "y", "origin": [5.0625, 11.6875, 8.25]},
			"color": 3,
			"faces": {
				"north": {"uv": [13.25, 7.25, 7.5, 3], "rotation": 270, "texture": "#missing"},
				"east": {"uv": [13.25, 7.25, 7.5, 3], "rotation": 270, "texture": "#missing"},
				"south": {"uv": [13.25, 7.25, 7.5, 3], "rotation": 270, "texture": "#missing"},
				"west": {"uv": [13.25, 7.25, 7.5, 3], "rotation": 90, "texture": "#missing"},
				"up": {"uv": [7.5, 3, 13.25, 7.25], "texture": "#missing"},
				"down": {"uv": [7.5, 3, 13.25, 7.25], "rotation": 180, "texture": "#missing"}
			}
		},
		{
			"from": [2.25, 1.875, 12.125],
			"to": [5.625, 4.5, 14.875],
			"rotation": {"angle": 45, "axis": "x", "origin": [3.9375, 3.1875, 13.5]},
			"color": 5,
			"faces": {
				"north": {"uv": [7.5, 3, 13.25, 7.25], "texture": "#missing"},
				"east": {"uv": [7.5, 3, 13.25, 7.25], "texture": "#missing"},
				"south": {"uv": [7.5, 3, 13.25, 7.25], "texture": "#missing"},
				"west": {"uv": [7.5, 3, 13.25, 7.25], "texture": "#missing"},
				"up": {"uv": [7.5, 3, 13.25, 7.25], "texture": "#missing"},
				"down": {"uv": [7.5, 3, 13.25, 7.25], "texture": "#missing"}
			}
		},
		{
			"from": [10.375, 3.75, 13.875],
			"to": [12.75, 6.375, 16.625],
			"rotation": {"angle": 45, "axis": "x", "origin": [11.0625, 5.0625, 15.25]},
			"faces": {
				"north": {"uv": [1, 15.25, 6.75, 11], "texture": "#2"},
				"east": {"uv": [1, 15.25, 6.75, 11], "texture": "#2"},
				"south": {"uv": [1, 15.25, 6.75, 11], "texture": "#2"},
				"west": {"uv": [1, 15.25, 6.75, 11], "texture": "#2"},
				"up": {"uv": [1, 15.25, 6.75, 11], "texture": "#2"},
				"down": {"uv": [0, 15.25, 5.75, 11], "texture": "#2"}
			}
		},
		{
			"from": [8.5, 11.125, 13.875],
			"to": [11.875, 13.75, 16.625],
			"rotation": {"angle": -45, "axis": "x", "origin": [10.1875, 12.4375, 15.25]},
			"faces": {
				"north": {"uv": [1, 15.25, 6.75, 11], "texture": "#2"},
				"east": {"uv": [1, 15.25, 6.75, 11], "texture": "#2"},
				"south": {"uv": [1, 15.25, 6.75, 11], "texture": "#2"},
				"west": {"uv": [1, 15.25, 6.75, 11], "texture": "#2"},
				"up": {"uv": [1, 15.25, 6.75, 11], "texture": "#2"},
				"down": {"uv": [0, 15.25, 5.75, 11], "texture": "#2"}
			}
		},
		{
			"from": [-1.40973, 5.125, 17.42274],
			"to": [1.34027, 8.5, 20.04774],
			"rotation": {"angle": 45, "axis": "y", "origin": [-4.02083, 9.37321, 15.17887]},
			"faces": {
				"north": {"uv": [1, 15.25, 6.75, 11], "texture": "#2"},
				"east": {"uv": [1, 15.25, 6.75, 11], "texture": "#2"},
				"south": {"uv": [1, 15.25, 6.75, 11], "texture": "#2"},
				"west": {"uv": [1, 15.25, 6.75, 11], "texture": "#2"},
				"up": {"uv": [1, 15.25, 6.75, 11], "texture": "#2"},
				"down": {"uv": [0, 15.25, 5.75, 11], "texture": "#2"}
			}
		},
		{
			"from": [2.25, 1.375, 14.125],
			"to": [5.625, 4, 16.875],
			"rotation": {"angle": -45, "axis": "x", "origin": [3.9375, 2.6875, 15.5]},
			"faces": {
				"north": {"uv": [1, 15.25, 6.75, 11], "texture": "#2"},
				"east": {"uv": [1, 15.25, 6.75, 11], "texture": "#2"},
				"south": {"uv": [1, 15.25, 6.75, 11], "texture": "#2"},
				"west": {"uv": [1, 15.25, 6.75, 11], "texture": "#2"},
				"up": {"uv": [1, 15.25, 6.75, 11], "texture": "#2"},
				"down": {"uv": [0, 15.25, 5.75, 11], "texture": "#2"}
			}
		},
		{
			"from": [7.125, 0.5625, 13.6875],
			"to": [10.5, 2.4375, 16.3125],
			"rotation": {"angle": 45, "axis": "y", "origin": [8.8125, 1.9375, 15]},
			"faces": {
				"north": {"uv": [1, 15.25, 6.75, 11], "texture": "#2"},
				"east": {"uv": [1, 15.25, 6.75, 11], "texture": "#2"},
				"south": {"uv": [1, 15.25, 6.75, 11], "texture": "#2"},
				"west": {"uv": [1, 15.25, 6.75, 11], "texture": "#2"},
				"up": {"uv": [1, 15.25, 6.75, 11], "texture": "#2"},
				"down": {"uv": [0, 15.25, 5.75, 11], "texture": "#2"}
			}
		},
		{
			"from": [13.5625, 8.375, 13.5625],
			"to": [16.3125, 11.75, 16.1875],
			"rotation": {"angle": 45, "axis": "y", "origin": [14.9375, 10.0625, 14.875]},
			"faces": {
				"north": {"uv": [1, 15.25, 6.75, 11], "texture": "#2"},
				"east": {"uv": [1, 15.25, 6.75, 11], "texture": "#2"},
				"south": {"uv": [1, 15.25, 6.75, 11], "texture": "#2"},
				"west": {"uv": [1, 15.25, 6.75, 11], "texture": "#2"},
				"up": {"uv": [1, 15.25, 6.75, 11], "texture": "#2"},
				"down": {"uv": [0, 15.25, 5.75, 11], "texture": "#2"}
			}
		},
		{
			"from": [13.0625, 10, -0.0625],
			"to": [15.8125, 13.375, 2.5625],
			"rotation": {"angle": 45, "axis": "y", "origin": [14.4375, 11.6875, 1.25]},
			"faces": {
				"north": {"uv": [1, 15.25, 6.75, 11], "texture": "#2"},
				"east": {"uv": [1, 15.25, 6.75, 11], "texture": "#2"},
				"south": {"uv": [1, 15.25, 6.75, 11], "texture": "#2"},
				"west": {"uv": [1, 15.25, 6.75, 11], "texture": "#2"},
				"up": {"uv": [1, 15.25, 6.75, 11], "texture": "#2"},
				"down": {"uv": [0, 15.25, 5.75, 11], "texture": "#2"}
			}
		},
		{
			"from": [14.375, 2.79587, 9.12641],
			"to": [17, 5.54587, 12.50141],
			"rotation": {"angle": -45, "axis": "z", "origin": [15.6875, 4.17087, 10.81391]},
			"faces": {
				"north": {"uv": [1, 15.25, 6.75, 11], "texture": "#2"},
				"east": {"uv": [1, 15.25, 6.75, 11], "texture": "#2"},
				"south": {"uv": [1, 15.25, 6.75, 11], "texture": "#2"},
				"west": {"uv": [1, 15.25, 6.75, 11], "texture": "#2"},
				"up": {"uv": [1, 15.25, 6.75, 11], "texture": "#2"},
				"down": {"uv": [0, 15.25, 5.75, 11], "rotation": 90, "texture": "#2"}
			}
		},
		{
			"from": [13.45599, 0.6875, 5.49076],
			"to": [16.83099, 2.5625, 8.11576],
			"rotation": {"angle": -45, "axis": "y", "origin": [15.77083, 7.24821, 6.42887]},
			"faces": {
				"north": {"uv": [1, 15.25, 6.75, 11], "texture": "#2"},
				"east": {"uv": [1, 15.25, 6.75, 11], "texture": "#2"},
				"south": {"uv": [1, 15.25, 6.75, 11], "texture": "#2"},
				"west": {"uv": [1, 15.25, 6.75, 11], "texture": "#2"},
				"up": {"uv": [1, 15.25, 6.75, 11], "texture": "#2"},
				"down": {"uv": [0, 15.25, 5.75, 11], "texture": "#2"}
			}
		},
		{
			"from": [14.1875, 8.5, 5.1875],
			"to": [16.9375, 11.125, 8.5625],
			"rotation": {"angle": -45, "axis": "z", "origin": [15.5625, 9.8125, 6.875]},
			"faces": {
				"north": {"uv": [1, 15.25, 6.75, 11], "texture": "#2"},
				"east": {"uv": [1, 15.25, 6.75, 11], "texture": "#2"},
				"south": {"uv": [1, 15.25, 6.75, 11], "texture": "#2"},
				"west": {"uv": [1, 15.25, 6.75, 11], "texture": "#2"},
				"up": {"uv": [1, 15.25, 6.75, 11], "texture": "#2"},
				"down": {"uv": [0, 15.25, 5.75, 11], "rotation": 270, "texture": "#2"}
			}
		},
		{
			"from": [13.5625, 3.875, 1.6875],
			"to": [16.3125, 7.25, 4.3125],
			"rotation": {"angle": -45, "axis": "y", "origin": [14.9375, 5.5625, 3]},
			"faces": {
				"north": {"uv": [1, 15.25, 6.75, 11], "texture": "#2"},
				"east": {"uv": [1, 15.25, 6.75, 11], "texture": "#2"},
				"south": {"uv": [1, 15.25, 6.75, 11], "texture": "#2"},
				"west": {"uv": [1, 15.25, 6.75, 11], "texture": "#2"},
				"up": {"uv": [1, 15.25, 6.75, 11], "texture": "#2"},
				"down": {"uv": [0, 15.25, 5.75, 11], "texture": "#2"}
			}
		},
		{
			"from": [13.125, 12.98928, 10.38572],
			"to": [16.25, 15.73928, 12.76072],
			"rotation": {"angle": 45, "axis": "z", "origin": [14.6875, 14.36428, 11.57322]},
			"faces": {
				"north": {"uv": [1, 15.25, 6.75, 11], "texture": "#2"},
				"east": {"uv": [1, 15.25, 6.75, 11], "texture": "#2"},
				"south": {"uv": [1, 15.25, 6.75, 11], "texture": "#2"},
				"west": {"uv": [1, 15.25, 6.75, 11], "texture": "#2"},
				"up": {"uv": [1, 15.25, 6.75, 11], "texture": "#2"},
				"down": {"uv": [0, 15.25, 5.75, 11], "rotation": 90, "texture": "#2"}
			}
		},
		{
			"from": [11.875, 13.75, 2.5],
			"to": [13.5, 16.375, 5.25],
			"rotation": {"angle": -45, "axis": "x", "origin": [11.8125, 15.0625, 3.875]},
			"faces": {
				"north": {"uv": [1, 15.25, 6.75, 11], "texture": "#2"},
				"east": {"uv": [1, 15.25, 6.75, 11], "texture": "#2"},
				"south": {"uv": [1, 15.25, 6.75, 11], "texture": "#2"},
				"west": {"uv": [1, 15.25, 6.75, 11], "texture": "#2"},
				"up": {"uv": [1, 15.25, 6.75, 11], "texture": "#2"},
				"down": {"uv": [0, 15.25, 5.75, 11], "texture": "#2"}
			}
		},
		{
			"from": [9.75, 13.98928, 8.51072],
			"to": [12.625, 16.73928, 9.88572],
			"rotation": {"angle": -45, "axis": "z", "origin": [11.0625, 15.36428, 9.69822]},
			"faces": {
				"north": {"uv": [1, 15.25, 6.75, 11], "texture": "#2"},
				"east": {"uv": [1, 15.25, 6.75, 11], "texture": "#2"},
				"south": {"uv": [1, 15.25, 6.75, 11], "texture": "#2"},
				"west": {"uv": [1, 15.25, 6.75, 11], "texture": "#2"},
				"up": {"uv": [1, 15.25, 6.75, 11], "texture": "#2"},
				"down": {"uv": [0, 15.25, 5.75, 11], "rotation": 90, "texture": "#2"}
			}
		},
		{
			"from": [4.625, 14, 9.625],
			"to": [8, 16.625, 12.375],
			"rotation": {"angle": -45, "axis": "x", "origin": [6.3125, 15.3125, 11]},
			"faces": {
				"north": {"uv": [1, 15.25, 6.75, 11], "texture": "#2"},
				"east": {"uv": [1, 15.25, 6.75, 11], "texture": "#2"},
				"south": {"uv": [1, 15.25, 6.75, 11], "texture": "#2"},
				"west": {"uv": [1, 15.25, 6.75, 11], "texture": "#2"},
				"up": {"uv": [1, 15.25, 6.75, 11], "texture": "#2"},
				"down": {"uv": [0, 15.25, 5.75, 11], "texture": "#2"}
			}
		},
		{
			"from": [3.5, 13.86428, 5.26072],
			"to": [7, 16.61428, 7.01072],
			"rotation": {"angle": -45, "axis": "z", "origin": [5.4375, 15.23928, 6.44822]},
			"faces": {
				"north": {"uv": [1, 15.25, 6.75, 11], "texture": "#2"},
				"east": {"uv": [1, 15.25, 6.75, 11], "texture": "#2"},
				"south": {"uv": [1, 15.25, 6.75, 11], "texture": "#2"},
				"west": {"uv": [1, 15.25, 6.75, 11], "texture": "#2"},
				"up": {"uv": [1, 15.25, 6.75, 11], "texture": "#2"},
				"down": {"uv": [0, 15.25, 5.75, 11], "rotation": 90, "texture": "#2"}
			}
		},
		{
			"from": [5.125, 13, -0.125],
			"to": [7.5, 16.125, 2.625],
			"rotation": {"angle": 45, "axis": "x", "origin": [5.8125, 14.3125, 1.25]},
			"faces": {
				"north": {"uv": [1, 15.25, 6.75, 11], "texture": "#2"},
				"east": {"uv": [1, 15.25, 6.75, 11], "texture": "#2"},
				"south": {"uv": [1, 15.25, 6.75, 11], "texture": "#2"},
				"west": {"uv": [1, 15.25, 6.75, 11], "texture": "#2"},
				"up": {"uv": [1, 15.25, 6.75, 11], "texture": "#2"},
				"down": {"uv": [0, 15.25, 5.75, 11], "texture": "#2"}
			}
		},
		{
			"from": [-0.25, 13.11428, 8.63572],
			"to": [2.875, 15.86428, 11.01072],
			"rotation": {"angle": -45, "axis": "z", "origin": [1.3125, 14.48928, 9.82322]},
			"faces": {
				"north": {"uv": [1, 15.25, 6.75, 11], "texture": "#2"},
				"east": {"uv": [1, 15.25, 6.75, 11], "texture": "#2"},
				"south": {"uv": [1, 15.25, 6.75, 11], "texture": "#2"},
				"west": {"uv": [1, 15.25, 6.75, 11], "texture": "#2"},
				"up": {"uv": [1, 15.25, 6.75, 11], "texture": "#2"},
				"down": {"uv": [0, 15.25, 5.75, 11], "rotation": 90, "texture": "#2"}
			}
		},
		{
			"from": [2.375, 13.25, 13.625],
			"to": [4.75, 16.375, 16.375],
			"rotation": {"angle": -45, "axis": "x", "origin": [3.0625, 14.5625, 15]},
			"faces": {
				"north": {"uv": [1, 15.25, 6.75, 11], "texture": "#2"},
				"east": {"uv": [1, 15.25, 6.75, 11], "texture": "#2"},
				"south": {"uv": [1, 15.25, 6.75, 11], "texture": "#2"},
				"west": {"uv": [1, 15.25, 6.75, 11], "texture": "#2"},
				"up": {"uv": [1, 15.25, 6.75, 11], "texture": "#2"},
				"down": {"uv": [0, 15.25, 5.75, 11], "texture": "#2"}
			}
		},
		{
			"from": [10.625, 4.125, -0.625],
			"to": [14, 6.75, 2.125],
			"rotation": {"angle": 45, "axis": "x", "origin": [12.3125, 5.4375, 0.75]},
			"faces": {
				"north": {"uv": [1, 15.25, 6.75, 11], "texture": "#2"},
				"east": {"uv": [1, 15.25, 6.75, 11], "texture": "#2"},
				"south": {"uv": [1, 15.25, 6.75, 11], "texture": "#2"},
				"west": {"uv": [1, 15.25, 6.75, 11], "texture": "#2"},
				"up": {"uv": [1, 15.25, 6.75, 11], "texture": "#2"},
				"down": {"uv": [0, 15.25, 5.75, 11], "texture": "#2"}
			}
		},
		{
			"from": [2.375, 2.5, -0.625],
			"to": [3.75, 5.125, 2.125],
			"rotation": {"angle": 45, "axis": "x", "origin": [2.8125, 3.8125, 0.75]},
			"faces": {
				"north": {"uv": [1, 15.25, 6.75, 11], "texture": "#2"},
				"east": {"uv": [1, 15.25, 6.75, 11], "texture": "#2"},
				"south": {"uv": [1, 15.25, 6.75, 11], "texture": "#2"},
				"west": {"uv": [1, 15.25, 6.75, 11], "texture": "#2"},
				"up": {"uv": [1, 15.25, 6.75, 11], "texture": "#2"},
				"down": {"uv": [0, 15.25, 5.75, 11], "texture": "#2"}
			}
		},
		{
			"from": [6.8125, 8.25, -0.5625],
			"to": [9.5625, 11.625, 2.0625],
			"rotation": {"angle": -45, "axis": "y", "origin": [8.1875, 9.9375, 0.75]},
			"faces": {
				"north": {"uv": [1, 15.25, 6.75, 11], "texture": "#2"},
				"east": {"uv": [1, 15.25, 6.75, 11], "texture": "#2"},
				"south": {"uv": [1, 15.25, 6.75, 11], "texture": "#2"},
				"west": {"uv": [1, 15.25, 6.75, 11], "texture": "#2"},
				"up": {"uv": [1, 15.25, 6.75, 11], "texture": "#2"},
				"down": {"uv": [0, 15.25, 5.75, 11], "texture": "#2"}
			}
		},
		{
			"from": [5.75, 1.3125, 0.0625],
			"to": [9.125, 3.1875, 2.6875],
			"rotation": {"angle": -45, "axis": "y", "origin": [7.4375, 2.6875, 1.375]},
			"faces": {
				"north": {"uv": [1, 15.25, 6.75, 11], "texture": "#2"},
				"east": {"uv": [1, 15.25, 6.75, 11], "texture": "#2"},
				"south": {"uv": [1, 15.25, 6.75, 11], "texture": "#2"},
				"west": {"uv": [1, 15.25, 6.75, 11], "texture": "#2"},
				"up": {"uv": [1, 15.25, 6.75, 11], "texture": "#2"},
				"down": {"uv": [0, 15.25, 5.75, 11], "texture": "#2"}
			}
		},
		{
			"from": [2.25, 1.375, 0.75],
			"to": [5.625, 4, 3.5],
			"rotation": {"angle": 45, "axis": "x", "origin": [3.9375, 2.6875, 2.125]},
			"faces": {
				"north": {"uv": [1, 15.25, 6.75, 11], "texture": "#2"},
				"east": {"uv": [1, 15.25, 6.75, 11], "texture": "#2"},
				"south": {"uv": [1, 15.25, 6.75, 11], "texture": "#2"},
				"west": {"uv": [1, 15.25, 6.75, 11], "texture": "#2"},
				"up": {"uv": [1, 15.25, 6.75, 11], "texture": "#2"},
				"down": {"uv": [0, 15.25, 5.75, 11], "texture": "#2"}
			}
		},
		{
			"from": [0.25036, 8.625, -1.51184],
			"to": [3.25036, 12, 1.11316],
			"rotation": {"angle": 45, "axis": "y", "origin": [3.10417, 8.12321, 0.92887]},
			"faces": {
				"north": {"uv": [1, 15.25, 6.75, 11], "texture": "#2"},
				"east": {"uv": [1, 15.25, 6.75, 11], "texture": "#2"},
				"south": {"uv": [1, 15.25, 6.75, 11], "texture": "#2"},
				"west": {"uv": [1, 15.25, 6.75, 11], "texture": "#2"},
				"up": {"uv": [1, 15.25, 6.75, 11], "texture": "#2"},
				"down": {"uv": [0, 15.25, 5.75, 11], "texture": "#2"}
			}
		},
		{
			"from": [-0.8125, 7.75, 4.5625],
			"to": [1.9375, 10.375, 7.9375],
			"rotation": {"angle": 45, "axis": "z", "origin": [0.5625, 9.0625, 6.25]},
			"faces": {
				"north": {"uv": [1, 15.25, 6.75, 11], "texture": "#2"},
				"east": {"uv": [1, 15.25, 6.75, 11], "texture": "#2"},
				"south": {"uv": [1, 15.25, 6.75, 11], "texture": "#2"},
				"west": {"uv": [1, 15.25, 6.75, 11], "texture": "#2"},
				"up": {"uv": [1, 15.25, 6.75, 11], "texture": "#2"},
				"down": {"uv": [0, 15.25, 5.75, 11], "rotation": 270, "texture": "#2"}
			}
		},
		{
			"from": [-0.5, 3.42087, 8.12641],
			"to": [2.125, 6.17087, 11.50141],
			"rotation": {"angle": 45, "axis": "z", "origin": [0.8125, 4.79587, 9.81391]},
			"faces": {
				"north": {"uv": [1, 15.25, 6.75, 11], "texture": "#2"},
				"east": {"uv": [1, 15.25, 6.75, 11], "texture": "#2"},
				"south": {"uv": [1, 15.25, 6.75, 11], "texture": "#2"},
				"west": {"uv": [1, 15.25, 6.75, 11], "texture": "#2"},
				"up": {"uv": [1, 15.25, 6.75, 11], "texture": "#2"},
				"down": {"uv": [0, 15.25, 5.75, 11], "rotation": 90, "texture": "#2"}
			}
		},
		{
			"from": [-0.33099, 1.3125, 3.11576],
			"to": [3.04401, 3.1875, 5.74076],
			"rotation": {"angle": 45, "axis": "y", "origin": [0.72917, 7.87321, 4.05387]},
			"faces": {
				"north": {"uv": [1, 15.25, 6.75, 11], "texture": "#2"},
				"east": {"uv": [1, 15.25, 6.75, 11], "texture": "#2"},
				"south": {"uv": [1, 15.25, 6.75, 11], "texture": "#2"},
				"west": {"uv": [1, 15.25, 6.75, 11], "texture": "#2"},
				"up": {"uv": [1, 15.25, 6.75, 11], "texture": "#2"},
				"down": {"uv": [0, 15.25, 5.75, 11], "texture": "#2"}
			}
		},
		{
			"from": [-0.33099, 9.8125, 9.49076],
			"to": [3.04401, 11.6875, 12.11576],
			"rotation": {"angle": 45, "axis": "y", "origin": [0.72917, 16.37321, 10.42887]},
			"faces": {
				"north": {"uv": [1, 15.25, 6.75, 11], "texture": "#2"},
				"east": {"uv": [1, 15.25, 6.75, 11], "texture": "#2"},
				"south": {"uv": [1, 15.25, 6.75, 11], "texture": "#2"},
				"west": {"uv": [1, 15.25, 6.75, 11], "texture": "#2"},
				"up": {"uv": [1, 15.25, 6.75, 11], "texture": "#2"},
				"down": {"uv": [0, 15.25, 5.75, 11], "texture": "#2"}
			}
		},
		{
			"from": [3.9375, 8.375, 14.0625],
			"to": [6.6875, 11.75, 16.6875],
			"rotation": {"angle": 45, "axis": "y", "origin": [5.3125, 10.0625, 15.375]},
			"faces": {
				"north": {"uv": [1, 15.25, 6.75, 11], "texture": "#2"},
				"east": {"uv": [1, 15.25, 6.75, 11], "texture": "#2"},
				"south": {"uv": [1, 15.25, 6.75, 11], "texture": "#2"},
				"west": {"uv": [1, 15.25, 6.75, 11], "texture": "#2"},
				"up": {"uv": [1, 15.25, 6.75, 11], "texture": "#2"},
				"down": {"uv": [0, 15.25, 5.75, 11], "texture": "#2"}
			}
		}
	],
	"display": {
		"thirdperson_righthand": {
			"translation": [-5.75, -2, -3.25]
		}
	},
	"groups": [0, 1, 2, 3,
		{
			"name": "group",
			"origin": [6.4375, 9.0625, 13.875],
			"children": [4, 5, 6, 7, 8, 9, 10, 11, 12, 13, 14, 15, 16, 17, 18, 19, 20, 21, 22, 23, 24, 25, 26, 27, 28, 29, 30, 31, 32, 33]
		}
	]
}