{
	"credit": "Made with Blockbench by Howler",
	"parent": "item/door_display",
	"textures": {
		"texture": "block/jungle_door_bottom",
		"texture1": "block/jungle_door_special",
		"particle": "block/jungle_door_top",
		"5_texture": "block/jungle_door_top"
	},
	"elements": [
		{
			"from": [0, 0, 6.5],
			"to": [16, 16, 9.5],
			"faces": {
				"north": {"uv": [16, 0, 0, 16], "texture": "#texture"},
				"east": {"uv": [0, 3.25, 8, 4.75], "rotation": 270, "texture": "#texture1", "cullface": "south"},
				"south": {"uv": [0, 0, 16, 16], "texture": "#texture", "cullface": "west"},
				"west": {"uv": [0, 6.5, 8, 8], "rotation": 270, "texture": "#texture1", "cullface": "north"},
				"up": {"uv": [0, 0, 8, 1.5], "texture": "#texture1", "cullface": "up"},
				"down": {"uv": [0, 13.25, 8, 14.75], "texture": "#texture1", "cullface": "down"}
			}
		},
		{
			"from": [-0.5, 4.5, 9],
			"to": [0.5, 5.5, 10],
			"faces": {
				"north": {"uv": [0, 10.5, 0.5, 11.5], "texture": "#texture"},
				"east": {"uv": [0.5, 10.5, 0, 11.5], "texture": "#texture"},
				"south": {"uv": [0, 10.5, 0.5, 11.5], "texture": "#texture"},
				"west": {"uv": [0, 10.5, 0.5, 11.5], "texture": "#texture"},
				"up": {"uv": [0, 10.5, 0.5, 11], "rotation": 270, "texture": "#texture"},
				"down": {"uv": [0, 11, 0.5, 11.5], "rotation": 90, "texture": "#texture"}
			}
		},
		{
			"from": [-0.5, 4.5, 6],
			"to": [0.5, 5.5, 7],
			"faces": {
				"north": {"uv": [0, 10.5, 0.5, 11.5], "texture": "#texture"},
				"east": {"uv": [0.5, 10.5, 0, 11.5], "texture": "#texture"},
				"south": {"uv": [0, 10.5, 0.5, 11.5], "texture": "#texture"},
				"west": {"uv": [0, 10.5, 0.5, 11.5], "texture": "#texture"},
				"up": {"uv": [0, 10.5, 0.5, 11], "rotation": 270, "texture": "#texture"},
				"down": {"uv": [0, 11, 0.5, 11.5], "rotation": 90, "texture": "#texture"}
			}
		},
		{
			"from": [-0.5, 15.5, 6],
			"to": [0.5, 16.5, 7],
			"faces": {
				"north": {"uv": [0, 10.5, 0.5, 11.5], "texture": "#texture"},
				"east": {"uv": [0.5, 10.5, 0, 11.5], "texture": "#texture"},
				"south": {"uv": [0, 10.5, 0.5, 11.5], "texture": "#texture"},
				"west": {"uv": [0, 10.5, 0.5, 11.5], "texture": "#texture"},
				"up": {"uv": [0, 10.5, 0.5, 11], "rotation": 270, "texture": "#texture"},
				"down": {"uv": [0, 11, 0.5, 11.5], "rotation": 90, "texture": "#texture"}
			}
		},
		{
			"from": [-0.5, 15.5, 9],
			"to": [0.5, 16.5, 10],
			"faces": {
				"north": {"uv": [0, 10.5, 0.5, 11.5], "texture": "#texture"},
				"east": {"uv": [0.5, 10.5, 0, 11.5], "texture": "#texture"},
				"south": {"uv": [0, 10.5, 0.5, 11.5], "texture": "#texture"},
				"west": {"uv": [0, 10.5, 0.5, 11.5], "texture": "#texture"},
				"up": {"uv": [0, 10.5, 0.5, 11], "rotation": 270, "texture": "#texture"},
				"down": {"uv": [0, 11, 0.5, 11.5], "rotation": 90, "texture": "#texture"}
			}
		},
		{
			"from": [0, 16, 6.5],
			"to": [4.5, 32, 9.5],
			"faces": {
				"north": {"uv": [4.5, 0, 0, 16], "texture": "#5_texture"},
				"east": {"uv": [8.5, 8, 10, 16], "texture": "#texture1"},
				"south": {"uv": [0, 0, 4.5, 16], "texture": "#5_texture", "cullface": "west"},
				"west": {"uv": [0, 5, 8, 6.5], "rotation": 270, "texture": "#texture1", "cullface": "north"},
				"up": {"uv": [0, 0, 2.25, 1.5], "texture": "#texture1", "cullface": "up"},
				"down": {"uv": [0, 0, 2.25, 1.5], "texture": "#texture1", "cullface": "down"}
			}
		},
		{
			"from": [11.5, 16, 6.5],
			"to": [16, 32, 9.5],
			"faces": {
				"north": {"uv": [16, 0, 11.5, 16], "texture": "#5_texture"},
				"east": {"uv": [0, 1.75, 8, 3.25], "rotation": 270, "texture": "#texture1", "cullface": "south"},
				"south": {"uv": [11.5, 0, 16, 16], "texture": "#5_texture", "cullface": "west"},
				"west": {"uv": [8.5, 0, 10, 8], "texture": "#texture1"},
				"up": {"uv": [5.75, 0, 8, 1.5], "texture": "#texture1", "cullface": "up"},
				"down": {"uv": [5.75, 0, 8, 1.5], "texture": "#texture1", "cullface": "down"}
			}
		},
		{
			"from": [4.5, 22.5, 6.5],
			"to": [6.5, 25, 9.5],
			"faces": {
				"north": {"uv": [6.5, 7, 4.5, 9.5], "texture": "#5_texture"},
				"east": {"uv": [2.25, 8.5, 3.5, 10], "rotation": 90, "texture": "#texture1"},
				"south": {"uv": [4.5, 7, 6.5, 9.5], "texture": "#5_texture", "cullface": "west"},
				"up": {"uv": [2.25, 10.25, 3.25, 11.75], "texture": "#texture1"}
			}
		},
		{
			"from": [9.5, 22.5, 6.5],
			"to": [11.5, 25, 9.5],
			"faces": {
				"north": {"uv": [11.5, 7, 9.5, 9.5], "texture": "#5_texture"},
				"south": {"uv": [9.5, 7, 11.5, 9.5], "texture": "#5_texture", "cullface": "west"},
				"west": {"uv": [6, 8.5, 4.75, 10], "rotation": 90, "texture": "#texture1"},
				"up": {"uv": [4.75, 10.25, 5.75, 11.75], "texture": "#texture1"}
			}
		},
		{
			"from": [6.5, 24, 6.5],
			"to": [9.5, 25, 9.5],
			"faces": {
				"north": {"uv": [9.5, 7, 6.5, 8], "texture": "#5_texture"},
				"south": {"uv": [6.5, 7, 9.5, 8], "texture": "#5_texture", "cullface": "west"},
				"up": {"uv": [3.25, 10.25, 4.75, 11.75], "texture": "#texture1"},
				"down": {"uv": [13.75, 10.25, 11.75, 11.75], "rotation": 180, "texture": "#texture1", "cullface": "down"}
			}
		},
		{
			"from": [6.5, 22.5, 6.5],
			"to": [7, 23, 9.5],
			"faces": {
				"north": {"uv": [9.5, 9, 9, 9.5], "texture": "#5_texture"},
				"east": {"uv": [3, 8.5, 3.25, 10], "rotation": 90, "texture": "#texture1"},
				"south": {"uv": [6.5, 9, 7, 9.5], "texture": "#5_texture", "cullface": "west"},
				"up": {"uv": [3, 8.5, 3.25, 10], "texture": "#texture1"}
			}
		},
		{
			"from": [9, 22.5, 6.5],
			"to": [9.5, 23, 9.5],
			"faces": {
				"north": {"uv": [9.5, 9, 9, 9.5], "texture": "#5_texture"},
				"south": {"uv": [9, 9, 9.5, 9.5], "texture": "#5_texture", "cullface": "west"},
				"west": {"uv": [4.25, 8.5, 4.5, 10], "rotation": 270, "texture": "#texture1"},
				"up": {"uv": [4.5, 8.5, 4.75, 10], "texture": "#texture1"}
			}
		},
		{
			"from": [4.5, 16, 6.5],
			"to": [11.5, 22.5, 9.5],
			"faces": {
				"north": {"uv": [11.5, 9.5, 4.5, 16], "texture": "#5_texture"},
				"south": {"uv": [4.5, 9.5, 11.5, 16], "texture": "#5_texture", "cullface": "west"},
				"up": {"uv": [2.25, 8.5, 5.75, 10], "texture": "#texture1"},
				"down": {"uv": [2.25, 0, 5.75, 1.5], "texture": "#texture1", "cullface": "down"}
			}
		},
		{
			"from": [-0.5, 26.5, 9],
			"to": [0.5, 27.5, 10],
			"faces": {
				"north": {"uv": [0.5, 4.5, 0, 5.5], "texture": "#5_texture"},
				"east": {"uv": [0.5, 4.5, 0, 5.5], "texture": "#5_texture"},
				"south": {"uv": [0.5, 4.5, 0, 5.5], "texture": "#5_texture"},
				"west": {"uv": [0, 4.5, 0.5, 5.5], "texture": "#5_texture"},
				"up": {"uv": [0, 5, 0.5, 4.5], "rotation": 270, "texture": "#5_texture"},
				"down": {"uv": [0, 5.5, 0.5, 5], "rotation": 90, "texture": "#5_texture"}
			}
		},
		{
			"from": [-0.5, 26.5, 6],
			"to": [0.5, 27.5, 7],
			"faces": {
				"north": {"uv": [0.5, 4.5, 0, 5.5], "texture": "#5_texture"},
				"east": {"uv": [0.5, 4.5, 0, 5.5], "texture": "#5_texture"},
				"south": {"uv": [0.5, 4.5, 0, 5.5], "texture": "#5_texture"},
				"west": {"uv": [0, 4.5, 0.5, 5.5], "texture": "#5_texture"},
				"up": {"uv": [0, 5, 0.5, 4.5], "rotation": 270, "texture": "#5_texture"},
				"down": {"uv": [0, 5.5, 0.5, 5], "rotation": 90, "texture": "#5_texture"}
			}
		},
		{
			"name": "jungle_door_top_0",
			"from": [4.5, 29, 6.5],
			"to": [11.5, 32, 9.5],
			"faces": {
				"north": {"uv": [4.5, 3, 11.5, 0], "rotation": 180, "texture": "#5_texture"},
				"south": {"uv": [4.5, 0, 11.5, 3], "texture": "#5_texture", "cullface": "west"},
				"up": {"uv": [5.75, 0, 2.25, 1.5], "rotation": 180, "texture": "#texture1", "cullface": "up"},
				"down": {"uv": [8.5, 4, 10, 7.5], "rotation": 90, "texture": "#texture1"}
			}
		},
		{
			"name": "jungle_door_top_1",
			"from": [4.5, 28, 6.5],
			"to": [5.5, 29, 9.5],
			"faces": {
				"north": {"uv": [4.5, 4, 5.5, 3], "rotation": 180, "texture": "#5_texture"},
				"east": {"uv": [8.5, 7.5, 10, 7.75], "texture": "#texture1"},
				"south": {"uv": [4.5, 3, 5.5, 4], "texture": "#5_texture", "cullface": "west"},
				"down": {"uv": [8.5, 7.75, 10, 8], "rotation": 90, "texture": "#texture1"}
			}
		},
		{
			"name": "jungle_door_top_2",
			"from": [5.5, 28.5, 6.5],
			"to": [6.5, 29, 9.5],
			"faces": {
				"north": {"uv": [5.5, 3.5, 6.5, 3], "rotation": 180, "texture": "#5_texture"},
				"east": {"uv": [8.5, 6.5, 10, 6.75], "texture": "#texture1"},
				"south": {"uv": [5.5, 3, 6.5, 3.5], "texture": "#5_texture", "cullface": "west"},
				"down": {"uv": [8.5, 6.75, 10, 7.25], "rotation": 90, "texture": "#texture1"}
			}
		},
		{
			"name": "jungle_door_top_3",
			"from": [9.5, 28.5, 6.5],
			"to": [11.5, 29, 9.5],
			"faces": {
				"north": {"uv": [9.5, 3.5, 11.5, 3], "rotation": 180, "texture": "#5_texture"},
				"south": {"uv": [9.5, 3, 11.5, 3.5], "texture": "#5_texture", "cullface": "west"},
				"west": {"uv": [8.5, 5, 10, 5.25], "texture": "#texture1"},
				"down": {"uv": [8.5, 3.5, 10, 4], "rotation": 90, "texture": "#texture1"}
			}
		},
		{
			"name": "jungle_door_top_4",
			"from": [6, 25, 7.5],
			"to": [6.5, 28.5, 8.5],
			"faces": {
				"north": {"uv": [6, 7, 6.5, 3.5], "rotation": 180, "texture": "#5_texture"},
				"east": {"uv": [6, 3.5, 6.5, 7], "texture": "#5_texture"},
				"south": {"uv": [6, 3.5, 6.5, 7], "texture": "#5_texture"},
				"west": {"uv": [6, 3.5, 6.5, 7], "texture": "#5_texture"}
			}
		},
		{
			"name": "jungle_door_top_5",
			"from": [9.5, 25, 7.5],
			"to": [10, 28.5, 8.5],
			"faces": {
				"north": {"uv": [9.5, 7, 10, 3.5], "rotation": 180, "texture": "#5_texture"},
				"east": {"uv": [9.5, 3.5, 10, 7], "texture": "#5_texture"},
				"south": {"uv": [9.5, 3.5, 10, 7], "texture": "#5_texture"},
				"west": {"uv": [9.5, 3.5, 10, 7], "texture": "#5_texture"}
			}
		},
		{
			"name": "jungle_door_top_6",
			"from": [10.5, 28, 6.5],
			"to": [11.5, 28.5, 9.5],
			"faces": {
				"north": {"uv": [10.5, 4, 11.5, 3.5], "rotation": 180, "texture": "#5_texture"},
				"south": {"uv": [10.5, 3.5, 11.5, 4], "texture": "#5_texture", "cullface": "west"},
				"west": {"uv": [8.5, 3.75, 10, 4], "texture": "#texture1"},
				"down": {"uv": [8.5, 3.75, 10, 4], "rotation": 90, "texture": "#texture1"}
			}
		},
		{
			"name": "jungle_door_top_7",
			"from": [4.5, 27, 6.5],
			"to": [5, 28, 9.5],
			"faces": {
				"north": {"uv": [4.5, 5, 5, 4], "rotation": 180, "texture": "#5_texture"},
				"east": {"uv": [8.5, 8, 10, 8.5], "texture": "#texture1"},
				"south": {"uv": [4.5, 4, 5, 5], "texture": "#5_texture", "cullface": "west"},
				"down": {"uv": [8.5, 8.5, 10, 8.75], "rotation": 90, "texture": "#texture1"}
			}
		},
		{
			"name": "jungle_door_top_8",
			"from": [11, 27, 6.5],
			"to": [11.5, 28, 9.5],
			"faces": {
				"north": {"uv": [11, 5, 11.5, 4], "rotation": 180, "texture": "#5_texture"},
				"south": {"uv": [11, 4, 11.5, 5], "texture": "#5_texture", "cullface": "west"},
				"west": {"uv": [8.5, 3.25, 10, 3.75], "texture": "#texture1"},
				"down": {"uv": [8.5, 3.25, 10, 3.5], "rotation": 90, "texture": "#texture1"}
			}
		},
		{
			"from": [11.5, 16, 9.5],
			"to": [12, 17, 10],
			"faces": {
				"east": {"uv": [11.5, 15, 12, 16], "texture": "#5_texture", "cullface": "west"},
				"south": {"uv": [11.5, 15, 12, 16], "texture": "#5_texture", "cullface": "west"},
				"west": {"uv": [11.5, 15, 12, 16], "texture": "#5_texture", "cullface": "west"},
				"up": {"uv": [11.5, 15, 12, 15.5], "rotation": 270, "texture": "#5_texture", "cullface": "west"},
				"down": {"uv": [11.5, 15.5, 12, 16], "rotation": 90, "texture": "#5_texture", "cullface": "west"}
			}
		},
		{
			"from": [11.5, 16, 6],
			"to": [12, 17, 6.5],
			"faces": {
				"north": {"uv": [11.5, 15, 12, 16], "texture": "#5_texture"},
				"east": {"uv": [11.5, 15, 12, 16], "texture": "#5_texture"},
				"west": {"uv": [11.5, 15, 12, 16], "texture": "#5_texture"},
				"up": {"uv": [11.5, 15, 12, 15.5], "rotation": 270, "texture": "#5_texture"},
				"down": {"uv": [11.5, 15.5, 12, 16], "rotation": 90, "texture": "#5_texture"}
			}
		},
		{
			"from": [12, 16.5, 9.5],
			"to": [12.5, 17.5, 10],
			"faces": {
				"east": {"uv": [12, 14.5, 12.5, 15.5], "texture": "#5_texture", "cullface": "west"},
				"south": {"uv": [12, 14.5, 12.5, 15.5], "texture": "#5_texture", "cullface": "west"},
				"west": {"uv": [12, 14.5, 12.5, 15.5], "texture": "#5_texture", "cullface": "west"},
				"up": {"uv": [12, 14.5, 12.5, 15], "rotation": 270, "texture": "#5_texture", "cullface": "west"},
				"down": {"uv": [12, 15, 12.5, 15.5], "rotation": 90, "texture": "#5_texture", "cullface": "west"}
			}
		},
		{
			"from": [12, 16.5, 6],
			"to": [12.5, 17.5, 6.5],
			"faces": {
				"north": {"uv": [12, 14.5, 12.5, 15.5], "texture": "#5_texture"},
				"east": {"uv": [12, 14.5, 12.5, 15.5], "texture": "#5_texture"},
				"west": {"uv": [12, 14.5, 12.5, 15.5], "texture": "#5_texture"},
				"up": {"uv": [12, 14.5, 12.5, 15], "rotation": 270, "texture": "#5_texture"},
				"down": {"uv": [12, 15, 12.5, 15.5], "rotation": 90, "texture": "#5_texture"}
			}
		},
		{
			"from": [12.5, 17, 9.5],
			"to": [14, 17.5, 10],
			"faces": {
				"east": {"uv": [13.5, 14.5, 14, 15], "texture": "#5_texture", "cullface": "west"},
				"south": {"uv": [12.5, 14.5, 14, 15], "texture": "#5_texture", "cullface": "west"},
				"up": {"uv": [12.5, 14.5, 14, 15], "texture": "#5_texture", "cullface": "west"},
				"down": {"uv": [12.5, 14.5, 14, 15], "texture": "#5_texture", "cullface": "west"}
			}
		},
		{
			"from": [12.5, 17, 6],
			"to": [14, 17.5, 6.5],
			"faces": {
				"north": {"uv": [12.5, 14.5, 14, 15], "rotation": 180, "texture": "#5_texture"},
				"east": {"uv": [13.5, 14.5, 14, 15], "texture": "#5_texture"},
				"up": {"uv": [12.5, 14.5, 14, 15], "texture": "#5_texture"},
				"down": {"uv": [12.5, 14.5, 14, 15], "texture": "#5_texture"}
			}
		}
	],
	"groups": [
		{
			"name": "jungle_door_bottom",
			"origin": [8, 8, 8],
			"children": [0, 1, 2, 3, 4]
		},
		{
			"name": "jungle_door_top",
			"origin": [8, 8, 8],
			"children": [5, 6, 7, 8, 9, 10, 11, 12, 13, 14,
				{
					"name": "jungle_door_top",
					"origin": [8, 8, 8],
					"children": [15, 16, 17, 18, 19, 20, 21, 22, 23]
				},
				{
					"name": "doorknobs",
					"origin": [8, 8, 8],
					"children": [24, 25, 26, 27, 28, 29]
				}
			]
		}
	]
}