{
	"credit": "Made with Blockbench by Juknum",
	"parent": "item/golden_chestplate",
	"texture_size": [128, 64],
	"textures": {
		"0": "models/armor/leather_layer_1",
		"particle": "models/armor/leather_layer_1"
	},
	"elements": [
		{
			"from": [0, 4, 4],
			"to": [16, 19, 5],
			"rotation": {"angle": 0, "axis": "y", "origin": [8, 12, 12]},
			"faces": {
				"north": {"uv": [5, 10.75, 7, 14.5], "texture": "#0", "tintindex": 0},
				"east": {"uv": [5, 10.75, 5.125, 14.5], "texture": "#0", "tintindex": 0},
				"south": {"uv": [7, 10.75, 5, 14.5], "texture": "#0", "tintindex": 0},
				"west": {"uv": [7, 10.75, 7.125, 14.5], "texture": "#0", "tintindex": 0},
				"up": {"uv": [7, 10.75, 5, 11], "texture": "#0", "tintindex": 0},
				"down": {"uv": [5, 14.25, 7, 14.5], "texture": "#0", "tintindex": 0}
			}
		},
		{
			"from": [0, 4, 11],
			"to": [16, 19, 12],
			"rotation": {"angle": 0, "axis": "y", "origin": [8, 12, 19]},
			"faces": {
				"north": {"uv": [10, 10.75, 8, 14.5], "texture": "#0", "tintindex": 0},
				"east": {"uv": [5, 10.75, 5.125, 14.5], "texture": "#0", "tintindex": 0},
				"south": {"uv": [8, 10.75, 10, 14.5], "texture": "#0", "tintindex": 0},
				"west": {"uv": [7, 10.75, 7.125, 14.5], "texture": "#0", "tintindex": 0},
				"down": {"uv": [5, 14.25, 7, 14.5], "texture": "#0", "tintindex": 0}
			}
		},
		{
			"from": [0, 4, 5],
			"to": [1, 22, 11],
			"rotation": {"angle": 0, "axis": "y", "origin": [8, 12, 13]},
			"faces": {
				"east": {"uv": [7.875, 10, 7.125, 14.5], "texture": "#0", "tintindex": 0},
				"west": {"uv": [7.125, 10, 7.875, 14.5], "texture": "#0", "tintindex": 0},
				"up": {"uv": [4.125, 10, 4.875, 10.25], "rotation": 90, "texture": "#0", "tintindex": 0},
				"down": {"uv": [7.125, 14.25, 7.875, 14.5], "rotation": 90, "texture": "#0", "tintindex": 0}
			}
		},
		{
			"from": [15, 4, 5],
			"to": [16, 22, 11],
			"rotation": {"angle": 0, "axis": "y", "origin": [23, 12, 13]},
			"faces": {
				"east": {"uv": [4.875, 10, 4.125, 14.5], "texture": "#0", "tintindex": 0},
				"west": {"uv": [4.125, 10, 4.875, 14.5], "texture": "#0", "tintindex": 0},
				"up": {"uv": [4.125, 10, 4.875, 10.25], "rotation": 90, "texture": "#0", "tintindex": 0},
				"down": {"uv": [7.125, 14.25, 7.875, 14.5], "rotation": 90, "texture": "#0", "tintindex": 0}
			}
		},
		{
			"from": [12, 19, 4],
			"to": [16, 22, 5],
			"rotation": {"angle": 0, "axis": "y", "origin": [8, 27, 12]},
			"faces": {
				"north": {"uv": [5, 10, 5.5, 10.75], "texture": "#0", "tintindex": 0},
				"east": {"uv": [5, 10, 5.125, 10.75], "texture": "#0", "tintindex": 0},
				"south": {"uv": [5.5, 10, 5, 10.75], "texture": "#0", "tintindex": 0},
				"west": {"uv": [5.375, 10, 5.5, 10.75], "texture": "#0", "tintindex": 0},
				"up": {"uv": [5.5, 10, 5, 10.25], "texture": "#0", "tintindex": 0}
			}
		},
		{
			"from": [0, 19, 4],
			"to": [4, 22, 5],
			"rotation": {"angle": 0, "axis": "y", "origin": [-4, 27, 12]},
			"faces": {
				"north": {"uv": [6.5, 10, 7, 10.75], "texture": "#0", "tintindex": 0},
				"east": {"uv": [6.5, 10, 6.625, 10.75], "texture": "#0", "tintindex": 0},
				"south": {"uv": [7, 10, 6.5, 10.75], "texture": "#0", "tintindex": 0},
				"west": {"uv": [7, 10, 7.125, 10.75], "texture": "#0", "tintindex": 0},
				"up": {"uv": [5.5, 10, 5, 10.25], "texture": "#0", "tintindex": 0}
			}
		},
		{
			"from": [4, 19, 4],
			"to": [5, 21, 5],
			"rotation": {"angle": 0, "axis": "y", "origin": [0, 27, 12]},
			"faces": {
				"north": {"uv": [6.5, 10.25, 6.375, 10.75], "texture": "#0", "tintindex": 0},
				"east": {"uv": [6.5, 10.25, 6.375, 10.75], "texture": "#0", "tintindex": 0},
				"south": {"uv": [6.5, 10.25, 6.375, 10.75], "texture": "#0", "tintindex": 0},
				"up": {"uv": [6.5, 10.25, 6.375, 10.5], "texture": "#0", "tintindex": 0}
			}
		},
		{
			"from": [11, 19, 4],
			"to": [12, 21, 5],
			"rotation": {"angle": 0, "axis": "y", "origin": [7, 27, 12]},
			"faces": {
				"north": {"uv": [5.625, 10.25, 5.5, 10.75], "texture": "#0", "tintindex": 0},
				"south": {"uv": [5.625, 10.25, 5.5, 10.75], "texture": "#0", "tintindex": 0},
				"west": {"uv": [5.625, 10.25, 5.5, 10.75], "texture": "#0", "tintindex": 0},
				"up": {"uv": [5.625, 10.25, 5.5, 10.5], "texture": "#0", "tintindex": 0}
			}
		},
		{
			"from": [10, 19, 4],
			"to": [11, 20, 5],
			"rotation": {"angle": 0, "axis": "y", "origin": [6, 27, 12]},
			"faces": {
				"north": {"uv": [5.75, 10.5, 5.625, 10.75], "texture": "#0", "tintindex": 0},
				"south": {"uv": [5.75, 10.5, 5.625, 10.75], "texture": "#0", "tintindex": 0},
				"west": {"uv": [5.75, 10.5, 5.625, 10.75], "texture": "#0", "tintindex": 0},
				"up": {"uv": [5.75, 10.5, 5.625, 10.75], "texture": "#0", "tintindex": 0}
			}
		},
		{
			"from": [5, 19, 4],
			"to": [6, 20, 5],
			"rotation": {"angle": 0, "axis": "y", "origin": [1, 27, 12]},
			"faces": {
				"north": {"uv": [6.375, 10.5, 6.25, 10.75], "texture": "#0", "tintindex": 0},
				"east": {"uv": [6.375, 10.5, 6.25, 10.75], "texture": "#0", "tintindex": 0},
				"south": {"uv": [6.375, 10.5, 6.25, 10.75], "texture": "#0", "tintindex": 0},
				"up": {"uv": [6.375, 10.5, 6.25, 10.75], "texture": "#0", "tintindex": 0}
			}
		},
		{
			"from": [0, 19, 11],
			"to": [4, 22, 12],
			"rotation": {"angle": 0, "axis": "y", "origin": [-4, 27, 19]},
			"faces": {
				"north": {"uv": [8.5, 10, 8, 10.75], "texture": "#0", "tintindex": 0},
				"east": {"uv": [6.5, 10, 6.625, 10.75], "texture": "#0", "tintindex": 0},
				"south": {"uv": [8, 10, 8.5, 10.75], "texture": "#0", "tintindex": 0},
				"west": {"uv": [7, 10, 7.125, 10.75], "texture": "#0", "tintindex": 0},
				"up": {"uv": [5.5, 10, 5, 10.25], "texture": "#0", "tintindex": 0}
			}
		},
		{
			"from": [12, 19, 11],
			"to": [16, 22, 12],
			"rotation": {"angle": 0, "axis": "y", "origin": [8, 27, 19]},
			"faces": {
				"north": {"uv": [10, 10, 9.5, 10.75], "texture": "#0", "tintindex": 0},
				"east": {"uv": [5, 10, 5.125, 10.75], "texture": "#0", "tintindex": 0},
				"south": {"uv": [9.5, 10, 10, 10.75], "texture": "#0", "tintindex": 0},
				"west": {"uv": [5.375, 10, 5.5, 10.75], "texture": "#0", "tintindex": 0},
				"up": {"uv": [5.5, 10, 5, 10.25], "texture": "#0", "tintindex": 0}
			}
		},
		{
			"from": [4, 19, 11],
			"to": [12, 20, 12],
			"rotation": {"angle": 0, "axis": "y", "origin": [0, 27, 19]},
			"faces": {
				"north": {"uv": [8.5, 10.5, 9.5, 10.75], "texture": "#0", "tintindex": 0},
				"south": {"uv": [8.5, 10.5, 9.5, 10.75], "texture": "#0", "tintindex": 0},
				"up": {"uv": [8.5, 10.5, 9.5, 10.75], "texture": "#0", "tintindex": 0}
			}
		},
		{
			"from": [11, 20, 11],
			"to": [12, 21, 12],
			"rotation": {"angle": 0, "axis": "y", "origin": [7, 28, 19]},
			"faces": {
				"north": {"uv": [5.75, 10.5, 5.625, 10.75], "texture": "#0", "tintindex": 0},
				"south": {"uv": [5.75, 10.5, 5.625, 10.75], "texture": "#0", "tintindex": 0},
				"west": {"uv": [5.75, 10.5, 5.625, 10.75], "texture": "#0", "tintindex": 0},
				"up": {"uv": [5.75, 10.5, 5.625, 10.75], "texture": "#0", "tintindex": 0}
			}
		},
		{
			"from": [4, 20, 11],
			"to": [5, 21, 12],
			"rotation": {"angle": 0, "axis": "y", "origin": [0, 28, 19]},
			"faces": {
				"north": {"uv": [5.75, 10.5, 5.625, 10.75], "texture": "#0", "tintindex": 0},
				"east": {"uv": [5.75, 10.5, 5.625, 10.75], "texture": "#0", "tintindex": 0},
				"south": {"uv": [5.75, 10.5, 5.625, 10.75], "texture": "#0", "tintindex": 0},
				"up": {"uv": [5.75, 10.5, 5.625, 10.75], "texture": "#0", "tintindex": 0}
			}
		},
		{
			"from": [1, 3, 4],
			"to": [15, 4, 5],
			"rotation": {"angle": 0, "axis": "y", "origin": [1, 11, 12]},
			"faces": {
				"north": {"uv": [6.875, 14.5, 5.125, 14.75], "texture": "#0", "tintindex": 0},
				"east": {"uv": [6.375, 10.5, 6.25, 10.75], "texture": "#0", "tintindex": 0},
				"south": {"uv": [6.875, 14.5, 5.125, 14.75], "texture": "#0", "tintindex": 0},
				"west": {"uv": [6.375, 10.5, 6.25, 10.75], "texture": "#0", "tintindex": 0},
				"down": {"uv": [6.875, 14.5, 5.125, 14.75], "texture": "#0", "tintindex": 0}
			}
		},
		{
			"from": [2, 2, 4],
			"to": [14, 3, 5],
			"rotation": {"angle": 0, "axis": "y", "origin": [2, 10, 12]},
			"faces": {
				"north": {"uv": [6.75, 14.75, 5.25, 15], "texture": "#0", "tintindex": 0},
				"east": {"uv": [6.375, 10.5, 6.25, 10.75], "texture": "#0", "tintindex": 0},
				"south": {"uv": [6.75, 14.75, 5.25, 15], "texture": "#0", "tintindex": 0},
				"west": {"uv": [6.375, 10.5, 6.25, 10.75], "texture": "#0", "tintindex": 0},
				"down": {"uv": [6.75, 14.75, 5.25, 15], "texture": "#0", "tintindex": 0}
			}
		},
		{
			"from": [3, 1, 4],
			"to": [13, 2, 5],
			"rotation": {"angle": 0, "axis": "y", "origin": [3, 9, 12]},
			"faces": {
				"north": {"uv": [6.625, 15, 5.375, 15.25], "texture": "#0", "tintindex": 0},
				"east": {"uv": [6.375, 10.5, 6.25, 10.75], "texture": "#0", "tintindex": 0},
				"south": {"uv": [6.625, 15, 5.375, 15.25], "texture": "#0", "tintindex": 0},
				"west": {"uv": [6.375, 10.5, 6.25, 10.75], "texture": "#0", "tintindex": 0},
				"down": {"uv": [6.625, 15, 5.375, 15.25], "texture": "#0", "tintindex": 0}
			}
		},
		{
			"from": [4, 0, 4],
			"to": [12, 1, 5],
			"rotation": {"angle": 0, "axis": "y", "origin": [3, 8, 12]},
			"faces": {
				"north": {"uv": [6.5, 15.25, 5.5, 15.5], "texture": "#0", "tintindex": 0},
				"east": {"uv": [6.375, 10.5, 6.25, 10.75], "texture": "#0", "tintindex": 0},
				"south": {"uv": [6.5, 15.25, 5.5, 15.5], "texture": "#0", "tintindex": 0},
				"west": {"uv": [6.375, 10.5, 6.25, 10.75], "texture": "#0", "tintindex": 0},
				"down": {"uv": [6.5, 15.25, 5.5, 15.5], "texture": "#0", "tintindex": 0}
			}
		},
		{
			"from": [1, 3, 11],
			"to": [15, 4, 12],
			"rotation": {"angle": 0, "axis": "y", "origin": [1, 11, 19]},
			"faces": {
				"north": {"uv": [8.125, 14.5, 9.875, 14.75], "texture": "#0", "tintindex": 0},
				"east": {"uv": [6.375, 10.5, 6.25, 10.75], "texture": "#0", "tintindex": 0},
				"south": {"uv": [8.125, 14.5, 9.875, 14.75], "texture": "#0", "tintindex": 0},
				"west": {"uv": [6.375, 10.5, 6.25, 10.75], "texture": "#0", "tintindex": 0},
				"down": {"uv": [9.875, 14.5, 8.125, 14.75], "texture": "#0", "tintindex": 0}
			}
		},
		{
			"from": [2, 2, 11],
			"to": [14, 3, 12],
			"rotation": {"angle": 0, "axis": "y", "origin": [2, 10, 19]},
			"faces": {
				"north": {"uv": [8.25, 14.75, 9.75, 15], "texture": "#0", "tintindex": 0},
				"east": {"uv": [6.375, 10.5, 6.25, 10.75], "texture": "#0", "tintindex": 0},
				"south": {"uv": [8.25, 14.75, 9.75, 15], "texture": "#0", "tintindex": 0},
				"west": {"uv": [6.375, 10.5, 6.25, 10.75], "texture": "#0", "tintindex": 0},
				"down": {"uv": [9.75, 14.75, 8.25, 15], "texture": "#0", "tintindex": 0}
			}
		},
		{
			"from": [-9, 21, 4],
			"to": [-1, 22, 12],
			"rotation": {"angle": 0, "axis": "y", "origin": [-1, 29, 12]},
			"faces": {
				"north": {"uv": [13, 10, 14, 10.25], "texture": "#0", "tintindex": 0},
				"east": {"uv": [12, 10, 13, 10.25], "texture": "#0", "tintindex": 0},
				"south": {"uv": [11, 10, 12, 10.25], "texture": "#0", "tintindex": 0},
				"west": {"uv": [10, 10, 11, 10.25], "texture": "#0", "tintindex": 0},
				"up": {"uv": [11, 10, 12, 8], "texture": "#0", "tintindex": 0},
				"down": {"uv": [11, 8, 12, 10], "texture": "#0", "tintindex": 0}
			}
		},
		{
			"from": [-2, 16, 4],
			"to": [-1, 21, 12],
			"rotation": {"angle": 0, "axis": "y", "origin": [-1, 28, 12]},
			"faces": {
				"north": {"uv": [13, 10.25, 13.125, 11.5], "texture": "#0", "tintindex": 0},
				"east": {"uv": [12, 10.25, 13, 11.5], "texture": "#0", "tintindex": 0},
				"south": {"uv": [11.875, 10.25, 12, 11.5], "texture": "#0", "tintindex": 0},
				"west": {"uv": [13, 10.25, 12, 11.5], "texture": "#0", "tintindex": 0},
				"down": {"uv": [12, 11.25, 13, 11.5], "rotation": 90, "texture": "#0", "tintindex": 0}
			}
		},
		{
			"from": [-8, 15, 4],
			"to": [-2, 21, 5],
			"rotation": {"angle": 0, "axis": "y", "origin": [-2, 28, 12]},
			"faces": {
				"north": {"uv": [13.125, 10.25, 13.875, 11.75], "texture": "#0", "tintindex": 0},
				"east": {"uv": [13.125, 10.25, 13.25, 11.75], "texture": "#0", "tintindex": 0},
				"south": {"uv": [13.875, 10.25, 13.125, 11.75], "texture": "#0", "tintindex": 0},
				"down": {"uv": [11.125, 11.5, 11.875, 11.75], "texture": "#0", "tintindex": 0}
			}
		},
		{
			"from": [-8, 14, 4],
			"to": [-3, 15, 5],
			"rotation": {"angle": 0, "axis": "y", "origin": [-2, 22, 12]},
			"faces": {
				"north": {"uv": [13.25, 11.75, 13.875, 12], "texture": "#0", "tintindex": 0},
				"east": {"uv": [13.25, 11.75, 13.375, 12], "texture": "#0", "tintindex": 0},
				"south": {"uv": [13.875, 11.75, 13.25, 12], "texture": "#0", "tintindex": 0},
				"down": {"uv": [13.25, 11.75, 13.875, 12], "rotation": 180, "texture": "#0", "tintindex": 0}
			}
		},
		{
			"from": [-8, 14, 11],
			"to": [-3, 15, 12],
			"rotation": {"angle": 0, "axis": "y", "origin": [-2, 22, 19]},
			"faces": {
				"north": {"uv": [11.75, 11.75, 11.125, 12], "texture": "#0", "tintindex": 0},
				"east": {"uv": [13.25, 11.75, 13.375, 12], "texture": "#0", "tintindex": 0},
				"south": {"uv": [11.125, 11.75, 11.75, 12], "texture": "#0", "tintindex": 0},
				"down": {"uv": [13.25, 11.75, 13.875, 12], "rotation": 180, "texture": "#0", "tintindex": 0}
			}
		},
		{
			"from": [-8, 13, 4],
			"to": [-4, 14, 5],
			"rotation": {"angle": 0, "axis": "y", "origin": [-2, 21, 12]},
			"faces": {
				"north": {"uv": [13.375, 12, 13.875, 12.25], "texture": "#0", "tintindex": 0},
				"east": {"uv": [13.375, 12, 13.5, 12.25], "texture": "#0", "tintindex": 0},
				"south": {"uv": [13.875, 12, 13.375, 12.25], "texture": "#0", "tintindex": 0},
				"down": {"uv": [13.375, 12, 13.875, 12.25], "rotation": 180, "texture": "#0", "tintindex": 0}
			}
		},
		{
			"from": [-8, 13, 11],
			"to": [-4, 14, 12],
			"rotation": {"angle": 0, "axis": "y", "origin": [-2, 21, 19]},
			"faces": {
				"north": {"uv": [11.625, 12, 11.125, 12.25], "texture": "#0", "tintindex": 0},
				"east": {"uv": [13.375, 12, 13.5, 12.25], "texture": "#0", "tintindex": 0},
				"south": {"uv": [11.125, 12, 11.625, 12.25], "texture": "#0", "tintindex": 0},
				"down": {"uv": [13.375, 12, 13.875, 12.25], "rotation": 180, "texture": "#0", "tintindex": 0}
			}
		},
		{
			"from": [-8, 12, 4],
			"to": [-5, 13, 5],
			"rotation": {"angle": 0, "axis": "y", "origin": [-2, 20, 12]},
			"faces": {
				"north": {"uv": [13.875, 12.25, 13.5, 12.5], "texture": "#0", "tintindex": 0},
				"east": {"uv": [13.5, 12.25, 13.625, 12.5], "texture": "#0", "tintindex": 0},
				"south": {"uv": [13.875, 12.25, 13.5, 12.5], "texture": "#0", "tintindex": 0},
				"down": {"uv": [13.875, 12.25, 13.5, 12.5], "texture": "#0", "tintindex": 0}
			}
		},
		{
			"from": [-8, 12, 11],
			"to": [-5, 13, 12],
			"rotation": {"angle": 0, "axis": "y", "origin": [-2, 20, 19]},
			"faces": {
				"north": {"uv": [11.5, 12.25, 11.125, 12.5], "texture": "#0", "tintindex": 0},
				"east": {"uv": [13.5, 12.25, 13.625, 12.5], "texture": "#0", "tintindex": 0},
				"south": {"uv": [11.5, 12.25, 11.125, 12.5], "texture": "#0", "tintindex": 0},
				"down": {"uv": [13.875, 12.25, 13.5, 12.5], "texture": "#0", "tintindex": 0}
			}
		},
		{
			"from": [-8, 15, 11],
			"to": [-2, 21, 12],
			"rotation": {"angle": 0, "axis": "y", "origin": [-2, 28, 19]},
			"faces": {
				"north": {"uv": [11.875, 10.25, 11.125, 11.75], "texture": "#0", "tintindex": 0},
				"east": {"uv": [11.75, 10.25, 11.875, 11.75], "texture": "#0", "tintindex": 0},
				"south": {"uv": [11.125, 10.25, 11.875, 11.75], "texture": "#0", "tintindex": 0},
				"down": {"uv": [11.125, 11.5, 11.875, 11.75], "texture": "#0", "tintindex": 0}
			}
		},
		{
			"from": [-9, 12, 4],
			"to": [-8, 21, 12],
			"rotation": {"angle": 0, "axis": "y", "origin": [-8, 28, 12]},
			"faces": {
				"north": {"uv": [13, 10.25, 13.125, 11.5], "texture": "#0", "tintindex": 0},
				"east": {"uv": [10, 10.25, 11, 12.5], "texture": "#0", "tintindex": 0},
				"south": {"uv": [11.875, 10.25, 12, 11.5], "texture": "#0", "tintindex": 0},
				"west": {"uv": [11, 10.25, 10, 12.5], "texture": "#0", "tintindex": 0},
				"down": {"uv": [10, 12.25, 11, 12.5], "rotation": 90, "texture": "#0", "tintindex": 0}
			}
		},
		{
			"from": [17, 21, 4],
			"to": [25, 22, 12],
			"rotation": {"angle": 0, "axis": "y", "origin": [21, 22, 8]},
			"faces": {
				"north": {"uv": [11, 10, 12, 10.25], "texture": "#0", "tintindex": 0},
				"east": {"uv": [10, 10, 11, 10.25], "texture": "#0", "tintindex": 0},
				"south": {"uv": [13, 10, 14, 10.25], "texture": "#0", "tintindex": 0},
				"west": {"uv": [12, 10, 13, 10.25], "texture": "#0", "tintindex": 0},
				"up": {"uv": [11, 8, 12, 10], "rotation": 180, "texture": "#0", "tintindex": 0},
				"down": {"uv": [12, 10, 11, 8], "rotation": 180, "texture": "#0", "tintindex": 0}
			}
		},
		{
			"from": [17, 16, 4],
			"to": [18, 21, 12],
			"rotation": {"angle": 0, "axis": "y", "origin": [21, 22, 8]},
			"faces": {
				"north": {"uv": [11.875, 10.25, 12, 11.5], "texture": "#0", "tintindex": 0},
				"east": {"uv": [13, 10.25, 12, 11.5], "texture": "#0", "tintindex": 0},
				"south": {"uv": [13, 10.25, 13.125, 11.5], "texture": "#0", "tintindex": 0},
				"west": {"uv": [12, 10.25, 13, 11.5], "texture": "#0", "tintindex": 0},
				"down": {"uv": [12, 11.25, 13, 11.5], "rotation": 270, "texture": "#0", "tintindex": 0}
			}
		},
		{
			"from": [18, 15, 11],
			"to": [24, 21, 12],
			"rotation": {"angle": 0, "axis": "y", "origin": [21, 22, 8]},
			"faces": {
				"north": {"uv": [13.875, 10.25, 13.125, 11.75], "texture": "#0", "tintindex": 0},
				"south": {"uv": [13.125, 10.25, 13.875, 11.75], "texture": "#0", "tintindex": 0},
				"west": {"uv": [13.125, 10.25, 13.25, 11.75], "texture": "#0", "tintindex": 0},
				"down": {"uv": [11.125, 11.5, 11.875, 11.75], "rotation": 180, "texture": "#0", "tintindex": 0}
			}
		},
		{
			"from": [19, 14, 11],
			"to": [24, 15, 12],
			"rotation": {"angle": 0, "axis": "y", "origin": [21, 22, 8]},
			"faces": {
				"north": {"uv": [13.875, 11.75, 13.25, 12], "texture": "#0", "tintindex": 0},
				"south": {"uv": [13.25, 11.75, 13.875, 12], "texture": "#0", "tintindex": 0},
				"west": {"uv": [13.25, 11.75, 13.375, 12], "texture": "#0", "tintindex": 0},
				"down": {"uv": [13.25, 11.75, 13.875, 12], "texture": "#0", "tintindex": 0}
			}
		},
		{
			"from": [19, 14, 4],
			"to": [24, 15, 5],
			"rotation": {"angle": 0, "axis": "y", "origin": [21, 22, 8]},
			"faces": {
				"north": {"uv": [11.125, 11.75, 11.75, 12], "texture": "#0", "tintindex": 0},
				"south": {"uv": [11.75, 11.75, 11.125, 12], "texture": "#0", "tintindex": 0},
				"west": {"uv": [13.25, 11.75, 13.375, 12], "texture": "#0", "tintindex": 0},
				"down": {"uv": [13.25, 11.75, 13.875, 12], "texture": "#0", "tintindex": 0}
			}
		},
		{
			"from": [20, 13, 11],
			"to": [24, 14, 12],
			"rotation": {"angle": 0, "axis": "y", "origin": [21, 22, 8]},
			"faces": {
				"north": {"uv": [13.875, 12, 13.375, 12.25], "texture": "#0", "tintindex": 0},
				"south": {"uv": [13.375, 12, 13.875, 12.25], "texture": "#0", "tintindex": 0},
				"west": {"uv": [13.375, 12, 13.5, 12.25], "texture": "#0", "tintindex": 0},
				"down": {"uv": [13.375, 12, 13.875, 12.25], "texture": "#0", "tintindex": 0}
			}
		},
		{
			"from": [20, 13, 4],
			"to": [24, 14, 5],
			"rotation": {"angle": 0, "axis": "y", "origin": [21, 22, 8]},
			"faces": {
				"north": {"uv": [11.125, 12, 11.625, 12.25], "texture": "#0", "tintindex": 0},
				"south": {"uv": [11.625, 12, 11.125, 12.25], "texture": "#0", "tintindex": 0},
				"west": {"uv": [13.375, 12, 13.5, 12.25], "texture": "#0", "tintindex": 0},
				"down": {"uv": [13.375, 12, 13.875, 12.25], "texture": "#0", "tintindex": 0}
			}
		},
		{
			"from": [21, 12, 11],
			"to": [24, 13, 12],
			"rotation": {"angle": 0, "axis": "y", "origin": [21, 22, 8]},
			"faces": {
				"north": {"uv": [13.875, 12.25, 13.5, 12.5], "texture": "#0", "tintindex": 0},
				"south": {"uv": [13.875, 12.25, 13.5, 12.5], "texture": "#0", "tintindex": 0},
				"west": {"uv": [13.5, 12.25, 13.625, 12.5], "texture": "#0", "tintindex": 0},
				"down": {"uv": [13.875, 12.25, 13.5, 12.5], "rotation": 180, "texture": "#0", "tintindex": 0}
			}
		},
		{
			"from": [21, 12, 4],
			"to": [24, 13, 5],
			"rotation": {"angle": 0, "axis": "y", "origin": [21, 22, 8]},
			"faces": {
				"north": {"uv": [11.5, 12.25, 11.125, 12.5], "texture": "#0", "tintindex": 0},
				"south": {"uv": [11.5, 12.25, 11.125, 12.5], "texture": "#0", "tintindex": 0},
				"west": {"uv": [13.5, 12.25, 13.625, 12.5], "texture": "#0", "tintindex": 0},
				"down": {"uv": [13.875, 12.25, 13.5, 12.5], "rotation": 180, "texture": "#0", "tintindex": 0}
			}
		},
		{
			"from": [18, 15, 4],
			"to": [24, 21, 5],
			"rotation": {"angle": 0, "axis": "y", "origin": [21, 22, 8]},
			"faces": {
				"north": {"uv": [11.125, 10.25, 11.875, 11.75], "texture": "#0", "tintindex": 0},
				"south": {"uv": [11.875, 10.25, 11.125, 11.75], "texture": "#0", "tintindex": 0},
				"west": {"uv": [11.75, 10.25, 11.875, 11.75], "texture": "#0", "tintindex": 0},
				"down": {"uv": [11.125, 11.5, 11.875, 11.75], "rotation": 180, "texture": "#0", "tintindex": 0}
			}
		},
		{
			"from": [24, 12, 4],
			"to": [25, 21, 12],
			"rotation": {"angle": 0, "axis": "y", "origin": [21, 22, 8]},
			"faces": {
				"north": {"uv": [11.875, 10.25, 12, 11.5], "texture": "#0", "tintindex": 0},
				"east": {"uv": [10, 10.25, 11, 12.5], "texture": "#0", "tintindex": 0},
				"south": {"uv": [13, 10.25, 13.125, 11.5], "texture": "#0", "tintindex": 0},
				"west": {"uv": [11, 10.25, 10, 12.5], "texture": "#0", "tintindex": 0},
				"down": {"uv": [10, 12.25, 11, 12.5], "rotation": 270, "texture": "#0", "tintindex": 0}
			}
		}
	],
	"groups": [
		{
			"name": "chest",
			"origin": [2, 10, 19],
			"children": [0, 1, 2, 3, 4, 5, 6, 7, 8, 9, 10, 11, 12, 13, 14, 15, 16, 17, 18, 19, 20]
		},
		{
			"name": "shoulder1",
			"origin": [-8, 28, 12],
			"children": [21, 22, 23, 24, 25, 26, 27, 28, 29, 30, 31]
		},
		{
			"name": "shoulder2",
			"origin": [-8, 28, 12],
			"children": [32, 33, 34, 35, 36, 37, 38, 39, 40, 41, 42]
		}
	]
}