{
	"credit": "Made with Blockbench by Howler",
	"parent": "item/door_display",
	"textures": {
		"texture": "block/oak_door_bottom",
		"particle": "block/oak_door_special",
		"texture1": "block/oak_door_special",
		"7_texture": "block/oak_door_top"
	},
	"elements": [
		{
			"from": [0, 0, 6.5],
			"to": [3, 16, 9.5],
			"faces": {
				"north": {"uv": [3, 0, 0, 16], "texture": "#texture"},
				"east": {"uv": [2.5, 0, 3, 16], "texture": "#texture"},
				"south": {"uv": [0, 0, 3, 16], "texture": "#texture", "cullface": "west"},
				"west": {"uv": [0, 6.5, 8, 8], "rotation": 270, "texture": "#texture1", "cullface": "north"},
				"up": {"uv": [0, 0, 1.5, 1.5], "texture": "#texture1", "cullface": "up"},
				"down": {"uv": [0, 13.25, 1.5, 14.75], "texture": "#texture1", "cullface": "down"}
			}
		},
		{
			"from": [3, 0, 6.5],
			"to": [13, 3, 9.5],
			"faces": {
				"north": {"uv": [13, 13, 3, 16], "texture": "#texture"},
				"south": {"uv": [3, 13, 13, 16], "texture": "#texture", "cullface": "west"},
				"up": {"uv": [3, 13, 13, 13.5], "texture": "#texture"},
				"down": {"uv": [1.5, 13.25, 6.5, 14.75], "texture": "#texture1", "cullface": "down"}
			}
		},
		{
			"from": [7, 3, 6.5],
			"to": [9, 16, 9.5],
			"faces": {
				"north": {"uv": [9, 0, 7, 13], "texture": "#texture"},
				"east": {"uv": [8.5, 0, 9, 13], "texture": "#texture"},
				"south": {"uv": [7, 0, 9, 13], "texture": "#texture", "cullface": "west"},
				"west": {"uv": [7, 0, 7.5, 13], "texture": "#texture"},
				"up": {"uv": [3.5, 0, 4.5, 1.5], "rotation": 180, "texture": "#texture1", "cullface": "up"}
			}
		},
		{
			"from": [3, 6, 6.5],
			"to": [7, 9, 9.5],
			"faces": {
				"north": {"uv": [7, 7, 3, 10], "texture": "#texture"},
				"south": {"uv": [3, 7, 7, 10], "texture": "#texture", "cullface": "west"},
				"up": {"uv": [3, 7, 7, 7.5], "texture": "#texture"},
				"down": {"uv": [3, 9.5, 7, 10], "texture": "#texture"}
			}
		},
		{
			"from": [9, 6, 6.5],
			"to": [13, 9, 9.5],
			"faces": {
				"north": {"uv": [13, 7, 9, 10], "texture": "#texture"},
				"south": {"uv": [9, 7, 13, 10], "texture": "#texture", "cullface": "west"},
				"up": {"uv": [9, 7, 13, 7.5], "texture": "#texture"},
				"down": {"uv": [9, 9.5, 13, 10], "texture": "#texture"}
			}
		},
		{
			"from": [9, 12, 6.5],
			"to": [13, 15, 9.5],
			"faces": {
				"north": {"uv": [13, 1, 9, 4], "texture": "#texture"},
				"south": {"uv": [9, 1, 13, 4], "texture": "#texture", "cullface": "west"},
				"up": {"uv": [9, 1, 13, 1.5], "texture": "#texture"},
				"down": {"uv": [9, 3.5, 13, 4], "texture": "#texture"}
			}
		},
		{
			"from": [3, 12, 6.5],
			"to": [7, 15, 9.5],
			"faces": {
				"north": {"uv": [7, 1, 3, 4], "texture": "#texture"},
				"south": {"uv": [3, 1, 7, 4], "texture": "#texture", "cullface": "west"},
				"up": {"uv": [3, 1, 7, 1.5], "texture": "#texture"},
				"down": {"uv": [3, 3.5, 7, 4], "texture": "#texture"}
			}
		},
		{
			"from": [3, 3, 7],
			"to": [13, 16, 9],
			"faces": {
				"north": {"uv": [13, 0, 3, 13], "texture": "#texture"},
				"south": {"uv": [3, 0, 13, 13], "texture": "#texture", "cullface": "west"},
				"up": {"uv": [1.5, 0.25, 6.5, 1.25], "rotation": 180, "texture": "#texture1", "cullface": "up"}
			}
		},
		{
			"from": [13, 0, 6.5],
			"to": [16, 16, 9.5],
			"faces": {
				"north": {"uv": [16, 0, 13, 16], "texture": "#texture"},
				"east": {"uv": [0, 3.25, 8, 4.75], "rotation": 270, "texture": "#texture1", "cullface": "south"},
				"south": {"uv": [13, 0, 16, 16], "texture": "#texture", "cullface": "west"},
				"west": {"uv": [13, 0, 13.5, 16], "texture": "#texture"},
				"up": {"uv": [0, 0, 1.5, 1.5], "rotation": 180, "texture": "#texture1", "cullface": "up"},
				"down": {"uv": [6.5, 13.25, 8, 14.75], "texture": "#texture1", "cullface": "down"}
			}
		},
		{
			"from": [-0.5, 4.5, 9],
			"to": [0.5, 5.5, 10],
			"faces": {
				"north": {"uv": [0, 10.5, 0.5, 11.5], "texture": "#texture"},
				"east": {"uv": [0.5, 10.5, 0, 11.5], "texture": "#texture"},
				"south": {"uv": [0, 10.5, 0.5, 11.5], "texture": "#texture"},
				"west": {"uv": [0, 10.5, 0.5, 11.5], "texture": "#texture"},
				"up": {"uv": [0, 10.5, 0.5, 11], "rotation": 270, "texture": "#texture"},
				"down": {"uv": [0, 11, 0.5, 11.5], "rotation": 90, "texture": "#texture"}
			}
		},
		{
			"from": [-0.5, 4.5, 6],
			"to": [0.5, 5.5, 7],
			"faces": {
				"north": {"uv": [0, 10.5, 0.5, 11.5], "texture": "#texture"},
				"east": {"uv": [0.5, 10.5, 0, 11.5], "texture": "#texture"},
				"south": {"uv": [0, 10.5, 0.5, 11.5], "texture": "#texture"},
				"west": {"uv": [0, 10.5, 0.5, 11.5], "texture": "#texture"},
				"up": {"uv": [0, 10.5, 0.5, 11], "rotation": 270, "texture": "#texture"},
				"down": {"uv": [0, 11, 0.5, 11.5], "rotation": 90, "texture": "#texture"}
			}
		},
		{
			"from": [-0.5, 15.5, 6],
			"to": [0.5, 16.5, 7],
			"faces": {
				"north": {"uv": [0, 10.5, 0.5, 11.5], "texture": "#texture"},
				"east": {"uv": [0.5, 10.5, 0, 11.5], "texture": "#texture"},
				"south": {"uv": [0, 10.5, 0.5, 11.5], "texture": "#texture"},
				"west": {"uv": [0, 10.5, 0.5, 11.5], "texture": "#texture"},
				"up": {"uv": [0, 10.5, 0.5, 11], "rotation": 270, "texture": "#texture"},
				"down": {"uv": [0, 11, 0.5, 11.5], "rotation": 90, "texture": "#texture"}
			}
		},
		{
			"from": [-0.5, 15.5, 9],
			"to": [0.5, 16.5, 10],
			"faces": {
				"north": {"uv": [0, 10.5, 0.5, 11.5], "texture": "#texture"},
				"east": {"uv": [0.5, 10.5, 0, 11.5], "texture": "#texture"},
				"south": {"uv": [0, 10.5, 0.5, 11.5], "texture": "#texture"},
				"west": {"uv": [0, 10.5, 0.5, 11.5], "texture": "#texture"},
				"up": {"uv": [0, 10.5, 0.5, 11], "rotation": 270, "texture": "#texture"},
				"down": {"uv": [0, 11, 0.5, 11.5], "rotation": 90, "texture": "#texture"}
			}
		},
		{
			"from": [0, 16, 6.5],
			"to": [3, 32, 9.5],
			"faces": {
				"north": {"uv": [3, 0, 0, 16], "texture": "#7_texture"},
				"east": {"uv": [8.5, 0, 10, 8], "texture": "#texture1"},
				"south": {"uv": [0, 0, 3, 16], "texture": "#7_texture", "cullface": "west"},
				"west": {"uv": [0, 5, 8, 6.5], "rotation": 270, "texture": "#texture1", "cullface": "north"},
				"up": {"uv": [0, 0, 1.5, 1.5], "texture": "#texture1", "cullface": "up"},
				"down": {"uv": [0, 0, 1.5, 1.5], "texture": "#texture1", "cullface": "down"}
			}
		},
		{
			"from": [7, 16, 6.5],
			"to": [9, 29, 9.5],
			"faces": {
				"north": {"uv": [9, 3, 7, 16], "texture": "#7_texture"},
				"east": {"uv": [10, 1.5, 8.5, 8], "texture": "#texture1"},
				"south": {"uv": [7, 3, 9, 16], "texture": "#7_texture", "cullface": "west"},
				"west": {"uv": [10.5, 1.5, 12, 8], "texture": "#texture1"},
				"down": {"uv": [3.5, 0, 4.5, 1.5], "texture": "#texture1", "cullface": "down"}
			}
		},
		{
			"from": [13, 16, 6.5],
			"to": [16, 32, 9.5],
			"faces": {
				"north": {"uv": [16, 0, 13, 16], "texture": "#7_texture"},
				"east": {"uv": [0, 1.75, 8, 3.25], "rotation": 270, "texture": "#texture1", "cullface": "south"},
				"south": {"uv": [13, 0, 16, 16], "texture": "#7_texture", "cullface": "west"},
				"west": {"uv": [10.5, 0, 12, 8], "texture": "#texture1"},
				"up": {"uv": [6.5, 0, 8, 1.5], "texture": "#texture1", "cullface": "up"},
				"down": {"uv": [0, 0, 1.5, 1.5], "rotation": 180, "texture": "#texture1", "cullface": "down"}
			}
		},
		{
			"from": [3, 29, 6.5],
			"to": [13, 32, 9.5],
			"faces": {
				"north": {"uv": [13, 0, 3, 3], "texture": "#7_texture"},
				"south": {"uv": [3, 0, 13, 3], "texture": "#7_texture", "cullface": "west"},
				"up": {"uv": [1.5, 0, 6.5, 1.5], "texture": "#texture1", "cullface": "up"},
				"down": {"uv": [1.5, 10.25, 6.5, 11.75], "rotation": 180, "texture": "#texture1"}
			}
		},
		{
			"from": [3, 16, 7],
			"to": [13, 18, 9],
			"faces": {
				"north": {"uv": [6.5, 12, 1.5, 13], "texture": "#texture1"},
				"south": {"uv": [1.5, 12, 6.5, 13], "texture": "#texture1", "cullface": "west"},
				"down": {"uv": [1.5, 0.25, 6.5, 1.25], "texture": "#texture1", "cullface": "down"}
			}
		},
		{
			"from": [3, 24, 6.5],
			"to": [7, 26, 9.5],
			"faces": {
				"north": {"uv": [7, 6, 3, 8], "texture": "#7_texture"},
				"south": {"uv": [3, 6, 7, 8], "texture": "#7_texture", "cullface": "west"},
				"up": {"uv": [4.5, 8.5, 6.5, 10], "texture": "#texture1"},
				"down": {"uv": [1.5, 10.25, 3.5, 11.75], "rotation": 180, "texture": "#texture1"}
			}
		},
		{
			"from": [9, 24, 6.5],
			"to": [13, 26, 9.5],
			"faces": {
				"north": {"uv": [13, 6, 9, 8], "texture": "#7_texture"},
				"south": {"uv": [9, 6, 13, 8], "texture": "#7_texture", "cullface": "west"},
				"up": {"uv": [1.5, 8.5, 3.5, 10], "texture": "#texture1"},
				"down": {"uv": [4.5, 10.25, 6.5, 11.75], "rotation": 180, "texture": "#texture1"}
			}
		},
		{
			"from": [3, 18, 6.5],
			"to": [7, 21, 9.5],
			"faces": {
				"north": {"uv": [7, 11, 3, 14], "texture": "#7_texture"},
				"south": {"uv": [3, 11, 7, 14], "texture": "#7_texture", "cullface": "west"},
				"up": {"uv": [1.5, 8.5, 3.5, 10], "texture": "#texture1"},
				"down": {"uv": [3, 13.5, 7, 14], "texture": "#7_texture"}
			}
		},
		{
			"from": [9, 18, 6.5],
			"to": [13, 21, 9.5],
			"faces": {
				"north": {"uv": [13, 11, 9, 14], "texture": "#7_texture"},
				"south": {"uv": [9, 11, 13, 14], "texture": "#7_texture", "cullface": "west"},
				"up": {"uv": [4.5, 8.5, 6.5, 10], "texture": "#texture1"},
				"down": {"uv": [9, 13.5, 12, 14], "texture": "#7_texture"}
			}
		},
		{
			"from": [-0.5, 26.5, 9],
			"to": [0.5, 27.5, 10],
			"faces": {
				"north": {"uv": [0.5, 4.5, 0, 5.5], "texture": "#7_texture"},
				"east": {"uv": [0.5, 4.5, 0, 5.5], "texture": "#7_texture"},
				"south": {"uv": [0.5, 4.5, 0, 5.5], "texture": "#7_texture"},
				"west": {"uv": [0, 4.5, 0.5, 5.5], "texture": "#7_texture"},
				"up": {"uv": [0, 5, 0.5, 4.5], "rotation": 270, "texture": "#7_texture"},
				"down": {"uv": [0, 5.5, 0.5, 5], "rotation": 90, "texture": "#7_texture"}
			}
		},
		{
			"from": [-0.5, 26.5, 6],
			"to": [0.5, 27.5, 7],
			"faces": {
				"north": {"uv": [0.5, 4.5, 0, 5.5], "texture": "#7_texture"},
				"east": {"uv": [0.5, 4.5, 0, 5.5], "texture": "#7_texture"},
				"south": {"uv": [0.5, 4.5, 0, 5.5], "texture": "#7_texture"},
				"west": {"uv": [0, 4.5, 0.5, 5.5], "texture": "#7_texture"},
				"up": {"uv": [0, 5, 0.5, 4.5], "rotation": 270, "texture": "#7_texture"},
				"down": {"uv": [0, 5.5, 0.5, 5], "rotation": 90, "texture": "#7_texture"}
			}
		},
		{
			"from": [12.5, 17, 6],
			"to": [13.5, 17.5, 6.5],
			"faces": {
				"north": {"uv": [12.5, 14.5, 13.5, 15], "rotation": 180, "texture": "#7_texture"},
				"east": {"uv": [13, 14.5, 13.5, 15], "texture": "#7_texture"},
				"south": {"uv": [12.5, 14.5, 13.5, 15], "texture": "#7_texture"},
				"up": {"uv": [12.5, 14.5, 13.5, 15], "texture": "#7_texture"},
				"down": {"uv": [12.5, 14.5, 13.5, 15], "texture": "#7_texture"}
			}
		},
		{
			"from": [12, 16.5, 6],
			"to": [12.5, 17.5, 6.5],
			"faces": {
				"north": {"uv": [12, 14.5, 12.5, 15.5], "texture": "#7_texture"},
				"east": {"uv": [12, 15, 12.5, 15.5], "texture": "#7_texture"},
				"south": {"uv": [12, 14.5, 12.5, 15.5], "texture": "#7_texture"},
				"west": {"uv": [12, 14.5, 12.5, 15.5], "texture": "#7_texture"},
				"up": {"uv": [12, 14.5, 12.5, 15], "rotation": 270, "texture": "#7_texture"},
				"down": {"uv": [12, 15, 12.5, 15.5], "rotation": 90, "texture": "#7_texture"}
			}
		},
		{
			"from": [11.5, 16, 6],
			"to": [12, 17, 6.5],
			"faces": {
				"north": {"uv": [11.5, 15, 12, 16], "texture": "#7_texture"},
				"east": {"uv": [11.5, 15.5, 12, 16], "texture": "#7_texture"},
				"south": {"uv": [11.5, 15, 12, 16], "texture": "#7_texture"},
				"west": {"uv": [11.5, 15, 12, 16], "texture": "#7_texture"},
				"up": {"uv": [11.5, 15, 12, 15.5], "rotation": 270, "texture": "#7_texture"},
				"down": {"uv": [11.5, 15.5, 12, 16], "rotation": 90, "texture": "#7_texture", "cullface": "down"}
			}
		},
		{
			"from": [12.5, 17, 9.5],
			"to": [13.5, 17.5, 10],
			"faces": {
				"north": {"uv": [12.5, 14.5, 13.5, 15], "rotation": 180, "texture": "#7_texture", "cullface": "west"},
				"east": {"uv": [13, 14.5, 13.5, 15], "texture": "#7_texture", "cullface": "west"},
				"south": {"uv": [12.5, 14.5, 13.5, 15], "texture": "#7_texture", "cullface": "west"},
				"up": {"uv": [12.5, 14.5, 13.5, 15], "texture": "#7_texture", "cullface": "west"},
				"down": {"uv": [12.5, 14.5, 13.5, 15], "texture": "#7_texture", "cullface": "west"}
			}
		},
		{
			"from": [12, 16.5, 9.5],
			"to": [12.5, 17.5, 10],
			"faces": {
				"north": {"uv": [12, 14.5, 12.5, 15.5], "texture": "#7_texture", "cullface": "west"},
				"east": {"uv": [12, 15, 12.5, 15.5], "texture": "#7_texture", "cullface": "west"},
				"south": {"uv": [12, 14.5, 12.5, 15.5], "texture": "#7_texture", "cullface": "west"},
				"west": {"uv": [12, 14.5, 12.5, 15.5], "texture": "#7_texture", "cullface": "west"},
				"up": {"uv": [12, 14.5, 12.5, 15], "rotation": 270, "texture": "#7_texture", "cullface": "west"},
				"down": {"uv": [12, 15, 12.5, 15.5], "rotation": 90, "texture": "#7_texture", "cullface": "west"}
			}
		},
		{
			"from": [11.5, 16, 9.5],
			"to": [12, 17, 10],
			"faces": {
				"north": {"uv": [11.5, 15, 12, 16], "texture": "#7_texture", "cullface": "west"},
				"east": {"uv": [11.5, 15.5, 12, 16], "texture": "#7_texture", "cullface": "west"},
				"south": {"uv": [11.5, 15, 12, 16], "texture": "#7_texture", "cullface": "west"},
				"west": {"uv": [11.5, 15, 12, 16], "texture": "#7_texture", "cullface": "west"},
				"up": {"uv": [11.5, 15, 12, 15.5], "rotation": 270, "texture": "#7_texture", "cullface": "west"},
				"down": {"uv": [11.5, 15.5, 12, 16], "rotation": 90, "texture": "#7_texture", "cullface": "west"}
			}
		}
	],
	"groups": [
		{
			"name": "oak_door_bottom",
			"origin": [8, 8, 8],
			"children": [0, 1, 2, 3, 4, 5, 6, 7, 8, 9, 10, 11, 12]
		},
		{
			"name": "oak_door_top",
			"origin": [8, 8, 8],
			"children": [13, 14, 15, 16, 17, 18, 19, 20, 21, 22, 23,
				{
					"name": "group",
					"origin": [8, 8, 8],
					"children": [24, 25, 26]
				},
				{
					"name": "group2",
					"origin": [8, 8, 8],
					"children": [27, 28, 29]
				}
			]
		}
	]
}