{
	"credit": "Made with Blockbench",
	"textures": {
		"1": "block/indium",
		"3": "block/empty_ore",
		"particle": "block/indium"
	},
	"elements": [
		{
			"name": "block",
			"from": [0, 0, 0],
			"to": [16, 16, 16],
			"rotation": {"angle": 0, "axis": "y", "origin": [8, 0, 8]},
			"faces": {
				"north": {"uv": [0, 0, 16, 16], "texture": "#3"},
				"east": {"uv": [0, 0, 16, 16], "texture": "#3"},
				"south": {"uv": [0, 0, 16, 16], "texture": "#3"},
				"west": {"uv": [0, 0, 16, 16], "texture": "#3"},
				"up": {"uv": [0, 0, 16, 16], "texture": "#3"},
				"down": {"uv": [0, 0, 16, 16], "texture": "#3"}
			}
		},
		{
			"from": [3.66875, 7.8625, 13.98125],
			"to": [6.69375, 11.575, 16.86875],
			"rotation": {"angle": 45, "axis": "y", "origin": [5.18125, 9.71875, 15.425]},
			"faces": {
				"north": {"uv": [0, 0, 16, 16], "texture": "#1"},
				"east": {"uv": [0, 0, 16, 16], "texture": "#1"},
				"south": {"uv": [0, 0, 16, 16], "texture": "#1"},
				"west": {"uv": [0, 0, 16, 16], "rotation": 90, "texture": "#1"},
				"up": {"uv": [0, 13.625, 2.75, 11], "texture": "#1"},
				"down": {"uv": [0, 13.625, 2.75, 11], "texture": "#1"}
			}
		},
		{
			"from": [-0.88909, -0.73125, 5.23984],
			"to": [2.82341, 1.33125, 8.12734],
			"rotation": {"angle": 45, "axis": "y", "origin": [0.27709, 6.48553, 6.27176]},
			"faces": {
				"north": {"uv": [0, 0, 16, 16], "texture": "#1"},
				"east": {"uv": [0, 0, 16, 16], "texture": "#1"},
				"south": {"uv": [0, 0, 16, 16], "texture": "#1"},
				"west": {"uv": [0, 0, 16, 16], "texture": "#1"},
				"up": {"uv": [0, 13.625, 3.375, 11], "texture": "#1"},
				"down": {"uv": [0, 13.625, 3.375, 11], "texture": "#1"}
			}
		},
		{
			"from": [-0.88909, 6.55625, 9.50234],
			"to": [2.82341, 8.61875, 12.38984],
			"rotation": {"angle": 45, "axis": "y", "origin": [0.27709, 13.77303, 10.53426]},
			"faces": {
				"north": {"uv": [0, 0, 16, 16], "texture": "#1"},
				"east": {"uv": [0, 0, 16, 16], "texture": "#1"},
				"south": {"uv": [0, 0, 16, 16], "texture": "#1"},
				"west": {"uv": [0, 0, 16, 16], "texture": "#1"},
				"up": {"uv": [0, 13.625, 3.375, 11], "texture": "#1"},
				"down": {"uv": [0, 13.625, 3.375, 11], "texture": "#1"}
			}
		},
		{
			"from": [-0.88909, 11.64375, 2.07734],
			"to": [2.82341, 13.70625, 4.96484],
			"rotation": {"angle": 45, "axis": "y", "origin": [0.27709, 18.86053, 3.10926]},
			"faces": {
				"north": {"uv": [0, 0, 16, 16], "texture": "#1"},
				"east": {"uv": [0, 0, 16, 16], "texture": "#1"},
				"south": {"uv": [0, 0, 16, 16], "texture": "#1"},
				"west": {"uv": [0, 0, 16, 16], "texture": "#1"},
				"up": {"uv": [0, 13.625, 3.375, 11], "texture": "#1"},
				"down": {"uv": [0, 13.625, 3.375, 11], "texture": "#1"}
			}
		},
		{
			"from": [-0.8, 2.27546, 7.45155],
			"to": [2.0875, 5.30046, 11.16405],
			"rotation": {"angle": 45, "axis": "z", "origin": [0.64375, 3.78796, 9.3078]},
			"faces": {
				"north": {"uv": [0, 0, 16, 16], "texture": "#1"},
				"east": {"uv": [0, 0, 16, 16], "texture": "#1"},
				"south": {"uv": [0, 0, 16, 16], "texture": "#1"},
				"west": {"uv": [0, 0, 16, 16], "texture": "#1"},
				"up": {"uv": [0, 14.375, 2.625, 11], "texture": "#1"},
				"down": {"uv": [0, 13.625, 3.375, 11], "rotation": 90, "texture": "#1"}
			}
		},
		{
			"from": [-1.14375, 8.1375, 4.90625],
			"to": [1.88125, 11.025, 8.61875],
			"rotation": {"angle": 45, "axis": "z", "origin": [0.36875, 9.58125, 6.7625]},
			"faces": {
				"north": {"uv": [0, 0, 16, 16], "texture": "#1"},
				"east": {"uv": [0, 0, 16, 16], "texture": "#1"},
				"south": {"uv": [0, 0, 16, 16], "texture": "#1"},
				"west": {"uv": [0, 0, 16, 16], "texture": "#1"},
				"up": {"uv": [0, 14.375, 2.75, 11], "texture": "#1"},
				"down": {"uv": [0, 13.75, 3.375, 11], "rotation": 270, "texture": "#1"}
			}
		},
		{
			"from": [-0.2496, 4.8375, -1.91302],
			"to": [3.0504, 8.55, 0.97448],
			"rotation": {"angle": 45, "axis": "y", "origin": [2.88959, 4.28553, 0.77176]},
			"faces": {
				"north": {"uv": [0, 0, 16, 16], "texture": "#1"},
				"east": {"uv": [0, 0, 16, 16], "texture": "#1"},
				"south": {"uv": [0, 0, 16, 16], "texture": "#1"},
				"west": {"uv": [0, 0, 16, 16], "texture": "#1"},
				"up": {"uv": [0, 13.625, 3, 11], "texture": "#1"},
				"down": {"uv": [0, 13.625, 3, 11], "texture": "#1"}
			}
		},
		{
			"from": [1.675, 0.7125, 0.025],
			"to": [5.3875, 3.6, 3.05],
			"rotation": {"angle": 45, "axis": "x", "origin": [3.53125, 2.15625, 1.5375]},
			"faces": {
				"north": {"uv": [0, 0, 16, 16], "texture": "#1"},
				"east": {"uv": [0, 0, 16, 16], "texture": "#1"},
				"south": {"uv": [0, 0, 16, 16], "texture": "#1"},
				"west": {"uv": [0, 0, 16, 16], "texture": "#1"},
				"up": {"uv": [0, 13.75, 3.375, 11], "texture": "#1"},
				"down": {"uv": [0, 13.75, 3.375, 11], "texture": "#1"}
			}
		},
		{
			"from": [5.525, 0.64375, -0.73125],
			"to": [9.2375, 2.70625, 2.15625],
			"rotation": {"angle": -45, "axis": "y", "origin": [7.38125, 2.15625, 0.7125]},
			"faces": {
				"north": {"uv": [0, 0, 16, 16], "texture": "#1"},
				"east": {"uv": [0, 0, 16, 16], "texture": "#1"},
				"south": {"uv": [0, 0, 16, 16], "texture": "#1"},
				"west": {"uv": [0, 0, 16, 16], "texture": "#1"},
				"up": {"uv": [0, 13.625, 3.375, 11], "texture": "#1"},
				"down": {"uv": [0, 13.625, 3.375, 11], "texture": "#1"}
			}
		},
		{
			"from": [2.225, 10.26875, -0.45625],
			"to": [5.9375, 12.33125, 2.43125],
			"rotation": {"angle": -45, "axis": "y", "origin": [4.08125, 11.78125, 0.9875]},
			"faces": {
				"north": {"uv": [0, 0, 16, 16], "texture": "#1"},
				"east": {"uv": [0, 0, 16, 16], "texture": "#1"},
				"south": {"uv": [0, 0, 16, 16], "texture": "#1"},
				"west": {"uv": [0, 0, 16, 16], "texture": "#1"},
				"up": {"uv": [0, 13.625, 3.375, 11], "texture": "#1"},
				"down": {"uv": [0, 13.625, 3.375, 11], "texture": "#1"}
			}
		},
		{
			"from": [6.69375, 8.275, -1.00625],
			"to": [9.71875, 11.9875, 1.88125],
			"rotation": {"angle": -45, "axis": "y", "origin": [8.20625, 10.13125, 0.4375]},
			"faces": {
				"north": {"uv": [0, 0, 16, 16], "texture": "#1"},
				"east": {"uv": [0, 0, 16, 16], "texture": "#1"},
				"south": {"uv": [0, 0, 16, 16], "texture": "#1"},
				"west": {"uv": [0, 0, 16, 16], "texture": "#1"},
				"up": {"uv": [0, 13.625, 2.75, 11], "texture": "#1"},
				"down": {"uv": [0, 13.625, 2.75, 11], "texture": "#1"}
			}
		},
		{
			"from": [1.8125, 1.95, -0.8],
			"to": [3.325, 4.8375, 2.225],
			"rotation": {"angle": 45, "axis": "x", "origin": [2.29375, 3.39375, 0.7125]},
			"faces": {
				"north": {"uv": [0, 0, 16, 16], "texture": "#1"},
				"east": {"uv": [0, 0, 16, 16], "texture": "#1"},
				"south": {"uv": [0, 0, 16, 16], "texture": "#1"},
				"west": {"uv": [0, 0, 16, 16], "texture": "#1"},
				"up": {"uv": [0, 13.75, 1.375, 11], "texture": "#1"},
				"down": {"uv": [0, 13.75, 1.375, 11], "texture": "#1"}
			}
		},
		{
			"from": [9.375, 11.3, -0.8],
			"to": [10.8875, 14.1875, 2.225],
			"rotation": {"angle": 45, "axis": "x", "origin": [9.85625, 12.74375, 0.7125]},
			"faces": {
				"north": {"uv": [0, 0, 16, 16], "texture": "#1"},
				"east": {"uv": [0, 0, 16, 16], "texture": "#1"},
				"south": {"uv": [0, 0, 16, 16], "texture": "#1"},
				"west": {"uv": [0, 0, 16, 16], "texture": "#1"},
				"up": {"uv": [0, 13.75, 1.375, 11], "texture": "#1"},
				"down": {"uv": [0, 13.75, 1.375, 11], "texture": "#1"}
			}
		},
		{
			"from": [10.8875, 3.7375, -1.075],
			"to": [14.6, 6.625, 1.95],
			"rotation": {"angle": 45, "axis": "x", "origin": [12.74375, 5.18125, 0.4375]},
			"faces": {
				"north": {"uv": [0, 0, 16, 16], "texture": "#1"},
				"east": {"uv": [0, 0, 16, 16], "texture": "#1"},
				"south": {"uv": [0, 0, 16, 16], "texture": "#1"},
				"west": {"uv": [0, 0, 16, 16], "texture": "#1"},
				"up": {"uv": [0, 13.75, 3.375, 11], "texture": "#1"},
				"down": {"uv": [0, 13.75, 3.375, 11], "texture": "#1"}
			}
		},
		{
			"from": [1.8125, 13.3625, 13.775],
			"to": [4.425, 16.8, 16.8],
			"rotation": {"angle": -45, "axis": "x", "origin": [2.56875, 14.80625, 15.2875]},
			"faces": {
				"north": {"uv": [0, 0, 16, 16], "texture": "#1"},
				"east": {"uv": [0, 0, 16, 16], "texture": "#1"},
				"south": {"uv": [0, 0, 16, 16], "texture": "#1"},
				"west": {"uv": [0, 0, 16, 16], "texture": "#1"},
				"up": {"uv": [0, 13.75, 2.375, 11], "texture": "#1"},
				"down": {"uv": [0, 13.75, 2.375, 11], "texture": "#1"}
			}
		},
		{
			"from": [-0.8, 13.35071, 8.83679],
			"to": [2.6375, 16.37571, 11.44929],
			"rotation": {"angle": -45, "axis": "z", "origin": [0.91875, 14.86321, 10.14304]},
			"faces": {
				"north": {"uv": [0, 0, 16, 16], "texture": "#1"},
				"east": {"uv": [0, 0, 16, 16], "texture": "#1"},
				"south": {"uv": [0, 0, 16, 16], "texture": "#1"},
				"west": {"uv": [0, 0, 16, 16], "texture": "#1"},
				"up": {"uv": [0, 13.375, 3.125, 11], "texture": "#1"},
				"down": {"uv": [0, 14.125, 2.375, 11], "rotation": 90, "texture": "#1"}
			}
		},
		{
			"from": [4.8375, 13.225, -0.6625],
			"to": [7.45, 16.6625, 2.3625],
			"rotation": {"angle": 45, "axis": "x", "origin": [5.59375, 14.66875, 0.85]},
			"faces": {
				"north": {"uv": [0, 0, 16, 16], "texture": "#1"},
				"east": {"uv": [0, 0, 16, 16], "texture": "#1"},
				"south": {"uv": [0, 0, 16, 16], "texture": "#1"},
				"west": {"uv": [0, 0, 16, 16], "texture": "#1"},
				"up": {"uv": [0, 13.75, 2.375, 11], "texture": "#1"},
				"down": {"uv": [0, 13.75, 2.375, 11], "texture": "#1"}
			}
		},
		{
			"from": [3.05, 13.76321, 4.98679],
			"to": [6.9, 16.78821, 6.91179],
			"rotation": {"angle": -45, "axis": "z", "origin": [5.18125, 15.27571, 6.29304]},
			"faces": {
				"north": {"uv": [0, 0, 16, 16], "texture": "#1"},
				"east": {"uv": [0, 0, 16, 16], "texture": "#1"},
				"south": {"uv": [0, 0, 16, 16], "texture": "#1"},
				"west": {"uv": [0, 0, 16, 16], "texture": "#1"},
				"up": {"uv": [0, 12.75, 3.5, 11], "texture": "#1"},
				"down": {"uv": [0, 14.5, 1.75, 11], "rotation": 90, "texture": "#1"}
			}
		},
		{
			"from": [4.2875, 13.9125, 9.7875],
			"to": [8, 16.8, 12.8125],
			"rotation": {"angle": -45, "axis": "x", "origin": [6.14375, 15.35625, 11.3]},
			"faces": {
				"north": {"uv": [0, 0, 16, 16], "texture": "#1"},
				"east": {"uv": [0, 0, 16, 16], "texture": "#1"},
				"south": {"uv": [0, 0, 16, 16], "texture": "#1"},
				"west": {"uv": [0, 0, 16, 16], "texture": "#1"},
				"up": {"uv": [0, 13.75, 3.375, 11], "texture": "#1"},
				"down": {"uv": [0, 13.75, 3.375, 11], "texture": "#1"}
			}
		},
		{
			"from": [9.925, 14.17571, 8.56179],
			"to": [13.0875, 17.20071, 10.07429],
			"rotation": {"angle": -45, "axis": "z", "origin": [11.36875, 15.68821, 9.86804]},
			"faces": {
				"north": {"uv": [0, 0, 16, 16], "texture": "#1"},
				"east": {"uv": [0, 0, 16, 16], "texture": "#1"},
				"south": {"uv": [0, 0, 16, 16], "texture": "#1"},
				"west": {"uv": [0, 0, 16, 16], "texture": "#1"},
				"up": {"uv": [0, 12.375, 2.875, 11], "texture": "#1"},
				"down": {"uv": [0, 13.875, 1.375, 11], "rotation": 90, "texture": "#1"}
			}
		},
		{
			"from": [12.2625, 14.05, 1.95],
			"to": [14.05, 16.9375, 4.975],
			"rotation": {"angle": -45, "axis": "x", "origin": [12.19375, 15.49375, 3.4625]},
			"faces": {
				"north": {"uv": [0, 0, 16, 16], "texture": "#1"},
				"east": {"uv": [0, 0, 16, 16], "texture": "#1"},
				"south": {"uv": [0, 0, 16, 16], "texture": "#1"},
				"west": {"uv": [0, 0, 16, 16], "texture": "#1"},
				"up": {"uv": [0, 13.75, 1.625, 11], "texture": "#1"},
				"down": {"uv": [0, 13.75, 1.625, 11], "texture": "#1"}
			}
		},
		{
			"from": [13.5, 13.48821, 8.83679],
			"to": [16.9375, 16.51321, 11.44929],
			"rotation": {"angle": 45, "axis": "z", "origin": [15.21875, 15.00071, 10.14304]},
			"faces": {
				"north": {"uv": [0, 0, 16, 16], "texture": "#1"},
				"east": {"uv": [0, 0, 16, 16], "texture": "#1"},
				"south": {"uv": [0, 0, 16, 16], "texture": "#1"},
				"west": {"uv": [0, 0, 16, 16], "texture": "#1"},
				"up": {"uv": [0, 13.375, 3.125, 11], "texture": "#1"},
				"down": {"uv": [0, 14.125, 2.375, 11], "rotation": 90, "texture": "#1"}
			}
		},
		{
			"from": [12.74375, 3.4625, 1.05625],
			"to": [15.76875, 7.175, 3.94375],
			"rotation": {"angle": -45, "axis": "y", "origin": [14.25625, 5.31875, 2.5]},
			"faces": {
				"north": {"uv": [0, 0, 16, 16], "texture": "#1"},
				"east": {"uv": [0, 0, 16, 16], "texture": "#1"},
				"south": {"uv": [0, 0, 16, 16], "texture": "#1"},
				"west": {"uv": [0, 0, 16, 16], "texture": "#1"},
				"up": {"uv": [0, 13.625, 2.75, 11], "texture": "#1"},
				"down": {"uv": [0, 13.625, 2.75, 11], "texture": "#1"}
			}
		},
		{
			"from": [13.84375, 8.1375, 4.90625],
			"to": [16.86875, 11.025, 8.61875],
			"rotation": {"angle": -45, "axis": "z", "origin": [15.35625, 9.58125, 6.7625]},
			"faces": {
				"north": {"uv": [0, 0, 16, 16], "texture": "#1"},
				"east": {"uv": [0, 0, 16, 16], "texture": "#1"},
				"south": {"uv": [0, 0, 16, 16], "texture": "#1"},
				"west": {"uv": [0, 0, 16, 16], "texture": "#1"},
				"up": {"uv": [0, 14.375, 2.75, 11], "texture": "#1"},
				"down": {"uv": [0, 13.75, 3.375, 11], "rotation": 270, "texture": "#1"}
			}
		},
		{
			"from": [13.17659, -0.45625, 5.23984],
			"to": [16.88909, 1.60625, 8.12734],
			"rotation": {"angle": -45, "axis": "y", "origin": [15.72291, 6.76053, 6.27176]},
			"faces": {
				"north": {"uv": [0, 0, 16, 16], "texture": "#1"},
				"east": {"uv": [0, 0, 16, 16], "texture": "#1"},
				"south": {"uv": [0, 0, 16, 16], "texture": "#1"},
				"west": {"uv": [0, 0, 16, 16], "texture": "#1"},
				"up": {"uv": [0, 13.625, 3.375, 11], "texture": "#1"},
				"down": {"uv": [0, 13.625, 3.375, 11], "texture": "#1"}
			}
		},
		{
			"from": [13.17659, 6.83125, 10.46484],
			"to": [16.88909, 8.89375, 13.35234],
			"rotation": {"angle": -45, "axis": "y", "origin": [15.72291, 14.04803, 11.49676]},
			"faces": {
				"north": {"uv": [0, 0, 16, 16], "texture": "#1"},
				"east": {"uv": [0, 0, 16, 16], "texture": "#1"},
				"south": {"uv": [0, 0, 16, 16], "texture": "#1"},
				"west": {"uv": [0, 0, 16, 16], "texture": "#1"},
				"up": {"uv": [0, 13.625, 3.375, 11], "texture": "#1"},
				"down": {"uv": [0, 13.625, 3.375, 11], "texture": "#1"}
			}
		},
		{
			"from": [13.17659, 11.23125, 5.23984],
			"to": [16.88909, 13.29375, 8.12734],
			"rotation": {"angle": -45, "axis": "y", "origin": [15.72291, 18.44803, 6.27176]},
			"faces": {
				"north": {"uv": [0, 0, 16, 16], "texture": "#1"},
				"east": {"uv": [0, 0, 16, 16], "texture": "#1"},
				"south": {"uv": [0, 0, 16, 16], "texture": "#1"},
				"west": {"uv": [0, 0, 16, 16], "texture": "#1"},
				"up": {"uv": [0, 13.625, 3.375, 11], "texture": "#1"},
				"down": {"uv": [0, 13.625, 3.375, 11], "texture": "#1"}
			}
		},
		{
			"from": [13.45159, 5.45625, 0.97734],
			"to": [17.16409, 7.51875, 3.86484],
			"rotation": {"angle": -45, "axis": "y", "origin": [15.99791, 12.67303, 2.00926]},
			"faces": {
				"north": {"uv": [0, 0, 16, 16], "texture": "#1"},
				"east": {"uv": [0, 0, 16, 16], "texture": "#1"},
				"south": {"uv": [0, 0, 16, 16], "texture": "#1"},
				"west": {"uv": [0, 0, 16, 16], "texture": "#1"},
				"up": {"uv": [0, 13.625, 3.375, 11], "texture": "#1"},
				"down": {"uv": [0, 13.625, 3.375, 11], "texture": "#1"}
			}
		},
		{
			"from": [14.05, 2.27546, 9.23905],
			"to": [16.9375, 5.30046, 12.95155],
			"rotation": {"angle": -45, "axis": "z", "origin": [15.49375, 3.78796, 11.0953]},
			"faces": {
				"north": {"uv": [0, 0, 16, 16], "texture": "#1"},
				"east": {"uv": [0, 0, 16, 16], "texture": "#1"},
				"south": {"uv": [0, 0, 16, 16], "texture": "#1"},
				"west": {"uv": [0, 0, 16, 16], "texture": "#1"},
				"up": {"uv": [0, 14.375, 2.625, 11], "texture": "#1"},
				"down": {"uv": [0, 13.625, 3.375, 11], "rotation": 90, "texture": "#1"}
			}
		},
		{
			"from": [13.43125, 10.2, -1.00625],
			"to": [16.45625, 13.9125, 1.88125],
			"rotation": {"angle": 45, "axis": "y", "origin": [14.94375, 12.05625, 0.4375]},
			"faces": {
				"north": {"uv": [0, 0, 16, 16], "texture": "#1"},
				"east": {"uv": [0, 0, 16, 16], "texture": "#1"},
				"south": {"uv": [0, 0, 16, 16], "texture": "#1"},
				"west": {"uv": [0, 0, 16, 16], "texture": "#1"},
				"up": {"uv": [0, 13.625, 2.75, 11], "texture": "#1"},
				"down": {"uv": [0, 13.625, 2.75, 11], "texture": "#1"}
			}
		},
		{
			"from": [13.70625, 8.4125, 13.98125],
			"to": [16.73125, 12.125, 16.86875],
			"rotation": {"angle": 45, "axis": "y", "origin": [15.21875, 10.26875, 15.425]},
			"faces": {
				"north": {"uv": [0, 0, 16, 16], "texture": "#1"},
				"east": {"uv": [0, 0, 16, 16], "texture": "#1"},
				"south": {"uv": [0, 0, 16, 16], "texture": "#1"},
				"west": {"uv": [0, 0, 16, 16], "texture": "#1"},
				"up": {"uv": [0, 13.625, 2.75, 11], "texture": "#1"},
				"down": {"uv": [0, 13.625, 2.75, 11], "texture": "#1"}
			}
		},
		{
			"from": [7.0375, -0.73125, 13.43125],
			"to": [10.75, 1.33125, 16.31875],
			"rotation": {"angle": 45, "axis": "y", "origin": [8.89375, 0.78125, 14.875]},
			"faces": {
				"north": {"uv": [0, 0, 16, 16], "texture": "#1"},
				"east": {"uv": [0, 0, 16, 16], "texture": "#1"},
				"south": {"uv": [0, 0, 16, 16], "texture": "#1"},
				"west": {"uv": [0, 0, 16, 16], "texture": "#1"},
				"up": {"uv": [0, 13.625, 3.375, 11], "texture": "#1"},
				"down": {"uv": [0, 13.625, 3.375, 11], "texture": "#1"}
			}
		},
		{
			"from": [1.675, 0.7125, 13.9125],
			"to": [5.3875, 3.6, 16.9375],
			"rotation": {"angle": -45, "axis": "x", "origin": [3.53125, 2.15625, 15.425]},
			"faces": {
				"north": {"uv": [0, 0, 16, 16], "texture": "#1"},
				"east": {"uv": [0, 0, 16, 16], "texture": "#1"},
				"south": {"uv": [0, 0, 16, 16], "texture": "#1"},
				"west": {"uv": [0, 0, 16, 16], "texture": "#1"},
				"up": {"uv": [0, 13.75, 3.375, 11], "texture": "#1"},
				"down": {"uv": [0, 13.75, 3.375, 11], "texture": "#1"}
			}
		},
		{
			"from": [-2.2132, 4.8375, 17.81501],
			"to": [0.8118, 8.55, 20.70251],
			"rotation": {"angle": 45, "axis": "y", "origin": [-5.08541, 9.51053, 15.34676]},
			"faces": {
				"north": {"uv": [0, 0, 16, 16], "texture": "#1"},
				"east": {"uv": [0, 0, 16, 16], "texture": "#1"},
				"south": {"uv": [0, 0, 16, 16], "texture": "#1"},
				"west": {"uv": [0, 0, 16, 16], "texture": "#1"},
				"up": {"uv": [0, 13.625, 2.75, 11], "texture": "#1"},
				"down": {"uv": [0, 13.625, 2.75, 11], "texture": "#1"}
			}
		},
		{
			"from": [8.55, 11.4375, 13.9125],
			"to": [12.2625, 14.325, 16.9375],
			"rotation": {"angle": -45, "axis": "x", "origin": [10.40625, 12.88125, 15.425]},
			"faces": {
				"north": {"uv": [0, 0, 16, 16], "texture": "#1"},
				"east": {"uv": [0, 0, 16, 16], "texture": "#1"},
				"south": {"uv": [0, 0, 16, 16], "texture": "#1"},
				"west": {"uv": [0, 0, 16, 16], "texture": "#1"},
				"up": {"uv": [0, 13.75, 3.375, 11], "texture": "#1"},
				"down": {"uv": [0, 13.75, 3.375, 11], "texture": "#1"}
			}
		},
		{
			"from": [9.5125, 3.325, 13.9125],
			"to": [12.125, 6.2125, 16.9375],
			"rotation": {"angle": 45, "axis": "x", "origin": [10.26875, 4.76875, 15.425]},
			"faces": {
				"north": {"uv": [0, 0, 16, 16], "texture": "#1"},
				"east": {"uv": [0, 0, 16, 16], "texture": "#1"},
				"south": {"uv": [0, 0, 16, 16], "texture": "#1"},
				"west": {"uv": [0, 0, 16, 16], "texture": "#1"},
				"up": {"uv": [0, 13.75, 2.375, 11], "texture": "#1"},
				"down": {"uv": [0, 13.75, 2.375, 11], "texture": "#1"}
			}
		}
	],
	"display": {
		"thirdperson_righthand": {
			"rotation": [75, 45, 0],
			"translation": [0, 2.5, 0],
			"scale": [0.375, 0.375, 0.375]
		},
		"thirdperson_lefthand": {
			"rotation": [75, 45, 0],
			"translation": [0, 2.5, 0],
			"scale": [0.375, 0.375, 0.375]
		},
		"firstperson_righthand": {
			"rotation": [0, 45, 0],
			"scale": [0.4, 0.4, 0.4]
		},
		"firstperson_lefthand": {
			"rotation": [0, 225, 0],
			"scale": [0.4, 0.4, 0.4]
		},
		"ground": {
			"translation": [0, 3, 0],
			"scale": [0.25, 0.25, 0.25]
		},
		"gui": {
			"scale": [0.66, 0.66, 0.66]
		},
		"head": {
			"rotation": [3, 0, 0],
			"translation": [0, -31.75, 0],
			"scale": [1.5, 1.5, 1.5]
		},
		"fixed": {
			"scale": [0.5, 0.5, 0.5]
		}
	},
	"groups": [
		{
			"name": "block",
			"origin": [0, 0, 0],
			"children": [0]
		},
		{
			"name": "coal",
			"origin": [8, 8, 8],
			"children": [1, 2, 3, 4, 5, 6, 7, 8, 9, 10, 11, 12, 13, 14, 15, 16, 17, 18, 19, 20, 21, 22, 23, 24, 25, 26, 27, 28, 29, 30, 31, 32, 33, 34, 35, 36]
		}
	]
}