{
	"credit": "Made with Blockbench by Juknum",
	"parent": "item/generic_display",
	"textures": {
		"texture": "item/glass_bottle",
		"potion_overlay": "item/potion_overlay"
	},
	"elements": [
		{
			"name": "content",
			"from": [5.5, 7.5, 5.5],
			"to": [10.5, 7.99, 10.5],
			"faces": {
				"north": {"uv": [5.5, 8, 10.5, 8.5], "texture": "#potion_overlay", "tintindex": 0},
				"east": {"uv": [5.5, 8, 10.5, 8.5], "texture": "#potion_overlay", "tintindex": 0},
				"south": {"uv": [5.5, 8, 10.5, 8.5], "texture": "#potion_overlay", "tintindex": 0},
				"west": {"uv": [5.5, 8, 10.5, 8.5], "texture": "#potion_overlay", "tintindex": 0},
				"up": {"uv": [5.5, 8.5, 10.5, 13.5], "rotation": 180, "texture": "#potion_overlay", "tintindex": 0}
			}
		},
		{
			"name": "content",
			"from": [5, 6.5, 5],
			"to": [11, 7.49, 11],
			"faces": {
				"north": {"uv": [5, 8.5, 11, 9.5], "texture": "#potion_overlay", "tintindex": 0},
				"east": {"uv": [5, 8.5, 11, 9.5], "texture": "#potion_overlay", "tintindex": 0},
				"south": {"uv": [5, 8.5, 11, 9.5], "texture": "#potion_overlay", "tintindex": 0},
				"west": {"uv": [5, 8.5, 11, 9.5], "texture": "#potion_overlay", "tintindex": 0},
				"up": {"uv": [5, 8.5, 11, 9], "rotation": 180, "texture": "#potion_overlay", "tintindex": 0}
			}
		},
		{
			"name": "content",
			"from": [4.5, 3, 4.5],
			"to": [11.5, 6.48, 11.5],
			"faces": {
				"north": {"uv": [4.5, 9.5, 11.5, 13], "texture": "#potion_overlay", "tintindex": 0},
				"east": {"uv": [4.5, 9.5, 11.5, 13], "texture": "#potion_overlay", "tintindex": 0},
				"south": {"uv": [4.5, 9.5, 11.5, 13], "texture": "#potion_overlay", "tintindex": 0},
				"west": {"uv": [4.5, 9.5, 11.5, 13], "texture": "#potion_overlay", "tintindex": 0},
				"up": {"uv": [4.5, 9.5, 11.5, 10], "rotation": 180, "texture": "#potion_overlay", "tintindex": 0},
				"down": {"uv": [4.5, 12.5, 11.5, 13], "rotation": 180, "texture": "#potion_overlay", "tintindex": 0}
			}
		},
		{
			"name": "content",
			"from": [5, 2.5, 5],
			"to": [11, 2.99, 11],
			"rotation": {"angle": 0, "axis": "y", "origin": [8, 7.75, 8]},
			"faces": {
				"north": {"uv": [5, 13, 11, 13.5], "texture": "#potion_overlay", "tintindex": 0},
				"east": {"uv": [5, 13, 11, 13.5], "texture": "#potion_overlay", "tintindex": 0},
				"south": {"uv": [5, 13, 11, 13.5], "texture": "#potion_overlay", "tintindex": 0},
				"west": {"uv": [5, 13, 11, 13.5], "texture": "#potion_overlay", "tintindex": 0},
				"down": {"uv": [5, 13, 11, 13.5], "rotation": 180, "texture": "#potion_overlay", "tintindex": 0}
			}
		},
		{
			"name": "content",
			"from": [6, 2, 6],
			"to": [10, 2.5, 10],
			"faces": {
				"north": {"uv": [6, 13.5, 10, 14], "texture": "#potion_overlay", "tintindex": 0},
				"east": {"uv": [6, 13.5, 10, 14], "texture": "#potion_overlay", "tintindex": 0},
				"south": {"uv": [6, 13.5, 10, 14], "texture": "#potion_overlay", "tintindex": 0},
				"west": {"uv": [6, 13.5, 10, 14], "texture": "#potion_overlay", "tintindex": 0}
			}
		},
		{
			"name": "cork",
			"from": [6.5, 11, 6.5],
			"to": [9.49, 14, 9.5],
			"rotation": {"angle": 0, "axis": "z", "origin": [4, 12.5, 8]},
			"faces": {
				"north": {"uv": [6.5, 2.5, 9.5, 3.5], "rotation": 270, "texture": "#texture"},
				"east": {"uv": [6.5, 2.5, 9.5, 3], "rotation": 270, "texture": "#texture"},
				"south": {"uv": [6.5, 2.5, 9.5, 3.5], "rotation": 270, "texture": "#texture"},
				"west": {"uv": [9.5, 3, 6.5, 2.5], "rotation": 90, "texture": "#texture"},
				"up": {"uv": [9, 2.5, 9.5, 3], "texture": "#texture"},
				"down": {"uv": [6.5, 2.5, 7, 3], "texture": "#texture"}
			}
		},
		{
			"name": "glass",
			"from": [6, 12, 6],
			"to": [10, 12.5, 6.5],
			"faces": {
				"north": {"uv": [6, 3.5, 10, 4], "texture": "#texture"},
				"east": {"uv": [6, 3.5, 6.5, 4], "texture": "#texture"},
				"west": {"uv": [6, 3.5, 6.5, 4], "texture": "#texture"},
				"up": {"uv": [6, 3.5, 10, 4], "rotation": 180, "texture": "#texture"},
				"down": {"uv": [6, 3.5, 10, 4], "rotation": 180, "texture": "#texture"}
			}
		},
		{
			"name": "glass",
			"from": [6, 12, 9.5],
			"to": [10, 12.5, 10],
			"rotation": {"angle": 0, "axis": "y", "origin": [8, 8, 11.5]},
			"faces": {
				"east": {"uv": [6, 3.5, 6.5, 4], "texture": "#texture"},
				"south": {"uv": [6, 3.5, 10, 4], "texture": "#texture"},
				"west": {"uv": [6, 3.5, 6.5, 4], "texture": "#texture"},
				"up": {"uv": [6, 3.5, 10, 4], "rotation": 180, "texture": "#texture"},
				"down": {"uv": [6, 3.5, 10, 4], "rotation": 180, "texture": "#texture"}
			}
		},
		{
			"name": "glass",
			"from": [6, 12, 6.5],
			"to": [6.5, 12.5, 9.5],
			"rotation": {"angle": 0, "axis": "y", "origin": [8, 8, 11]},
			"faces": {
				"west": {"uv": [6.5, 3.5, 9.5, 4], "texture": "#texture"},
				"up": {"uv": [6.5, 3.5, 9.5, 4], "rotation": 90, "texture": "#texture"},
				"down": {"uv": [6.5, 3.5, 9.5, 4], "rotation": 90, "texture": "#texture"}
			}
		},
		{
			"name": "glass",
			"from": [9.5, 12, 6.5],
			"to": [10, 12.5, 9.5],
			"rotation": {"angle": 0, "axis": "y", "origin": [11.5, 8, 11]},
			"faces": {
				"east": {"uv": [6.5, 3.5, 9.5, 4], "texture": "#texture"},
				"up": {"uv": [6.5, 3.5, 9.5, 4], "rotation": 90, "texture": "#texture"},
				"down": {"uv": [6.5, 3.5, 9.5, 4], "rotation": 90, "texture": "#texture"}
			}
		},
		{
			"name": "glass",
			"from": [6, 1.5, 6],
			"to": [10, 2, 10],
			"faces": {
				"north": {"uv": [6, 14, 10, 14.5], "texture": "#texture"},
				"east": {"uv": [6, 14, 10, 14.5], "texture": "#texture"},
				"south": {"uv": [6, 14, 10, 14.5], "texture": "#texture"},
				"west": {"uv": [6, 14, 10, 14.5], "texture": "#texture"},
				"down": {"uv": [5, 13.5, 6, 14], "texture": "#texture"}
			}
		},
		{
			"name": "glass",
			"from": [5, 2, 10],
			"to": [6, 2.5, 11],
			"faces": {
				"north": {"uv": [10, 13.5, 10.5, 14], "texture": "#texture"},
				"east": {"uv": [5, 13.5, 6, 14], "texture": "#texture"},
				"south": {"uv": [5, 13.5, 5.5, 14], "texture": "#texture"},
				"west": {"uv": [10, 13.5, 11, 14], "texture": "#texture"},
				"down": {"uv": [5, 13.5, 6, 14], "texture": "#texture"}
			}
		},
		{
			"name": "glass",
			"from": [10, 2, 10],
			"to": [11, 2.5, 11],
			"rotation": {"angle": 0, "axis": "y", "origin": [8.5, 8, 8]},
			"faces": {
				"north": {"uv": [5, 13.5, 6, 14], "texture": "#texture"},
				"east": {"uv": [5, 13.5, 5.5, 14], "texture": "#texture"},
				"south": {"uv": [10, 13.5, 11, 14], "texture": "#texture"},
				"west": {"uv": [10, 13.5, 10.5, 14], "texture": "#texture"},
				"down": {"uv": [5, 13.5, 6, 14], "texture": "#texture"}
			}
		},
		{
			"name": "glass",
			"from": [10, 2, 5],
			"to": [11, 2.5, 6],
			"rotation": {"angle": 0, "axis": "y", "origin": [8, 8, 7.5]},
			"faces": {
				"north": {"uv": [5, 13.5, 5.5, 14], "texture": "#texture"},
				"east": {"uv": [10, 13.5, 11, 14], "texture": "#texture"},
				"south": {"uv": [10, 13.5, 10.5, 14], "texture": "#texture"},
				"west": {"uv": [5, 13.5, 6, 14], "texture": "#texture"},
				"down": {"uv": [5, 13.5, 6, 14], "texture": "#texture"}
			}
		},
		{
			"name": "glass",
			"from": [5, 2, 5],
			"to": [6, 2.5, 6],
			"rotation": {"angle": 0, "axis": "y", "origin": [5.5, 2.25, 5.375]},
			"faces": {
				"north": {"uv": [10, 13.5, 11, 14], "texture": "#texture"},
				"east": {"uv": [10, 13.5, 10.5, 14], "texture": "#texture"},
				"south": {"uv": [5, 13.5, 6, 14], "texture": "#texture"},
				"west": {"uv": [5, 13.5, 5.5, 14], "texture": "#texture"},
				"down": {"uv": [5, 13.5, 6, 14], "texture": "#texture"}
			}
		},
		{
			"name": "glass",
			"from": [11, 2.5, 11],
			"to": [11.5, 3, 11.5],
			"rotation": {"angle": 0, "axis": "y", "origin": [9, 8.5, 9]},
			"faces": {
				"north": {"uv": [4.5, 13, 5, 13.5], "texture": "#texture"},
				"east": {"uv": [4.5, 13, 5, 13.5], "texture": "#texture"},
				"south": {"uv": [4.5, 13, 5, 13.5], "texture": "#texture"},
				"west": {"uv": [4.5, 13, 5, 13.5], "texture": "#texture"},
				"down": {"uv": [4.5, 13, 5, 13.5], "texture": "#texture"}
			}
		},
		{
			"name": "glass",
			"from": [11, 2.5, 4.5],
			"to": [11.5, 3, 5],
			"rotation": {"angle": 0, "axis": "y", "origin": [9, 8.5, 2.5]},
			"faces": {
				"north": {"uv": [11, 13, 11.5, 13.5], "texture": "#texture"},
				"east": {"uv": [11, 13, 11.5, 13.5], "texture": "#texture"},
				"south": {"uv": [11, 13, 11.5, 13.5], "texture": "#texture"},
				"west": {"uv": [11, 13, 11.5, 13.5], "texture": "#texture"},
				"down": {"uv": [11, 13, 11.5, 13.5], "texture": "#texture"}
			}
		},
		{
			"name": "glass",
			"from": [4.5, 2.5, 11],
			"to": [5, 3, 11.5],
			"rotation": {"angle": 0, "axis": "y", "origin": [2.5, 8.5, 9]},
			"faces": {
				"north": {"uv": [11, 13, 11.5, 13.5], "texture": "#texture"},
				"east": {"uv": [11, 13, 11.5, 13.5], "texture": "#texture"},
				"south": {"uv": [11, 13, 11.5, 13.5], "texture": "#texture"},
				"west": {"uv": [11, 13, 11.5, 13.5], "texture": "#texture"},
				"down": {"uv": [11, 13, 11.5, 13.5], "texture": "#texture"}
			}
		},
		{
			"name": "glass",
			"from": [4, 3, 11.5],
			"to": [4.5, 6.5, 12],
			"rotation": {"angle": 0, "axis": "y", "origin": [2, 9, 9.5]},
			"faces": {
				"north": {"uv": [11.5, 9.5, 12, 13], "texture": "#texture"},
				"east": {"uv": [11.5, 9.5, 12, 13], "texture": "#texture"},
				"south": {"uv": [11.5, 9.5, 12, 13], "texture": "#texture"},
				"west": {"uv": [11.5, 9.5, 12, 13], "texture": "#texture"},
				"up": {"uv": [11.5, 9.5, 12, 10], "texture": "#texture"},
				"down": {"uv": [11.5, 12.5, 12, 13], "texture": "#texture"}
			}
		},
		{
			"name": "glass",
			"from": [11.5, 3, 4],
			"to": [12, 6.5, 4.5],
			"rotation": {"angle": 0, "axis": "y", "origin": [9.5, 9, 2]},
			"faces": {
				"north": {"uv": [11.5, 9.5, 12, 13], "texture": "#texture"},
				"east": {"uv": [11.5, 9.5, 12, 13], "texture": "#texture"},
				"south": {"uv": [11.5, 9.5, 12, 13], "texture": "#texture"},
				"west": {"uv": [11.5, 9.5, 12, 13], "texture": "#texture"},
				"up": {"uv": [11.5, 9.5, 12, 10], "texture": "#texture"},
				"down": {"uv": [11.5, 12.5, 12, 13], "texture": "#texture"}
			}
		},
		{
			"name": "glass",
			"from": [4, 3, 4],
			"to": [4.5, 6.5, 4.5],
			"rotation": {"angle": 0, "axis": "y", "origin": [2, 9, 2]},
			"faces": {
				"north": {"uv": [4, 9.5, 4.5, 13], "texture": "#texture"},
				"east": {"uv": [4, 9.5, 4.5, 13], "texture": "#texture"},
				"south": {"uv": [4, 9.5, 4.5, 13], "texture": "#texture"},
				"west": {"uv": [4, 9.5, 4.5, 13], "texture": "#texture"},
				"up": {"uv": [4, 9.5, 4.5, 10], "texture": "#texture"},
				"down": {"uv": [4, 12.5, 4.5, 13], "texture": "#texture"}
			}
		},
		{
			"name": "glass",
			"from": [11.5, 3, 11.5],
			"to": [12, 6.5, 12],
			"rotation": {"angle": 0, "axis": "y", "origin": [9.5, 9, 9.5]},
			"faces": {
				"north": {"uv": [4, 9.5, 4.5, 13], "texture": "#texture"},
				"east": {"uv": [4, 9.5, 4.5, 13], "texture": "#texture"},
				"south": {"uv": [4, 9.5, 4.5, 13], "texture": "#texture"},
				"west": {"uv": [4, 9.5, 4.5, 13], "texture": "#texture"},
				"up": {"uv": [4, 9.5, 4.5, 10], "texture": "#texture"},
				"down": {"uv": [4, 12.5, 4.5, 13], "texture": "#texture"}
			}
		},
		{
			"name": "glass",
			"from": [11, 6.5, 11],
			"to": [11.5, 7.5, 11.5],
			"rotation": {"angle": 0, "axis": "y", "origin": [9, 12.5, 9]},
			"faces": {
				"north": {"uv": [4.5, 8.5, 5, 9.5], "texture": "#texture"},
				"east": {"uv": [4.5, 8.5, 5, 9.5], "texture": "#texture"},
				"south": {"uv": [4.5, 8.5, 5, 9.5], "texture": "#texture"},
				"west": {"uv": [4.5, 8.5, 5, 9.5], "texture": "#texture"},
				"up": {"uv": [4.5, 8.5, 5, 9], "texture": "#texture"},
				"down": {"uv": [4, 12.5, 4.5, 13], "texture": "#texture"}
			}
		},
		{
			"name": "glass",
			"from": [4.5, 6.5, 4.5],
			"to": [5, 7.5, 5],
			"rotation": {"angle": 0, "axis": "y", "origin": [2.5, 12.5, 2.5]},
			"faces": {
				"north": {"uv": [4.5, 8.5, 5, 9.5], "texture": "#texture"},
				"east": {"uv": [4.5, 8.5, 5, 9.5], "texture": "#texture"},
				"south": {"uv": [4.5, 8.5, 5, 9.5], "texture": "#texture"},
				"west": {"uv": [4.5, 8.5, 5, 9.5], "texture": "#texture"},
				"up": {"uv": [4.5, 8.5, 5, 9], "texture": "#texture"},
				"down": {"uv": [4, 12.5, 4.5, 13], "texture": "#texture"}
			}
		},
		{
			"name": "glass",
			"from": [4.5, 6.5, 11],
			"to": [5, 7.5, 11.5],
			"rotation": {"angle": 0, "axis": "y", "origin": [2.5, 12.5, 9]},
			"faces": {
				"north": {"uv": [11, 8.5, 11.5, 9.5], "texture": "#texture"},
				"east": {"uv": [11, 8.5, 11.5, 9.5], "texture": "#texture"},
				"south": {"uv": [11, 8.5, 11.5, 9.5], "texture": "#texture"},
				"west": {"uv": [11, 8.5, 11.5, 9.5], "texture": "#texture"},
				"up": {"uv": [11, 8.5, 11.5, 9], "texture": "#texture"},
				"down": {"uv": [4, 12.5, 4.5, 13], "texture": "#texture"}
			}
		},
		{
			"name": "glass",
			"from": [11, 6.5, 4.5],
			"to": [11.5, 7.5, 5],
			"rotation": {"angle": 0, "axis": "y", "origin": [9, 12.5, 2.5]},
			"faces": {
				"north": {"uv": [11, 8.5, 11.5, 9.5], "texture": "#texture"},
				"east": {"uv": [11, 8.5, 11.5, 9.5], "texture": "#texture"},
				"south": {"uv": [11, 8.5, 11.5, 9.5], "texture": "#texture"},
				"west": {"uv": [11, 8.5, 11.5, 9.5], "texture": "#texture"},
				"up": {"uv": [11, 8.5, 11.5, 9], "texture": "#texture"},
				"down": {"uv": [4, 12.5, 4.5, 13], "texture": "#texture"}
			}
		},
		{
			"name": "glass",
			"from": [10.5, 7.5, 5],
			"to": [11, 8, 5.5],
			"rotation": {"angle": 0, "axis": "y", "origin": [8.5, 13.5, 3]},
			"faces": {
				"north": {"uv": [10.5, 8, 11, 8.5], "texture": "#texture"},
				"east": {"uv": [10.5, 8, 11, 8.5], "texture": "#texture"},
				"south": {"uv": [10.5, 8, 11, 8.5], "texture": "#texture"},
				"west": {"uv": [10.5, 8, 11, 8.5], "texture": "#texture"},
				"up": {"uv": [10.5, 8, 11, 8.5], "texture": "#texture"},
				"down": {"uv": [4, 12.5, 4.5, 13], "texture": "#texture"}
			}
		},
		{
			"name": "glass",
			"from": [10.5, 7.5, 10.5],
			"to": [11, 8, 11],
			"rotation": {"angle": 0, "axis": "y", "origin": [8.5, 13.5, 8.5]},
			"faces": {
				"north": {"uv": [5, 8, 5.5, 8.5], "texture": "#texture"},
				"east": {"uv": [5, 8, 5.5, 8.5], "texture": "#texture"},
				"south": {"uv": [5, 8, 5.5, 8.5], "texture": "#texture"},
				"west": {"uv": [5, 8, 5.5, 8.5], "texture": "#texture"},
				"up": {"uv": [5, 8, 5.5, 8.5], "texture": "#texture"},
				"down": {"uv": [5, 8, 5.5, 8.5], "texture": "#texture"}
			}
		},
		{
			"name": "glass",
			"from": [5, 7.5, 5],
			"to": [5.5, 8, 5.5],
			"rotation": {"angle": 0, "axis": "y", "origin": [3, 13.5, 3]},
			"faces": {
				"north": {"uv": [5, 8, 5.5, 8.5], "texture": "#texture"},
				"east": {"uv": [5, 8, 5.5, 8.5], "texture": "#texture"},
				"south": {"uv": [5, 8, 5.5, 8.5], "texture": "#texture"},
				"west": {"uv": [5, 8, 5.5, 8.5], "texture": "#texture"},
				"up": {"uv": [5, 8, 5.5, 8.5], "texture": "#texture"},
				"down": {"uv": [5, 8, 5.5, 8.5], "texture": "#texture"}
			}
		},
		{
			"name": "glass",
			"from": [5.5, 8, 5.5],
			"to": [6, 8.5, 6],
			"rotation": {"angle": 0, "axis": "y", "origin": [3.5, 14, 3.5]},
			"faces": {
				"north": {"uv": [5, 8, 5.5, 8.5], "texture": "#texture"},
				"east": {"uv": [5, 8, 5.5, 8.5], "texture": "#texture"},
				"south": {"uv": [5, 8, 5.5, 8.5], "texture": "#texture"},
				"west": {"uv": [5, 8, 5.5, 8.5], "texture": "#texture"},
				"up": {"uv": [5, 8, 5.5, 8.5], "texture": "#texture"},
				"down": {"uv": [5, 8, 5.5, 8.5], "texture": "#texture"}
			}
		},
		{
			"name": "glass",
			"from": [10, 8, 10],
			"to": [10.5, 8.5, 10.5],
			"rotation": {"angle": 0, "axis": "y", "origin": [8, 14, 8]},
			"faces": {
				"north": {"uv": [5, 8, 5.5, 8.5], "texture": "#texture"},
				"east": {"uv": [5, 8, 5.5, 8.5], "texture": "#texture"},
				"south": {"uv": [5, 8, 5.5, 8.5], "texture": "#texture"},
				"west": {"uv": [5, 8, 5.5, 8.5], "texture": "#texture"},
				"up": {"uv": [5, 8, 5.5, 8.5], "texture": "#texture"},
				"down": {"uv": [5, 8, 5.5, 8.5], "texture": "#texture"}
			}
		},
		{
			"name": "glass",
			"from": [9.5, 8.5, 9.5],
			"to": [10, 9, 10],
			"rotation": {"angle": 0, "axis": "y", "origin": [7.5, 14.5, 7.5]},
			"faces": {
				"north": {"uv": [5, 8, 5.5, 8.5], "texture": "#texture"},
				"east": {"uv": [5, 8, 5.5, 8.5], "texture": "#texture"},
				"south": {"uv": [5, 8, 5.5, 8.5], "texture": "#texture"},
				"west": {"uv": [5, 8, 5.5, 8.5], "texture": "#texture"},
				"up": {"uv": [5, 8, 5.5, 8.5], "texture": "#texture"},
				"down": {"uv": [5, 8, 5.5, 8.5], "texture": "#texture"}
			}
		},
		{
			"name": "glass",
			"from": [9.5, 11, 9.5],
			"to": [10, 12, 10],
			"rotation": {"angle": 0, "axis": "y", "origin": [7.5, 17, 7.5]},
			"faces": {
				"north": {"uv": [9.5, 4, 10, 5], "texture": "#texture"},
				"east": {"uv": [9.5, 4, 10, 5], "texture": "#texture"},
				"south": {"uv": [9.5, 4, 10, 5], "texture": "#texture"},
				"west": {"uv": [9.5, 4, 10, 5], "texture": "#texture"},
				"down": {"uv": [9.5, 4.5, 10, 5], "texture": "#texture"}
			}
		},
		{
			"name": "glass",
			"from": [6, 11, 9.5],
			"to": [6.5, 12, 10],
			"rotation": {"angle": 0, "axis": "y", "origin": [4, 17, 7.5]},
			"faces": {
				"north": {"uv": [9.5, 4, 10, 5], "texture": "#texture"},
				"east": {"uv": [9.5, 4, 10, 5], "texture": "#texture"},
				"south": {"uv": [9.5, 4, 10, 5], "texture": "#texture"},
				"west": {"uv": [9.5, 4, 10, 5], "texture": "#texture"},
				"down": {"uv": [9.5, 4.5, 10, 5], "texture": "#texture"}
			}
		},
		{
			"name": "glass",
			"from": [6, 11, 6],
			"to": [6.5, 12, 6.5],
			"rotation": {"angle": 0, "axis": "y", "origin": [4, 17, 4]},
			"faces": {
				"north": {"uv": [9.5, 4, 10, 5], "texture": "#texture"},
				"east": {"uv": [9.5, 4, 10, 5], "texture": "#texture"},
				"south": {"uv": [9.5, 4, 10, 5], "texture": "#texture"},
				"west": {"uv": [9.5, 4, 10, 5], "texture": "#texture"},
				"down": {"uv": [9.5, 4.5, 10, 5], "texture": "#texture"}
			}
		},
		{
			"name": "glass",
			"from": [9.5, 11, 6],
			"to": [10, 12, 6.5],
			"rotation": {"angle": 0, "axis": "y", "origin": [7.5, 17, 4]},
			"faces": {
				"north": {"uv": [9.5, 4, 10, 5], "texture": "#texture"},
				"east": {"uv": [9.5, 4, 10, 5], "texture": "#texture"},
				"south": {"uv": [9.5, 4, 10, 5], "texture": "#texture"},
				"west": {"uv": [9.5, 4, 10, 5], "texture": "#texture"},
				"down": {"uv": [9.5, 4.5, 10, 5], "texture": "#texture"}
			}
		},
		{
			"name": "glass",
			"from": [6, 8.5, 6],
			"to": [6.5, 9, 6.5],
			"rotation": {"angle": 0, "axis": "y", "origin": [4, 14.5, 4]},
			"faces": {
				"north": {"uv": [5, 8, 5.5, 8.5], "texture": "#texture"},
				"east": {"uv": [5, 8, 5.5, 8.5], "texture": "#texture"},
				"south": {"uv": [5, 8, 5.5, 8.5], "texture": "#texture"},
				"west": {"uv": [5, 8, 5.5, 8.5], "texture": "#texture"},
				"up": {"uv": [5, 8, 5.5, 8.5], "texture": "#texture"},
				"down": {"uv": [5, 8, 5.5, 8.5], "texture": "#texture"}
			}
		},
		{
			"name": "glass",
			"from": [6.5, 9, 6.5],
			"to": [7, 9.5, 7],
			"rotation": {"angle": 0, "axis": "y", "origin": [4.5, 15, 4.5]},
			"faces": {
				"north": {"uv": [5, 8, 5.5, 8.5], "texture": "#texture"},
				"east": {"uv": [5, 8, 5.5, 8.5], "texture": "#texture"},
				"south": {"uv": [5, 8, 5.5, 8.5], "texture": "#texture"},
				"west": {"uv": [5, 8, 5.5, 8.5], "texture": "#texture"},
				"up": {"uv": [5, 8, 5.5, 8.5], "texture": "#texture"},
				"down": {"uv": [5, 8, 5.5, 8.5], "texture": "#texture"}
			}
		},
		{
			"name": "glass",
			"from": [6.5, 10.5, 6.5],
			"to": [7, 11, 7],
			"rotation": {"angle": 0, "axis": "y", "origin": [4.5, 16.5, 4.5]},
			"faces": {
				"north": {"uv": [6.5, 5, 7, 5.5], "texture": "#texture"},
				"east": {"uv": [6.5, 5, 7, 5.5], "texture": "#texture"},
				"south": {"uv": [6.5, 5, 7, 5.5], "texture": "#texture"},
				"west": {"uv": [6.5, 5, 7, 5.5], "texture": "#texture"},
				"down": {"uv": [6.5, 5, 7, 5.5], "texture": "#texture"}
			}
		},
		{
			"name": "glass",
			"from": [9, 10.5, 9],
			"to": [9.5, 11, 9.5],
			"rotation": {"angle": 0, "axis": "y", "origin": [7, 16.5, 7]},
			"faces": {
				"north": {"uv": [6.5, 5, 7, 5.5], "texture": "#texture"},
				"east": {"uv": [6.5, 5, 7, 5.5], "texture": "#texture"},
				"south": {"uv": [6.5, 5, 7, 5.5], "texture": "#texture"},
				"west": {"uv": [6.5, 5, 7, 5.5], "texture": "#texture"},
				"down": {"uv": [6.5, 5, 7, 5.5], "texture": "#texture"}
			}
		},
		{
			"name": "glass",
			"from": [9, 9, 9],
			"to": [9.5, 9.5, 9.5],
			"rotation": {"angle": 0, "axis": "y", "origin": [7, 15, 7]},
			"faces": {
				"north": {"uv": [5, 8, 5.5, 8.5], "texture": "#texture"},
				"east": {"uv": [5, 8, 5.5, 8.5], "texture": "#texture"},
				"south": {"uv": [5, 8, 5.5, 8.5], "texture": "#texture"},
				"west": {"uv": [5, 8, 5.5, 8.5], "texture": "#texture"},
				"up": {"uv": [5, 8, 5.5, 8.5], "texture": "#texture"},
				"down": {"uv": [5, 8, 5.5, 8.5], "texture": "#texture"}
			}
		},
		{
			"name": "glass",
			"from": [5, 7.5, 10.5],
			"to": [5.5, 8, 11],
			"rotation": {"angle": 0, "axis": "y", "origin": [3, 13.5, 8.5]},
			"faces": {
				"north": {"uv": [10.5, 8, 11, 8.5], "texture": "#texture"},
				"east": {"uv": [10.5, 8, 11, 8.5], "texture": "#texture"},
				"south": {"uv": [10.5, 8, 11, 8.5], "texture": "#texture"},
				"west": {"uv": [10.5, 8, 11, 8.5], "texture": "#texture"},
				"up": {"uv": [10.5, 8, 11, 8.5], "texture": "#texture"},
				"down": {"uv": [4, 12.5, 4.5, 13], "texture": "#texture"}
			}
		},
		{
			"name": "glass",
			"from": [5.5, 8, 10],
			"to": [6, 8.5, 10.5],
			"rotation": {"angle": 0, "axis": "y", "origin": [3.5, 14, 8]},
			"faces": {
				"north": {"uv": [10.5, 8, 11, 8.5], "texture": "#texture"},
				"east": {"uv": [10.5, 8, 11, 8.5], "texture": "#texture"},
				"south": {"uv": [10.5, 8, 11, 8.5], "texture": "#texture"},
				"west": {"uv": [10.5, 8, 11, 8.5], "texture": "#texture"},
				"up": {"uv": [10.5, 8, 11, 8.5], "texture": "#texture"},
				"down": {"uv": [10, 7.5, 10.5, 8], "texture": "#texture"}
			}
		},
		{
			"name": "glass",
			"from": [10, 8, 5.5],
			"to": [10.5, 8.5, 6],
			"rotation": {"angle": 0, "axis": "y", "origin": [8, 14, 3.5]},
			"faces": {
				"north": {"uv": [10.5, 8, 11, 8.5], "texture": "#texture"},
				"east": {"uv": [10.5, 8, 11, 8.5], "texture": "#texture"},
				"south": {"uv": [10, 7.5, 10.5, 8], "texture": "#texture"},
				"west": {"uv": [10.5, 8, 11, 8.5], "texture": "#texture"},
				"up": {"uv": [10.5, 8, 11, 8.5], "texture": "#texture"},
				"down": {"uv": [10, 7.5, 10.5, 8], "texture": "#texture"}
			}
		},
		{
			"name": "glass",
			"from": [9.5, 8.5, 6],
			"to": [10, 9, 6.5],
			"rotation": {"angle": 0, "axis": "y", "origin": [7.5, 14.5, 4]},
			"faces": {
				"north": {"uv": [9.5, 7, 10, 7.5], "texture": "#texture"},
				"east": {"uv": [9.5, 7, 10, 7.5], "texture": "#texture"},
				"south": {"uv": [9.5, 7, 10, 7.5], "texture": "#texture"},
				"west": {"uv": [9.5, 7, 10, 7.5], "texture": "#texture"},
				"up": {"uv": [9.5, 7, 10, 7.5], "texture": "#texture"},
				"down": {"uv": [9.5, 7, 10, 7.5], "texture": "#texture"}
			}
		},
		{
			"name": "glass",
			"from": [6, 8.5, 9.5],
			"to": [6.5, 9, 10],
			"rotation": {"angle": 0, "axis": "y", "origin": [4, 14.5, 7.5]},
			"faces": {
				"north": {"uv": [9.5, 7, 10, 7.5], "texture": "#texture"},
				"east": {"uv": [9.5, 7, 10, 7.5], "texture": "#texture"},
				"south": {"uv": [9.5, 7, 10, 7.5], "texture": "#texture"},
				"west": {"uv": [9.5, 7, 10, 7.5], "texture": "#texture"},
				"up": {"uv": [9.5, 7, 10, 7.5], "texture": "#texture"},
				"down": {"uv": [9.5, 7, 10, 7.5], "texture": "#texture"}
			}
		},
		{
			"name": "glass",
			"from": [6.5, 9, 9],
			"to": [7, 9.5, 9.5],
			"rotation": {"angle": 0, "axis": "y", "origin": [4.5, 15, 7]},
			"faces": {
				"north": {"uv": [9.5, 7, 10, 7.5], "texture": "#texture"},
				"east": {"uv": [9.5, 7, 10, 7.5], "texture": "#texture"},
				"south": {"uv": [9.5, 7, 10, 7.5], "texture": "#texture"},
				"west": {"uv": [9.5, 7, 10, 7.5], "texture": "#texture"},
				"up": {"uv": [9.5, 7, 10, 7.5], "texture": "#texture"},
				"down": {"uv": [9.5, 7, 10, 7.5], "texture": "#texture"}
			}
		},
		{
			"name": "glass",
			"from": [9, 9, 6.5],
			"to": [9.5, 9.5, 7],
			"rotation": {"angle": 0, "axis": "y", "origin": [7, 15, 4.5]},
			"faces": {
				"north": {"uv": [9.5, 7, 10, 7.5], "texture": "#texture"},
				"east": {"uv": [9.5, 7, 10, 7.5], "texture": "#texture"},
				"south": {"uv": [9.5, 7, 10, 7.5], "texture": "#texture"},
				"west": {"uv": [9.5, 7, 10, 7.5], "texture": "#texture"},
				"up": {"uv": [9.5, 7, 10, 7.5], "texture": "#texture"},
				"down": {"uv": [9.5, 7, 10, 7.5], "texture": "#texture"}
			}
		},
		{
			"name": "glass",
			"from": [9, 10.5, 6.5],
			"to": [9.5, 11, 7],
			"rotation": {"angle": 0, "axis": "y", "origin": [7, 16.5, 4.5]},
			"faces": {
				"north": {"uv": [9.5, 7, 10, 7.5], "texture": "#texture"},
				"east": {"uv": [9.5, 7, 10, 7.5], "texture": "#texture"},
				"south": {"uv": [9.5, 7, 10, 7.5], "texture": "#texture"},
				"west": {"uv": [9.5, 7, 10, 7.5], "texture": "#texture"},
				"down": {"uv": [9.5, 7, 10, 7.5], "texture": "#texture"}
			}
		},
		{
			"name": "glass",
			"from": [6.5, 10.5, 9],
			"to": [7, 11, 9.5],
			"rotation": {"angle": 0, "axis": "y", "origin": [4.5, 16.5, 7]},
			"faces": {
				"north": {"uv": [9.5, 7, 10, 7.5], "texture": "#texture"},
				"east": {"uv": [9.5, 7, 10, 7.5], "texture": "#texture"},
				"south": {"uv": [9.5, 7, 10, 7.5], "texture": "#texture"},
				"west": {"uv": [9.5, 7, 10, 7.5], "texture": "#texture"},
				"down": {"uv": [9.5, 7, 10, 7.5], "texture": "#texture"}
			}
		},
		{
			"name": "glass",
			"from": [8.5, 9.5, 7],
			"to": [9, 10.5, 7.5],
			"rotation": {"angle": 0, "axis": "y", "origin": [6.5, 15.5, 5]},
			"faces": {
				"north": {"uv": [8.5, 5.5, 9, 6.5], "texture": "#texture"},
				"east": {"uv": [8.5, 5.5, 9, 6.5], "texture": "#texture"},
				"south": {"uv": [8.5, 5.5, 9, 6.5], "texture": "#texture"},
				"west": {"uv": [8.5, 5.5, 9, 6.5], "texture": "#texture"},
				"up": {"uv": [8.5, 5.5, 9, 6], "texture": "#texture"},
				"down": {"uv": [8.5, 6, 9, 6.5], "texture": "#texture"}
			}
		},
		{
			"name": "glass",
			"from": [7, 9.5, 8.5],
			"to": [7.5, 10.5, 9],
			"rotation": {"angle": 0, "axis": "y", "origin": [5, 15.5, 6.5]},
			"faces": {
				"north": {"uv": [8.5, 5.5, 9, 6.5], "texture": "#texture"},
				"east": {"uv": [8.5, 5.5, 9, 6.5], "texture": "#texture"},
				"south": {"uv": [8.5, 5.5, 9, 6.5], "texture": "#texture"},
				"west": {"uv": [8.5, 5.5, 9, 6.5], "texture": "#texture"},
				"up": {"uv": [8.5, 5.5, 9, 6], "texture": "#texture"},
				"down": {"uv": [8.5, 6, 9, 6.5], "texture": "#texture"}
			}
		},
		{
			"name": "glass",
			"from": [8.5, 9.5, 8.5],
			"to": [9, 10.5, 9],
			"rotation": {"angle": 0, "axis": "y", "origin": [6.5, 15.5, 6.5]},
			"faces": {
				"north": {"uv": [7, 5.5, 7.5, 6.5], "texture": "#texture"},
				"east": {"uv": [7, 5.5, 7.5, 6.5], "texture": "#texture"},
				"south": {"uv": [7, 5.5, 7.5, 6.5], "texture": "#texture"},
				"west": {"uv": [7, 5.5, 7.5, 6.5], "texture": "#texture"},
				"up": {"uv": [7, 5.5, 7.5, 6], "texture": "#texture"},
				"down": {"uv": [7, 6, 7.5, 6.5], "texture": "#texture"}
			}
		},
		{
			"name": "glass",
			"from": [7, 9.5, 7],
			"to": [7.5, 10.5, 7.5],
			"rotation": {"angle": 0, "axis": "y", "origin": [5, 15.5, 5]},
			"faces": {
				"north": {"uv": [7, 5.5, 7.5, 6.5], "texture": "#texture"},
				"east": {"uv": [7, 5.5, 7.5, 6.5], "texture": "#texture"},
				"south": {"uv": [7, 5.5, 7.5, 6.5], "texture": "#texture"},
				"west": {"uv": [7, 5.5, 7.5, 6.5], "texture": "#texture"},
				"up": {"uv": [7, 5.5, 7.5, 6], "texture": "#texture"},
				"down": {"uv": [7, 6, 7.5, 6.5], "texture": "#texture"}
			}
		},
		{
			"name": "glass",
			"from": [4.5, 2.5, 4.5],
			"to": [5, 3, 5],
			"rotation": {"angle": 0, "axis": "y", "origin": [2.5, 8.5, 2.5]},
			"faces": {
				"north": {"uv": [4.5, 13, 5, 13.5], "texture": "#texture"},
				"east": {"uv": [4.5, 13, 5, 13.5], "texture": "#texture"},
				"south": {"uv": [4.5, 13, 5, 13.5], "texture": "#texture"},
				"west": {"uv": [4.5, 13, 5, 13.5], "texture": "#texture"},
				"down": {"uv": [4.5, 13, 5, 13.5], "texture": "#texture"}
			}
		}
	],
	"display": {
		"gui": {
			"rotation": [0, 90, 0]
		},
		"fixed": {
			"rotation": [0, 90, 0]
		}
	},
	"groups": [
		{
			"name": "content",
			"origin": [8, 8, 8],
			"children": [0, 1, 2, 3, 4]
		},
		{
			"name": "cork",
			"origin": [8, 8, 8],
			"children": [5]
		},
		{
			"name": "model_potion",
			"origin": [8, 8, 8],
			"children": [6, 7, 8, 9, 10, 11, 12, 13, 14, 15, 16, 17, 18, 19, 20, 21, 22, 23, 24, 25, 26, 27, 28, 29, 30, 31, 32, 33, 34, 35, 36, 37, 38, 39, 40, 41, 42, 43, 44, 45, 46, 47, 48, 49, 50, 51, 52, 53, 54]
		}
	]
}