{
	"credit": "Made with Blockbench by Juknum",
	"parent": "item/oak_trapdoor",
	"ambientocclusion": false,
	"textures": {
		"0": "block/repeater",
		"1": "block/smooth_stone",
		"lit": "block/redstone_torch_off"
	},
	"elements": [
		{
			"from": [0, 0, 0],
			"to": [16, 1, 16],
			"faces": {
				"north": {"uv": [0, 15, 16, 16], "texture": "#1"},
				"east": {"uv": [0, 15, 16, 16], "texture": "#1"},
				"south": {"uv": [0, 15, 16, 16], "texture": "#1"},
				"west": {"uv": [0, 15, 16, 16], "texture": "#1"},
				"up": {"uv": [0, 0, 16, 16], "texture": "#0"},
				"down": {"uv": [0, 0, 16, 16], "texture": "#1"}
			}
		},
		{
			"from": [0, 1, 14.5],
			"to": [16, 2, 16],
			"rotation": {"angle": 0, "axis": "y", "origin": [8, 9, 8]},
			"faces": {
				"north": {"uv": [0, 14.5, 16, 15.5], "texture": "#0"},
				"east": {"uv": [0, 0, 1.5, 1], "texture": "#1"},
				"south": {"uv": [0, 0, 16, 1], "texture": "#1"},
				"west": {"uv": [14.5, 0, 16, 1], "texture": "#1"},
				"up": {"uv": [0, 14.5, 16, 16], "texture": "#0"}
			}
		},
		{
			"from": [0, 1, 0],
			"to": [16, 2, 5],
			"rotation": {"angle": 0, "axis": "y", "origin": [8, 9, -3]},
			"faces": {
				"north": {"uv": [0, 0, 16, 1], "texture": "#1"},
				"east": {"uv": [11, 0, 16, 1], "texture": "#1"},
				"south": {"uv": [0, 4, 16, 5], "texture": "#0"},
				"west": {"uv": [0, 0, 5, 1], "texture": "#1"},
				"up": {"uv": [0, 0, 16, 5], "texture": "#0"}
			}
		},
		{
			"from": [10, 1, 5],
			"to": [16, 2, 6],
			"rotation": {"angle": 0, "axis": "y", "origin": [8, 9, 2]},
			"faces": {
				"east": {"uv": [10, 0, 11, 1], "texture": "#1"},
				"south": {"uv": [10, 5, 16, 6], "texture": "#0"},
				"west": {"uv": [10, 5, 10.5, 6], "texture": "#0"},
				"up": {"uv": [10, 5, 16, 6], "texture": "#0"}
			}
		},
		{
			"from": [10.5, 1, 6],
			"to": [16, 2, 7],
			"rotation": {"angle": 0, "axis": "y", "origin": [8.5, 9, 3]},
			"faces": {
				"east": {"uv": [9, 0, 10, 1], "texture": "#1"},
				"south": {"uv": [10, 5, 15.5, 6], "texture": "#0"},
				"west": {"uv": [10.5, 6, 11, 7], "texture": "#0"},
				"up": {"uv": [10.5, 6, 16, 7], "texture": "#0"}
			}
		},
		{
			"from": [11, 1, 7],
			"to": [14, 2, 8],
			"rotation": {"angle": 0, "axis": "y", "origin": [9, 9, 4]},
			"faces": {
				"east": {"uv": [8, 0, 9, 1], "texture": "#1"},
				"south": {"uv": [11, 7, 11.5, 8], "texture": "#0"},
				"west": {"uv": [11, 7, 11.5, 8], "texture": "#0"},
				"up": {"uv": [11, 7, 14, 8], "texture": "#0"}
			}
		},
		{
			"from": [11.5, 1, 8],
			"to": [14, 2, 9],
			"rotation": {"angle": 0, "axis": "y", "origin": [9, 9, 5]},
			"faces": {
				"east": {"uv": [7, 0, 8, 1], "texture": "#1"},
				"south": {"uv": [11, 7, 11.5, 8], "texture": "#0"},
				"west": {"uv": [11.5, 8, 12, 9], "texture": "#0"},
				"up": {"uv": [11.5, 8, 14, 9], "texture": "#0"}
			}
		},
		{
			"from": [12, 1, 9],
			"to": [16, 2, 10],
			"rotation": {"angle": 0, "axis": "y", "origin": [9.5, 9, 6]},
			"faces": {
				"north": {"uv": [16, 8.5, 12, 9.5], "texture": "#0"},
				"east": {"uv": [6, 0, 7, 1], "texture": "#1"},
				"south": {"uv": [11, 7, 11.5, 8], "texture": "#0"},
				"west": {"uv": [12, 9, 12.5, 10], "texture": "#0"},
				"up": {"uv": [12, 9, 16, 10], "texture": "#0"}
			}
		},
		{
			"from": [12.5, 1, 10],
			"to": [16, 2, 11],
			"rotation": {"angle": 0, "axis": "y", "origin": [10, 9, 7]},
			"faces": {
				"east": {"uv": [5, 0, 6, 1], "texture": "#1"},
				"south": {"uv": [11, 7, 11.5, 8], "texture": "#0"},
				"west": {"uv": [12.5, 10, 13, 11], "texture": "#0"},
				"up": {"uv": [12.5, 10, 16, 11], "texture": "#0"}
			}
		},
		{
			"from": [13, 1, 11],
			"to": [16, 2, 12],
			"rotation": {"angle": 0, "axis": "y", "origin": [10.5, 9, 8]},
			"faces": {
				"east": {"uv": [4, 0, 5, 1], "texture": "#1"},
				"south": {"uv": [11, 7, 11.5, 8], "texture": "#0"},
				"west": {"uv": [13, 11, 13.5, 12], "texture": "#0"},
				"up": {"uv": [13, 11, 16, 12], "texture": "#0"}
			}
		},
		{
			"from": [13.5, 1, 12],
			"to": [16, 2, 12.5],
			"rotation": {"angle": 0, "axis": "y", "origin": [11, 9, 9]},
			"faces": {
				"east": {"uv": [3.5, 0, 4, 1], "texture": "#1"},
				"west": {"uv": [13.5, 12, 14, 13], "texture": "#0"},
				"up": {"uv": [13.5, 12, 16, 12.5], "texture": "#0"}
			}
		},
		{
			"from": [13, 1, 12.5],
			"to": [16, 2, 13],
			"rotation": {"angle": 0, "axis": "y", "origin": [10.5, 9, 9.5]},
			"faces": {
				"north": {"uv": [13.5, 12, 14, 13], "texture": "#0"},
				"east": {"uv": [3, 0, 3.5, 1], "texture": "#1"},
				"west": {"uv": [13.5, 12, 14, 13], "texture": "#0"},
				"up": {"uv": [13, 12.5, 16, 13], "texture": "#0"}
			}
		},
		{
			"from": [12, 1, 13],
			"to": [16, 2, 14.5],
			"rotation": {"angle": 0, "axis": "y", "origin": [10.5, 9, 11]},
			"faces": {
				"north": {"uv": [13.5, 12, 14, 13], "texture": "#0"},
				"east": {"uv": [1.5, 0, 3, 1], "texture": "#1"},
				"west": {"uv": [13.5, 12, 14, 13], "texture": "#0"},
				"up": {"uv": [12, 13, 16, 14.5], "texture": "#0"}
			}
		},
		{
			"from": [11, 1, 13.5],
			"to": [12, 2, 14.5],
			"rotation": {"angle": 0, "axis": "y", "origin": [9.5, 9, 11]},
			"faces": {
				"north": {"uv": [13.5, 12, 14, 13], "texture": "#0"},
				"west": {"uv": [13.5, 12, 14, 13], "texture": "#0"},
				"up": {"uv": [11, 13.5, 12, 14.5], "texture": "#0"}
			}
		},
		{
			"from": [5, 1, 7],
			"to": [5.5, 2, 8],
			"rotation": {"angle": 0, "axis": "y", "origin": [3.5, 9, 4.5]},
			"faces": {
				"east": {"uv": [5, 7, 5.5, 8], "texture": "#0"},
				"south": {"uv": [5, 7, 5.5, 8], "texture": "#0"},
				"up": {"uv": [5, 7, 5.5, 8], "texture": "#0"}
			}
		},
		{
			"from": [6, 1, 5],
			"to": [6.5, 2, 6],
			"rotation": {"angle": 0, "axis": "y", "origin": [4.5, 9, 2.5]},
			"faces": {
				"east": {"uv": [5, 7, 5.5, 8], "texture": "#0"},
				"south": {"uv": [5, 7, 5.5, 8], "texture": "#0"},
				"up": {"uv": [5, 7, 5.5, 8], "texture": "#0"}
			}
		},
		{
			"from": [4, 1, 9],
			"to": [4.5, 2, 10],
			"rotation": {"angle": 0, "axis": "y", "origin": [2.5, 9, 6.5]},
			"faces": {
				"east": {"uv": [5, 7, 5.5, 8], "texture": "#0"},
				"south": {"uv": [5, 7, 5.5, 8], "texture": "#0"},
				"up": {"uv": [5, 7, 5.5, 8], "texture": "#0"}
			}
		},
		{
			"from": [3, 1, 11],
			"to": [3.5, 2, 12],
			"rotation": {"angle": 0, "axis": "y", "origin": [1.5, 9, 8.5]},
			"faces": {
				"east": {"uv": [5, 7, 5.5, 8], "texture": "#0"},
				"south": {"uv": [5, 7, 5.5, 8], "texture": "#0"},
				"up": {"uv": [5, 7, 5.5, 8], "texture": "#0"}
			}
		},
		{
			"from": [3, 1, 9],
			"to": [4, 2, 11],
			"rotation": {"angle": 0, "axis": "y", "origin": [1.5, 9, 6.5]},
			"faces": {
				"east": {"uv": [5, 7, 5.5, 8], "texture": "#0"},
				"south": {"uv": [5, 7, 5.5, 8], "texture": "#0"},
				"up": {"uv": [3, 9, 4, 11], "texture": "#0"}
			}
		},
		{
			"from": [10, 1, 14],
			"to": [11, 2, 14.5],
			"rotation": {"angle": 0, "axis": "y", "origin": [8.5, 9, 11.5]},
			"faces": {
				"north": {"uv": [13.5, 12, 14, 13], "texture": "#0"},
				"west": {"uv": [13.5, 12, 14, 13], "texture": "#0"},
				"up": {"uv": [10, 14, 11, 14.5], "texture": "#0"}
			}
		},
		{
			"from": [5, 1, 14],
			"to": [6, 2, 14.5],
			"rotation": {"angle": 0, "axis": "y", "origin": [3.5, 9, 11.5]},
			"faces": {
				"north": {"uv": [5, 14, 6, 14.5], "texture": "#0"},
				"east": {"uv": [5, 14, 6, 14.5], "texture": "#0"},
				"up": {"uv": [5, 14, 6, 14.5], "texture": "#0"}
			}
		},
		{
			"from": [0, 1, 13.5],
			"to": [5, 2, 14.5],
			"rotation": {"angle": 0, "axis": "y", "origin": [-1.5, 9, 11.5]},
			"faces": {
				"north": {"uv": [5, 13.5, 0, 14.5], "texture": "#0"},
				"east": {"uv": [4, 13.5, 5, 14], "texture": "#0"},
				"west": {"uv": [13.5, 0, 14.5, 1], "texture": "#1"},
				"up": {"uv": [0, 13.5, 5, 14.5], "texture": "#0"}
			}
		},
		{
			"from": [0, 1, 13],
			"to": [4, 2, 13.5],
			"rotation": {"angle": 0, "axis": "y", "origin": [-1.5, 9, 10.5]},
			"faces": {
				"north": {"uv": [4, 13, 0, 14], "texture": "#0"},
				"east": {"uv": [4, 13.5, 5, 14], "texture": "#0"},
				"west": {"uv": [13, 0, 13.5, 1], "texture": "#1"},
				"up": {"uv": [0, 13, 4, 13.5], "texture": "#0"}
			}
		},
		{
			"from": [0, 1, 9],
			"to": [3, 2, 13],
			"rotation": {"angle": 0, "axis": "y", "origin": [-1.5, 9, 10]},
			"faces": {
				"north": {"uv": [4, 13, 0, 14], "texture": "#0"},
				"east": {"uv": [2, 9, 3, 13], "rotation": 90, "texture": "#0"},
				"west": {"uv": [9, 0, 13, 1], "texture": "#1"},
				"up": {"uv": [0, 9, 3, 13], "texture": "#0"}
			}
		},
		{
			"from": [0, 1, 5],
			"to": [6, 2, 7],
			"rotation": {"angle": 0, "axis": "y", "origin": [-1.5, 9, 6]},
			"faces": {
				"east": {"uv": [3.5, 10, 4, 11], "rotation": 90, "texture": "#0"},
				"south": {"uv": [0, 6, 1, 12], "rotation": 90, "texture": "#0"},
				"west": {"uv": [5, 0, 7, 1], "texture": "#1"},
				"up": {"uv": [0, 5, 6, 7], "texture": "#0"}
			}
		},
		{
			"from": [2, 1, 7],
			"to": [5, 2, 9],
			"rotation": {"angle": 0, "axis": "y", "origin": [-1.5, 9, 8]},
			"faces": {
				"east": {"uv": [3.5, 10, 4, 11], "rotation": 90, "texture": "#0"},
				"south": {"uv": [2, 8, 5, 9], "texture": "#0"},
				"west": {"uv": [5, 0, 7, 1], "texture": "#1"},
				"up": {"uv": [2, 7, 5, 9], "texture": "#0"}
			}
		},
		{
			"from": [7, 1.5, 6],
			"to": [9, 1, 14],
			"rotation": {"angle": 0, "axis": "y", "origin": [8, 9.5, 8]},
			"faces": {
				"north": {"uv": [7, 5.5, 9, 6], "texture": "#0"},
				"east": {"uv": [9, 6, 9.5, 14], "texture": "#0"},
				"south": {"uv": [7, 14, 9, 14.5], "texture": "#0"},
				"west": {"uv": [6.5, 6, 7, 14], "texture": "#0"}
			}
		},
		{
			"from": [2.5, 1.5, 5],
			"to": [7, 1.5, 14.5],
			"rotation": {"angle": 0, "axis": "y", "origin": [3.5, 9.5, 7]},
			"faces": {
				"up": {"uv": [2.5, 5, 7, 14.5], "texture": "#0"}
			}
		},
		{
			"from": [7, 1.5, 5],
			"to": [9, 1.5, 6],
			"rotation": {"angle": 0, "axis": "y", "origin": [8, 9.5, 7]},
			"faces": {
				"up": {"uv": [7, 5, 9, 6], "texture": "#0"}
			}
		},
		{
			"from": [7, 1.5, 14],
			"to": [9, 1.5, 14.5],
			"rotation": {"angle": 0, "axis": "y", "origin": [8, 9.5, 16]},
			"faces": {
				"up": {"uv": [7, 14, 9, 14.5], "texture": "#0"}
			}
		},
		{
			"from": [9, 1.5, 5],
			"to": [13.5, 1.5, 14.5],
			"rotation": {"angle": 0, "axis": "y", "origin": [10, 9.5, 7]},
			"faces": {
				"up": {"uv": [9, 5, 13.5, 14.5], "texture": "#0"}
			}
		},
		{
			"from": [7, 0.5, 2],
			"to": [9, 7, 4],
			"faces": {
				"north": {"uv": [7, 6, 9, 12.5], "texture": "#lit"},
				"east": {"uv": [7, 6, 9, 12.5], "texture": "#lit"},
				"south": {"uv": [7, 6, 9, 12.5], "texture": "#lit"},
				"west": {"uv": [7, 6, 9, 12.5], "texture": "#lit"},
				"up": {"uv": [7, 6, 9, 8], "texture": "#lit"}
			}
		},
		{
			"from": [7, 0.5, 6],
			"to": [9, 7, 8],
			"faces": {
				"north": {"uv": [7, 6, 9, 12.5], "texture": "#lit"},
				"east": {"uv": [7, 6, 9, 12.5], "texture": "#lit"},
				"south": {"uv": [7, 6, 9, 12.5], "texture": "#lit"},
				"west": {"uv": [7, 6, 9, 12.5], "texture": "#lit"},
				"up": {"uv": [7, 6, 9, 8], "texture": "#lit"},
				"down": {"uv": [7, 14, 9, 16], "texture": "#lit"}
			}
		}
	],
	"display": {
		"head": {
			"translation": [0, 14.5, 0]
		},
		"fixed": {
			"rotation": [-90, -180, 0],
			"translation": [0, 0, -5],
			"scale": [0.75, 0.75, 0.75]
		}
	},
	"groups": [0, 1, 2, 3, 4, 5, 6, 7, 8, 9, 10, 11, 12, 13, 14, 15, 16, 17, 18, 19, 20, 21, 22, 23, 24, 25, 26, 27, 28, 29, 30,
		{
			"name": "torch_off",
			"origin": [8, 8, 8],
			"children": [31]
		},
		{
			"name": "delay1_off",
			"origin": [8, 8, 8],
			"children": [32]
		}
	]
}