{
	"credit": "Made with Blockbench",
	"textures": {
		"1": "block/rose_bush_top",
		"particle": "block/rose_bush_bottom"
	},
	"elements": [
		{
			"from": [6.75, 0, 7.5],
			"to": [9.25, 0.5, 10],
			"rotation": {"angle": 0, "axis": "y", "origin": [14.75, 8.125, 18]},
			"faces": {
				"north": {"uv": [6, 15.5, 8.5, 16], "texture": "#1"},
				"east": {"uv": [6, 15.5, 8.5, 16], "texture": "#1"},
				"south": {"uv": [6, 15.5, 8.5, 16], "texture": "#1"},
				"west": {"uv": [6, 15.5, 8.5, 16], "texture": "#1"},
				"up": {"uv": [6, 15.5, 8.5, 16], "texture": "#1"},
				"down": {"uv": [6, 15.5, 8.5, 16], "texture": "#1"}
			}
		},
		{
			"from": [6.25, 0, 11],
			"to": [9.75, 0.5, 14.5],
			"rotation": {"angle": 0, "axis": "y", "origin": [14.25, 8.125, 21.625]},
			"faces": {
				"north": {"uv": [1.5, 15.5, 4.875, 16], "texture": "#1"},
				"east": {"uv": [1.5, 15.5, 4.875, 16], "texture": "#1"},
				"south": {"uv": [1.5, 15.5, 4.875, 16], "texture": "#1"},
				"west": {"uv": [1.5, 15.5, 4.875, 16], "texture": "#1"},
				"up": {"uv": [1.5, 15.5, 4.875, 16], "texture": "#1"},
				"down": {"uv": [1.5, 15.5, 4.875, 16], "texture": "#1"}
			}
		},
		{
			"from": [6, 0.5, 10.5],
			"to": [10, 1, 14.5],
			"rotation": {"angle": 0, "axis": "y", "origin": [14, 8.625, 21.625]},
			"faces": {
				"north": {"uv": [1.5, 15, 5.5, 15.5], "texture": "#1"},
				"east": {"uv": [1.5, 15, 5.5, 15.5], "texture": "#1"},
				"south": {"uv": [1.5, 15, 5.5, 15.5], "texture": "#1"},
				"west": {"uv": [1.5, 15, 5.5, 15.5], "texture": "#1"},
				"up": {"uv": [1.5, 15.5, 4.875, 16], "texture": "#1"},
				"down": {"uv": [1.5, 15.5, 4.875, 16], "texture": "#1"}
			}
		},
		{
			"from": [5.75, 1, 10.5],
			"to": [10.25, 2, 15],
			"rotation": {"angle": 0, "axis": "y", "origin": [13.75, 9.125, 21.625]},
			"faces": {
				"north": {"uv": [1, 14, 5.5, 15], "texture": "#1"},
				"east": {"uv": [1, 14, 5.5, 15], "texture": "#1"},
				"south": {"uv": [1, 14, 5.5, 15], "texture": "#1"},
				"west": {"uv": [1, 14, 5.5, 15], "texture": "#1"},
				"up": {"uv": [1.5, 13.5, 5, 16], "texture": "#1"},
				"down": {"uv": [1.5, 15.5, 4.875, 16], "texture": "#1"}
			}
		},
		{
			"from": [6.25, 2, 10.5],
			"to": [9.75, 2.5, 14.5],
			"rotation": {"angle": 0, "axis": "y", "origin": [14.25, 10.125, 21.625]},
			"faces": {
				"north": {"uv": [1.5, 13.5, 5.5, 14], "texture": "#1"},
				"east": {"uv": [1.5, 13.5, 5.5, 14], "texture": "#1"},
				"south": {"uv": [1.5, 13.5, 5.5, 14], "texture": "#1"},
				"west": {"uv": [1.5, 13.5, 5.5, 14], "texture": "#1"},
				"up": {"uv": [1.5, 13.5, 4.5, 16], "texture": "#1"},
				"down": {"uv": [1.5, 15.5, 4.875, 16], "texture": "#1"}
			}
		},
		{
			"from": [6, 7, 7],
			"to": [10, 8, 11],
			"rotation": {"angle": 0, "axis": "y", "origin": [14, 15.5, 18.125]},
			"faces": {
				"north": {"uv": [1.5, 13.5, 5.5, 14], "texture": "#1"},
				"east": {"uv": [5, 8, 9, 8.875], "texture": "#1"},
				"south": {"uv": [1.5, 13.5, 5.5, 14], "texture": "#1"},
				"west": {"uv": [1.5, 13.5, 5.5, 14], "texture": "#1"},
				"up": {"uv": [5.5, 7.5, 8.5, 9.5], "texture": "#1"},
				"down": {"uv": [5.5, 7.5, 8.5, 9.5], "texture": "#1"}
			}
		},
		{
			"from": [6.5, 8, 7.5],
			"to": [9.5, 8.5, 10.5],
			"rotation": {"angle": 0, "axis": "y", "origin": [14.5, 16.5, 18.125]},
			"faces": {
				"north": {"uv": [5.5, 7.5, 8.5, 8], "texture": "#1"},
				"east": {"uv": [5.5, 7.5, 8.5, 8], "texture": "#1"},
				"south": {"uv": [5.5, 7.5, 8.5, 8], "texture": "#1"},
				"west": {"uv": [5.5, 7.5, 8.5, 8], "texture": "#1"},
				"up": {"uv": [5.5, 7.5, 8.5, 9.5], "texture": "#1"},
				"down": {"uv": [5.5, 7.5, 8.5, 9.5], "texture": "#1"}
			}
		},
		{
			"from": [6.5, 6.5, 7.5],
			"to": [9.5, 7, 10.5],
			"rotation": {"angle": 0, "axis": "y", "origin": [14.5, 15, 18.125]},
			"faces": {
				"north": {"uv": [5.5, 9, 8.5, 9.5], "texture": "#1"},
				"east": {"uv": [5.5, 9, 8.5, 9.5], "texture": "#1"},
				"south": {"uv": [5.5, 9, 8.5, 9.5], "texture": "#1"},
				"west": {"uv": [5.5, 9, 8.5, 9.5], "texture": "#1"},
				"up": {"uv": [6, 8, 8, 10], "texture": "#1"},
				"down": {"uv": [6, 8, 8, 10], "texture": "#1"}
			}
		},
		{
			"from": [7, 6, 8],
			"to": [9, 6.5, 10],
			"rotation": {"angle": 0, "axis": "y", "origin": [15, 14.5, 18.125]},
			"faces": {
				"north": {"uv": [6, 9.5, 8, 10], "texture": "#1"},
				"east": {"uv": [6, 9.5, 8, 10], "texture": "#1"},
				"south": {"uv": [6, 9.5, 8, 10], "texture": "#1"},
				"west": {"uv": [6, 9.5, 8, 10], "texture": "#1"},
				"up": {"uv": [6, 8, 8, 10], "texture": "#1"},
				"down": {"uv": [6, 8, 8, 10], "texture": "#1"}
			}
		},
		{
			"from": [7.5, 5.5, 8],
			"to": [8.5, 6, 9],
			"rotation": {"angle": 0, "axis": "y", "origin": [15.5, 14, 18.125]},
			"faces": {
				"north": {"uv": [7, 10, 8, 10.5], "texture": "#1"},
				"east": {"uv": [7, 10, 8, 10.5], "texture": "#1"},
				"south": {"uv": [7, 10, 8, 10.5], "texture": "#1"},
				"west": {"uv": [7, 10, 8, 10.5], "texture": "#1"},
				"up": {"uv": [7, 10, 8, 10.5], "texture": "#1"},
				"down": {"uv": [7, 10, 8, 10.5], "texture": "#1"}
			}
		},
		{
			"from": [7, 8.5, 8],
			"to": [9, 9, 10],
			"rotation": {"angle": 0, "axis": "y", "origin": [15, 17, 18.125]},
			"faces": {
				"north": {"uv": [6, 7, 8, 7.5], "texture": "#1"},
				"east": {"uv": [6, 7, 8, 7.5], "texture": "#1"},
				"south": {"uv": [6, 7, 8, 7.5], "texture": "#1"},
				"west": {"uv": [6, 7, 8, 7.5], "texture": "#1"},
				"up": {"uv": [6, 7, 8, 7.5], "texture": "#1"},
				"down": {"uv": [6, 7, 8, 7.5], "texture": "#1"}
			}
		},
		{
			"from": [6.75, 2.5, 11.5],
			"to": [9.25, 3, 14],
			"rotation": {"angle": 0, "axis": "y", "origin": [14.75, 10.625, 21.625]},
			"faces": {
				"north": {"uv": [2, 13, 4.5, 13.5], "texture": "#1"},
				"east": {"uv": [2, 13, 4.5, 13.5], "texture": "#1"},
				"south": {"uv": [2, 13, 4.5, 13.5], "texture": "#1"},
				"west": {"uv": [2, 13, 4.5, 13.5], "texture": "#1"},
				"up": {"uv": [2, 13, 4.5, 15.5], "texture": "#1"},
				"down": {"uv": [2, 13, 4.5, 15.5], "texture": "#1"}
			}
		},
		{
			"from": [7.25, 8, 12.5],
			"to": [8.75, 8.5, 14],
			"rotation": {"angle": 0, "axis": "y", "origin": [15.25, 16.125, 21.625]},
			"faces": {
				"north": {"uv": [2, 13, 4.5, 13.5], "texture": "#1"},
				"east": {"uv": [2, 7.5, 3.5, 8], "texture": "#1"},
				"south": {"uv": [2, 13, 4.5, 13.5], "texture": "#1"},
				"west": {"uv": [2, 13, 4.5, 13.5], "texture": "#1"},
				"up": {"uv": [2, 13, 4.5, 15.5], "texture": "#1"},
				"down": {"uv": [2, 13, 4.5, 15.5], "texture": "#1"}
			}
		},
		{
			"from": [7, 11.125, 6.875],
			"to": [9, 11.625, 8.875],
			"rotation": {"angle": 0, "axis": "y", "origin": [15, 19.25, 16.5]},
			"faces": {
				"north": {"uv": [7, 4.5, 9, 5], "texture": "#1"},
				"east": {"uv": [7, 4.5, 9, 5], "texture": "#1"},
				"south": {"uv": [7, 4.5, 9, 5], "texture": "#1"},
				"west": {"uv": [7, 4.5, 9, 5], "texture": "#1"},
				"up": {"uv": [7, 4.5, 9, 5], "texture": "#1"},
				"down": {"uv": [7, 4.5, 9, 5], "texture": "#1"}
			}
		},
		{
			"from": [7.25, 8.125, 3],
			"to": [8.75, 8.625, 4.5],
			"rotation": {"angle": 0, "axis": "y", "origin": [15.25, 16.25, 12.125]},
			"faces": {
				"north": {"uv": [7, 4.5, 9, 5], "texture": "#1"},
				"east": {"uv": [11.5, 7.5, 13, 8], "texture": "#1"},
				"south": {"uv": [7, 4.5, 9, 5], "texture": "#1"},
				"west": {"uv": [7, 4.5, 9, 5], "texture": "#1"},
				"up": {"uv": [7, 4.5, 9, 5], "texture": "#1"},
				"down": {"uv": [7, 4.5, 9, 5], "texture": "#1"}
			}
		},
		{
			"from": [7.25, 8.5, 12],
			"to": [8.75, 9, 14.5],
			"rotation": {"angle": 0, "axis": "y", "origin": [15.25, 16.625, 21.625]},
			"faces": {
				"north": {"uv": [1.5, 7, 4, 7.5], "texture": "#1"},
				"east": {"uv": [1.5, 7, 4, 7.5], "texture": "#1"},
				"south": {"uv": [1.5, 7, 4, 7.5], "texture": "#1"},
				"west": {"uv": [1.5, 7, 4, 7.5], "texture": "#1"},
				"up": {"uv": [1.5, 5, 3, 7.5], "texture": "#1"},
				"down": {"uv": [1.5, 5, 3, 7.5], "texture": "#1"}
			}
		},
		{
			"from": [6.5, 11.625, 6.375],
			"to": [9.5, 12.125, 9.375],
			"rotation": {"angle": 0, "axis": "y", "origin": [14.5, 19.75, 16.5]},
			"faces": {
				"north": {"uv": [6.5, 4, 9.5, 4.5], "texture": "#1"},
				"east": {"uv": [6.5, 4, 9.5, 4.5], "texture": "#1"},
				"south": {"uv": [6.5, 4, 9.5, 4.5], "texture": "#1"},
				"west": {"uv": [6.5, 4, 9.5, 4.5], "texture": "#1"},
				"up": {"uv": [6.5, 1.5, 9.5, 4.5], "texture": "#1"},
				"down": {"uv": [6.5, 1.5, 9.5, 4.5], "texture": "#1"}
			}
		},
		{
			"from": [6.75, 8.625, 2.5],
			"to": [9.25, 9.125, 5],
			"rotation": {"angle": 0, "axis": "y", "origin": [14.75, 16.75, 12.125]},
			"faces": {
				"north": {"uv": [6.5, 4, 9.5, 4.5], "texture": "#1"},
				"east": {"uv": [11, 7, 13.5, 7.5], "texture": "#1"},
				"south": {"uv": [6.5, 4, 9.5, 4.5], "texture": "#1"},
				"west": {"uv": [6.5, 4, 9.5, 4.5], "texture": "#1"},
				"up": {"uv": [6.5, 1.5, 9.5, 4.5], "texture": "#1"},
				"down": {"uv": [6.5, 1.5, 9.5, 4.5], "texture": "#1"}
			}
		},
		{
			"from": [6.25, 9, 11.5],
			"to": [9.75, 10, 15],
			"rotation": {"angle": 0, "axis": "y", "origin": [14.25, 17.125, 21.625]},
			"faces": {
				"north": {"uv": [1.5, 7, 4, 7.5], "texture": "#1"},
				"east": {"uv": [1, 6, 4.5, 7], "texture": "#1"},
				"south": {"uv": [1.5, 7, 4, 7.5], "texture": "#1"},
				"west": {"uv": [1.5, 7, 4, 7.5], "texture": "#1"},
				"up": {"uv": [1.5, 5, 3, 7.5], "texture": "#1"},
				"down": {"uv": [1.5, 5, 3, 7.5], "texture": "#1"}
			}
		},
		{
			"from": [6.25, 12.125, 6],
			"to": [10.25, 14.125, 10],
			"rotation": {"angle": 0, "axis": "y", "origin": [14.25, 20.25, 16.5]},
			"faces": {
				"north": {"uv": [6, 2, 10, 4], "texture": "#1"},
				"east": {"uv": [6, 2, 10, 4], "texture": "#1"},
				"south": {"uv": [6, 2, 10, 4], "texture": "#1"},
				"west": {"uv": [6, 2, 10, 4], "texture": "#1"},
				"up": {"uv": [6, 2, 10, 4], "texture": "#1"},
				"down": {"uv": [6, 2, 10, 4], "texture": "#1"}
			}
		},
		{
			"from": [6.25, 9.125, 2],
			"to": [9.75, 11.125, 5.5],
			"rotation": {"angle": 0, "axis": "y", "origin": [14.25, 17.25, 12]},
			"faces": {
				"north": {"uv": [6, 2, 10, 4], "texture": "#1"},
				"east": {"uv": [10.5, 5, 14, 7], "texture": "#1"},
				"south": {"uv": [6, 2, 10, 4], "texture": "#1"},
				"west": {"uv": [6, 2, 10, 4], "texture": "#1"},
				"up": {"uv": [6, 2, 10, 4], "texture": "#1"},
				"down": {"uv": [6, 2, 10, 4], "texture": "#1"}
			}
		},
		{
			"from": [6, 10, 11],
			"to": [10, 11, 15],
			"rotation": {"angle": 0, "axis": "y", "origin": [14, 18.125, 21.625]},
			"faces": {
				"north": {"uv": [1.5, 7, 4, 7.5], "texture": "#1"},
				"east": {"uv": [1, 5, 4.875, 6], "texture": "#1"},
				"south": {"uv": [1.5, 7, 4, 7.5], "texture": "#1"},
				"west": {"uv": [1.5, 7, 4, 7.5], "texture": "#1"},
				"up": {"uv": [1.5, 5, 3, 7.5], "texture": "#1"},
				"down": {"uv": [1.5, 5, 3, 7.5], "texture": "#1"}
			}
		},
		{
			"from": [6.5, 11, 11.5],
			"to": [9.5, 11.5, 14.5],
			"rotation": {"angle": 0, "axis": "y", "origin": [14.5, 19.125, 21.625]},
			"faces": {
				"north": {"uv": [1.5, 4.5, 4.5, 5], "texture": "#1"},
				"east": {"uv": [1.5, 4.5, 4.5, 5], "texture": "#1"},
				"south": {"uv": [1.5, 4.5, 4.5, 5], "texture": "#1"},
				"west": {"uv": [1.5, 4.5, 4.5, 5], "texture": "#1"},
				"up": {"uv": [1.5, 4.5, 4, 7], "texture": "#1"},
				"down": {"uv": [1.5, 4.5, 4, 7], "texture": "#1"}
			}
		},
		{
			"from": [6.5, 14.125, 6.375],
			"to": [9.5, 14.625, 9.375],
			"rotation": {"angle": 0, "axis": "y", "origin": [14.5, 22.25, 16.5]},
			"faces": {
				"north": {"uv": [6.5, 1.5, 9.5, 2], "texture": "#1"},
				"east": {"uv": [6.5, 1.5, 9.5, 2], "texture": "#1"},
				"south": {"uv": [6.5, 1.5, 9.5, 2], "texture": "#1"},
				"west": {"uv": [6.5, 1.5, 9.5, 2], "texture": "#1"},
				"up": {"uv": [6.5, 1.5, 9.5, 4.5], "texture": "#1"},
				"down": {"uv": [6.5, 1.5, 9.5, 4.5], "texture": "#1"}
			}
		},
		{
			"from": [6.75, 11.125, 2.5],
			"to": [9.25, 11.625, 5],
			"rotation": {"angle": 0, "axis": "y", "origin": [14.75, 19.25, 12.125]},
			"faces": {
				"north": {"uv": [6.5, 1.5, 9.5, 2], "texture": "#1"},
				"east": {"uv": [11, 4.5, 13.5, 5], "texture": "#1"},
				"south": {"uv": [6.5, 1.5, 9.5, 2], "texture": "#1"},
				"west": {"uv": [6.5, 1.5, 9.5, 2], "texture": "#1"},
				"up": {"uv": [6.5, 1.5, 9.5, 4.5], "texture": "#1"},
				"down": {"uv": [6.5, 1.5, 9.5, 4.5], "texture": "#1"}
			}
		},
		{
			"from": [7, 11.5, 12],
			"to": [9, 12, 14],
			"rotation": {"angle": 0, "axis": "y", "origin": [15, 19.625, 21.5]},
			"faces": {
				"north": {"uv": [2, 4, 4, 4.5], "texture": "#1"},
				"east": {"uv": [2, 4, 4, 4.5], "texture": "#1"},
				"south": {"uv": [2, 4, 4, 4.5], "texture": "#1"},
				"west": {"uv": [2, 4, 4, 4.5], "texture": "#1"},
				"up": {"uv": [2, 4, 4, 4.5], "texture": "#1"},
				"down": {"uv": [2, 4, 4, 4.5], "texture": "#1"}
			}
		},
		{
			"from": [7, 14.625, 6.875],
			"to": [9, 15.125, 8.875],
			"rotation": {"angle": 0, "axis": "y", "origin": [15, 22.75, 16.375]},
			"faces": {
				"north": {"uv": [7, 1, 9, 1.5], "texture": "#1"},
				"east": {"uv": [7, 1, 9, 1.5], "texture": "#1"},
				"south": {"uv": [7, 1, 9, 1.5], "texture": "#1"},
				"west": {"uv": [7, 1, 9, 1.5], "texture": "#1"},
				"up": {"uv": [7, 1, 9, 1.5], "texture": "#1"},
				"down": {"uv": [7, 1, 9, 1.5], "texture": "#1"}
			}
		},
		{
			"from": [7.25, 11.625, 3],
			"to": [8.75, 12.125, 4.5],
			"rotation": {"angle": 0, "axis": "y", "origin": [15.25, 19.75, 12]},
			"faces": {
				"north": {"uv": [7, 1, 9, 1.5], "texture": "#1"},
				"east": {"uv": [11.5, 4, 13, 4.5], "texture": "#1"},
				"south": {"uv": [7, 1, 9, 1.5], "texture": "#1"},
				"west": {"uv": [7, 1, 9, 1.5], "texture": "#1"},
				"up": {"uv": [7, 1, 9, 1.5], "texture": "#1"},
				"down": {"uv": [7, 1, 9, 1.5], "texture": "#1"}
			}
		},
		{
			"from": [7.5, 0.5, 7],
			"to": [8.5, 1, 8],
			"rotation": {"angle": 0, "axis": "y", "origin": [15.5, 8.625, 17.5]},
			"faces": {
				"north": {"uv": [8, 15, 9, 15.5], "texture": "#1"},
				"east": {"uv": [8, 15, 9, 15.5], "texture": "#1"},
				"south": {"uv": [8, 15, 9, 15.5], "texture": "#1"},
				"west": {"uv": [8, 15, 9, 15.5], "texture": "#1"},
				"up": {"uv": [8, 15, 9, 15.5], "texture": "#1"},
				"down": {"uv": [8, 15, 9, 15.5], "texture": "#1"}
			}
		},
		{
			"from": [7.5, 0, 5],
			"to": [8.5, 0.5, 6],
			"rotation": {"angle": 0, "axis": "y", "origin": [15.5, 8.125, 15.5]},
			"faces": {
				"north": {"uv": [10, 15.5, 11, 16], "texture": "#1"},
				"east": {"uv": [10, 15.5, 11, 16], "texture": "#1"},
				"south": {"uv": [10, 15.5, 11, 16], "texture": "#1"},
				"west": {"uv": [10, 15.5, 11, 16], "texture": "#1"},
				"up": {"uv": [10, 15.5, 11, 16], "texture": "#1"},
				"down": {"uv": [10, 15.5, 11, 16], "texture": "#1"}
			}
		},
		{
			"from": [7.75, 0.5, 4.5],
			"to": [8.25, 1, 5.5],
			"rotation": {"angle": 0, "axis": "y", "origin": [15.75, 8.625, 15]},
			"faces": {
				"north": {"uv": [10.5, 15, 11, 15.5], "texture": "#1"},
				"east": {"uv": [10.5, 15, 11.5, 15.5], "texture": "#1"},
				"south": {"uv": [10.5, 15, 11, 15.5], "texture": "#1"},
				"west": {"uv": [10.5, 15, 11.5, 15.5], "texture": "#1"},
				"up": {"uv": [10.5, 15, 11.5, 15.5], "texture": "#1"},
				"down": {"uv": [10.5, 15, 11.5, 15.5], "texture": "#1"}
			}
		},
		{
			"from": [7.75, 1, 4],
			"to": [8.25, 1.5, 5],
			"rotation": {"angle": 0, "axis": "y", "origin": [15.75, 9.125, 14.5]},
			"faces": {
				"north": {"uv": [11, 14.5, 11.5, 15], "texture": "#1"},
				"east": {"uv": [11, 14.5, 12, 15], "texture": "#1"},
				"south": {"uv": [11.5, 14.5, 12, 15], "texture": "#1"},
				"west": {"uv": [11, 14.5, 12, 15], "texture": "#1"},
				"up": {"uv": [11, 14.5, 12, 15], "texture": "#1"},
				"down": {"uv": [11, 14.5, 12, 15], "texture": "#1"}
			}
		},
		{
			"from": [7.75, 1.5, 3.5],
			"to": [8.25, 2, 4.5],
			"rotation": {"angle": 0, "axis": "y", "origin": [15.75, 9.625, 14]},
			"faces": {
				"north": {"uv": [11.5, 14, 12, 14.5], "texture": "#1"},
				"east": {"uv": [11.5, 14, 12.5, 14.5], "texture": "#1"},
				"south": {"uv": [12, 14, 12.5, 14.5], "texture": "#1"},
				"west": {"uv": [11.5, 14, 12.5, 14.5], "texture": "#1"},
				"up": {"uv": [11.5, 14, 12.5, 14.5], "texture": "#1"},
				"down": {"uv": [11.5, 14, 12.5, 14.5], "texture": "#1"}
			}
		},
		{
			"from": [7.75, 2, 3],
			"to": [8.25, 2.5, 4],
			"rotation": {"angle": 0, "axis": "y", "origin": [15.75, 10.125, 13.5]},
			"faces": {
				"north": {"uv": [12, 13.5, 12.5, 14], "texture": "#1"},
				"east": {"uv": [12, 13.5, 13, 14], "texture": "#1"},
				"south": {"uv": [12, 13.5, 12.5, 14], "texture": "#1"},
				"west": {"uv": [12, 13.5, 13, 14], "texture": "#1"},
				"up": {"uv": [12, 13.5, 13, 14], "texture": "#1"},
				"down": {"uv": [12, 13.5, 13, 14], "texture": "#1"}
			}
		},
		{
			"from": [7.75, 4.5, 2.5],
			"to": [8.25, 5, 3.5],
			"rotation": {"angle": 0, "axis": "y", "origin": [15.75, 12.625, 13]},
			"faces": {
				"north": {"uv": [13, 11, 13.5, 11.5], "texture": "#1"},
				"east": {"uv": [12.5, 11, 13.5, 11.5], "texture": "#1"},
				"south": {"uv": [12.5, 11, 13, 11.5], "texture": "#1"},
				"west": {"uv": [12.5, 11, 13.5, 11.5], "texture": "#1"},
				"up": {"uv": [12.5, 11, 13.5, 11.5], "rotation": 90, "texture": "#1"},
				"down": {"uv": [12.5, 11, 13.5, 11.5], "rotation": 90, "texture": "#1"}
			}
		},
		{
			"from": [7.75, 5, 3],
			"to": [8.25, 5.5, 4],
			"rotation": {"angle": 0, "axis": "y", "origin": [15.75, 13.125, 13.5]},
			"faces": {
				"north": {"uv": [12, 10.5, 12.5, 11], "texture": "#1"},
				"east": {"uv": [12, 10.5, 13, 11], "texture": "#1"},
				"south": {"uv": [12.5, 10.5, 13, 11], "texture": "#1"},
				"west": {"uv": [12, 10.5, 13, 11], "texture": "#1"},
				"up": {"uv": [12, 10.5, 13, 11], "rotation": 90, "texture": "#1"},
				"down": {"uv": [12, 10.5, 13, 11], "rotation": 90, "texture": "#1"}
			}
		},
		{
			"from": [7.75, 6, 3.5],
			"to": [8.25, 6.5, 4.5],
			"rotation": {"angle": 0, "axis": "y", "origin": [15.75, 14.125, 14]},
			"faces": {
				"north": {"uv": [11.5, 9.5, 12, 10], "texture": "#1"},
				"east": {"uv": [11.5, 9.5, 12.5, 10], "texture": "#1"},
				"south": {"uv": [12, 9.5, 12.5, 10], "texture": "#1"},
				"west": {"uv": [11.5, 9.5, 12.5, 10], "texture": "#1"},
				"up": {"uv": [11.5, 9.5, 12.5, 10], "texture": "#1"},
				"down": {"uv": [11.5, 9.5, 12.5, 10], "texture": "#1"}
			}
		},
		{
			"from": [7.75, 6.5, 4],
			"to": [8.25, 7.5, 5],
			"rotation": {"angle": 0, "axis": "y", "origin": [15.75, 14.625, 14.5]},
			"faces": {
				"north": {"uv": [11, 8.5, 11.5, 9.5], "texture": "#1"},
				"east": {"uv": [11, 8.5, 12, 9.5], "texture": "#1"},
				"south": {"uv": [11.5, 8.5, 12, 9.5], "texture": "#1"},
				"west": {"uv": [11.5, 9.5, 12.5, 10], "texture": "#1"},
				"up": {"uv": [11, 8.5, 12, 9], "rotation": 90, "texture": "#1"},
				"down": {"uv": [11, 9, 12, 9.5], "rotation": 90, "texture": "#1"}
			}
		},
		{
			"from": [7.75, 7.5, 4.5],
			"to": [8.25, 8.5, 5.5],
			"rotation": {"angle": 0, "axis": "y", "origin": [15.75, 15.625, 15]},
			"faces": {
				"north": {"uv": [10.5, 7.5, 11, 8.5], "texture": "#1"},
				"east": {"uv": [10.5, 7.5, 11.5, 8.5], "texture": "#1"},
				"south": {"uv": [11, 7.5, 11.5, 8.5], "texture": "#1"},
				"west": {"uv": [10.5, 7.5, 11.5, 8.5], "texture": "#1"},
				"up": {"uv": [11, 8.5, 12, 9], "rotation": 90, "texture": "#1"},
				"down": {"uv": [11, 9, 12, 9.5], "rotation": 90, "texture": "#1"}
			}
		},
		{
			"from": [7.75, 5.5, 3],
			"to": [8.25, 6, 5],
			"rotation": {"angle": 0, "axis": "y", "origin": [15.75, 13.625, 13.5]},
			"faces": {
				"north": {"uv": [11, 10, 11.5, 10.5], "texture": "#1"},
				"east": {"uv": [11, 10, 13, 10.5], "texture": "#1"},
				"south": {"uv": [12.5, 10, 13, 10.5], "texture": "#1"},
				"west": {"uv": [11, 10, 13, 10.5], "texture": "#1"},
				"up": {"uv": [11, 10, 13, 10.5], "rotation": 90, "texture": "#1"},
				"down": {"uv": [11, 10, 13, 10.5], "rotation": 90, "texture": "#1"}
			}
		},
		{
			"from": [7.75, 2.5, 3],
			"to": [8.25, 3, 3.5],
			"rotation": {"angle": 0, "axis": "y", "origin": [15.75, 10.625, 13]},
			"faces": {
				"north": {"uv": [12.5, 13, 13, 13.5], "texture": "#1"},
				"east": {"uv": [12.5, 13, 13, 13.5], "texture": "#1"},
				"south": {"uv": [12.5, 13, 13, 13.5], "texture": "#1"},
				"west": {"uv": [12.5, 13, 13, 13.5], "texture": "#1"},
				"up": {"uv": [12.5, 13, 13, 13.5], "texture": "#1"},
				"down": {"uv": [12.5, 13, 13, 13.5], "texture": "#1"}
			}
		},
		{
			"from": [7.75, 2.5, 2],
			"to": [8.25, 4.5, 3],
			"rotation": {"angle": 0, "axis": "y", "origin": [15.75, 11.125, 13]},
			"faces": {
				"north": {"uv": [13.5, 11.5, 14, 13.5], "texture": "#1"},
				"east": {"uv": [13, 11.5, 14, 13.5], "texture": "#1"},
				"south": {"uv": [13, 11.5, 13.5, 13.5], "texture": "#1"},
				"west": {"uv": [13, 11.5, 14, 13.5], "texture": "#1"},
				"up": {"uv": [13, 11.5, 13.5, 12.5], "rotation": 180, "texture": "#1"},
				"down": {"uv": [13, 13, 14, 13.5], "rotation": 90, "texture": "#1"}
			}
		},
		{
			"from": [7.75, 0.5, 8.5],
			"to": [8.25, 2.5, 9],
			"rotation": {"angle": 0, "axis": "y", "origin": [15.75, 8.625, 18.5]},
			"faces": {
				"north": {"uv": [7, 13.5, 7.5, 15.5], "texture": "#1"},
				"east": {"uv": [7, 13.5, 7.5, 15.5], "texture": "#1"},
				"south": {"uv": [7, 13.5, 7.5, 15.5], "texture": "#1"},
				"west": {"uv": [7, 13.5, 7.5, 15.5], "texture": "#1"},
				"up": {"uv": [7, 13.5, 7.5, 14], "texture": "#1"},
				"down": {"uv": [7, 15, 7.5, 15.5], "texture": "#1"}
			}
		},
		{
			"from": [7.75, 2, 8],
			"to": [8.25, 3.5, 8.5],
			"rotation": {"angle": 0, "axis": "y", "origin": [15.75, 9.625, 18]},
			"faces": {
				"north": {"uv": [7.5, 12.5, 8, 14], "texture": "#1"},
				"east": {"uv": [7.5, 12.5, 8, 14], "texture": "#1"},
				"south": {"uv": [7.5, 12.5, 8, 14], "texture": "#1"},
				"west": {"uv": [7.5, 12.5, 8, 14], "texture": "#1"},
				"up": {"uv": [7.5, 12.5, 8, 13], "texture": "#1"},
				"down": {"uv": [7.5, 12.5, 8, 13], "texture": "#1"}
			}
		},
		{
			"from": [7.75, 2.5, 7.5],
			"to": [8.25, 4, 8],
			"rotation": {"angle": 0, "axis": "y", "origin": [15.75, 10.125, 17.5]},
			"faces": {
				"north": {"uv": [8, 12, 8.5, 13.5], "texture": "#1"},
				"east": {"uv": [8, 12, 8.5, 13.5], "texture": "#1"},
				"south": {"uv": [8, 12, 8.5, 13.5], "texture": "#1"},
				"west": {"uv": [8, 12, 8.5, 13.5], "texture": "#1"},
				"up": {"uv": [8, 12, 8.5, 12.5], "texture": "#1"},
				"down": {"uv": [8, 13, 8.5, 13.5], "texture": "#1"}
			}
		},
		{
			"from": [7.75, 3.5, 7],
			"to": [8.25, 6.5, 7.5],
			"rotation": {"angle": 0, "axis": "y", "origin": [15.75, 11.125, 17]},
			"faces": {
				"north": {"uv": [8.5, 9.5, 9, 12.5], "texture": "#1"},
				"east": {"uv": [8.5, 9.5, 9, 12.5], "texture": "#1"},
				"south": {"uv": [8.5, 9.5, 9, 12.5], "texture": "#1"},
				"west": {"uv": [8.5, 9.5, 9, 12.5], "texture": "#1"},
				"up": {"uv": [8.5, 9.5, 9, 10], "texture": "#1"},
				"down": {"uv": [8.5, 12, 9, 12.5], "texture": "#1"}
			}
		},
		{
			"from": [7.5, 1.5, 9.5],
			"to": [8, 2, 10],
			"rotation": {"angle": 0, "axis": "y", "origin": [15.5, 8.625, 19.5]},
			"faces": {
				"north": {"uv": [6, 14, 6.5, 14.5], "texture": "#1"},
				"east": {"uv": [6, 14, 6.5, 14.5], "texture": "#1"},
				"south": {"uv": [6, 14, 6.5, 14.5], "texture": "#1"},
				"west": {"uv": [6, 14, 6.5, 14.5], "texture": "#1"},
				"up": {"uv": [6, 14, 6.5, 14.5], "texture": "#1"},
				"down": {"uv": [6, 14, 6.5, 14.5], "texture": "#1"}
			}
		},
		{
			"from": [7.75, 1, 9],
			"to": [8.25, 2, 9.5],
			"rotation": {"angle": 0, "axis": "y", "origin": [15.75, 8.625, 19]},
			"faces": {
				"north": {"uv": [6.5, 14, 7, 15], "texture": "#1"},
				"east": {"uv": [6.5, 14, 7, 15], "texture": "#1"},
				"south": {"uv": [6.5, 14, 7, 15], "texture": "#1"},
				"west": {"uv": [6.5, 14, 7, 15], "texture": "#1"},
				"up": {"uv": [6.5, 14, 7, 15], "texture": "#1"},
				"down": {"uv": [6.5, 14, 7, 15], "texture": "#1"}
			}
		},
		{
			"from": [7.75, 1.5, 9.5],
			"to": [8.25, 2, 10],
			"rotation": {"angle": 0, "axis": "y", "origin": [15.625, 9.125, 19.5]},
			"faces": {
				"north": {"uv": [6, 14, 6.5, 14.5], "texture": "#1"},
				"east": {"uv": [6, 14, 6.5, 14.5], "texture": "#1"},
				"south": {"uv": [6, 14, 6.5, 14.5], "texture": "#1"},
				"west": {"uv": [6, 14, 6.5, 14.5], "texture": "#1"},
				"up": {"uv": [6, 14, 6.5, 14.5], "texture": "#1"},
				"down": {"uv": [6, 14, 6.5, 14.5], "texture": "#1"}
			}
		},
		{
			"from": [7.75, 3.5, 8.5],
			"to": [8.25, 4, 9],
			"rotation": {"angle": 0, "axis": "y", "origin": [15.625, 11.125, 18.5]},
			"faces": {
				"north": {"uv": [7, 12, 7.5, 12.5], "texture": "#1"},
				"east": {"uv": [7, 12, 7.5, 12.5], "texture": "#1"},
				"south": {"uv": [7, 12, 7.5, 12.5], "texture": "#1"},
				"west": {"uv": [7, 12, 7.5, 12.5], "texture": "#1"},
				"up": {"uv": [7, 12, 7.5, 12.5], "texture": "#1"},
				"down": {"uv": [7, 12, 7.5, 12.5], "texture": "#1"}
			}
		},
		{
			"from": [7.75, 3, 6.5],
			"to": [8.25, 3.5, 7],
			"rotation": {"angle": 0, "axis": "y", "origin": [15.625, 10.625, 16.5]},
			"faces": {
				"north": {"uv": [9, 12.5, 9.5, 13], "texture": "#1"},
				"east": {"uv": [9, 12.5, 9.5, 13], "texture": "#1"},
				"south": {"uv": [9, 12.5, 9.5, 13], "texture": "#1"},
				"west": {"uv": [9, 12.5, 9.5, 13], "texture": "#1"},
				"up": {"uv": [9, 12.5, 9.5, 13], "texture": "#1"},
				"down": {"uv": [9, 12.5, 9.5, 13], "texture": "#1"}
			}
		},
		{
			"from": [7.75, 1.5, 6],
			"to": [8.25, 2, 6.5],
			"rotation": {"angle": 0, "axis": "y", "origin": [15.625, 9.125, 16]},
			"faces": {
				"north": {"uv": [9.5, 14, 10, 14.5], "texture": "#1"},
				"east": {"uv": [9.5, 14, 10, 14.5], "texture": "#1"},
				"south": {"uv": [9.5, 14, 10, 14.5], "texture": "#1"},
				"west": {"uv": [9.5, 14, 10, 14.5], "texture": "#1"},
				"up": {"uv": [9.5, 14, 10, 14.5], "texture": "#1"},
				"down": {"uv": [9.5, 14, 10, 14.5], "texture": "#1"}
			}
		},
		{
			"from": [7.75, 1, 5.5],
			"to": [8.25, 1.5, 6],
			"rotation": {"angle": 0, "axis": "y", "origin": [15.625, 8.625, 15.5]},
			"faces": {
				"north": {"uv": [10, 14.5, 10.5, 15], "texture": "#1"},
				"east": {"uv": [10, 14.5, 10.5, 15], "texture": "#1"},
				"south": {"uv": [10, 14.5, 10.5, 15], "texture": "#1"},
				"west": {"uv": [10, 14.5, 10.5, 15], "texture": "#1"},
				"up": {"uv": [10, 14.5, 10.5, 15], "texture": "#1"},
				"down": {"uv": [10, 14.5, 10.5, 15], "texture": "#1"}
			}
		},
		{
			"from": [7.75, 2.5, 4],
			"to": [8.25, 3, 4.5],
			"rotation": {"angle": 0, "axis": "y", "origin": [15.625, 10.125, 14]},
			"faces": {
				"north": {"uv": [11.5, 13, 12, 13.5], "texture": "#1"},
				"east": {"uv": [11.5, 13, 12, 13.5], "texture": "#1"},
				"south": {"uv": [11.5, 13, 12, 13.5], "texture": "#1"},
				"west": {"uv": [11.5, 13, 12, 13.5], "texture": "#1"},
				"up": {"uv": [11.5, 13, 12, 13.5], "texture": "#1"},
				"down": {"uv": [11.5, 13, 12, 13.5], "texture": "#1"}
			}
		},
		{
			"from": [7.75, 3.5, 1.5],
			"to": [8.25, 4, 2],
			"rotation": {"angle": 0, "axis": "y", "origin": [15.625, 11.125, 11.5]},
			"faces": {
				"north": {"uv": [14, 12, 14.5, 12.5], "texture": "#1"},
				"east": {"uv": [14, 12, 14.5, 12.5], "texture": "#1"},
				"south": {"uv": [14, 12, 14.5, 12.5], "texture": "#1"},
				"west": {"uv": [14, 12, 14.5, 12.5], "texture": "#1"},
				"up": {"uv": [14, 12, 14.5, 12.5], "texture": "#1"},
				"down": {"uv": [14, 12, 14.5, 12.5], "texture": "#1"}
			}
		},
		{
			"from": [7.75, 4, 1],
			"to": [8.25, 4.5, 1.5],
			"rotation": {"angle": 0, "axis": "y", "origin": [15.625, 11.625, 11]},
			"faces": {
				"north": {"uv": [14.5, 11.5, 15, 12], "texture": "#1"},
				"east": {"uv": [14.5, 11.5, 15, 12], "texture": "#1"},
				"south": {"uv": [14.5, 11.5, 15, 12], "texture": "#1"},
				"west": {"uv": [14.5, 11.5, 15, 12], "texture": "#1"},
				"up": {"uv": [14.5, 11.5, 15, 12], "texture": "#1"},
				"down": {"uv": [14.5, 11.5, 15, 12], "texture": "#1"}
			}
		},
		{
			"from": [7.75, 6, 5],
			"to": [8.25, 6.5, 5.5],
			"rotation": {"angle": 0, "axis": "y", "origin": [15.625, 13.625, 15]},
			"faces": {
				"north": {"uv": [10.5, 9.5, 11, 10], "texture": "#1"},
				"east": {"uv": [10.5, 9.5, 11, 10], "texture": "#1"},
				"south": {"uv": [10.5, 9.5, 11, 10], "texture": "#1"},
				"west": {"uv": [10.5, 9.5, 11, 10], "texture": "#1"},
				"up": {"uv": [10.5, 9.5, 11, 10], "texture": "#1"},
				"down": {"uv": [10.5, 9.5, 11, 10], "texture": "#1"}
			}
		},
		{
			"from": [7.75, 4, 6.5],
			"to": [8.25, 4.5, 7],
			"rotation": {"angle": 0, "axis": "y", "origin": [15.625, 11.625, 16.5]},
			"faces": {
				"north": {"uv": [9, 11.5, 9.5, 12], "texture": "#1"},
				"east": {"uv": [9, 11.5, 9.5, 12], "texture": "#1"},
				"south": {"uv": [9, 11.5, 9.5, 12], "texture": "#1"},
				"west": {"uv": [9, 11.5, 9.5, 12], "texture": "#1"},
				"up": {"uv": [9, 11.5, 9.5, 12], "texture": "#1"},
				"down": {"uv": [9, 11.5, 9.5, 12], "texture": "#1"}
			}
		},
		{
			"from": [7.75, 4.5, 6],
			"to": [8.25, 5, 6.5],
			"rotation": {"angle": 0, "axis": "y", "origin": [15.625, 12.125, 16]},
			"faces": {
				"north": {"uv": [9.5, 11, 10, 11.5], "texture": "#1"},
				"east": {"uv": [9.5, 11, 10, 11.5], "texture": "#1"},
				"south": {"uv": [9.5, 11, 10, 11.5], "texture": "#1"},
				"west": {"uv": [9.5, 11, 10, 11.5], "texture": "#1"},
				"up": {"uv": [9.5, 11, 10, 11.5], "texture": "#1"},
				"down": {"uv": [9.5, 11, 10, 11.5], "texture": "#1"}
			}
		},
		{
			"from": [7.75, 5.5, 6.5],
			"to": [8.25, 6, 7],
			"rotation": {"angle": 0, "axis": "y", "origin": [15.625, 13.125, 16.5]},
			"faces": {
				"north": {"uv": [9, 10, 9.5, 10.5], "texture": "#1"},
				"east": {"uv": [9, 10, 9.5, 10.5], "texture": "#1"},
				"south": {"uv": [9, 10, 9.5, 10.5], "texture": "#1"},
				"west": {"uv": [9, 10, 9.5, 10.5], "texture": "#1"},
				"up": {"uv": [9, 10, 9.5, 10.5], "texture": "#1"},
				"down": {"uv": [9, 10, 9.5, 10.5], "texture": "#1"}
			}
		},
		{
			"from": [7.75, 5.5, 7.5],
			"to": [8.25, 6.5, 8],
			"rotation": {"angle": 0, "axis": "y", "origin": [15.625, 13.125, 17.5]},
			"faces": {
				"north": {"uv": [8, 9.5, 8.5, 10.5], "texture": "#1"},
				"east": {"uv": [8, 9.5, 8.5, 10.5], "texture": "#1"},
				"south": {"uv": [8, 9.5, 8.5, 10.5], "texture": "#1"},
				"west": {"uv": [8, 9.5, 8.5, 10.5], "texture": "#1"},
				"up": {"uv": [8, 9.5, 8.5, 10], "texture": "#1"},
				"down": {"uv": [8, 10, 8.5, 10.5], "texture": "#1"}
			}
		},
		{
			"from": [7.75, 3.5, 9.5],
			"to": [8.25, 4, 10],
			"rotation": {"angle": 0, "axis": "y", "origin": [15.625, 11.125, 19.5]},
			"faces": {
				"north": {"uv": [6, 12, 6.5, 12.5], "texture": "#1"},
				"east": {"uv": [6, 12, 6.5, 12.5], "texture": "#1"},
				"south": {"uv": [6, 12, 6.5, 12.5], "texture": "#1"},
				"west": {"uv": [6, 12, 6.5, 12.5], "texture": "#1"},
				"up": {"uv": [6, 12, 6.5, 12.5], "texture": "#1"},
				"down": {"uv": [6, 12, 6.5, 12.5], "texture": "#1"}
			}
		},
		{
			"from": [7.75, 5.5, 11.5],
			"to": [8.25, 6, 12],
			"rotation": {"angle": 0, "axis": "y", "origin": [15.625, 13.125, 21.5]},
			"faces": {
				"north": {"uv": [4, 10, 4.5, 10.5], "texture": "#1"},
				"east": {"uv": [4, 10, 4.5, 10.5], "texture": "#1"},
				"south": {"uv": [4, 10, 4.5, 10.5], "texture": "#1"},
				"west": {"uv": [4, 10, 4.5, 10.5], "texture": "#1"},
				"up": {"uv": [4, 10, 4.5, 10.5], "texture": "#1"},
				"down": {"uv": [4, 10, 4.5, 10.5], "texture": "#1"}
			}
		},
		{
			"from": [7.75, 7, 11.5],
			"to": [8.25, 7.5, 12],
			"rotation": {"angle": 0, "axis": "y", "origin": [15.625, 14.625, 21.5]},
			"faces": {
				"north": {"uv": [4, 8.5, 4.5, 9], "texture": "#1"},
				"east": {"uv": [4, 8.5, 4.5, 9], "texture": "#1"},
				"south": {"uv": [4, 8.5, 4.5, 9], "texture": "#1"},
				"west": {"uv": [4, 8.5, 4.5, 9], "texture": "#1"},
				"up": {"uv": [4, 8.5, 4.5, 9], "texture": "#1"},
				"down": {"uv": [4, 8.5, 4.5, 9], "texture": "#1"}
			}
		},
		{
			"from": [7.75, 6.5, 13],
			"to": [8.25, 7, 13.5],
			"rotation": {"angle": 0, "axis": "y", "origin": [15.625, 14.125, 23]},
			"faces": {
				"north": {"uv": [2.5, 9, 3, 9.5], "texture": "#1"},
				"east": {"uv": [2.5, 9, 3, 9.5], "texture": "#1"},
				"south": {"uv": [2.5, 9, 3, 9.5], "texture": "#1"},
				"west": {"uv": [2.5, 9, 3, 9.5], "texture": "#1"},
				"up": {"uv": [2.5, 9, 3, 9.5], "texture": "#1"},
				"down": {"uv": [2.5, 9, 3, 9.5], "texture": "#1"}
			}
		},
		{
			"from": [7.75, 11, 9],
			"to": [8.25, 11.5, 9.5],
			"rotation": {"angle": 0, "axis": "y", "origin": [15.625, 18.625, 19]},
			"faces": {
				"north": {"uv": [6.5, 4.5, 7, 5], "texture": "#1"},
				"east": {"uv": [6.5, 4.5, 7, 5], "texture": "#1"},
				"south": {"uv": [6.5, 4.5, 7, 5], "texture": "#1"},
				"west": {"uv": [6.5, 4.5, 7, 5], "texture": "#1"},
				"up": {"uv": [6.5, 4.5, 7, 5], "texture": "#1"},
				"down": {"uv": [6.5, 4.5, 7, 5], "texture": "#1"}
			}
		},
		{
			"from": [7.75, 6.5, 13],
			"to": [8.25, 7, 13.5],
			"rotation": {"angle": 0, "axis": "y", "origin": [15.625, 14.125, 23]},
			"faces": {
				"north": {"uv": [2.5, 8.5, 3, 9], "texture": "#1"},
				"east": {"uv": [2.5, 8.5, 3, 9], "texture": "#1"},
				"south": {"uv": [2.5, 8.5, 3, 9], "texture": "#1"},
				"west": {"uv": [2.5, 8.5, 3, 9], "texture": "#1"},
				"up": {"uv": [2.5, 8.5, 3, 9], "texture": "#1"},
				"down": {"uv": [2.5, 8.5, 3, 9], "texture": "#1"}
			}
		},
		{
			"from": [7.5, 4.125, 9.5],
			"to": [8, 4.625, 10.5],
			"rotation": {"angle": 0, "axis": "y", "origin": [15.375, 11.75, 19.5]},
			"faces": {
				"north": {"uv": [6, 14, 6.5, 14.5], "texture": "#1"},
				"east": {"uv": [7, 12, 7.5, 12.5], "texture": "#1"},
				"south": {"uv": [6, 14, 6.5, 14.5], "texture": "#1"},
				"west": {"uv": [6, 14, 6.5, 14.5], "texture": "#1"},
				"up": {"uv": [6, 14, 6.5, 14.5], "texture": "#1"},
				"down": {"uv": [6, 14, 6.5, 14.5], "texture": "#1"}
			}
		},
		{
			"from": [7.64286, 5, 11],
			"to": [8.14286, 5.5, 12],
			"rotation": {"angle": 0, "axis": "y", "origin": [15.51786, 12.625, 21]},
			"faces": {
				"north": {"uv": [4, 10.5, 4.5, 11], "texture": "#1"},
				"east": {"uv": [4, 10.5, 5, 11], "texture": "#1"},
				"south": {"uv": [4, 10.5, 4.5, 11], "texture": "#1"},
				"west": {"uv": [4, 10.5, 5, 11], "texture": "#1"},
				"up": {"uv": [4, 10.5, 5, 11], "texture": "#1"},
				"down": {"uv": [4, 10.5, 5, 11], "texture": "#1"}
			}
		},
		{
			"from": [7.64286, 9, 7.5],
			"to": [8.14286, 9.5, 9],
			"rotation": {"angle": 0, "axis": "y", "origin": [15.51786, 16.625, 18]},
			"faces": {
				"north": {"uv": [8, 6.5, 8.5, 7], "texture": "#1"},
				"east": {"uv": [7, 6.5, 8.5, 7], "texture": "#1"},
				"south": {"uv": [4, 10.5, 4.5, 11], "texture": "#1"},
				"west": {"uv": [7, 6.5, 8.5, 7], "texture": "#1"},
				"up": {"uv": [7, 6.5, 8.5, 7], "texture": "#1"},
				"down": {"uv": [7, 6.5, 8.5, 7], "texture": "#1"}
			}
		},
		{
			"from": [7.64286, 9.5, 8.5],
			"to": [8.14286, 10, 9.5],
			"rotation": {"angle": 0, "axis": "y", "origin": [15.51786, 17.125, 18.375]},
			"faces": {
				"north": {"uv": [6.5, 6, 7.5, 6.5], "texture": "#1"},
				"east": {"uv": [6.5, 6, 7.5, 6.5], "texture": "#1"},
				"south": {"uv": [6.5, 6, 7.5, 6.5], "texture": "#1"},
				"west": {"uv": [6.5, 6, 7.5, 6.5], "texture": "#1"},
				"up": {"uv": [6.5, 6, 7.5, 6.5], "rotation": 270, "texture": "#1"},
				"down": {"uv": [6.5, 6, 7.5, 6.5], "rotation": 90, "texture": "#1"}
			}
		},
		{
			"from": [7.64286, 10, 9.5],
			"to": [8.14286, 11, 10],
			"rotation": {"angle": 0, "axis": "y", "origin": [15.51786, 17.125, 18.75]},
			"faces": {
				"north": {"uv": [6, 5, 6.5, 6], "texture": "#1"},
				"east": {"uv": [6, 5, 6.5, 6], "texture": "#1"},
				"south": {"uv": [6, 5, 6.5, 6], "texture": "#1"},
				"west": {"uv": [6, 5, 6.5, 6], "texture": "#1"},
				"up": {"uv": [6, 5, 6.5, 5.5], "texture": "#1"},
				"down": {"uv": [6, 5, 6.5, 5.5], "texture": "#1"}
			}
		},
		{
			"from": [7.64286, 9.5, 7],
			"to": [8.14286, 10, 8],
			"rotation": {"angle": 0, "axis": "y", "origin": [15.51786, 17.125, 16.875]},
			"faces": {
				"north": {"uv": [8, 6, 9, 6.5], "texture": "#1"},
				"east": {"uv": [8, 6, 9, 6.5], "texture": "#1"},
				"south": {"uv": [8, 6, 9, 6.5], "texture": "#1"},
				"west": {"uv": [8, 6, 9, 6.5], "texture": "#1"},
				"up": {"uv": [8, 6, 9, 6.5], "rotation": 90, "texture": "#1"},
				"down": {"uv": [8, 6, 9, 6.5], "rotation": 90, "texture": "#1"}
			}
		},
		{
			"from": [7.64286, 8.5, 5],
			"to": [8.14286, 9, 6],
			"rotation": {"angle": 0, "axis": "y", "origin": [15.51786, 16.125, 14.875]},
			"faces": {
				"north": {"uv": [10, 7, 10.5, 7.5], "texture": "#1"},
				"east": {"uv": [10, 7, 11, 7.5], "texture": "#1"},
				"south": {"uv": [10, 7, 10.5, 7.5], "texture": "#1"},
				"west": {"uv": [10, 7, 11, 7.5], "texture": "#1"},
				"up": {"uv": [10, 7, 11, 7.5], "texture": "#1"},
				"down": {"uv": [10, 7, 11, 7.5], "texture": "#1"}
			}
		},
		{
			"from": [7.64286, 4, 9.5],
			"to": [8.14286, 4.5, 10.5],
			"rotation": {"angle": 0, "axis": "y", "origin": [15.51786, 11.625, 19.5]},
			"faces": {
				"north": {"uv": [5.5, 11.5, 6, 12], "texture": "#1"},
				"east": {"uv": [5.5, 11.5, 6.5, 12], "texture": "#1"},
				"south": {"uv": [5.5, 11.5, 6, 12], "texture": "#1"},
				"west": {"uv": [5.5, 11.5, 6.5, 12], "texture": "#1"},
				"up": {"uv": [5.5, 11.5, 6.5, 12], "texture": "#1"},
				"down": {"uv": [5.5, 11.5, 6.5, 12], "texture": "#1"}
			}
		},
		{
			"from": [7.64286, 4.5, 10.5],
			"to": [8.14286, 6, 11],
			"rotation": {"angle": 0, "axis": "y", "origin": [15.51786, 11.625, 20]},
			"faces": {
				"north": {"uv": [5, 10, 5.5, 11.5], "texture": "#1"},
				"east": {"uv": [5, 10, 5.5, 11.5], "texture": "#1"},
				"south": {"uv": [5, 10, 5.5, 11.5], "texture": "#1"},
				"west": {"uv": [5, 10, 5.5, 11.5], "texture": "#1"},
				"up": {"uv": [5, 10, 5.5, 10.5], "texture": "#1"},
				"down": {"uv": [5, 10, 5.5, 11.5], "texture": "#1"}
			}
		},
		{
			"from": [7.64286, 6, 12],
			"to": [8.14286, 7, 12.5],
			"rotation": {"angle": 0, "axis": "y", "origin": [15.51786, 12.625, 21.5]},
			"faces": {
				"north": {"uv": [3.5, 9, 4, 10], "texture": "#1"},
				"east": {"uv": [3.5, 9, 4, 10], "texture": "#1"},
				"south": {"uv": [3.5, 9, 4, 10], "texture": "#1"},
				"west": {"uv": [3.5, 9, 4, 10], "texture": "#1"},
				"up": {"uv": [3.5, 9, 4, 9.5], "texture": "#1"},
				"down": {"uv": [3.5, 9.5, 4, 10], "texture": "#1"}
			}
		},
		{
			"from": [7.64286, 6.5, 12.5],
			"to": [8.14286, 8, 13],
			"rotation": {"angle": 0, "axis": "y", "origin": [15.51786, 13.625, 22]},
			"faces": {
				"north": {"uv": [3, 8, 3.5, 9.5], "texture": "#1"},
				"east": {"uv": [3, 8, 3.5, 9.5], "texture": "#1"},
				"south": {"uv": [3, 8, 3.5, 9.5], "texture": "#1"},
				"west": {"uv": [3, 8, 3.5, 9.5], "texture": "#1"},
				"up": {"uv": [3, 8, 3.5, 8.5], "texture": "#1"},
				"down": {"uv": [3, 8, 3.5, 8.5], "texture": "#1"}
			}
		},
		{
			"from": [7.75, 2.5, 9],
			"to": [8.25, 3.5, 9.5],
			"rotation": {"angle": 0, "axis": "y", "origin": [15.625, 10.75, 19]},
			"faces": {
				"north": {"uv": [6.5, 12.5, 7, 13.5], "texture": "#1"},
				"east": {"uv": [6.5, 12.5, 7, 13.5], "texture": "#1"},
				"south": {"uv": [6.5, 12.5, 7, 13.5], "texture": "#1"},
				"west": {"uv": [6.5, 12.5, 7, 13.5], "texture": "#1"},
				"up": {"uv": [6.5, 12.5, 7, 13], "texture": "#1"},
				"down": {"uv": [6.5, 12.5, 7, 13], "texture": "#1"}
			}
		},
		{
			"from": [7.44937, 0, 6.73327],
			"to": [9.94937, 0.5, 9.23327],
			"rotation": {"angle": 0, "axis": "y", "origin": [17.94937, 8.125, 1.23327]},
			"faces": {
				"north": {"uv": [6, 15.5, 8.5, 16], "texture": "#1"},
				"east": {"uv": [6, 15.5, 8.5, 16], "texture": "#1"},
				"south": {"uv": [6, 15.5, 8.5, 16], "texture": "#1"},
				"west": {"uv": [6, 15.5, 8.5, 16], "texture": "#1"},
				"up": {"uv": [6, 15.5, 8.5, 16], "rotation": 270, "texture": "#1"},
				"down": {"uv": [6, 15.5, 8.5, 16], "rotation": 90, "texture": "#1"}
			}
		},
		{
			"from": [10.94937, 0, 6.23327],
			"to": [14.44937, 0.5, 9.73327],
			"rotation": {"angle": 0, "axis": "y", "origin": [21.57437, 8.125, 1.73327]},
			"faces": {
				"north": {"uv": [1.5, 15.5, 4.875, 16], "texture": "#1"},
				"east": {"uv": [1.5, 15.5, 4.875, 16], "texture": "#1"},
				"south": {"uv": [1.5, 15.5, 4.875, 16], "texture": "#1"},
				"west": {"uv": [1.5, 15.5, 4.875, 16], "texture": "#1"},
				"up": {"uv": [1.5, 15.5, 4.875, 16], "rotation": 270, "texture": "#1"},
				"down": {"uv": [1.5, 15.5, 4.875, 16], "rotation": 90, "texture": "#1"}
			}
		},
		{
			"from": [10.44937, 0.5, 5.98327],
			"to": [14.44937, 1, 9.98327],
			"rotation": {"angle": 0, "axis": "y", "origin": [21.57437, 8.625, 1.98327]},
			"faces": {
				"north": {"uv": [1.5, 15, 5.5, 15.5], "texture": "#1"},
				"east": {"uv": [1.5, 15, 5.5, 15.5], "texture": "#1"},
				"south": {"uv": [1.5, 15, 5.5, 15.5], "texture": "#1"},
				"west": {"uv": [1.5, 15, 5.5, 15.5], "texture": "#1"},
				"up": {"uv": [1.5, 15.5, 4.875, 16], "rotation": 270, "texture": "#1"},
				"down": {"uv": [1.5, 15.5, 4.875, 16], "rotation": 90, "texture": "#1"}
			}
		},
		{
			"from": [10.44937, 1, 5.73327],
			"to": [14.94937, 2, 10.23327],
			"rotation": {"angle": 0, "axis": "y", "origin": [21.57437, 9.125, 2.23327]},
			"faces": {
				"north": {"uv": [1, 14, 5.5, 15], "texture": "#1"},
				"east": {"uv": [1, 14, 5.5, 15], "texture": "#1"},
				"south": {"uv": [1, 14, 5.5, 15], "texture": "#1"},
				"west": {"uv": [1, 14, 5.5, 15], "texture": "#1"},
				"up": {"uv": [1.5, 13.5, 5, 16], "rotation": 270, "texture": "#1"},
				"down": {"uv": [1.5, 15.5, 4.875, 16], "rotation": 90, "texture": "#1"}
			}
		},
		{
			"from": [10.44937, 2, 6.23327],
			"to": [14.44937, 2.5, 9.73327],
			"rotation": {"angle": 0, "axis": "y", "origin": [21.57437, 10.125, 1.73327]},
			"faces": {
				"north": {"uv": [1.5, 13.5, 5.5, 14], "texture": "#1"},
				"east": {"uv": [1.5, 13.5, 5.5, 14], "texture": "#1"},
				"south": {"uv": [1.5, 13.5, 5.5, 14], "texture": "#1"},
				"west": {"uv": [1.5, 13.5, 5.5, 14], "texture": "#1"},
				"up": {"uv": [1.5, 13.5, 4.5, 16], "rotation": 270, "texture": "#1"},
				"down": {"uv": [1.5, 15.5, 4.875, 16], "rotation": 90, "texture": "#1"}
			}
		},
		{
			"from": [7.94937, 5.5, 7.48327],
			"to": [8.94937, 6, 8.48327],
			"rotation": {"angle": 0, "axis": "y", "origin": [18.07437, 14, 0.48327]},
			"faces": {
				"north": {"uv": [7, 10, 8, 10.5], "texture": "#1"},
				"east": {"uv": [7, 10, 8, 10.5], "texture": "#1"},
				"south": {"uv": [7, 10, 8, 10.5], "texture": "#1"},
				"west": {"uv": [7, 10, 8, 10.5], "texture": "#1"},
				"up": {"uv": [7, 10, 8, 10.5], "rotation": 270, "texture": "#1"},
				"down": {"uv": [7, 10, 8, 10.5], "rotation": 90, "texture": "#1"}
			}
		},
		{
			"from": [11.44937, 2.5, 6.73327],
			"to": [13.94937, 3, 9.23327],
			"rotation": {"angle": 0, "axis": "y", "origin": [21.57437, 10.625, 1.23327]},
			"faces": {
				"north": {"uv": [2, 13, 4.5, 13.5], "texture": "#1"},
				"east": {"uv": [2, 13, 4.5, 13.5], "texture": "#1"},
				"south": {"uv": [2, 13, 4.5, 13.5], "texture": "#1"},
				"west": {"uv": [2, 13, 4.5, 13.5], "texture": "#1"},
				"up": {"uv": [2, 13, 4.5, 15.5], "rotation": 270, "texture": "#1"},
				"down": {"uv": [2, 13, 4.5, 15.5], "rotation": 90, "texture": "#1"}
			}
		},
		{
			"from": [12.44937, 8, 7.23327],
			"to": [13.94937, 8.5, 8.73327],
			"rotation": {"angle": 0, "axis": "y", "origin": [21.57437, 16.125, 0.73327]},
			"faces": {
				"north": {"uv": [2, 7.5, 3.5, 8], "texture": "#1"},
				"east": {"uv": [2, 13, 4.5, 13.5], "texture": "#1"},
				"south": {"uv": [2, 13, 4.5, 13.5], "texture": "#1"},
				"west": {"uv": [2, 13, 4.5, 13.5], "texture": "#1"},
				"up": {"uv": [2, 13, 4.5, 15.5], "rotation": 270, "texture": "#1"},
				"down": {"uv": [2, 13, 4.5, 15.5], "rotation": 90, "texture": "#1"}
			}
		},
		{
			"from": [6.82437, 11.125, 6.98327],
			"to": [8.82437, 11.625, 8.98327],
			"rotation": {"angle": 0, "axis": "y", "origin": [16.44937, 19.25, 0.98327]},
			"faces": {
				"north": {"uv": [7, 4.5, 9, 5], "texture": "#1"},
				"east": {"uv": [7, 4.5, 9, 5], "texture": "#1"},
				"south": {"uv": [7, 4.5, 9, 5], "texture": "#1"},
				"west": {"uv": [7, 4.5, 9, 5], "texture": "#1"},
				"up": {"uv": [7, 4.5, 9, 5], "rotation": 270, "texture": "#1"},
				"down": {"uv": [7, 4.5, 9, 5], "rotation": 90, "texture": "#1"}
			}
		},
		{
			"from": [2.94937, 8.125, 7.23327],
			"to": [4.44937, 8.625, 8.73327],
			"rotation": {"angle": 0, "axis": "y", "origin": [12.07437, 16.25, 0.73327]},
			"faces": {
				"north": {"uv": [11.5, 7.5, 13, 8], "texture": "#1"},
				"east": {"uv": [7, 4.5, 9, 5], "texture": "#1"},
				"south": {"uv": [7, 4.5, 9, 5], "texture": "#1"},
				"west": {"uv": [7, 4.5, 9, 5], "texture": "#1"},
				"up": {"uv": [7, 4.5, 9, 5], "rotation": 270, "texture": "#1"},
				"down": {"uv": [7, 4.5, 9, 5], "rotation": 90, "texture": "#1"}
			}
		},
		{
			"from": [11.94937, 8.5, 7.23327],
			"to": [14.44937, 9, 8.73327],
			"rotation": {"angle": 0, "axis": "y", "origin": [21.57437, 16.625, 0.73327]},
			"faces": {
				"north": {"uv": [1.5, 7, 4, 7.5], "texture": "#1"},
				"east": {"uv": [1.5, 7, 4, 7.5], "texture": "#1"},
				"south": {"uv": [1.5, 7, 4, 7.5], "texture": "#1"},
				"west": {"uv": [1.5, 7, 4, 7.5], "texture": "#1"},
				"up": {"uv": [1.5, 5, 3, 7.5], "rotation": 270, "texture": "#1"},
				"down": {"uv": [1.5, 5, 3, 7.5], "rotation": 90, "texture": "#1"}
			}
		},
		{
			"from": [6.32437, 11.625, 6.48327],
			"to": [9.32437, 12.125, 9.48327],
			"rotation": {"angle": 0, "axis": "y", "origin": [16.44937, 19.75, 1.48327]},
			"faces": {
				"north": {"uv": [6.5, 4, 9.5, 4.5], "texture": "#1"},
				"east": {"uv": [6.5, 4, 9.5, 4.5], "texture": "#1"},
				"south": {"uv": [6.5, 4, 9.5, 4.5], "texture": "#1"},
				"west": {"uv": [6.5, 4, 9.5, 4.5], "texture": "#1"},
				"up": {"uv": [6.5, 1.5, 9.5, 4.5], "rotation": 270, "texture": "#1"},
				"down": {"uv": [6.5, 1.5, 9.5, 4.5], "rotation": 90, "texture": "#1"}
			}
		},
		{
			"from": [2.44937, 8.625, 6.73327],
			"to": [4.94937, 9.125, 9.23327],
			"rotation": {"angle": 0, "axis": "y", "origin": [12.07437, 16.75, 1.23327]},
			"faces": {
				"north": {"uv": [11, 7, 13.5, 7.5], "texture": "#1"},
				"east": {"uv": [6.5, 4, 9.5, 4.5], "texture": "#1"},
				"south": {"uv": [6.5, 4, 9.5, 4.5], "texture": "#1"},
				"west": {"uv": [6.5, 4, 9.5, 4.5], "texture": "#1"},
				"up": {"uv": [6.5, 1.5, 9.5, 4.5], "rotation": 270, "texture": "#1"},
				"down": {"uv": [6.5, 1.5, 9.5, 4.5], "rotation": 90, "texture": "#1"}
			}
		},
		{
			"from": [11.44937, 9, 6.23327],
			"to": [14.94937, 10, 9.73327],
			"rotation": {"angle": 0, "axis": "y", "origin": [21.57437, 17.125, 1.73327]},
			"faces": {
				"north": {"uv": [1, 6, 4.5, 7], "texture": "#1"},
				"east": {"uv": [1.5, 7, 4, 7.5], "texture": "#1"},
				"south": {"uv": [1.5, 7, 4, 7.5], "texture": "#1"},
				"west": {"uv": [1.5, 7, 4, 7.5], "texture": "#1"},
				"up": {"uv": [1.5, 5, 3, 7.5], "rotation": 270, "texture": "#1"},
				"down": {"uv": [1.5, 5, 3, 7.5], "rotation": 90, "texture": "#1"}
			}
		},
		{
			"from": [5.94937, 12.125, 5.73327],
			"to": [9.94937, 14.125, 9.73327],
			"rotation": {"angle": 0, "axis": "y", "origin": [16.44937, 20.25, 1.73327]},
			"faces": {
				"north": {"uv": [6, 2, 10, 4], "texture": "#1"},
				"east": {"uv": [6, 2, 10, 4], "texture": "#1"},
				"south": {"uv": [6, 2, 10, 4], "texture": "#1"},
				"west": {"uv": [6, 2, 10, 4], "texture": "#1"},
				"up": {"uv": [6, 2, 10, 4], "rotation": 270, "texture": "#1"},
				"down": {"uv": [6, 2, 10, 4], "rotation": 90, "texture": "#1"}
			}
		},
		{
			"from": [1.94937, 9.125, 6.23327],
			"to": [5.44937, 11.125, 9.73327],
			"rotation": {"angle": 0, "axis": "y", "origin": [11.94937, 17.25, 1.73327]},
			"faces": {
				"north": {"uv": [10.5, 5, 14, 7], "texture": "#1"},
				"east": {"uv": [6, 2, 10, 4], "texture": "#1"},
				"south": {"uv": [6, 2, 10, 4], "texture": "#1"},
				"west": {"uv": [6, 2, 10, 4], "texture": "#1"},
				"up": {"uv": [6, 2, 10, 4], "rotation": 270, "texture": "#1"},
				"down": {"uv": [6, 2, 10, 4], "rotation": 90, "texture": "#1"}
			}
		},
		{
			"from": [10.94937, 10, 5.98327],
			"to": [14.94937, 11, 9.98327],
			"rotation": {"angle": 0, "axis": "y", "origin": [21.57437, 18.125, 1.98327]},
			"faces": {
				"north": {"uv": [1, 5, 4.875, 6], "texture": "#1"},
				"east": {"uv": [1.5, 7, 4, 7.5], "texture": "#1"},
				"south": {"uv": [1.5, 7, 4, 7.5], "texture": "#1"},
				"west": {"uv": [1.5, 7, 4, 7.5], "texture": "#1"},
				"up": {"uv": [1.5, 5, 3, 7.5], "rotation": 270, "texture": "#1"},
				"down": {"uv": [1.5, 5, 3, 7.5], "rotation": 90, "texture": "#1"}
			}
		},
		{
			"from": [11.44937, 11, 6.48327],
			"to": [14.44937, 11.5, 9.48327],
			"rotation": {"angle": 0, "axis": "y", "origin": [21.57437, 19.125, 1.48327]},
			"faces": {
				"north": {"uv": [1.5, 4.5, 4.5, 5], "texture": "#1"},
				"east": {"uv": [1.5, 4.5, 4.5, 5], "texture": "#1"},
				"south": {"uv": [1.5, 4.5, 4.5, 5], "texture": "#1"},
				"west": {"uv": [1.5, 4.5, 4.5, 5], "texture": "#1"},
				"up": {"uv": [1.5, 4.5, 4, 7], "rotation": 270, "texture": "#1"},
				"down": {"uv": [1.5, 4.5, 4, 7], "rotation": 90, "texture": "#1"}
			}
		},
		{
			"from": [6.32437, 14.125, 6.48327],
			"to": [9.32437, 14.625, 9.48327],
			"rotation": {"angle": 0, "axis": "y", "origin": [16.44937, 22.25, 1.48327]},
			"faces": {
				"north": {"uv": [6.5, 1.5, 9.5, 2], "texture": "#1"},
				"east": {"uv": [6.5, 1.5, 9.5, 2], "texture": "#1"},
				"south": {"uv": [6.5, 1.5, 9.5, 2], "texture": "#1"},
				"west": {"uv": [6.5, 1.5, 9.5, 2], "texture": "#1"},
				"up": {"uv": [6.5, 1.5, 9.5, 4.5], "rotation": 270, "texture": "#1"},
				"down": {"uv": [6.5, 1.5, 9.5, 4.5], "rotation": 90, "texture": "#1"}
			}
		},
		{
			"from": [2.44937, 11.125, 6.73327],
			"to": [4.94937, 11.625, 9.23327],
			"rotation": {"angle": 0, "axis": "y", "origin": [12.07437, 19.25, 1.23327]},
			"faces": {
				"north": {"uv": [11, 4.5, 13.5, 5], "texture": "#1"},
				"east": {"uv": [6.5, 1.5, 9.5, 2], "texture": "#1"},
				"south": {"uv": [6.5, 1.5, 9.5, 2], "texture": "#1"},
				"west": {"uv": [6.5, 1.5, 9.5, 2], "texture": "#1"},
				"up": {"uv": [6.5, 1.5, 9.5, 4.5], "rotation": 270, "texture": "#1"},
				"down": {"uv": [6.5, 1.5, 9.5, 4.5], "rotation": 90, "texture": "#1"}
			}
		},
		{
			"from": [11.94937, 11.5, 6.98327],
			"to": [13.94937, 12, 8.98327],
			"rotation": {"angle": 0, "axis": "y", "origin": [21.44937, 19.625, 0.98327]},
			"faces": {
				"north": {"uv": [2, 4, 4, 4.5], "texture": "#1"},
				"east": {"uv": [2, 4, 4, 4.5], "texture": "#1"},
				"south": {"uv": [2, 4, 4, 4.5], "texture": "#1"},
				"west": {"uv": [2, 4, 4, 4.5], "texture": "#1"},
				"up": {"uv": [2, 4, 4, 4.5], "rotation": 270, "texture": "#1"},
				"down": {"uv": [2, 4, 4, 4.5], "rotation": 90, "texture": "#1"}
			}
		},
		{
			"from": [6.82437, 14.625, 6.98327],
			"to": [8.82437, 15.125, 8.98327],
			"rotation": {"angle": 0, "axis": "y", "origin": [16.32437, 22.75, 0.98327]},
			"faces": {
				"north": {"uv": [7, 1, 9, 1.5], "texture": "#1"},
				"east": {"uv": [7, 1, 9, 1.5], "texture": "#1"},
				"south": {"uv": [7, 1, 9, 1.5], "texture": "#1"},
				"west": {"uv": [7, 1, 9, 1.5], "texture": "#1"},
				"up": {"uv": [7, 1, 9, 1.5], "rotation": 270, "texture": "#1"},
				"down": {"uv": [7, 1, 9, 1.5], "rotation": 90, "texture": "#1"}
			}
		},
		{
			"from": [2.94937, 11.625, 7.23327],
			"to": [4.44937, 12.125, 8.73327],
			"rotation": {"angle": 0, "axis": "y", "origin": [11.94937, 19.75, 0.73327]},
			"faces": {
				"north": {"uv": [11.5, 4, 13, 4.5], "texture": "#1"},
				"east": {"uv": [7, 1, 9, 1.5], "texture": "#1"},
				"south": {"uv": [7, 1, 9, 1.5], "texture": "#1"},
				"west": {"uv": [7, 1, 9, 1.5], "texture": "#1"},
				"up": {"uv": [7, 1, 9, 1.5], "rotation": 270, "texture": "#1"},
				"down": {"uv": [7, 1, 9, 1.5], "rotation": 90, "texture": "#1"}
			}
		},
		{
			"from": [6.94937, 0.5, 7.48327],
			"to": [7.94937, 1, 8.48327],
			"rotation": {"angle": 0, "axis": "y", "origin": [17.44937, 8.625, 0.48327]},
			"faces": {
				"north": {"uv": [8, 15, 9, 15.5], "texture": "#1"},
				"east": {"uv": [8, 15, 9, 15.5], "texture": "#1"},
				"south": {"uv": [8, 15, 9, 15.5], "texture": "#1"},
				"west": {"uv": [8, 15, 9, 15.5], "texture": "#1"},
				"up": {"uv": [8, 15, 9, 15.5], "rotation": 270, "texture": "#1"},
				"down": {"uv": [8, 15, 9, 15.5], "rotation": 90, "texture": "#1"}
			}
		},
		{
			"from": [4.94937, 0, 7.48327],
			"to": [5.94937, 0.5, 8.48327],
			"rotation": {"angle": 0, "axis": "y", "origin": [15.44937, 8.125, 0.48327]},
			"faces": {
				"north": {"uv": [10, 15.5, 11, 16], "texture": "#1"},
				"east": {"uv": [10, 15.5, 11, 16], "texture": "#1"},
				"south": {"uv": [10, 15.5, 11, 16], "texture": "#1"},
				"west": {"uv": [10, 15.5, 11, 16], "texture": "#1"},
				"up": {"uv": [10, 15.5, 11, 16], "rotation": 270, "texture": "#1"},
				"down": {"uv": [10, 15.5, 11, 16], "rotation": 90, "texture": "#1"}
			}
		},
		{
			"from": [4.44937, 0.5, 7.73327],
			"to": [5.44937, 1, 8.23327],
			"rotation": {"angle": 0, "axis": "y", "origin": [14.94937, 8.625, 0.23327]},
			"faces": {
				"north": {"uv": [10.5, 15, 11.5, 15.5], "texture": "#1"},
				"east": {"uv": [10.5, 15, 11, 15.5], "texture": "#1"},
				"south": {"uv": [10.5, 15, 11.5, 15.5], "texture": "#1"},
				"west": {"uv": [10.5, 15, 11, 15.5], "texture": "#1"},
				"up": {"uv": [10.5, 15, 11.5, 15.5], "rotation": 270, "texture": "#1"},
				"down": {"uv": [10.5, 15, 11.5, 15.5], "rotation": 90, "texture": "#1"}
			}
		},
		{
			"from": [3.94937, 1, 7.73327],
			"to": [4.94937, 1.5, 8.23327],
			"rotation": {"angle": 0, "axis": "y", "origin": [14.44937, 9.125, 0.23327]},
			"faces": {
				"north": {"uv": [11, 14.5, 12, 15], "texture": "#1"},
				"east": {"uv": [11.5, 14.5, 12, 15], "texture": "#1"},
				"south": {"uv": [11, 14.5, 12, 15], "texture": "#1"},
				"west": {"uv": [11, 14.5, 11.5, 15], "texture": "#1"},
				"up": {"uv": [11, 14.5, 12, 15], "rotation": 270, "texture": "#1"},
				"down": {"uv": [11, 14.5, 12, 15], "rotation": 90, "texture": "#1"}
			}
		},
		{
			"from": [3.44937, 1.5, 7.73327],
			"to": [4.44937, 2, 8.23327],
			"rotation": {"angle": 0, "axis": "y", "origin": [13.94937, 9.625, 0.23327]},
			"faces": {
				"north": {"uv": [11.5, 14, 12.5, 14.5], "texture": "#1"},
				"east": {"uv": [12, 14, 12.5, 14.5], "texture": "#1"},
				"south": {"uv": [11.5, 14, 12.5, 14.5], "texture": "#1"},
				"west": {"uv": [11.5, 14, 12, 14.5], "texture": "#1"},
				"up": {"uv": [11.5, 14, 12.5, 14.5], "rotation": 270, "texture": "#1"},
				"down": {"uv": [11.5, 14, 12.5, 14.5], "rotation": 90, "texture": "#1"}
			}
		},
		{
			"from": [2.94937, 2, 7.73327],
			"to": [3.94937, 2.5, 8.23327],
			"rotation": {"angle": 0, "axis": "y", "origin": [13.44937, 10.125, 0.23327]},
			"faces": {
				"north": {"uv": [12, 13.5, 13, 14], "texture": "#1"},
				"east": {"uv": [12, 13.5, 12.5, 14], "texture": "#1"},
				"south": {"uv": [12, 13.5, 13, 14], "texture": "#1"},
				"west": {"uv": [12, 13.5, 12.5, 14], "texture": "#1"},
				"up": {"uv": [12, 13.5, 13, 14], "rotation": 270, "texture": "#1"},
				"down": {"uv": [12, 13.5, 13, 14], "rotation": 90, "texture": "#1"}
			}
		},
		{
			"from": [2.44937, 4.5, 7.73327],
			"to": [3.44937, 5, 8.23327],
			"rotation": {"angle": 0, "axis": "y", "origin": [12.94937, 12.625, 0.23327]},
			"faces": {
				"north": {"uv": [12.5, 11, 13.5, 11.5], "texture": "#1"},
				"east": {"uv": [12.5, 11, 13, 11.5], "texture": "#1"},
				"south": {"uv": [12.5, 11, 13.5, 11.5], "texture": "#1"},
				"west": {"uv": [13, 11, 13.5, 11.5], "texture": "#1"},
				"up": {"uv": [12.5, 11, 13.5, 11.5], "texture": "#1"},
				"down": {"uv": [12.5, 11, 13.5, 11.5], "rotation": 180, "texture": "#1"}
			}
		},
		{
			"from": [2.94937, 5, 7.73327],
			"to": [3.94937, 5.5, 8.23327],
			"rotation": {"angle": 0, "axis": "y", "origin": [13.44937, 13.125, 0.23327]},
			"faces": {
				"north": {"uv": [12, 10.5, 13, 11], "texture": "#1"},
				"east": {"uv": [12.5, 10.5, 13, 11], "texture": "#1"},
				"south": {"uv": [12, 10.5, 13, 11], "texture": "#1"},
				"west": {"uv": [12, 10.5, 12.5, 11], "texture": "#1"},
				"up": {"uv": [12, 10.5, 13, 11], "texture": "#1"},
				"down": {"uv": [12, 10.5, 13, 11], "rotation": 180, "texture": "#1"}
			}
		},
		{
			"from": [3.44937, 6, 7.73327],
			"to": [4.44937, 6.5, 8.23327],
			"rotation": {"angle": 0, "axis": "y", "origin": [13.94937, 14.125, 0.23327]},
			"faces": {
				"north": {"uv": [11.5, 9.5, 12.5, 10], "texture": "#1"},
				"east": {"uv": [12, 9.5, 12.5, 10], "texture": "#1"},
				"south": {"uv": [11.5, 9.5, 12.5, 10], "texture": "#1"},
				"west": {"uv": [11.5, 9.5, 12, 10], "texture": "#1"},
				"up": {"uv": [11.5, 9.5, 12.5, 10], "rotation": 270, "texture": "#1"},
				"down": {"uv": [11.5, 9.5, 12.5, 10], "rotation": 90, "texture": "#1"}
			}
		},
		{
			"from": [3.94937, 6.5, 7.73327],
			"to": [4.94937, 7.5, 8.23327],
			"rotation": {"angle": 0, "axis": "y", "origin": [14.44937, 14.625, 0.23327]},
			"faces": {
				"north": {"uv": [11, 8.5, 12, 9.5], "texture": "#1"},
				"east": {"uv": [11.5, 8.5, 12, 9.5], "texture": "#1"},
				"south": {"uv": [11.5, 9.5, 12.5, 10], "texture": "#1"},
				"west": {"uv": [11, 8.5, 11.5, 9.5], "texture": "#1"},
				"up": {"uv": [11, 8.5, 12, 9], "texture": "#1"},
				"down": {"uv": [11, 9, 12, 9.5], "rotation": 180, "texture": "#1"}
			}
		},
		{
			"from": [4.44937, 7.5, 7.73327],
			"to": [5.44937, 8.5, 8.23327],
			"rotation": {"angle": 0, "axis": "y", "origin": [14.94937, 15.625, 0.23327]},
			"faces": {
				"north": {"uv": [10.5, 7.5, 11.5, 8.5], "texture": "#1"},
				"east": {"uv": [11, 7.5, 11.5, 8.5], "texture": "#1"},
				"south": {"uv": [10.5, 7.5, 11.5, 8.5], "texture": "#1"},
				"west": {"uv": [10.5, 7.5, 11, 8.5], "texture": "#1"},
				"up": {"uv": [11, 8.5, 12, 9], "texture": "#1"},
				"down": {"uv": [11, 9, 12, 9.5], "rotation": 180, "texture": "#1"}
			}
		},
		{
			"from": [2.94937, 5.5, 7.73327],
			"to": [4.94937, 6, 8.23327],
			"rotation": {"angle": 0, "axis": "y", "origin": [13.44937, 13.625, 0.23327]},
			"faces": {
				"north": {"uv": [11, 10, 13, 10.5], "texture": "#1"},
				"east": {"uv": [12.5, 10, 13, 10.5], "texture": "#1"},
				"south": {"uv": [11, 10, 13, 10.5], "texture": "#1"},
				"west": {"uv": [11, 10, 11.5, 10.5], "texture": "#1"},
				"up": {"uv": [11, 10, 13, 10.5], "texture": "#1"},
				"down": {"uv": [11, 10, 13, 10.5], "rotation": 180, "texture": "#1"}
			}
		},
		{
			"from": [2.94937, 2.5, 7.73327],
			"to": [3.44937, 3, 8.23327],
			"rotation": {"angle": 0, "axis": "y", "origin": [12.94937, 10.625, 0.23327]},
			"faces": {
				"north": {"uv": [12.5, 13, 13, 13.5], "texture": "#1"},
				"east": {"uv": [12.5, 13, 13, 13.5], "texture": "#1"},
				"south": {"uv": [12.5, 13, 13, 13.5], "texture": "#1"},
				"west": {"uv": [12.5, 13, 13, 13.5], "texture": "#1"},
				"up": {"uv": [12.5, 13, 13, 13.5], "rotation": 270, "texture": "#1"},
				"down": {"uv": [12.5, 13, 13, 13.5], "rotation": 90, "texture": "#1"}
			}
		},
		{
			"from": [1.94937, 2.5, 7.73327],
			"to": [2.94937, 4.5, 8.23327],
			"rotation": {"angle": 0, "axis": "y", "origin": [12.94937, 11.125, 0.23327]},
			"faces": {
				"north": {"uv": [13, 11.5, 14, 13.5], "texture": "#1"},
				"east": {"uv": [13, 11.5, 13.5, 13.5], "texture": "#1"},
				"south": {"uv": [13, 11.5, 14, 13.5], "texture": "#1"},
				"west": {"uv": [13.5, 11.5, 14, 13.5], "texture": "#1"},
				"up": {"uv": [13, 11.5, 13.5, 12.5], "rotation": 90, "texture": "#1"},
				"down": {"uv": [13, 13, 14, 13.5], "rotation": 180, "texture": "#1"}
			}
		},
		{
			"from": [8.44937, 0.5, 7.73327],
			"to": [8.94937, 2.5, 8.23327],
			"rotation": {"angle": 0, "axis": "y", "origin": [18.44937, 8.625, 0.23327]},
			"faces": {
				"north": {"uv": [7, 13.5, 7.5, 15.5], "texture": "#1"},
				"east": {"uv": [7, 13.5, 7.5, 15.5], "texture": "#1"},
				"south": {"uv": [7, 13.5, 7.5, 15.5], "texture": "#1"},
				"west": {"uv": [7, 13.5, 7.5, 15.5], "texture": "#1"},
				"up": {"uv": [7, 13.5, 7.5, 14], "rotation": 270, "texture": "#1"},
				"down": {"uv": [7, 15, 7.5, 15.5], "rotation": 90, "texture": "#1"}
			}
		},
		{
			"from": [7.94937, 2, 7.73327],
			"to": [8.44937, 3.5, 8.23327],
			"rotation": {"angle": 0, "axis": "y", "origin": [17.94937, 9.625, 0.23327]},
			"faces": {
				"north": {"uv": [7.5, 12.5, 8, 14], "texture": "#1"},
				"east": {"uv": [7.5, 12.5, 8, 14], "texture": "#1"},
				"south": {"uv": [7.5, 12.5, 8, 14], "texture": "#1"},
				"west": {"uv": [7.5, 12.5, 8, 14], "texture": "#1"},
				"up": {"uv": [7.5, 12.5, 8, 13], "rotation": 270, "texture": "#1"},
				"down": {"uv": [7.5, 12.5, 8, 13], "rotation": 90, "texture": "#1"}
			}
		},
		{
			"from": [7.44937, 2.5, 7.73327],
			"to": [7.94937, 4, 8.23327],
			"rotation": {"angle": 0, "axis": "y", "origin": [17.44937, 10.125, 0.23327]},
			"faces": {
				"north": {"uv": [8, 12, 8.5, 13.5], "texture": "#1"},
				"east": {"uv": [8, 12, 8.5, 13.5], "texture": "#1"},
				"south": {"uv": [8, 12, 8.5, 13.5], "texture": "#1"},
				"west": {"uv": [8, 12, 8.5, 13.5], "texture": "#1"},
				"up": {"uv": [8, 12, 8.5, 12.5], "rotation": 270, "texture": "#1"},
				"down": {"uv": [8, 13, 8.5, 13.5], "rotation": 90, "texture": "#1"}
			}
		},
		{
			"from": [6.94937, 3.5, 7.73327],
			"to": [7.44937, 6.5, 8.23327],
			"rotation": {"angle": 0, "axis": "y", "origin": [16.94937, 11.125, 0.23327]},
			"faces": {
				"north": {"uv": [8.5, 9.5, 9, 12.5], "texture": "#1"},
				"east": {"uv": [8.5, 9.5, 9, 12.5], "texture": "#1"},
				"south": {"uv": [8.5, 9.5, 9, 12.5], "texture": "#1"},
				"west": {"uv": [8.5, 9.5, 9, 12.5], "texture": "#1"},
				"up": {"uv": [8.5, 9.5, 9, 10], "rotation": 270, "texture": "#1"},
				"down": {"uv": [8.5, 12, 9, 12.5], "rotation": 90, "texture": "#1"}
			}
		},
		{
			"from": [9.44937, 1.5, 7.98327],
			"to": [9.94937, 2, 8.48327],
			"rotation": {"angle": 0, "axis": "y", "origin": [19.44937, 8.625, 0.48327]},
			"faces": {
				"north": {"uv": [6, 14, 6.5, 14.5], "texture": "#1"},
				"east": {"uv": [6, 14, 6.5, 14.5], "texture": "#1"},
				"south": {"uv": [6, 14, 6.5, 14.5], "texture": "#1"},
				"west": {"uv": [6, 14, 6.5, 14.5], "texture": "#1"},
				"up": {"uv": [6, 14, 6.5, 14.5], "rotation": 270, "texture": "#1"},
				"down": {"uv": [6, 14, 6.5, 14.5], "rotation": 90, "texture": "#1"}
			}
		},
		{
			"from": [8.94937, 1, 7.73327],
			"to": [9.44937, 2, 8.23327],
			"rotation": {"angle": 0, "axis": "y", "origin": [18.94937, 8.625, 0.23327]},
			"faces": {
				"north": {"uv": [6.5, 14, 7, 15], "texture": "#1"},
				"east": {"uv": [6.5, 14, 7, 15], "texture": "#1"},
				"south": {"uv": [6.5, 14, 7, 15], "texture": "#1"},
				"west": {"uv": [6.5, 14, 7, 15], "texture": "#1"},
				"up": {"uv": [6.5, 14, 7, 15], "rotation": 270, "texture": "#1"},
				"down": {"uv": [6.5, 14, 7, 15], "rotation": 90, "texture": "#1"}
			}
		},
		{
			"from": [9.44937, 1.5, 7.73327],
			"to": [9.94937, 2, 8.23327],
			"rotation": {"angle": 0, "axis": "y", "origin": [19.44937, 9.125, 0.35827]},
			"faces": {
				"north": {"uv": [6, 14, 6.5, 14.5], "texture": "#1"},
				"east": {"uv": [6, 14, 6.5, 14.5], "texture": "#1"},
				"south": {"uv": [6, 14, 6.5, 14.5], "texture": "#1"},
				"west": {"uv": [6, 14, 6.5, 14.5], "texture": "#1"},
				"up": {"uv": [6, 14, 6.5, 14.5], "rotation": 270, "texture": "#1"},
				"down": {"uv": [6, 14, 6.5, 14.5], "rotation": 90, "texture": "#1"}
			}
		},
		{
			"from": [8.44937, 3.5, 7.73327],
			"to": [8.94937, 4, 8.23327],
			"rotation": {"angle": 0, "axis": "y", "origin": [18.44937, 11.125, 0.35827]},
			"faces": {
				"north": {"uv": [7, 12, 7.5, 12.5], "texture": "#1"},
				"east": {"uv": [7, 12, 7.5, 12.5], "texture": "#1"},
				"south": {"uv": [7, 12, 7.5, 12.5], "texture": "#1"},
				"west": {"uv": [7, 12, 7.5, 12.5], "texture": "#1"},
				"up": {"uv": [7, 12, 7.5, 12.5], "rotation": 270, "texture": "#1"},
				"down": {"uv": [7, 12, 7.5, 12.5], "rotation": 90, "texture": "#1"}
			}
		},
		{
			"from": [6.44937, 3, 7.73327],
			"to": [6.94937, 3.5, 8.23327],
			"rotation": {"angle": 0, "axis": "y", "origin": [16.44937, 10.625, 0.35827]},
			"faces": {
				"north": {"uv": [9, 12.5, 9.5, 13], "texture": "#1"},
				"east": {"uv": [9, 12.5, 9.5, 13], "texture": "#1"},
				"south": {"uv": [9, 12.5, 9.5, 13], "texture": "#1"},
				"west": {"uv": [9, 12.5, 9.5, 13], "texture": "#1"},
				"up": {"uv": [9, 12.5, 9.5, 13], "rotation": 270, "texture": "#1"},
				"down": {"uv": [9, 12.5, 9.5, 13], "rotation": 90, "texture": "#1"}
			}
		},
		{
			"from": [5.94937, 1.5, 7.73327],
			"to": [6.44937, 2, 8.23327],
			"rotation": {"angle": 0, "axis": "y", "origin": [15.94937, 9.125, 0.35827]},
			"faces": {
				"north": {"uv": [9.5, 14, 10, 14.5], "texture": "#1"},
				"east": {"uv": [9.5, 14, 10, 14.5], "texture": "#1"},
				"south": {"uv": [9.5, 14, 10, 14.5], "texture": "#1"},
				"west": {"uv": [9.5, 14, 10, 14.5], "texture": "#1"},
				"up": {"uv": [9.5, 14, 10, 14.5], "rotation": 270, "texture": "#1"},
				"down": {"uv": [9.5, 14, 10, 14.5], "rotation": 90, "texture": "#1"}
			}
		},
		{
			"from": [5.44937, 1, 7.73327],
			"to": [5.94937, 1.5, 8.23327],
			"rotation": {"angle": 0, "axis": "y", "origin": [15.44937, 8.625, 0.35827]},
			"faces": {
				"north": {"uv": [10, 14.5, 10.5, 15], "texture": "#1"},
				"east": {"uv": [10, 14.5, 10.5, 15], "texture": "#1"},
				"south": {"uv": [10, 14.5, 10.5, 15], "texture": "#1"},
				"west": {"uv": [10, 14.5, 10.5, 15], "texture": "#1"},
				"up": {"uv": [10, 14.5, 10.5, 15], "rotation": 270, "texture": "#1"},
				"down": {"uv": [10, 14.5, 10.5, 15], "rotation": 90, "texture": "#1"}
			}
		},
		{
			"from": [3.94937, 2.5, 7.73327],
			"to": [4.44937, 3, 8.23327],
			"rotation": {"angle": 0, "axis": "y", "origin": [13.94937, 10.125, 0.35827]},
			"faces": {
				"north": {"uv": [11.5, 13, 12, 13.5], "texture": "#1"},
				"east": {"uv": [11.5, 13, 12, 13.5], "texture": "#1"},
				"south": {"uv": [11.5, 13, 12, 13.5], "texture": "#1"},
				"west": {"uv": [11.5, 13, 12, 13.5], "texture": "#1"},
				"up": {"uv": [11.5, 13, 12, 13.5], "rotation": 270, "texture": "#1"},
				"down": {"uv": [11.5, 13, 12, 13.5], "rotation": 90, "texture": "#1"}
			}
		},
		{
			"from": [1.44937, 3.5, 7.73327],
			"to": [1.94937, 4, 8.23327],
			"rotation": {"angle": 0, "axis": "y", "origin": [11.44937, 11.125, 0.35827]},
			"faces": {
				"north": {"uv": [14, 12, 14.5, 12.5], "texture": "#1"},
				"east": {"uv": [14, 12, 14.5, 12.5], "texture": "#1"},
				"south": {"uv": [14, 12, 14.5, 12.5], "texture": "#1"},
				"west": {"uv": [14, 12, 14.5, 12.5], "texture": "#1"},
				"up": {"uv": [14, 12, 14.5, 12.5], "rotation": 270, "texture": "#1"},
				"down": {"uv": [14, 12, 14.5, 12.5], "rotation": 90, "texture": "#1"}
			}
		},
		{
			"from": [0.94937, 4, 7.73327],
			"to": [1.44937, 4.5, 8.23327],
			"rotation": {"angle": 0, "axis": "y", "origin": [10.94937, 11.625, 0.35827]},
			"faces": {
				"north": {"uv": [14.5, 11.5, 15, 12], "texture": "#1"},
				"east": {"uv": [14.5, 11.5, 15, 12], "texture": "#1"},
				"south": {"uv": [14.5, 11.5, 15, 12], "texture": "#1"},
				"west": {"uv": [14.5, 11.5, 15, 12], "texture": "#1"},
				"up": {"uv": [14.5, 11.5, 15, 12], "rotation": 270, "texture": "#1"},
				"down": {"uv": [14.5, 11.5, 15, 12], "rotation": 90, "texture": "#1"}
			}
		},
		{
			"from": [4.94937, 6, 7.73327],
			"to": [5.44937, 6.5, 8.23327],
			"rotation": {"angle": 0, "axis": "y", "origin": [14.94937, 13.625, 0.35827]},
			"faces": {
				"north": {"uv": [10.5, 9.5, 11, 10], "texture": "#1"},
				"east": {"uv": [10.5, 9.5, 11, 10], "texture": "#1"},
				"south": {"uv": [10.5, 9.5, 11, 10], "texture": "#1"},
				"west": {"uv": [10.5, 9.5, 11, 10], "texture": "#1"},
				"up": {"uv": [10.5, 9.5, 11, 10], "rotation": 270, "texture": "#1"},
				"down": {"uv": [10.5, 9.5, 11, 10], "rotation": 90, "texture": "#1"}
			}
		},
		{
			"from": [6.44937, 4, 7.73327],
			"to": [6.94937, 4.5, 8.23327],
			"rotation": {"angle": 0, "axis": "y", "origin": [16.44937, 11.625, 0.35827]},
			"faces": {
				"north": {"uv": [9, 11.5, 9.5, 12], "texture": "#1"},
				"east": {"uv": [9, 11.5, 9.5, 12], "texture": "#1"},
				"south": {"uv": [9, 11.5, 9.5, 12], "texture": "#1"},
				"west": {"uv": [9, 11.5, 9.5, 12], "texture": "#1"},
				"up": {"uv": [9, 11.5, 9.5, 12], "rotation": 270, "texture": "#1"},
				"down": {"uv": [9, 11.5, 9.5, 12], "rotation": 90, "texture": "#1"}
			}
		},
		{
			"from": [5.94937, 4.5, 7.73327],
			"to": [6.44937, 5, 8.23327],
			"rotation": {"angle": 0, "axis": "y", "origin": [15.94937, 12.125, 0.35827]},
			"faces": {
				"north": {"uv": [9.5, 11, 10, 11.5], "texture": "#1"},
				"east": {"uv": [9.5, 11, 10, 11.5], "texture": "#1"},
				"south": {"uv": [9.5, 11, 10, 11.5], "texture": "#1"},
				"west": {"uv": [9.5, 11, 10, 11.5], "texture": "#1"},
				"up": {"uv": [9.5, 11, 10, 11.5], "rotation": 270, "texture": "#1"},
				"down": {"uv": [9.5, 11, 10, 11.5], "rotation": 90, "texture": "#1"}
			}
		},
		{
			"from": [6.44937, 5.5, 7.73327],
			"to": [6.94937, 6, 8.23327],
			"rotation": {"angle": 0, "axis": "y", "origin": [16.44937, 13.125, 0.35827]},
			"faces": {
				"north": {"uv": [9, 10, 9.5, 10.5], "texture": "#1"},
				"east": {"uv": [9, 10, 9.5, 10.5], "texture": "#1"},
				"south": {"uv": [9, 10, 9.5, 10.5], "texture": "#1"},
				"west": {"uv": [9, 10, 9.5, 10.5], "texture": "#1"},
				"up": {"uv": [9, 10, 9.5, 10.5], "rotation": 270, "texture": "#1"},
				"down": {"uv": [9, 10, 9.5, 10.5], "rotation": 90, "texture": "#1"}
			}
		},
		{
			"from": [7.44937, 5.5, 7.73327],
			"to": [7.94937, 6.5, 8.23327],
			"rotation": {"angle": 0, "axis": "y", "origin": [17.44937, 13.125, 0.35827]},
			"faces": {
				"north": {"uv": [8, 9.5, 8.5, 10.5], "texture": "#1"},
				"east": {"uv": [8, 9.5, 8.5, 10.5], "texture": "#1"},
				"south": {"uv": [8, 9.5, 8.5, 10.5], "texture": "#1"},
				"west": {"uv": [8, 9.5, 8.5, 10.5], "texture": "#1"},
				"up": {"uv": [8, 9.5, 8.5, 10], "rotation": 270, "texture": "#1"},
				"down": {"uv": [8, 10, 8.5, 10.5], "rotation": 90, "texture": "#1"}
			}
		},
		{
			"from": [9.44937, 3.5, 7.73327],
			"to": [9.94937, 4, 8.23327],
			"rotation": {"angle": 0, "axis": "y", "origin": [19.44937, 11.125, 0.35827]},
			"faces": {
				"north": {"uv": [6, 12, 6.5, 12.5], "texture": "#1"},
				"east": {"uv": [6, 12, 6.5, 12.5], "texture": "#1"},
				"south": {"uv": [6, 12, 6.5, 12.5], "texture": "#1"},
				"west": {"uv": [6, 12, 6.5, 12.5], "texture": "#1"},
				"up": {"uv": [6, 12, 6.5, 12.5], "rotation": 270, "texture": "#1"},
				"down": {"uv": [6, 12, 6.5, 12.5], "rotation": 90, "texture": "#1"}
			}
		},
		{
			"from": [11.44937, 5.5, 7.73327],
			"to": [11.94937, 6, 8.23327],
			"rotation": {"angle": 0, "axis": "y", "origin": [21.44937, 13.125, 0.35827]},
			"faces": {
				"north": {"uv": [4, 10, 4.5, 10.5], "texture": "#1"},
				"east": {"uv": [4, 10, 4.5, 10.5], "texture": "#1"},
				"south": {"uv": [4, 10, 4.5, 10.5], "texture": "#1"},
				"west": {"uv": [4, 10, 4.5, 10.5], "texture": "#1"},
				"up": {"uv": [4, 10, 4.5, 10.5], "rotation": 270, "texture": "#1"},
				"down": {"uv": [4, 10, 4.5, 10.5], "rotation": 90, "texture": "#1"}
			}
		},
		{
			"from": [11.44937, 7, 7.73327],
			"to": [11.94937, 7.5, 8.23327],
			"rotation": {"angle": 0, "axis": "y", "origin": [21.44937, 14.625, 0.35827]},
			"faces": {
				"north": {"uv": [4, 8.5, 4.5, 9], "texture": "#1"},
				"east": {"uv": [4, 8.5, 4.5, 9], "texture": "#1"},
				"south": {"uv": [4, 8.5, 4.5, 9], "texture": "#1"},
				"west": {"uv": [4, 8.5, 4.5, 9], "texture": "#1"},
				"up": {"uv": [4, 8.5, 4.5, 9], "rotation": 270, "texture": "#1"},
				"down": {"uv": [4, 8.5, 4.5, 9], "rotation": 90, "texture": "#1"}
			}
		},
		{
			"from": [12.94937, 6.5, 7.73327],
			"to": [13.44937, 7, 8.23327],
			"rotation": {"angle": 0, "axis": "y", "origin": [22.94937, 14.125, 0.35827]},
			"faces": {
				"north": {"uv": [2.5, 9, 3, 9.5], "texture": "#1"},
				"east": {"uv": [2.5, 9, 3, 9.5], "texture": "#1"},
				"south": {"uv": [2.5, 9, 3, 9.5], "texture": "#1"},
				"west": {"uv": [2.5, 9, 3, 9.5], "texture": "#1"},
				"up": {"uv": [2.5, 9, 3, 9.5], "rotation": 270, "texture": "#1"},
				"down": {"uv": [2.5, 9, 3, 9.5], "rotation": 90, "texture": "#1"}
			}
		},
		{
			"from": [8.94937, 11, 7.73327],
			"to": [9.44937, 11.5, 8.23327],
			"rotation": {"angle": 0, "axis": "y", "origin": [18.94937, 18.625, 0.35827]},
			"faces": {
				"north": {"uv": [6.5, 4.5, 7, 5], "texture": "#1"},
				"east": {"uv": [6.5, 4.5, 7, 5], "texture": "#1"},
				"south": {"uv": [6.5, 4.5, 7, 5], "texture": "#1"},
				"west": {"uv": [6.5, 4.5, 7, 5], "texture": "#1"},
				"up": {"uv": [6.5, 4.5, 7, 5], "rotation": 270, "texture": "#1"},
				"down": {"uv": [6.5, 4.5, 7, 5], "rotation": 90, "texture": "#1"}
			}
		},
		{
			"from": [12.94937, 6.5, 7.73327],
			"to": [13.44937, 7, 8.23327],
			"rotation": {"angle": 0, "axis": "y", "origin": [22.94937, 14.125, 0.35827]},
			"faces": {
				"north": {"uv": [2.5, 8.5, 3, 9], "texture": "#1"},
				"east": {"uv": [2.5, 8.5, 3, 9], "texture": "#1"},
				"south": {"uv": [2.5, 8.5, 3, 9], "texture": "#1"},
				"west": {"uv": [2.5, 8.5, 3, 9], "texture": "#1"},
				"up": {"uv": [2.5, 8.5, 3, 9], "rotation": 270, "texture": "#1"},
				"down": {"uv": [2.5, 8.5, 3, 9], "rotation": 90, "texture": "#1"}
			}
		},
		{
			"from": [9.44937, 4.125, 7.98327],
			"to": [10.44937, 4.625, 8.48327],
			"rotation": {"angle": 0, "axis": "y", "origin": [19.44937, 11.75, 0.60827]},
			"faces": {
				"north": {"uv": [7, 12, 7.5, 12.5], "texture": "#1"},
				"east": {"uv": [6, 14, 6.5, 14.5], "texture": "#1"},
				"south": {"uv": [6, 14, 6.5, 14.5], "texture": "#1"},
				"west": {"uv": [6, 14, 6.5, 14.5], "texture": "#1"},
				"up": {"uv": [6, 14, 6.5, 14.5], "rotation": 270, "texture": "#1"},
				"down": {"uv": [6, 14, 6.5, 14.5], "rotation": 90, "texture": "#1"}
			}
		},
		{
			"from": [10.94937, 5, 7.84042],
			"to": [11.94937, 5.5, 8.34042],
			"rotation": {"angle": 0, "axis": "y", "origin": [20.94937, 12.625, 0.46542]},
			"faces": {
				"north": {"uv": [4, 10.5, 5, 11], "texture": "#1"},
				"east": {"uv": [4, 10.5, 4.5, 11], "texture": "#1"},
				"south": {"uv": [4, 10.5, 5, 11], "texture": "#1"},
				"west": {"uv": [4, 10.5, 4.5, 11], "texture": "#1"},
				"up": {"uv": [4, 10.5, 5, 11], "rotation": 270, "texture": "#1"},
				"down": {"uv": [4, 10.5, 5, 11], "rotation": 90, "texture": "#1"}
			}
		},
		{
			"from": [7.44937, 9, 7.84042],
			"to": [8.94937, 9.5, 8.34042],
			"rotation": {"angle": 0, "axis": "y", "origin": [17.94937, 16.625, 0.46542]},
			"faces": {
				"north": {"uv": [7, 6.5, 8.5, 7], "texture": "#1"},
				"east": {"uv": [4, 10.5, 4.5, 11], "texture": "#1"},
				"south": {"uv": [7, 6.5, 8.5, 7], "texture": "#1"},
				"west": {"uv": [8, 6.5, 8.5, 7], "texture": "#1"},
				"up": {"uv": [7, 6.5, 8.5, 7], "rotation": 270, "texture": "#1"},
				"down": {"uv": [7, 6.5, 8.5, 7], "rotation": 90, "texture": "#1"}
			}
		},
		{
			"from": [8.44937, 9.5, 7.84042],
			"to": [9.44937, 10, 8.34042],
			"rotation": {"angle": 0, "axis": "y", "origin": [18.32437, 17.125, 0.46542]},
			"faces": {
				"north": {"uv": [6.5, 6, 7.5, 6.5], "texture": "#1"},
				"east": {"uv": [6.5, 6, 7.5, 6.5], "texture": "#1"},
				"south": {"uv": [6.5, 6, 7.5, 6.5], "texture": "#1"},
				"west": {"uv": [6.5, 6, 7.5, 6.5], "texture": "#1"},
				"up": {"uv": [6.5, 6, 7.5, 6.5], "rotation": 180, "texture": "#1"},
				"down": {"uv": [6.5, 6, 7.5, 6.5], "rotation": 180, "texture": "#1"}
			}
		},
		{
			"from": [9.44937, 10, 7.84042],
			"to": [9.94937, 11, 8.34042],
			"rotation": {"angle": 0, "axis": "y", "origin": [18.69937, 17.125, 0.46542]},
			"faces": {
				"north": {"uv": [6, 5, 6.5, 6], "texture": "#1"},
				"east": {"uv": [6, 5, 6.5, 6], "texture": "#1"},
				"south": {"uv": [6, 5, 6.5, 6], "texture": "#1"},
				"west": {"uv": [6, 5, 6.5, 6], "texture": "#1"},
				"up": {"uv": [6, 5, 6.5, 5.5], "rotation": 270, "texture": "#1"},
				"down": {"uv": [6, 5, 6.5, 5.5], "rotation": 90, "texture": "#1"}
			}
		},
		{
			"from": [6.94937, 9.5, 7.84042],
			"to": [7.94937, 10, 8.34042],
			"rotation": {"angle": 0, "axis": "y", "origin": [16.82437, 17.125, 0.46542]},
			"faces": {
				"north": {"uv": [8, 6, 9, 6.5], "texture": "#1"},
				"east": {"uv": [8, 6, 9, 6.5], "texture": "#1"},
				"south": {"uv": [8, 6, 9, 6.5], "texture": "#1"},
				"west": {"uv": [8, 6, 9, 6.5], "texture": "#1"},
				"up": {"uv": [8, 6, 9, 6.5], "texture": "#1"},
				"down": {"uv": [8, 6, 9, 6.5], "rotation": 180, "texture": "#1"}
			}
		},
		{
			"from": [4.94937, 8.5, 7.84042],
			"to": [5.94937, 9, 8.34042],
			"rotation": {"angle": 0, "axis": "y", "origin": [14.82437, 16.125, 0.46542]},
			"faces": {
				"north": {"uv": [10, 7, 11, 7.5], "texture": "#1"},
				"east": {"uv": [10, 7, 10.5, 7.5], "texture": "#1"},
				"south": {"uv": [10, 7, 11, 7.5], "texture": "#1"},
				"west": {"uv": [10, 7, 10.5, 7.5], "texture": "#1"},
				"up": {"uv": [10, 7, 11, 7.5], "rotation": 270, "texture": "#1"},
				"down": {"uv": [10, 7, 11, 7.5], "rotation": 90, "texture": "#1"}
			}
		},
		{
			"from": [9.44937, 4, 7.84042],
			"to": [10.44937, 4.5, 8.34042],
			"rotation": {"angle": 0, "axis": "y", "origin": [19.44937, 11.625, 0.46542]},
			"faces": {
				"north": {"uv": [5.5, 11.5, 6.5, 12], "texture": "#1"},
				"east": {"uv": [5.5, 11.5, 6, 12], "texture": "#1"},
				"south": {"uv": [5.5, 11.5, 6.5, 12], "texture": "#1"},
				"west": {"uv": [5.5, 11.5, 6, 12], "texture": "#1"},
				"up": {"uv": [5.5, 11.5, 6.5, 12], "rotation": 270, "texture": "#1"},
				"down": {"uv": [5.5, 11.5, 6.5, 12], "rotation": 90, "texture": "#1"}
			}
		},
		{
			"from": [10.44937, 4.5, 7.84042],
			"to": [10.94937, 6, 8.34042],
			"rotation": {"angle": 0, "axis": "y", "origin": [19.94937, 11.625, 0.46542]},
			"faces": {
				"north": {"uv": [5, 10, 5.5, 11.5], "texture": "#1"},
				"east": {"uv": [5, 10, 5.5, 11.5], "texture": "#1"},
				"south": {"uv": [5, 10, 5.5, 11.5], "texture": "#1"},
				"west": {"uv": [5, 10, 5.5, 11.5], "texture": "#1"},
				"up": {"uv": [5, 10, 5.5, 10.5], "rotation": 270, "texture": "#1"},
				"down": {"uv": [5, 10, 5.5, 11.5], "rotation": 90, "texture": "#1"}
			}
		},
		{
			"from": [11.94937, 6, 7.84042],
			"to": [12.44937, 7, 8.34042],
			"rotation": {"angle": 0, "axis": "y", "origin": [21.44937, 12.625, 0.46542]},
			"faces": {
				"north": {"uv": [3.5, 9, 4, 10], "texture": "#1"},
				"east": {"uv": [3.5, 9, 4, 10], "texture": "#1"},
				"south": {"uv": [3.5, 9, 4, 10], "texture": "#1"},
				"west": {"uv": [3.5, 9, 4, 10], "texture": "#1"},
				"up": {"uv": [3.5, 9, 4, 9.5], "rotation": 270, "texture": "#1"},
				"down": {"uv": [3.5, 9.5, 4, 10], "rotation": 90, "texture": "#1"}
			}
		},
		{
			"from": [12.44937, 6.5, 7.84042],
			"to": [12.94937, 8, 8.34042],
			"rotation": {"angle": 0, "axis": "y", "origin": [21.94937, 13.625, 0.46542]},
			"faces": {
				"north": {"uv": [3, 8, 3.5, 9.5], "texture": "#1"},
				"east": {"uv": [3, 8, 3.5, 9.5], "texture": "#1"},
				"south": {"uv": [3, 8, 3.5, 9.5], "texture": "#1"},
				"west": {"uv": [3, 8, 3.5, 9.5], "texture": "#1"},
				"up": {"uv": [3, 8, 3.5, 8.5], "rotation": 270, "texture": "#1"},
				"down": {"uv": [3, 8, 3.5, 8.5], "rotation": 90, "texture": "#1"}
			}
		},
		{
			"from": [8.94937, 2.5, 7.73327],
			"to": [9.44937, 3.5, 8.23327],
			"rotation": {"angle": 0, "axis": "y", "origin": [18.94937, 10.75, 0.35827]},
			"faces": {
				"north": {"uv": [6.5, 12.5, 7, 13.5], "texture": "#1"},
				"east": {"uv": [6.5, 12.5, 7, 13.5], "texture": "#1"},
				"south": {"uv": [6.5, 12.5, 7, 13.5], "texture": "#1"},
				"west": {"uv": [6.5, 12.5, 7, 13.5], "texture": "#1"},
				"up": {"uv": [6.5, 12.5, 7, 13], "rotation": 270, "texture": "#1"},
				"down": {"uv": [6.5, 12.5, 7, 13], "rotation": 90, "texture": "#1"}
			}
		}
	],
	"display": {
		"thirdperson_righthand": {
			"translation": [0, 3, 1],
			"scale": [0.55, 0.55, 0.55]
		},
		"thirdperson_lefthand": {
			"translation": [0, 3, 1],
			"scale": [0.55, 0.55, 0.55]
		},
		"firstperson_righthand": {
			"rotation": [0, -90, 25],
			"translation": [1.13, 3.2, 1.13],
			"scale": [0.68, 0.68, 0.68]
		},
		"firstperson_lefthand": {
			"rotation": [0, -90, 25],
			"translation": [1.13, 3.2, 1.13],
			"scale": [0.68, 0.68, 0.68]
		},
		"ground": {
			"translation": [0, 2, 0],
			"scale": [0.5, 0.5, 0.5]
		},
		"gui": {
			"rotation": [30, 179, 0],
			"translation": [0, -2, 0],
			"scale": [0.41, 0.41, 0.41]
		},
		"head": {
			"translation": [0, -34, 0]
		},
		"fixed": {
			"translation": [0, -3.5, 0],
			"scale": [0.5, 0.5, 0.5]
		}
	},
	"groups": [
		{
			"name": "group",
			"origin": [6, 17.125, 14.5],
			"children": [0, 1, 2, 3, 4, 5, 6, 7, 8, 9, 10, 11, 12, 13, 14, 15, 16, 17, 18, 19, 20, 21, 22, 23, 24, 25, 26, 27, 28, 29, 30, 31, 32, 33, 34, 35, 36, 37, 38, 39, 40, 41, 42, 43, 44, 45, 46, 47, 48, 49, 50, 51, 52, 53, 54, 55, 56, 57, 58, 59, 60, 61, 62, 63, 64, 65, 66, 67, 68, 69, 70, 71, 72, 73, 74, 75, 76, 77, 78]
		},
		{
			"name": "group",
			"origin": [6, 17.125, 14.5],
			"children": [79, 80, 81, 82, 83, 84, 85, 86, 87, 88, 89, 90, 91, 92, 93, 94, 95, 96, 97, 98, 99, 100, 101, 102, 103, 104, 105, 106, 107, 108, 109, 110, 111, 112, 113, 114, 115, 116, 117, 118, 119, 120, 121, 122, 123, 124, 125, 126, 127, 128, 129, 130, 131, 132, 133, 134, 135, 136, 137, 138, 139, 140, 141, 142, 143, 144, 145, 146, 147, 148, 149, 150, 151, 152]
		}
	]
}