{
	"parent": "item/generated",
	"textures": {
		"layer0": "item/scute"
	},
	
	"overrides": [
		{"predicate": {"custom_model_data":1}, "model": "item/enviorment/carpenter/acacialog"},
		{"predicate": {"custom_model_data":2}, "model": "item/enviorment/carpenter/birchlog"},
		{"predicate": {"custom_model_data":3}, "model": "item/enviorment/carpenter/cedarlog"},
		{"predicate": {"custom_model_data":4}, "model": "item/enviorment/carpenter/darkoaklog"},
		{"predicate": {"custom_model_data":5}, "model": "item/enviorment/carpenter/mahoganylog"},
		{"predicate": {"custom_model_data":6}, "model": "item/enviorment/carpenter/oaklog"},
		{"predicate": {"custom_model_data":7}, "model": "item/enviorment/carpenter/pinelog"},
		{"predicate": {"custom_model_data":8}, "model": "item/enviorment/carpenter/sprucelog"},
		{"predicate": {"custom_model_data":9}, "model": "item/enviorment/carpenter/teakwoodlog"},
		{"predicate": {"custom_model_data":10}, "model": "item/enviorment/carpenter/twig"},
		{"predicate": {"custom_model_data":11}, "model": "item/enviorment/carpenter/mahoganytree"}
	]
}
