{
	"parent": "item/generated",
	"textures": {
		"layer0": "item/scute"
	},
	
	"overrides": [
		{"predicate": {"custom_model_data":1}, "model": "item/enviorment/wood/acacialog"},
		{"predicate": {"custom_model_data":2}, "model": "item/enviorment/wood/birchlog"},
		{"predicate": {"custom_model_data":3}, "model": "item/enviorment/wood/cedarlog"},
		{"predicate": {"custom_model_data":4}, "model": "item/enviorment/wood/darkoaklog"},
		{"predicate": {"custom_model_data":5}, "model": "item/enviorment/wood/mahoganylog"},
		{"predicate": {"custom_model_data":6}, "model": "item/enviorment/wood/oaklog"},
		{"predicate": {"custom_model_data":7}, "model": "item/enviorment/wood/pinelog"},
		{"predicate": {"custom_model_data":8}, "model": "item/enviorment/wood/sprucelog"},
		{"predicate": {"custom_model_data":9}, "model": "item/enviorment/wood/teakwoodlog"},
		{"predicate": {"custom_model_data":10}, "model": "item/enviorment/wood/mahoganytree"},
	]
}
