{
	"parent": "item/generated",
	"textures": {
		"layer0": "item/scute"
	},
	
	"overrides": [
		{"predicate": {"custom_model_data":1}, "model": "item/enviorment/bushes/black"},
		{"predicate": {"custom_model_data":2}, "model": "item/enviorment/bushes/green"},
		{"predicate": {"custom_model_data":3}, "model": "item/enviorment/bushes/indigo"},
		{"predicate": {"custom_model_data":4}, "model": "item/enviorment/bushes/lightblue"},
		{"predicate": {"custom_model_data":5}, "model": "item/enviorment/bushes/orange"},
		{"predicate": {"custom_model_data":6}, "model": "item/enviorment/bushes/pink"},
		{"predicate": {"custom_model_data":7}, "model": "item/enviorment/bushes/violet"},
		{"predicate": {"custom_model_data":8}, "model": "item/enviorment/bushes/white"},
		{"predicate": {"custom_model_data":9}, "model": "item/enviorment/bushes/yellow"},
		{"predicate": {"custom_model_data":10}, "model": "item/enviorment/wood/acacialog"},
		{"predicate": {"custom_model_data":11}, "model": "item/enviorment/wood/birchlog"},
		{"predicate": {"custom_model_data":12}, "model": "item/enviorment/wood/cedarlog"},
		{"predicate": {"custom_model_data":13}, "model": "item/enviorment/wood/darkoaklog"},
		{"predicate": {"custom_model_data":14}, "model": "item/enviorment/wood/mahoganylog"},
		{"predicate": {"custom_model_data":15}, "model": "item/enviorment/wood/oaklog"},
		{"predicate": {"custom_model_data":16}, "model": "item/enviorment/wood/pinelog"},
		{"predicate": {"custom_model_data":17}, "model": "item/enviorment/wood/sprucelog"},
		{"predicate": {"custom_model_data":18}, "model": "item/enviorment/wood/teakwoodlog"},
		{"predicate": {"custom_model_data":19}, "model": "item/enviorment/wood/mahoganytree"}
	]
}
