{
	"parent": "item/generated",
	"textures": {
		"layer0": "item/sugar"
	},
	
	"overrides": [
		{"predicate": {"custom_model_data":1}, "model": "item/herbalist/anise"},
		{"predicate": {"custom_model_data":2}, "model": "item/herbalist/dandelion"},
		{"predicate": {"custom_model_data":3}, "model": "item/herbalist/dittany"},
		{"predicate": {"custom_model_data":4}, "model": "item/herbalist/lavender"},
		{"predicate": {"custom_model_data":5}, "model": "item/herbalist/mint"},
		{"predicate": {"custom_model_data":6}, "model": "item/herbalist/monkshood"},
		{"predicate": {"custom_model_data":7}, "model": "item/herbalist/mugwort"},
		{"predicate": {"custom_model_data":8}, "model": "item/herbalist/muskmallow"},
		{"predicate": {"custom_model_data":9}, "model": "item/herbalist/wolfsbane"},
		{"predicate": {"custom_model_data":10}, "model": "item/herbalist/wormwood"}
	]
}
