{
	"credit": "Made with Blockbench",
	"textures": {
		"1": "block/twisting_vines"
	},
	"elements": [
		{
			"from": [7, 0, 7],
			"to": [9, 15, 9],
			"rotation": {"angle": 0, "axis": "y", "origin": [8.5, 22.5, 8.75]},
			"faces": {
				"north": {"uv": [2, 0, 4, 15], "texture": "#1"},
				"east": {"uv": [2, 0, 4, 15], "texture": "#1"},
				"south": {"uv": [2, 0, 4, 15], "texture": "#1"},
				"west": {"uv": [2, 0, 4, 15], "texture": "#1"},
				"up": {"uv": [2, 0, 4, 2], "texture": "#1"},
				"down": {"uv": [2, 0, 4, 2], "texture": "#1"}
			}
		},
		{
			"from": [8.5, 10.5, 6.5],
			"to": [9, 11.5, 7],
			"rotation": {"angle": 0, "axis": "y", "origin": [8.5, 33, 6.75]},
			"faces": {
				"north": {"uv": [10, 0, 12, 6], "texture": "#1"},
				"east": {"uv": [10, 0, 12, 6], "texture": "#1"},
				"south": {"uv": [10, 0, 12, 6], "texture": "#1"},
				"west": {"uv": [10, 0, 12, 6], "texture": "#1"},
				"up": {"uv": [10, 0, 10.5, 0.5], "texture": "#1"},
				"down": {"uv": [9, 4, 10, 5], "rotation": 270, "texture": "#1"}
			}
		},
		{
			"from": [7.5, 9.875, 9],
			"to": [8, 10.875, 9.5],
			"rotation": {"angle": 0, "axis": "y", "origin": [8, 32.375, 9.25]},
			"faces": {
				"north": {"uv": [10, 0, 12, 6], "texture": "#1"},
				"east": {"uv": [10, 0, 12, 6], "texture": "#1"},
				"south": {"uv": [10, 0, 12, 6], "texture": "#1"},
				"west": {"uv": [10, 0, 12, 6], "texture": "#1"},
				"up": {"uv": [10, 0, 10.5, 0.5], "texture": "#1"},
				"down": {"uv": [9, 4, 10, 5], "rotation": 270, "texture": "#1"}
			}
		},
		{
			"from": [9, 10.375, 8],
			"to": [9.5, 11.375, 8.5],
			"rotation": {"angle": 0, "axis": "y", "origin": [9.25, 32.875, 8]},
			"faces": {
				"north": {"uv": [10, 0, 12, 6], "texture": "#1"},
				"east": {"uv": [10, 0, 12, 6], "texture": "#1"},
				"south": {"uv": [10, 0, 12, 6], "texture": "#1"},
				"west": {"uv": [10, 0, 12, 6], "texture": "#1"},
				"up": {"uv": [10, 0, 10.5, 0.5], "texture": "#1"},
				"down": {"uv": [9, 4, 10, 5], "rotation": 270, "texture": "#1"}
			}
		},
		{
			"from": [6.5, 4.625, 8],
			"to": [7, 5.625, 8.5],
			"rotation": {"angle": 0, "axis": "y", "origin": [6.75, -16.875, 8]},
			"faces": {
				"north": {"uv": [10, 6, 12, 0], "texture": "#1"},
				"east": {"uv": [10, 6, 12, 0], "texture": "#1"},
				"south": {"uv": [10, 6, 12, 0], "texture": "#1"},
				"west": {"uv": [10, 6, 12, 0], "texture": "#1"},
				"up": {"uv": [10, 4, 9, 5], "rotation": 270, "texture": "#1"},
				"down": {"uv": [10, 0.5, 10.5, 0], "texture": "#1"}
			}
		},
		{
			"from": [9, 11.875, 8.5],
			"to": [9.5, 12.875, 9],
			"rotation": {"angle": 0, "axis": "y", "origin": [9.25, 34.375, 8.5]},
			"faces": {
				"north": {"uv": [10, 0, 12, 6], "texture": "#1"},
				"east": {"uv": [10, 0, 12, 6], "texture": "#1"},
				"south": {"uv": [10, 0, 12, 6], "texture": "#1"},
				"west": {"uv": [10, 0, 12, 6], "texture": "#1"},
				"up": {"uv": [10, 0, 10.5, 0.5], "texture": "#1"},
				"down": {"uv": [9, 4, 10, 5], "rotation": 270, "texture": "#1"}
			}
		},
		{
			"from": [6.5, 3.125, 8.5],
			"to": [7, 4.125, 9],
			"rotation": {"angle": 0, "axis": "y", "origin": [6.75, -18.375, 8.5]},
			"faces": {
				"north": {"uv": [10, 6, 12, 0], "texture": "#1"},
				"east": {"uv": [10, 6, 12, 0], "texture": "#1"},
				"south": {"uv": [10, 6, 12, 0], "texture": "#1"},
				"west": {"uv": [10, 6, 12, 0], "texture": "#1"},
				"up": {"uv": [10, 4, 9, 5], "rotation": 270, "texture": "#1"},
				"down": {"uv": [10, 0.5, 10.5, 0], "texture": "#1"}
			}
		},
		{
			"from": [6.5, 0.875, 8.5],
			"to": [7, 1.875, 9],
			"rotation": {"angle": 0, "axis": "y", "origin": [6.75, -20.625, 8.5]},
			"faces": {
				"north": {"uv": [10, 6, 12, 0], "texture": "#1"},
				"east": {"uv": [10, 6, 12, 0], "texture": "#1"},
				"south": {"uv": [10, 6, 12, 0], "texture": "#1"},
				"west": {"uv": [10, 6, 12, 0], "texture": "#1"},
				"up": {"uv": [10, 4, 9, 5], "rotation": 270, "texture": "#1"},
				"down": {"uv": [10, 0.5, 10.5, 0], "texture": "#1"}
			}
		},
		{
			"from": [8.5, 3, 6.5],
			"to": [9, 4, 7],
			"rotation": {"angle": 0, "axis": "y", "origin": [8.5, 25.5, 6.75]},
			"faces": {
				"north": {"uv": [10, 0, 12, 6], "texture": "#1"},
				"east": {"uv": [10, 0, 12, 6], "texture": "#1"},
				"south": {"uv": [10, 0, 12, 6], "texture": "#1"},
				"west": {"uv": [10, 0, 12, 6], "texture": "#1"},
				"up": {"uv": [10, 0, 10.5, 0.5], "texture": "#1"},
				"down": {"uv": [9, 4, 10, 5], "rotation": 270, "texture": "#1"}
			}
		},
		{
			"from": [7.5, 2.375, 9],
			"to": [8, 3.375, 9.5],
			"rotation": {"angle": 0, "axis": "y", "origin": [8, 24.875, 9.25]},
			"faces": {
				"north": {"uv": [10, 0, 12, 6], "texture": "#1"},
				"east": {"uv": [10, 0, 12, 6], "texture": "#1"},
				"south": {"uv": [10, 0, 12, 6], "texture": "#1"},
				"west": {"uv": [10, 0, 12, 6], "texture": "#1"},
				"up": {"uv": [10, 0, 10.5, 0.5], "texture": "#1"},
				"down": {"uv": [9, 4, 10, 5], "rotation": 270, "texture": "#1"}
			}
		},
		{
			"from": [9, 2.875, 8],
			"to": [9.5, 3.875, 8.5],
			"rotation": {"angle": 0, "axis": "y", "origin": [9.25, 25.375, 8]},
			"faces": {
				"north": {"uv": [10, 0, 12, 6], "texture": "#1"},
				"east": {"uv": [10, 0, 12, 6], "texture": "#1"},
				"south": {"uv": [10, 0, 12, 6], "texture": "#1"},
				"west": {"uv": [10, 0, 12, 6], "texture": "#1"},
				"up": {"uv": [10, 0, 10.5, 0.5], "texture": "#1"},
				"down": {"uv": [9, 4, 10, 5], "rotation": 270, "texture": "#1"}
			}
		},
		{
			"from": [6.5, 12.125, 8],
			"to": [7, 13.125, 8.5],
			"rotation": {"angle": 0, "axis": "y", "origin": [6.75, -9.375, 8]},
			"faces": {
				"north": {"uv": [10, 6, 12, 0], "texture": "#1"},
				"east": {"uv": [10, 6, 12, 0], "texture": "#1"},
				"south": {"uv": [10, 6, 12, 0], "texture": "#1"},
				"west": {"uv": [10, 6, 12, 0], "texture": "#1"},
				"up": {"uv": [10, 4, 9, 5], "rotation": 270, "texture": "#1"},
				"down": {"uv": [10, 0.5, 10.5, 0], "texture": "#1"}
			}
		},
		{
			"from": [9, 4.375, 8.5],
			"to": [9.5, 5.375, 9],
			"rotation": {"angle": 0, "axis": "y", "origin": [9.25, 26.875, 8.5]},
			"faces": {
				"north": {"uv": [10, 0, 12, 6], "texture": "#1"},
				"east": {"uv": [10, 0, 12, 6], "texture": "#1"},
				"south": {"uv": [10, 0, 12, 6], "texture": "#1"},
				"west": {"uv": [10, 0, 12, 6], "texture": "#1"},
				"up": {"uv": [10, 0, 10.5, 0.5], "texture": "#1"},
				"down": {"uv": [9, 4, 10, 5], "rotation": 270, "texture": "#1"}
			}
		},
		{
			"from": [6.5, 10.625, 8.5],
			"to": [7, 11.625, 9],
			"rotation": {"angle": 0, "axis": "y", "origin": [6.75, -10.875, 8.5]},
			"faces": {
				"north": {"uv": [10, 6, 12, 0], "texture": "#1"},
				"east": {"uv": [10, 6, 12, 0], "texture": "#1"},
				"south": {"uv": [10, 6, 12, 0], "texture": "#1"},
				"west": {"uv": [10, 6, 12, 0], "texture": "#1"},
				"up": {"uv": [10, 4, 9, 5], "rotation": 270, "texture": "#1"},
				"down": {"uv": [10, 0.5, 10.5, 0], "texture": "#1"}
			}
		},
		{
			"from": [8.5, 6.75, 6.5],
			"to": [9, 7.75, 7],
			"rotation": {"angle": 0, "axis": "y", "origin": [8.5, 29.25, 6.75]},
			"faces": {
				"north": {"uv": [10, 0, 12, 6], "texture": "#1"},
				"east": {"uv": [10, 0, 12, 6], "texture": "#1"},
				"south": {"uv": [10, 0, 12, 6], "texture": "#1"},
				"west": {"uv": [10, 0, 12, 6], "texture": "#1"},
				"up": {"uv": [10, 0, 10.5, 0.5], "texture": "#1"},
				"down": {"uv": [9, 4, 10, 5], "rotation": 270, "texture": "#1"}
			}
		},
		{
			"from": [7.5, 6.125, 9],
			"to": [8, 7.125, 9.5],
			"rotation": {"angle": 0, "axis": "y", "origin": [8, 28.625, 9.25]},
			"faces": {
				"north": {"uv": [10, 0, 12, 6], "texture": "#1"},
				"east": {"uv": [10, 0, 12, 6], "texture": "#1"},
				"south": {"uv": [10, 0, 12, 6], "texture": "#1"},
				"west": {"uv": [10, 0, 12, 6], "texture": "#1"},
				"up": {"uv": [10, 0, 10.5, 0.5], "texture": "#1"},
				"down": {"uv": [9, 4, 10, 5], "rotation": 270, "texture": "#1"}
			}
		},
		{
			"from": [9, 6.625, 8],
			"to": [9.5, 7.625, 8.5],
			"rotation": {"angle": 0, "axis": "y", "origin": [9.25, 29.125, 8]},
			"faces": {
				"north": {"uv": [10, 0, 12, 6], "texture": "#1"},
				"east": {"uv": [10, 0, 12, 6], "texture": "#1"},
				"south": {"uv": [10, 0, 12, 6], "texture": "#1"},
				"west": {"uv": [10, 0, 12, 6], "texture": "#1"},
				"up": {"uv": [10, 0, 10.5, 0.5], "texture": "#1"},
				"down": {"uv": [9, 4, 10, 5], "rotation": 270, "texture": "#1"}
			}
		},
		{
			"from": [6.5, 8.375, 8],
			"to": [7, 9.375, 8.5],
			"rotation": {"angle": 0, "axis": "y", "origin": [6.75, -13.125, 8]},
			"faces": {
				"north": {"uv": [10, 6, 12, 0], "texture": "#1"},
				"east": {"uv": [10, 6, 12, 0], "texture": "#1"},
				"south": {"uv": [10, 6, 12, 0], "texture": "#1"},
				"west": {"uv": [10, 6, 12, 0], "texture": "#1"},
				"up": {"uv": [10, 4, 9, 5], "rotation": 270, "texture": "#1"},
				"down": {"uv": [10, 0.5, 10.5, 0], "texture": "#1"}
			}
		},
		{
			"from": [9, 8.125, 8.5],
			"to": [9.5, 9.125, 9],
			"rotation": {"angle": 0, "axis": "y", "origin": [9.25, 30.625, 8.5]},
			"faces": {
				"north": {"uv": [10, 0, 12, 6], "texture": "#1"},
				"east": {"uv": [10, 0, 12, 6], "texture": "#1"},
				"south": {"uv": [10, 0, 12, 6], "texture": "#1"},
				"west": {"uv": [10, 0, 12, 6], "texture": "#1"},
				"up": {"uv": [10, 0, 10.5, 0.5], "texture": "#1"},
				"down": {"uv": [9, 4, 10, 5], "rotation": 270, "texture": "#1"}
			}
		},
		{
			"from": [6.5, 6.875, 8.5],
			"to": [7, 7.875, 9],
			"rotation": {"angle": 0, "axis": "y", "origin": [6.75, -14.625, 8.5]},
			"faces": {
				"north": {"uv": [10, 6, 12, 0], "texture": "#1"},
				"east": {"uv": [10, 6, 12, 0], "texture": "#1"},
				"south": {"uv": [10, 6, 12, 0], "texture": "#1"},
				"west": {"uv": [10, 6, 12, 0], "texture": "#1"},
				"up": {"uv": [10, 4, 9, 5], "rotation": 270, "texture": "#1"},
				"down": {"uv": [10, 0.5, 10.5, 0], "texture": "#1"}
			}
		},
		{
			"from": [8.5, 12.375, 6.5],
			"to": [9, 13.375, 7],
			"rotation": {"angle": 0, "axis": "y", "origin": [8.5, 34.875, 6.75]},
			"faces": {
				"north": {"uv": [10, 0, 12, 6], "texture": "#1"},
				"east": {"uv": [10, 0, 12, 6], "texture": "#1"},
				"south": {"uv": [10, 0, 12, 6], "texture": "#1"},
				"west": {"uv": [10, 0, 12, 6], "texture": "#1"},
				"up": {"uv": [10, 0, 10.5, 0.5], "texture": "#1"},
				"down": {"uv": [9, 4, 10, 5], "rotation": 270, "texture": "#1"}
			}
		},
		{
			"from": [7.5, 11.75, 9],
			"to": [8, 12.75, 9.5],
			"rotation": {"angle": 0, "axis": "y", "origin": [8, 34.25, 9.25]},
			"faces": {
				"north": {"uv": [10, 0, 12, 6], "texture": "#1"},
				"east": {"uv": [10, 0, 12, 6], "texture": "#1"},
				"south": {"uv": [10, 0, 12, 6], "texture": "#1"},
				"west": {"uv": [10, 0, 12, 6], "texture": "#1"},
				"up": {"uv": [10, 0, 10.5, 0.5], "texture": "#1"},
				"down": {"uv": [9, 4, 10, 5], "rotation": 270, "texture": "#1"}
			}
		},
		{
			"from": [7.5, 13.75, 9],
			"to": [8, 14.75, 9.5],
			"rotation": {"angle": 0, "axis": "y", "origin": [8, 36.25, 9.25]},
			"faces": {
				"north": {"uv": [10, 0, 12, 6], "texture": "#1"},
				"east": {"uv": [10, 0, 12, 6], "texture": "#1"},
				"south": {"uv": [10, 0, 12, 6], "texture": "#1"},
				"west": {"uv": [10, 0, 12, 6], "texture": "#1"},
				"up": {"uv": [10, 0, 10.5, 0.5], "texture": "#1"},
				"down": {"uv": [9, 4, 10, 5], "rotation": 270, "texture": "#1"}
			}
		},
		{
			"from": [9, 12.25, 8],
			"to": [9.5, 13.25, 8.5],
			"rotation": {"angle": 0, "axis": "y", "origin": [9.25, 34.75, 8]},
			"faces": {
				"north": {"uv": [10, 0, 12, 6], "texture": "#1"},
				"east": {"uv": [10, 0, 12, 6], "texture": "#1"},
				"south": {"uv": [10, 0, 12, 6], "texture": "#1"},
				"west": {"uv": [10, 0, 12, 6], "texture": "#1"},
				"up": {"uv": [10, 0, 10.5, 0.5], "texture": "#1"},
				"down": {"uv": [9, 4, 10, 5], "rotation": 270, "texture": "#1"}
			}
		},
		{
			"from": [6.5, 2.75, 8],
			"to": [7, 3.75, 8.5],
			"rotation": {"angle": 0, "axis": "y", "origin": [6.75, -18.75, 8]},
			"faces": {
				"north": {"uv": [10, 6, 12, 0], "texture": "#1"},
				"east": {"uv": [10, 6, 12, 0], "texture": "#1"},
				"south": {"uv": [10, 6, 12, 0], "texture": "#1"},
				"west": {"uv": [10, 6, 12, 0], "texture": "#1"},
				"up": {"uv": [10, 4, 9, 5], "rotation": 270, "texture": "#1"},
				"down": {"uv": [10, 0.5, 10.5, 0], "texture": "#1"}
			}
		},
		{
			"from": [6.5, 0.5, 8],
			"to": [7, 1.5, 8.5],
			"rotation": {"angle": 0, "axis": "y", "origin": [6.75, -21, 8]},
			"faces": {
				"north": {"uv": [10, 6, 12, 0], "texture": "#1"},
				"east": {"uv": [10, 6, 12, 0], "texture": "#1"},
				"south": {"uv": [10, 6, 12, 0], "texture": "#1"},
				"west": {"uv": [10, 6, 12, 0], "texture": "#1"},
				"up": {"uv": [10, 4, 9, 5], "rotation": 270, "texture": "#1"},
				"down": {"uv": [10, 0.5, 10.5, 0], "texture": "#1"}
			}
		},
		{
			"from": [9, 13.75, 8.5],
			"to": [9.5, 14.75, 9],
			"rotation": {"angle": 0, "axis": "y", "origin": [9.25, 36.25, 8.5]},
			"faces": {
				"north": {"uv": [10, 0, 12, 6], "texture": "#1"},
				"east": {"uv": [10, 0, 12, 6], "texture": "#1"},
				"south": {"uv": [10, 0, 12, 6], "texture": "#1"},
				"west": {"uv": [10, 0, 12, 6], "texture": "#1"},
				"up": {"uv": [10, 0, 10.5, 0.5], "texture": "#1"},
				"down": {"uv": [9, 4, 10, 5], "rotation": 270, "texture": "#1"}
			}
		},
		{
			"from": [9, 14.25, 8],
			"to": [9.5, 15, 8.5],
			"rotation": {"angle": 0, "axis": "y", "origin": [9.25, 36.75, 8]},
			"faces": {
				"north": {"uv": [10, 0, 12, 6], "texture": "#1"},
				"east": {"uv": [10, 0, 12, 6], "texture": "#1"},
				"south": {"uv": [10, 0, 12, 6], "texture": "#1"},
				"west": {"uv": [10, 0, 12, 6], "texture": "#1"},
				"up": {"uv": [10, 0, 10.5, 0.5], "texture": "#1"},
				"down": {"uv": [9, 4, 10, 5], "rotation": 270, "texture": "#1"}
			}
		},
		{
			"from": [8.5, 4.875, 6.5],
			"to": [9, 5.875, 7],
			"rotation": {"angle": 0, "axis": "y", "origin": [8.5, 27.375, 6.75]},
			"faces": {
				"north": {"uv": [10, 0, 12, 6], "texture": "#1"},
				"east": {"uv": [10, 0, 12, 6], "texture": "#1"},
				"south": {"uv": [10, 0, 12, 6], "texture": "#1"},
				"west": {"uv": [10, 0, 12, 6], "texture": "#1"},
				"up": {"uv": [10, 0, 10.5, 0.5], "texture": "#1"},
				"down": {"uv": [9, 4, 10, 5], "rotation": 270, "texture": "#1"}
			}
		},
		{
			"from": [7.5, 4.25, 9],
			"to": [8, 5.25, 9.5],
			"rotation": {"angle": 0, "axis": "y", "origin": [8, 26.75, 9.25]},
			"faces": {
				"north": {"uv": [10, 0, 12, 6], "texture": "#1"},
				"east": {"uv": [10, 0, 12, 6], "texture": "#1"},
				"south": {"uv": [10, 0, 12, 6], "texture": "#1"},
				"west": {"uv": [10, 0, 12, 6], "texture": "#1"},
				"up": {"uv": [10, 0, 10.5, 0.5], "texture": "#1"},
				"down": {"uv": [9, 4, 10, 5], "rotation": 270, "texture": "#1"}
			}
		},
		{
			"from": [9, 4.75, 8],
			"to": [9.5, 5.75, 8.5],
			"rotation": {"angle": 0, "axis": "y", "origin": [9.25, 27.25, 8]},
			"faces": {
				"north": {"uv": [10, 0, 12, 6], "texture": "#1"},
				"east": {"uv": [10, 0, 12, 6], "texture": "#1"},
				"south": {"uv": [10, 0, 12, 6], "texture": "#1"},
				"west": {"uv": [10, 0, 12, 6], "texture": "#1"},
				"up": {"uv": [10, 0, 10.5, 0.5], "texture": "#1"},
				"down": {"uv": [9, 4, 10, 5], "rotation": 270, "texture": "#1"}
			}
		},
		{
			"from": [6.5, 10.25, 8],
			"to": [7, 11.25, 8.5],
			"rotation": {"angle": 0, "axis": "y", "origin": [6.75, -11.25, 8]},
			"faces": {
				"north": {"uv": [10, 6, 12, 0], "texture": "#1"},
				"east": {"uv": [10, 6, 12, 0], "texture": "#1"},
				"south": {"uv": [10, 6, 12, 0], "texture": "#1"},
				"west": {"uv": [10, 6, 12, 0], "texture": "#1"},
				"up": {"uv": [10, 4, 9, 5], "rotation": 270, "texture": "#1"},
				"down": {"uv": [10, 0.5, 10.5, 0], "texture": "#1"}
			}
		},
		{
			"from": [9, 6.25, 8.5],
			"to": [9.5, 7.25, 9],
			"rotation": {"angle": 0, "axis": "y", "origin": [9.25, 28.75, 8.5]},
			"faces": {
				"north": {"uv": [10, 0, 12, 6], "texture": "#1"},
				"east": {"uv": [10, 0, 12, 6], "texture": "#1"},
				"south": {"uv": [10, 0, 12, 6], "texture": "#1"},
				"west": {"uv": [10, 0, 12, 6], "texture": "#1"},
				"up": {"uv": [10, 0, 10.5, 0.5], "texture": "#1"},
				"down": {"uv": [9, 4, 10, 5], "rotation": 270, "texture": "#1"}
			}
		},
		{
			"from": [6.5, 8.75, 8.5],
			"to": [7, 9.75, 9],
			"rotation": {"angle": 0, "axis": "y", "origin": [6.75, -12.75, 8.5]},
			"faces": {
				"north": {"uv": [10, 6, 12, 0], "texture": "#1"},
				"east": {"uv": [10, 6, 12, 0], "texture": "#1"},
				"south": {"uv": [10, 6, 12, 0], "texture": "#1"},
				"west": {"uv": [10, 6, 12, 0], "texture": "#1"},
				"up": {"uv": [10, 4, 9, 5], "rotation": 270, "texture": "#1"},
				"down": {"uv": [10, 0.5, 10.5, 0], "texture": "#1"}
			}
		},
		{
			"from": [8.5, 8.625, 6.5],
			"to": [9, 9.625, 7],
			"rotation": {"angle": 0, "axis": "y", "origin": [8.5, 31.125, 6.75]},
			"faces": {
				"north": {"uv": [10, 0, 12, 6], "texture": "#1"},
				"east": {"uv": [10, 0, 12, 6], "texture": "#1"},
				"south": {"uv": [10, 0, 12, 6], "texture": "#1"},
				"west": {"uv": [10, 0, 12, 6], "texture": "#1"},
				"up": {"uv": [10, 0, 10.5, 0.5], "texture": "#1"},
				"down": {"uv": [9, 4, 10, 5], "rotation": 270, "texture": "#1"}
			}
		},
		{
			"from": [7.5, 8, 9],
			"to": [8, 9, 9.5],
			"rotation": {"angle": 0, "axis": "y", "origin": [8, 30.5, 9.25]},
			"faces": {
				"north": {"uv": [10, 0, 12, 6], "texture": "#1"},
				"east": {"uv": [10, 0, 12, 6], "texture": "#1"},
				"south": {"uv": [10, 0, 12, 6], "texture": "#1"},
				"west": {"uv": [10, 0, 12, 6], "texture": "#1"},
				"up": {"uv": [10, 0, 10.5, 0.5], "texture": "#1"},
				"down": {"uv": [9, 4, 10, 5], "rotation": 270, "texture": "#1"}
			}
		},
		{
			"from": [9, 8.5, 8],
			"to": [9.5, 9.5, 8.5],
			"rotation": {"angle": 0, "axis": "y", "origin": [9.25, 31, 8]},
			"faces": {
				"north": {"uv": [10, 0, 12, 6], "texture": "#1"},
				"east": {"uv": [10, 0, 12, 6], "texture": "#1"},
				"south": {"uv": [10, 0, 12, 6], "texture": "#1"},
				"west": {"uv": [10, 0, 12, 6], "texture": "#1"},
				"up": {"uv": [10, 0, 10.5, 0.5], "texture": "#1"},
				"down": {"uv": [9, 4, 10, 5], "rotation": 270, "texture": "#1"}
			}
		},
		{
			"from": [6.5, 6.5, 8],
			"to": [7, 7.5, 8.5],
			"rotation": {"angle": 0, "axis": "y", "origin": [6.75, -15, 8]},
			"faces": {
				"north": {"uv": [10, 6, 12, 0], "texture": "#1"},
				"east": {"uv": [10, 6, 12, 0], "texture": "#1"},
				"south": {"uv": [10, 6, 12, 0], "texture": "#1"},
				"west": {"uv": [10, 6, 12, 0], "texture": "#1"},
				"up": {"uv": [10, 4, 9, 5], "rotation": 270, "texture": "#1"},
				"down": {"uv": [10, 0.5, 10.5, 0], "texture": "#1"}
			}
		},
		{
			"from": [9, 10, 8.5],
			"to": [9.5, 11, 9],
			"rotation": {"angle": 0, "axis": "y", "origin": [9.25, 32.5, 8.5]},
			"faces": {
				"north": {"uv": [10, 0, 12, 6], "texture": "#1"},
				"east": {"uv": [10, 0, 12, 6], "texture": "#1"},
				"south": {"uv": [10, 0, 12, 6], "texture": "#1"},
				"west": {"uv": [10, 0, 12, 6], "texture": "#1"},
				"up": {"uv": [10, 0, 10.5, 0.5], "texture": "#1"},
				"down": {"uv": [9, 4, 10, 5], "rotation": 270, "texture": "#1"}
			}
		},
		{
			"from": [6.5, 5, 8.5],
			"to": [7, 6, 9],
			"rotation": {"angle": 0, "axis": "y", "origin": [6.75, -16.5, 8.5]},
			"faces": {
				"north": {"uv": [10, 6, 12, 0], "texture": "#1"},
				"east": {"uv": [10, 6, 12, 0], "texture": "#1"},
				"south": {"uv": [10, 6, 12, 0], "texture": "#1"},
				"west": {"uv": [10, 6, 12, 0], "texture": "#1"},
				"up": {"uv": [10, 4, 9, 5], "rotation": 270, "texture": "#1"},
				"down": {"uv": [10, 0.5, 10.5, 0], "texture": "#1"}
			}
		},
		{
			"from": [8.5, 1.125, 6.5],
			"to": [9, 2.125, 7],
			"rotation": {"angle": 0, "axis": "y", "origin": [8.5, 23.625, 6.75]},
			"faces": {
				"north": {"uv": [10, 0, 12, 6], "texture": "#1"},
				"east": {"uv": [10, 0, 12, 6], "texture": "#1"},
				"south": {"uv": [10, 0, 12, 6], "texture": "#1"},
				"west": {"uv": [10, 0, 12, 6], "texture": "#1"},
				"up": {"uv": [10, 0, 10.5, 0.5], "texture": "#1"},
				"down": {"uv": [9, 4, 10, 5], "rotation": 270, "texture": "#1"}
			}
		},
		{
			"from": [7.5, 0.5, 9],
			"to": [8, 1.5, 9.5],
			"rotation": {"angle": 0, "axis": "y", "origin": [8, 23, 9.25]},
			"faces": {
				"north": {"uv": [10, 0, 12, 6], "texture": "#1"},
				"east": {"uv": [10, 0, 12, 6], "texture": "#1"},
				"south": {"uv": [10, 0, 12, 6], "texture": "#1"},
				"west": {"uv": [10, 0, 12, 6], "texture": "#1"},
				"up": {"uv": [10, 0, 10.5, 0.5], "texture": "#1"},
				"down": {"uv": [9, 4, 10, 5], "rotation": 270, "texture": "#1"}
			}
		},
		{
			"from": [9, 1, 8],
			"to": [9.5, 2, 8.5],
			"rotation": {"angle": 0, "axis": "y", "origin": [9.25, 23.5, 8]},
			"faces": {
				"north": {"uv": [10, 0, 12, 6], "texture": "#1"},
				"east": {"uv": [10, 0, 12, 6], "texture": "#1"},
				"south": {"uv": [10, 0, 12, 6], "texture": "#1"},
				"west": {"uv": [10, 0, 12, 6], "texture": "#1"},
				"up": {"uv": [10, 0, 10.5, 0.5], "texture": "#1"},
				"down": {"uv": [9, 4, 10, 5], "rotation": 270, "texture": "#1"}
			}
		},
		{
			"from": [6.5, 14, 8],
			"to": [7, 15, 8.5],
			"rotation": {"angle": 0, "axis": "y", "origin": [6.75, -7.5, 8]},
			"faces": {
				"north": {"uv": [10, 6, 12, 0], "texture": "#1"},
				"east": {"uv": [10, 6, 12, 0], "texture": "#1"},
				"south": {"uv": [10, 6, 12, 0], "texture": "#1"},
				"west": {"uv": [10, 6, 12, 0], "texture": "#1"},
				"up": {"uv": [10, 4, 9, 5], "rotation": 270, "texture": "#1"},
				"down": {"uv": [10, 0.5, 10.5, 0], "texture": "#1"}
			}
		},
		{
			"from": [9, 2.5, 8.5],
			"to": [9.5, 3.5, 9],
			"rotation": {"angle": 0, "axis": "y", "origin": [9.25, 25, 8.5]},
			"faces": {
				"north": {"uv": [10, 0, 12, 6], "texture": "#1"},
				"east": {"uv": [10, 0, 12, 6], "texture": "#1"},
				"south": {"uv": [10, 0, 12, 6], "texture": "#1"},
				"west": {"uv": [10, 0, 12, 6], "texture": "#1"},
				"up": {"uv": [10, 0, 10.5, 0.5], "texture": "#1"},
				"down": {"uv": [9, 4, 10, 5], "rotation": 270, "texture": "#1"}
			}
		},
		{
			"from": [6.5, 12.5, 8.5],
			"to": [7, 13.5, 9],
			"rotation": {"angle": 0, "axis": "y", "origin": [6.75, -9, 8.5]},
			"faces": {
				"north": {"uv": [10, 6, 12, 0], "texture": "#1"},
				"east": {"uv": [10, 6, 12, 0], "texture": "#1"},
				"south": {"uv": [10, 6, 12, 0], "texture": "#1"},
				"west": {"uv": [10, 6, 12, 0], "texture": "#1"},
				"up": {"uv": [10, 4, 9, 5], "rotation": 270, "texture": "#1"},
				"down": {"uv": [10, 0.5, 10.5, 0], "texture": "#1"}
			}
		},
		{
			"from": [9, 0.5, 8.5],
			"to": [9.5, 1.5, 9],
			"rotation": {"angle": 0, "axis": "y", "origin": [9.25, 23, 8.5]},
			"faces": {
				"north": {"uv": [10, 0, 12, 6], "texture": "#1"},
				"east": {"uv": [10, 0, 12, 6], "texture": "#1"},
				"south": {"uv": [10, 0, 12, 6], "texture": "#1"},
				"west": {"uv": [10, 0, 12, 6], "texture": "#1"},
				"up": {"uv": [10, 0, 10.5, 0.5], "texture": "#1"},
				"down": {"uv": [9, 4, 10, 5], "rotation": 270, "texture": "#1"}
			}
		},
		{
			"from": [6.5, 14.5, 8.5],
			"to": [7, 15.125, 9],
			"rotation": {"angle": 0, "axis": "y", "origin": [6.75, -7, 8.5]},
			"faces": {
				"north": {"uv": [10, 6, 12, 0], "texture": "#1"},
				"east": {"uv": [10, 6, 12, 0], "texture": "#1"},
				"south": {"uv": [10, 6, 12, 0], "texture": "#1"},
				"west": {"uv": [10, 6, 12, 0], "texture": "#1"},
				"up": {"uv": [10, 4, 9, 5], "rotation": 270, "texture": "#1"},
				"down": {"uv": [10, 0.5, 10.5, 0], "texture": "#1"}
			}
		},
		{
			"from": [8, 11, 6.5],
			"to": [8.5, 12, 7],
			"rotation": {"angle": 0, "axis": "y", "origin": [8, 33.5, 6.75]},
			"faces": {
				"north": {"uv": [10, 0, 12, 6], "texture": "#1"},
				"east": {"uv": [10, 0, 12, 6], "texture": "#1"},
				"south": {"uv": [10, 0, 12, 6], "texture": "#1"},
				"west": {"uv": [10, 0, 12, 6], "texture": "#1"},
				"up": {"uv": [10, 0, 10.5, 0.5], "texture": "#1"},
				"down": {"uv": [9, 4, 10, 5], "rotation": 270, "texture": "#1"}
			}
		},
		{
			"from": [8, 10.375, 9],
			"to": [8.5, 11.375, 9.5],
			"rotation": {"angle": 0, "axis": "y", "origin": [8.5, 32.875, 9.25]},
			"faces": {
				"north": {"uv": [10, 0, 12, 6], "texture": "#1"},
				"east": {"uv": [10, 0, 12, 6], "texture": "#1"},
				"south": {"uv": [10, 0, 12, 6], "texture": "#1"},
				"west": {"uv": [10, 0, 12, 6], "texture": "#1"},
				"up": {"uv": [10, 0, 10.5, 0.5], "texture": "#1"},
				"down": {"uv": [9, 4, 10, 5], "rotation": 270, "texture": "#1"}
			}
		},
		{
			"from": [9, 10.875, 7.5],
			"to": [9.5, 11.875, 8],
			"rotation": {"angle": 0, "axis": "y", "origin": [9.25, 33.375, 7.5]},
			"faces": {
				"north": {"uv": [10, 0, 12, 6], "texture": "#1"},
				"east": {"uv": [10, 0, 12, 6], "texture": "#1"},
				"south": {"uv": [10, 0, 12, 6], "texture": "#1"},
				"west": {"uv": [10, 0, 12, 6], "texture": "#1"},
				"up": {"uv": [10, 0, 10.5, 0.5], "texture": "#1"},
				"down": {"uv": [9, 4, 10, 5], "rotation": 270, "texture": "#1"}
			}
		},
		{
			"from": [6.5, 4.125, 7.5],
			"to": [7, 5.125, 8],
			"rotation": {"angle": 0, "axis": "y", "origin": [6.75, -17.375, 7.5]},
			"faces": {
				"north": {"uv": [10, 6, 12, 0], "texture": "#1"},
				"east": {"uv": [10, 6, 12, 0], "texture": "#1"},
				"south": {"uv": [10, 6, 12, 0], "texture": "#1"},
				"west": {"uv": [10, 6, 12, 0], "texture": "#1"},
				"up": {"uv": [10, 4, 9, 5], "rotation": 270, "texture": "#1"},
				"down": {"uv": [10, 0.5, 10.5, 0], "texture": "#1"}
			}
		},
		{
			"from": [8, 3.5, 6.5],
			"to": [8.5, 4.5, 7],
			"rotation": {"angle": 0, "axis": "y", "origin": [8, 26, 6.75]},
			"faces": {
				"north": {"uv": [10, 0, 12, 6], "texture": "#1"},
				"east": {"uv": [10, 0, 12, 6], "texture": "#1"},
				"south": {"uv": [10, 0, 12, 6], "texture": "#1"},
				"west": {"uv": [10, 0, 12, 6], "texture": "#1"},
				"up": {"uv": [10, 0, 10.5, 0.5], "texture": "#1"},
				"down": {"uv": [9, 4, 10, 5], "rotation": 270, "texture": "#1"}
			}
		},
		{
			"from": [8, 2.875, 9],
			"to": [8.5, 3.875, 9.5],
			"rotation": {"angle": 0, "axis": "y", "origin": [8.5, 25.375, 9.25]},
			"faces": {
				"north": {"uv": [10, 0, 12, 6], "texture": "#1"},
				"east": {"uv": [10, 0, 12, 6], "texture": "#1"},
				"south": {"uv": [10, 0, 12, 6], "texture": "#1"},
				"west": {"uv": [10, 0, 12, 6], "texture": "#1"},
				"up": {"uv": [10, 0, 10.5, 0.5], "texture": "#1"},
				"down": {"uv": [9, 4, 10, 5], "rotation": 270, "texture": "#1"}
			}
		},
		{
			"from": [9, 3.375, 7.5],
			"to": [9.5, 4.375, 8],
			"rotation": {"angle": 0, "axis": "y", "origin": [9.25, 25.875, 7.5]},
			"faces": {
				"north": {"uv": [10, 0, 12, 6], "texture": "#1"},
				"east": {"uv": [10, 0, 12, 6], "texture": "#1"},
				"south": {"uv": [10, 0, 12, 6], "texture": "#1"},
				"west": {"uv": [10, 0, 12, 6], "texture": "#1"},
				"up": {"uv": [10, 0, 10.5, 0.5], "texture": "#1"},
				"down": {"uv": [9, 4, 10, 5], "rotation": 270, "texture": "#1"}
			}
		},
		{
			"from": [6.5, 11.625, 7.5],
			"to": [7, 12.625, 8],
			"rotation": {"angle": 0, "axis": "y", "origin": [6.75, -9.875, 7.5]},
			"faces": {
				"north": {"uv": [10, 6, 12, 0], "texture": "#1"},
				"east": {"uv": [10, 6, 12, 0], "texture": "#1"},
				"south": {"uv": [10, 6, 12, 0], "texture": "#1"},
				"west": {"uv": [10, 6, 12, 0], "texture": "#1"},
				"up": {"uv": [10, 4, 9, 5], "rotation": 270, "texture": "#1"},
				"down": {"uv": [10, 0.5, 10.5, 0], "texture": "#1"}
			}
		},
		{
			"from": [8, 7.25, 6.5],
			"to": [8.5, 8.25, 7],
			"rotation": {"angle": 0, "axis": "y", "origin": [8, 29.75, 6.75]},
			"faces": {
				"north": {"uv": [10, 0, 12, 6], "texture": "#1"},
				"east": {"uv": [10, 0, 12, 6], "texture": "#1"},
				"south": {"uv": [10, 0, 12, 6], "texture": "#1"},
				"west": {"uv": [10, 0, 12, 6], "texture": "#1"},
				"up": {"uv": [10, 0, 10.5, 0.5], "texture": "#1"},
				"down": {"uv": [9, 4, 10, 5], "rotation": 270, "texture": "#1"}
			}
		},
		{
			"from": [8, 6.625, 9],
			"to": [8.5, 7.625, 9.5],
			"rotation": {"angle": 0, "axis": "y", "origin": [8.5, 29.125, 9.25]},
			"faces": {
				"north": {"uv": [10, 0, 12, 6], "texture": "#1"},
				"east": {"uv": [10, 0, 12, 6], "texture": "#1"},
				"south": {"uv": [10, 0, 12, 6], "texture": "#1"},
				"west": {"uv": [10, 0, 12, 6], "texture": "#1"},
				"up": {"uv": [10, 0, 10.5, 0.5], "texture": "#1"},
				"down": {"uv": [9, 4, 10, 5], "rotation": 270, "texture": "#1"}
			}
		},
		{
			"from": [9, 7.125, 7.5],
			"to": [9.5, 8.125, 8],
			"rotation": {"angle": 0, "axis": "y", "origin": [9.25, 29.625, 7.5]},
			"faces": {
				"north": {"uv": [10, 0, 12, 6], "texture": "#1"},
				"east": {"uv": [10, 0, 12, 6], "texture": "#1"},
				"south": {"uv": [10, 0, 12, 6], "texture": "#1"},
				"west": {"uv": [10, 0, 12, 6], "texture": "#1"},
				"up": {"uv": [10, 0, 10.5, 0.5], "texture": "#1"},
				"down": {"uv": [9, 4, 10, 5], "rotation": 270, "texture": "#1"}
			}
		},
		{
			"from": [6.5, 7.875, 7.5],
			"to": [7, 8.875, 8],
			"rotation": {"angle": 0, "axis": "y", "origin": [6.75, -13.625, 7.5]},
			"faces": {
				"north": {"uv": [10, 6, 12, 0], "texture": "#1"},
				"east": {"uv": [10, 6, 12, 0], "texture": "#1"},
				"south": {"uv": [10, 6, 12, 0], "texture": "#1"},
				"west": {"uv": [10, 6, 12, 0], "texture": "#1"},
				"up": {"uv": [10, 4, 9, 5], "rotation": 270, "texture": "#1"},
				"down": {"uv": [10, 0.5, 10.5, 0], "texture": "#1"}
			}
		},
		{
			"from": [8, 0.125, 6.5],
			"to": [8.5, 0.75, 7],
			"rotation": {"angle": 0, "axis": "y", "origin": [8, 22.25, 6.75]},
			"faces": {
				"north": {"uv": [10, 0, 12, 6], "texture": "#1"},
				"east": {"uv": [10, 0, 12, 6], "texture": "#1"},
				"south": {"uv": [10, 0, 12, 6], "texture": "#1"},
				"west": {"uv": [10, 0, 12, 6], "texture": "#1"},
				"up": {"uv": [10, 0, 10.5, 0.5], "texture": "#1"},
				"down": {"uv": [9, 4, 10, 5], "rotation": 270, "texture": "#1"}
			}
		},
		{
			"from": [9, 0, 7.5],
			"to": [9.5, 0.625, 8],
			"rotation": {"angle": 0, "axis": "y", "origin": [9.25, 22.125, 7.5]},
			"faces": {
				"north": {"uv": [10, 0, 12, 6], "texture": "#1"},
				"east": {"uv": [10, 0, 12, 6], "texture": "#1"},
				"south": {"uv": [10, 0, 12, 6], "texture": "#1"},
				"west": {"uv": [10, 0, 12, 6], "texture": "#1"},
				"up": {"uv": [10, 0, 10.5, 0.5], "texture": "#1"},
				"down": {"uv": [9, 4, 10, 5], "rotation": 270, "texture": "#1"}
			}
		},
		{
			"from": [8, 12.875, 6.5],
			"to": [8.5, 13.875, 7],
			"rotation": {"angle": 0, "axis": "y", "origin": [8, 35.375, 6.75]},
			"faces": {
				"north": {"uv": [10, 0, 12, 6], "texture": "#1"},
				"east": {"uv": [10, 0, 12, 6], "texture": "#1"},
				"south": {"uv": [10, 0, 12, 6], "texture": "#1"},
				"west": {"uv": [10, 0, 12, 6], "texture": "#1"},
				"up": {"uv": [10, 0, 10.5, 0.5], "texture": "#1"},
				"down": {"uv": [9, 4, 10, 5], "rotation": 270, "texture": "#1"}
			}
		},
		{
			"from": [8, 12.25, 9],
			"to": [8.5, 13.25, 9.5],
			"rotation": {"angle": 0, "axis": "y", "origin": [8.5, 34.75, 9.25]},
			"faces": {
				"north": {"uv": [10, 0, 12, 6], "texture": "#1"},
				"east": {"uv": [10, 0, 12, 6], "texture": "#1"},
				"south": {"uv": [10, 0, 12, 6], "texture": "#1"},
				"west": {"uv": [10, 0, 12, 6], "texture": "#1"},
				"up": {"uv": [10, 0, 10.5, 0.5], "texture": "#1"},
				"down": {"uv": [9, 4, 10, 5], "rotation": 270, "texture": "#1"}
			}
		},
		{
			"from": [8, 14.25, 9],
			"to": [8.5, 15, 9.5],
			"rotation": {"angle": 0, "axis": "y", "origin": [8.5, 36.75, 9.25]},
			"faces": {
				"north": {"uv": [10, 0, 12, 6], "texture": "#1"},
				"east": {"uv": [10, 0, 12, 6], "texture": "#1"},
				"south": {"uv": [10, 0, 12, 6], "texture": "#1"},
				"west": {"uv": [10, 0, 12, 6], "texture": "#1"},
				"up": {"uv": [10, 0, 10.5, 0.5], "texture": "#1"},
				"down": {"uv": [9, 4, 10, 5], "rotation": 270, "texture": "#1"}
			}
		},
		{
			"from": [9, 12.75, 7.5],
			"to": [9.5, 13.75, 8],
			"rotation": {"angle": 0, "axis": "y", "origin": [9.25, 35.25, 7.5]},
			"faces": {
				"north": {"uv": [10, 0, 12, 6], "texture": "#1"},
				"east": {"uv": [10, 0, 12, 6], "texture": "#1"},
				"south": {"uv": [10, 0, 12, 6], "texture": "#1"},
				"west": {"uv": [10, 0, 12, 6], "texture": "#1"},
				"up": {"uv": [10, 0, 10.5, 0.5], "texture": "#1"},
				"down": {"uv": [9, 4, 10, 5], "rotation": 270, "texture": "#1"}
			}
		},
		{
			"from": [6.5, 2.25, 7.5],
			"to": [7, 3.25, 8],
			"rotation": {"angle": 0, "axis": "y", "origin": [6.75, -19.25, 7.5]},
			"faces": {
				"north": {"uv": [10, 6, 12, 0], "texture": "#1"},
				"east": {"uv": [10, 6, 12, 0], "texture": "#1"},
				"south": {"uv": [10, 6, 12, 0], "texture": "#1"},
				"west": {"uv": [10, 6, 12, 0], "texture": "#1"},
				"up": {"uv": [10, 4, 9, 5], "rotation": 270, "texture": "#1"},
				"down": {"uv": [10, 0.5, 10.5, 0], "texture": "#1"}
			}
		},
		{
			"from": [6.5, 0, 7.5],
			"to": [7, 1, 8],
			"rotation": {"angle": 0, "axis": "y", "origin": [6.75, -21.5, 7.5]},
			"faces": {
				"north": {"uv": [10, 6, 12, 0], "texture": "#1"},
				"east": {"uv": [10, 6, 12, 0], "texture": "#1"},
				"south": {"uv": [10, 6, 12, 0], "texture": "#1"},
				"west": {"uv": [10, 6, 12, 0], "texture": "#1"},
				"up": {"uv": [10, 4, 9, 5], "rotation": 270, "texture": "#1"},
				"down": {"uv": [10, 0.5, 10.5, 0], "texture": "#1"}
			}
		},
		{
			"from": [6.5, 0, 6.5],
			"to": [7, 0.5, 7.5],
			"rotation": {"angle": 0, "axis": "y", "origin": [6.75, -21.5, 7]},
			"faces": {
				"north": {"uv": [10, 6, 12, 0], "texture": "#1"},
				"east": {"uv": [10, 6, 12, 0], "texture": "#1"},
				"south": {"uv": [10, 6, 12, 0], "texture": "#1"},
				"west": {"uv": [10, 6, 12, 0], "texture": "#1"},
				"up": {"uv": [10, 4, 9, 5], "rotation": 270, "texture": "#1"},
				"down": {"uv": [10, 0.5, 10.5, 0], "texture": "#1"}
			}
		},
		{
			"from": [8, 5.375, 6.5],
			"to": [8.5, 6.375, 7],
			"rotation": {"angle": 0, "axis": "y", "origin": [8, 27.875, 6.75]},
			"faces": {
				"north": {"uv": [10, 0, 12, 6], "texture": "#1"},
				"east": {"uv": [10, 0, 12, 6], "texture": "#1"},
				"south": {"uv": [10, 0, 12, 6], "texture": "#1"},
				"west": {"uv": [10, 0, 12, 6], "texture": "#1"},
				"up": {"uv": [10, 0, 10.5, 0.5], "texture": "#1"},
				"down": {"uv": [9, 4, 10, 5], "rotation": 270, "texture": "#1"}
			}
		},
		{
			"from": [8, 4.75, 9],
			"to": [8.5, 5.75, 9.5],
			"rotation": {"angle": 0, "axis": "y", "origin": [8.5, 27.25, 9.25]},
			"faces": {
				"north": {"uv": [10, 0, 12, 6], "texture": "#1"},
				"east": {"uv": [10, 0, 12, 6], "texture": "#1"},
				"south": {"uv": [10, 0, 12, 6], "texture": "#1"},
				"west": {"uv": [10, 0, 12, 6], "texture": "#1"},
				"up": {"uv": [10, 0, 10.5, 0.5], "texture": "#1"},
				"down": {"uv": [9, 4, 10, 5], "rotation": 270, "texture": "#1"}
			}
		},
		{
			"from": [9, 5.25, 7.5],
			"to": [9.5, 6.25, 8],
			"rotation": {"angle": 0, "axis": "y", "origin": [9.25, 27.75, 7.5]},
			"faces": {
				"north": {"uv": [10, 0, 12, 6], "texture": "#1"},
				"east": {"uv": [10, 0, 12, 6], "texture": "#1"},
				"south": {"uv": [10, 0, 12, 6], "texture": "#1"},
				"west": {"uv": [10, 0, 12, 6], "texture": "#1"},
				"up": {"uv": [10, 0, 10.5, 0.5], "texture": "#1"},
				"down": {"uv": [9, 4, 10, 5], "rotation": 270, "texture": "#1"}
			}
		},
		{
			"from": [6.5, 9.75, 7.5],
			"to": [7, 10.75, 8],
			"rotation": {"angle": 0, "axis": "y", "origin": [6.75, -11.75, 7.5]},
			"faces": {
				"north": {"uv": [10, 6, 12, 0], "texture": "#1"},
				"east": {"uv": [10, 6, 12, 0], "texture": "#1"},
				"south": {"uv": [10, 6, 12, 0], "texture": "#1"},
				"west": {"uv": [10, 6, 12, 0], "texture": "#1"},
				"up": {"uv": [10, 4, 9, 5], "rotation": 270, "texture": "#1"},
				"down": {"uv": [10, 0.5, 10.5, 0], "texture": "#1"}
			}
		},
		{
			"from": [8, 9.125, 6.5],
			"to": [8.5, 10.125, 7],
			"rotation": {"angle": 0, "axis": "y", "origin": [8, 31.625, 6.75]},
			"faces": {
				"north": {"uv": [10, 0, 12, 6], "texture": "#1"},
				"east": {"uv": [10, 0, 12, 6], "texture": "#1"},
				"south": {"uv": [10, 0, 12, 6], "texture": "#1"},
				"west": {"uv": [10, 0, 12, 6], "texture": "#1"},
				"up": {"uv": [10, 0, 10.5, 0.5], "texture": "#1"},
				"down": {"uv": [9, 4, 10, 5], "rotation": 270, "texture": "#1"}
			}
		},
		{
			"from": [8, 8.5, 9],
			"to": [8.5, 9.5, 9.5],
			"rotation": {"angle": 0, "axis": "y", "origin": [8.5, 31, 9.25]},
			"faces": {
				"north": {"uv": [10, 0, 12, 6], "texture": "#1"},
				"east": {"uv": [10, 0, 12, 6], "texture": "#1"},
				"south": {"uv": [10, 0, 12, 6], "texture": "#1"},
				"west": {"uv": [10, 0, 12, 6], "texture": "#1"},
				"up": {"uv": [10, 0, 10.5, 0.5], "texture": "#1"},
				"down": {"uv": [9, 4, 10, 5], "rotation": 270, "texture": "#1"}
			}
		},
		{
			"from": [9, 9, 7.5],
			"to": [9.5, 10, 8],
			"rotation": {"angle": 0, "axis": "y", "origin": [9.25, 31.5, 7.5]},
			"faces": {
				"north": {"uv": [10, 0, 12, 6], "texture": "#1"},
				"east": {"uv": [10, 0, 12, 6], "texture": "#1"},
				"south": {"uv": [10, 0, 12, 6], "texture": "#1"},
				"west": {"uv": [10, 0, 12, 6], "texture": "#1"},
				"up": {"uv": [10, 0, 10.5, 0.5], "texture": "#1"},
				"down": {"uv": [9, 4, 10, 5], "rotation": 270, "texture": "#1"}
			}
		},
		{
			"from": [6.5, 6, 7.5],
			"to": [7, 7, 8],
			"rotation": {"angle": 0, "axis": "y", "origin": [6.75, -15.5, 7.5]},
			"faces": {
				"north": {"uv": [10, 6, 12, 0], "texture": "#1"},
				"east": {"uv": [10, 6, 12, 0], "texture": "#1"},
				"south": {"uv": [10, 6, 12, 0], "texture": "#1"},
				"west": {"uv": [10, 6, 12, 0], "texture": "#1"},
				"up": {"uv": [10, 4, 9, 5], "rotation": 270, "texture": "#1"},
				"down": {"uv": [10, 0.5, 10.5, 0], "texture": "#1"}
			}
		},
		{
			"from": [8, 1.625, 6.5],
			"to": [8.5, 2.625, 7],
			"rotation": {"angle": 0, "axis": "y", "origin": [8, 24.125, 6.75]},
			"faces": {
				"north": {"uv": [10, 0, 12, 6], "texture": "#1"},
				"east": {"uv": [10, 0, 12, 6], "texture": "#1"},
				"south": {"uv": [10, 0, 12, 6], "texture": "#1"},
				"west": {"uv": [10, 0, 12, 6], "texture": "#1"},
				"up": {"uv": [10, 0, 10.5, 0.5], "texture": "#1"},
				"down": {"uv": [9, 4, 10, 5], "rotation": 270, "texture": "#1"}
			}
		},
		{
			"from": [8, 1, 9],
			"to": [8.5, 2, 9.5],
			"rotation": {"angle": 0, "axis": "y", "origin": [8.5, 23.5, 9.25]},
			"faces": {
				"north": {"uv": [10, 0, 12, 6], "texture": "#1"},
				"east": {"uv": [10, 0, 12, 6], "texture": "#1"},
				"south": {"uv": [10, 0, 12, 6], "texture": "#1"},
				"west": {"uv": [10, 0, 12, 6], "texture": "#1"},
				"up": {"uv": [10, 0, 10.5, 0.5], "texture": "#1"},
				"down": {"uv": [9, 4, 10, 5], "rotation": 270, "texture": "#1"}
			}
		},
		{
			"from": [8, 0, 9],
			"to": [8.5, 0.5, 9.5],
			"rotation": {"angle": 0, "axis": "y", "origin": [8.5, 22, 9.25]},
			"faces": {
				"north": {"uv": [10, 0, 12, 6], "texture": "#1"},
				"east": {"uv": [10, 0, 12, 6], "texture": "#1"},
				"south": {"uv": [10, 0, 12, 6], "texture": "#1"},
				"west": {"uv": [10, 0, 12, 6], "texture": "#1"},
				"up": {"uv": [10, 0, 10.5, 0.5], "texture": "#1"},
				"down": {"uv": [9, 4, 10, 5], "rotation": 270, "texture": "#1"}
			}
		},
		{
			"from": [9, 1.5, 7.5],
			"to": [9.5, 2.5, 8],
			"rotation": {"angle": 0, "axis": "y", "origin": [9.25, 24, 7.5]},
			"faces": {
				"north": {"uv": [10, 0, 12, 6], "texture": "#1"},
				"east": {"uv": [10, 0, 12, 6], "texture": "#1"},
				"south": {"uv": [10, 0, 12, 6], "texture": "#1"},
				"west": {"uv": [10, 0, 12, 6], "texture": "#1"},
				"up": {"uv": [10, 0, 10.5, 0.5], "texture": "#1"},
				"down": {"uv": [9, 4, 10, 5], "rotation": 270, "texture": "#1"}
			}
		},
		{
			"from": [6.5, 13.5, 7.5],
			"to": [7, 14.5, 8],
			"rotation": {"angle": 0, "axis": "y", "origin": [6.75, -8, 7.5]},
			"faces": {
				"north": {"uv": [10, 6, 12, 0], "texture": "#1"},
				"east": {"uv": [10, 6, 12, 0], "texture": "#1"},
				"south": {"uv": [10, 6, 12, 0], "texture": "#1"},
				"west": {"uv": [10, 6, 12, 0], "texture": "#1"},
				"up": {"uv": [10, 4, 9, 5], "rotation": 270, "texture": "#1"},
				"down": {"uv": [10, 0.5, 10.5, 0], "texture": "#1"}
			}
		},
		{
			"from": [7.5, 11.5, 6.5],
			"to": [8, 12.5, 7],
			"rotation": {"angle": 0, "axis": "y", "origin": [7.5, 34, 6.75]},
			"faces": {
				"north": {"uv": [10, 0, 12, 6], "texture": "#1"},
				"east": {"uv": [10, 0, 12, 6], "texture": "#1"},
				"south": {"uv": [10, 0, 12, 6], "texture": "#1"},
				"west": {"uv": [10, 0, 12, 6], "texture": "#1"},
				"up": {"uv": [10, 0, 10.5, 0.5], "texture": "#1"},
				"down": {"uv": [9, 4, 10, 5], "rotation": 270, "texture": "#1"}
			}
		},
		{
			"from": [8.5, 10.875, 9],
			"to": [9, 11.875, 9.5],
			"rotation": {"angle": 0, "axis": "y", "origin": [9, 33.375, 9.25]},
			"faces": {
				"north": {"uv": [10, 0, 12, 6], "texture": "#1"},
				"east": {"uv": [10, 0, 12, 6], "texture": "#1"},
				"south": {"uv": [10, 0, 12, 6], "texture": "#1"},
				"west": {"uv": [10, 0, 12, 6], "texture": "#1"},
				"up": {"uv": [10, 0, 10.5, 0.5], "texture": "#1"},
				"down": {"uv": [9, 4, 10, 5], "rotation": 270, "texture": "#1"}
			}
		},
		{
			"from": [9, 11.375, 7],
			"to": [9.5, 12.375, 7.5],
			"rotation": {"angle": 0, "axis": "y", "origin": [9.25, 33.875, 7]},
			"faces": {
				"north": {"uv": [10, 0, 12, 6], "texture": "#1"},
				"east": {"uv": [10, 0, 12, 6], "texture": "#1"},
				"south": {"uv": [10, 0, 12, 6], "texture": "#1"},
				"west": {"uv": [10, 0, 12, 6], "texture": "#1"},
				"up": {"uv": [10, 0, 10.5, 0.5], "texture": "#1"},
				"down": {"uv": [9, 4, 10, 5], "rotation": 270, "texture": "#1"}
			}
		},
		{
			"from": [6.5, 3.625, 7],
			"to": [7, 4.625, 7.5],
			"rotation": {"angle": 0, "axis": "y", "origin": [6.75, -17.875, 7]},
			"faces": {
				"north": {"uv": [10, 6, 12, 0], "texture": "#1"},
				"east": {"uv": [10, 6, 12, 0], "texture": "#1"},
				"south": {"uv": [10, 6, 12, 0], "texture": "#1"},
				"west": {"uv": [10, 6, 12, 0], "texture": "#1"},
				"up": {"uv": [10, 4, 9, 5], "rotation": 270, "texture": "#1"},
				"down": {"uv": [10, 0.5, 10.5, 0], "texture": "#1"}
			}
		},
		{
			"from": [7.5, 4, 6.5],
			"to": [8, 5, 7],
			"rotation": {"angle": 0, "axis": "y", "origin": [7.5, 26.5, 6.75]},
			"faces": {
				"north": {"uv": [10, 0, 12, 6], "texture": "#1"},
				"east": {"uv": [10, 0, 12, 6], "texture": "#1"},
				"south": {"uv": [10, 0, 12, 6], "texture": "#1"},
				"west": {"uv": [10, 0, 12, 6], "texture": "#1"},
				"up": {"uv": [10, 0, 10.5, 0.5], "texture": "#1"},
				"down": {"uv": [9, 4, 10, 5], "rotation": 270, "texture": "#1"}
			}
		},
		{
			"from": [8.5, 3.375, 9],
			"to": [9, 4.375, 9.5],
			"rotation": {"angle": 0, "axis": "y", "origin": [9, 25.875, 9.25]},
			"faces": {
				"north": {"uv": [10, 0, 12, 6], "texture": "#1"},
				"east": {"uv": [10, 0, 12, 6], "texture": "#1"},
				"south": {"uv": [10, 0, 12, 6], "texture": "#1"},
				"west": {"uv": [10, 0, 12, 6], "texture": "#1"},
				"up": {"uv": [10, 0, 10.5, 0.5], "texture": "#1"},
				"down": {"uv": [9, 4, 10, 5], "rotation": 270, "texture": "#1"}
			}
		},
		{
			"from": [9, 3.875, 7],
			"to": [9.5, 4.875, 7.5],
			"rotation": {"angle": 0, "axis": "y", "origin": [9.25, 26.375, 7]},
			"faces": {
				"north": {"uv": [10, 0, 12, 6], "texture": "#1"},
				"east": {"uv": [10, 0, 12, 6], "texture": "#1"},
				"south": {"uv": [10, 0, 12, 6], "texture": "#1"},
				"west": {"uv": [10, 0, 12, 6], "texture": "#1"},
				"up": {"uv": [10, 0, 10.5, 0.5], "texture": "#1"},
				"down": {"uv": [9, 4, 10, 5], "rotation": 270, "texture": "#1"}
			}
		},
		{
			"from": [6.5, 11.125, 7],
			"to": [7, 12.125, 7.5],
			"rotation": {"angle": 0, "axis": "y", "origin": [6.75, -10.375, 7]},
			"faces": {
				"north": {"uv": [10, 6, 12, 0], "texture": "#1"},
				"east": {"uv": [10, 6, 12, 0], "texture": "#1"},
				"south": {"uv": [10, 6, 12, 0], "texture": "#1"},
				"west": {"uv": [10, 6, 12, 0], "texture": "#1"},
				"up": {"uv": [10, 4, 9, 5], "rotation": 270, "texture": "#1"},
				"down": {"uv": [10, 0.5, 10.5, 0], "texture": "#1"}
			}
		},
		{
			"from": [7.5, 7.75, 6.5],
			"to": [8, 8.75, 7],
			"rotation": {"angle": 0, "axis": "y", "origin": [7.5, 30.25, 6.75]},
			"faces": {
				"north": {"uv": [10, 0, 12, 6], "texture": "#1"},
				"east": {"uv": [10, 0, 12, 6], "texture": "#1"},
				"south": {"uv": [10, 0, 12, 6], "texture": "#1"},
				"west": {"uv": [10, 0, 12, 6], "texture": "#1"},
				"up": {"uv": [10, 0, 10.5, 0.5], "texture": "#1"},
				"down": {"uv": [9, 4, 10, 5], "rotation": 270, "texture": "#1"}
			}
		},
		{
			"from": [9, 7.625, 7],
			"to": [9.5, 8.625, 7.5],
			"rotation": {"angle": 0, "axis": "y", "origin": [9.25, 30.125, 7]},
			"faces": {
				"north": {"uv": [10, 0, 12, 6], "texture": "#1"},
				"east": {"uv": [10, 0, 12, 6], "texture": "#1"},
				"south": {"uv": [10, 0, 12, 6], "texture": "#1"},
				"west": {"uv": [10, 0, 12, 6], "texture": "#1"},
				"up": {"uv": [10, 0, 10.5, 0.5], "texture": "#1"},
				"down": {"uv": [9, 4, 10, 5], "rotation": 270, "texture": "#1"}
			}
		},
		{
			"from": [6.5, 7.375, 7],
			"to": [7, 8.375, 7.5],
			"rotation": {"angle": 0, "axis": "y", "origin": [6.75, -14.125, 7]},
			"faces": {
				"north": {"uv": [10, 6, 12, 0], "texture": "#1"},
				"east": {"uv": [10, 6, 12, 0], "texture": "#1"},
				"south": {"uv": [10, 6, 12, 0], "texture": "#1"},
				"west": {"uv": [10, 6, 12, 0], "texture": "#1"},
				"up": {"uv": [10, 4, 9, 5], "rotation": 270, "texture": "#1"},
				"down": {"uv": [10, 0.5, 10.5, 0], "texture": "#1"}
			}
		},
		{
			"from": [7.5, 0.25, 6.5],
			"to": [8, 1.25, 7],
			"rotation": {"angle": 0, "axis": "y", "origin": [7.5, 22.75, 6.75]},
			"faces": {
				"north": {"uv": [10, 0, 12, 6], "texture": "#1"},
				"east": {"uv": [10, 0, 12, 6], "texture": "#1"},
				"south": {"uv": [10, 0, 12, 6], "texture": "#1"},
				"west": {"uv": [10, 0, 12, 6], "texture": "#1"},
				"up": {"uv": [10, 0, 10.5, 0.5], "texture": "#1"},
				"down": {"uv": [9, 4, 10, 5], "rotation": 270, "texture": "#1"}
			}
		},
		{
			"from": [9, 0.125, 7],
			"to": [9.5, 1.125, 7.5],
			"rotation": {"angle": 0, "axis": "y", "origin": [9.25, 22.625, 7]},
			"faces": {
				"north": {"uv": [10, 0, 12, 6], "texture": "#1"},
				"east": {"uv": [10, 0, 12, 6], "texture": "#1"},
				"south": {"uv": [10, 0, 12, 6], "texture": "#1"},
				"west": {"uv": [10, 0, 12, 6], "texture": "#1"},
				"up": {"uv": [10, 0, 10.5, 0.5], "texture": "#1"},
				"down": {"uv": [9, 4, 10, 5], "rotation": 270, "texture": "#1"}
			}
		},
		{
			"from": [7.5, 13.375, 6.5],
			"to": [8, 14.375, 7],
			"rotation": {"angle": 0, "axis": "y", "origin": [7.5, 35.875, 6.75]},
			"faces": {
				"north": {"uv": [10, 0, 12, 6], "texture": "#1"},
				"east": {"uv": [10, 0, 12, 6], "texture": "#1"},
				"south": {"uv": [10, 0, 12, 6], "texture": "#1"},
				"west": {"uv": [10, 0, 12, 6], "texture": "#1"},
				"up": {"uv": [10, 0, 10.5, 0.5], "texture": "#1"},
				"down": {"uv": [9, 4, 10, 5], "rotation": 270, "texture": "#1"}
			}
		},
		{
			"from": [8.5, 12.75, 9],
			"to": [9, 13.75, 9.5],
			"rotation": {"angle": 0, "axis": "y", "origin": [9, 35.25, 9.25]},
			"faces": {
				"north": {"uv": [10, 0, 12, 6], "texture": "#1"},
				"east": {"uv": [10, 0, 12, 6], "texture": "#1"},
				"south": {"uv": [10, 0, 12, 6], "texture": "#1"},
				"west": {"uv": [10, 0, 12, 6], "texture": "#1"},
				"up": {"uv": [10, 0, 10.5, 0.5], "texture": "#1"},
				"down": {"uv": [9, 4, 10, 5], "rotation": 270, "texture": "#1"}
			}
		},
		{
			"from": [9, 13.25, 7],
			"to": [9.5, 14.25, 7.5],
			"rotation": {"angle": 0, "axis": "y", "origin": [9.25, 35.75, 7]},
			"faces": {
				"north": {"uv": [10, 0, 12, 6], "texture": "#1"},
				"east": {"uv": [10, 0, 12, 6], "texture": "#1"},
				"south": {"uv": [10, 0, 12, 6], "texture": "#1"},
				"west": {"uv": [10, 0, 12, 6], "texture": "#1"},
				"up": {"uv": [10, 0, 10.5, 0.5], "texture": "#1"},
				"down": {"uv": [9, 4, 10, 5], "rotation": 270, "texture": "#1"}
			}
		},
		{
			"from": [6.5, 1.75, 7],
			"to": [7, 2.75, 7.5],
			"rotation": {"angle": 0, "axis": "y", "origin": [6.75, -19.75, 7]},
			"faces": {
				"north": {"uv": [10, 6, 12, 0], "texture": "#1"},
				"east": {"uv": [10, 6, 12, 0], "texture": "#1"},
				"south": {"uv": [10, 6, 12, 0], "texture": "#1"},
				"west": {"uv": [10, 6, 12, 0], "texture": "#1"},
				"up": {"uv": [10, 4, 9, 5], "rotation": 270, "texture": "#1"},
				"down": {"uv": [10, 0.5, 10.5, 0], "texture": "#1"}
			}
		},
		{
			"from": [7.5, 5.875, 6.5],
			"to": [8, 6.875, 7],
			"rotation": {"angle": 0, "axis": "y", "origin": [7.5, 28.375, 6.75]},
			"faces": {
				"north": {"uv": [10, 0, 12, 6], "texture": "#1"},
				"east": {"uv": [10, 0, 12, 6], "texture": "#1"},
				"south": {"uv": [10, 0, 12, 6], "texture": "#1"},
				"west": {"uv": [10, 0, 12, 6], "texture": "#1"},
				"up": {"uv": [10, 0, 10.5, 0.5], "texture": "#1"},
				"down": {"uv": [9, 4, 10, 5], "rotation": 270, "texture": "#1"}
			}
		},
		{
			"from": [8.5, 5.25, 9],
			"to": [9, 6.25, 9.5],
			"rotation": {"angle": 0, "axis": "y", "origin": [9, 27.75, 9.25]},
			"faces": {
				"north": {"uv": [10, 0, 12, 6], "texture": "#1"},
				"east": {"uv": [10, 0, 12, 6], "texture": "#1"},
				"south": {"uv": [10, 0, 12, 6], "texture": "#1"},
				"west": {"uv": [10, 0, 12, 6], "texture": "#1"},
				"up": {"uv": [10, 0, 10.5, 0.5], "texture": "#1"},
				"down": {"uv": [9, 4, 10, 5], "rotation": 270, "texture": "#1"}
			}
		},
		{
			"from": [9, 5.75, 7],
			"to": [9.5, 6.75, 7.5],
			"rotation": {"angle": 0, "axis": "y", "origin": [9.25, 28.25, 7]},
			"faces": {
				"north": {"uv": [10, 0, 12, 6], "texture": "#1"},
				"east": {"uv": [10, 0, 12, 6], "texture": "#1"},
				"south": {"uv": [10, 0, 12, 6], "texture": "#1"},
				"west": {"uv": [10, 0, 12, 6], "texture": "#1"},
				"up": {"uv": [10, 0, 10.5, 0.5], "texture": "#1"},
				"down": {"uv": [9, 4, 10, 5], "rotation": 270, "texture": "#1"}
			}
		},
		{
			"from": [6.5, 9.25, 7],
			"to": [7, 10.25, 7.5],
			"rotation": {"angle": 0, "axis": "y", "origin": [6.75, -12.25, 7]},
			"faces": {
				"north": {"uv": [10, 6, 12, 0], "texture": "#1"},
				"east": {"uv": [10, 6, 12, 0], "texture": "#1"},
				"south": {"uv": [10, 6, 12, 0], "texture": "#1"},
				"west": {"uv": [10, 6, 12, 0], "texture": "#1"},
				"up": {"uv": [10, 4, 9, 5], "rotation": 270, "texture": "#1"},
				"down": {"uv": [10, 0.5, 10.5, 0], "texture": "#1"}
			}
		},
		{
			"from": [7.5, 9.625, 6.5],
			"to": [8, 10.625, 7],
			"rotation": {"angle": 0, "axis": "y", "origin": [7.5, 32.125, 6.75]},
			"faces": {
				"north": {"uv": [10, 0, 12, 6], "texture": "#1"},
				"east": {"uv": [10, 0, 12, 6], "texture": "#1"},
				"south": {"uv": [10, 0, 12, 6], "texture": "#1"},
				"west": {"uv": [10, 0, 12, 6], "texture": "#1"},
				"up": {"uv": [10, 0, 10.5, 0.5], "texture": "#1"},
				"down": {"uv": [9, 4, 10, 5], "rotation": 270, "texture": "#1"}
			}
		},
		{
			"from": [8.5, 9, 9],
			"to": [9, 10, 9.5],
			"rotation": {"angle": 0, "axis": "y", "origin": [9, 31.5, 9.25]},
			"faces": {
				"north": {"uv": [10, 0, 12, 6], "texture": "#1"},
				"east": {"uv": [10, 0, 12, 6], "texture": "#1"},
				"south": {"uv": [10, 0, 12, 6], "texture": "#1"},
				"west": {"uv": [10, 0, 12, 6], "texture": "#1"},
				"up": {"uv": [10, 0, 10.5, 0.5], "texture": "#1"},
				"down": {"uv": [9, 4, 10, 5], "rotation": 270, "texture": "#1"}
			}
		},
		{
			"from": [9, 9.5, 7],
			"to": [9.5, 10.5, 7.5],
			"rotation": {"angle": 0, "axis": "y", "origin": [9.25, 32, 7]},
			"faces": {
				"north": {"uv": [10, 0, 12, 6], "texture": "#1"},
				"east": {"uv": [10, 0, 12, 6], "texture": "#1"},
				"south": {"uv": [10, 0, 12, 6], "texture": "#1"},
				"west": {"uv": [10, 0, 12, 6], "texture": "#1"},
				"up": {"uv": [10, 0, 10.5, 0.5], "texture": "#1"},
				"down": {"uv": [9, 4, 10, 5], "rotation": 270, "texture": "#1"}
			}
		},
		{
			"from": [6.5, 5.5, 7],
			"to": [7, 6.5, 7.5],
			"rotation": {"angle": 0, "axis": "y", "origin": [6.75, -16, 7]},
			"faces": {
				"north": {"uv": [10, 6, 12, 0], "texture": "#1"},
				"east": {"uv": [10, 6, 12, 0], "texture": "#1"},
				"south": {"uv": [10, 6, 12, 0], "texture": "#1"},
				"west": {"uv": [10, 6, 12, 0], "texture": "#1"},
				"up": {"uv": [10, 4, 9, 5], "rotation": 270, "texture": "#1"},
				"down": {"uv": [10, 0.5, 10.5, 0], "texture": "#1"}
			}
		},
		{
			"from": [7.5, 2.125, 6.5],
			"to": [8, 3.125, 7],
			"rotation": {"angle": 0, "axis": "y", "origin": [7.5, 24.625, 6.75]},
			"faces": {
				"north": {"uv": [10, 0, 12, 6], "texture": "#1"},
				"east": {"uv": [10, 0, 12, 6], "texture": "#1"},
				"south": {"uv": [10, 0, 12, 6], "texture": "#1"},
				"west": {"uv": [10, 0, 12, 6], "texture": "#1"},
				"up": {"uv": [10, 0, 10.5, 0.5], "texture": "#1"},
				"down": {"uv": [9, 4, 10, 5], "rotation": 270, "texture": "#1"}
			}
		},
		{
			"from": [8.5, 1.5, 9],
			"to": [9, 2.5, 9.5],
			"rotation": {"angle": 0, "axis": "y", "origin": [9, 24, 9.25]},
			"faces": {
				"north": {"uv": [10, 0, 12, 6], "texture": "#1"},
				"east": {"uv": [10, 0, 12, 6], "texture": "#1"},
				"south": {"uv": [10, 0, 12, 6], "texture": "#1"},
				"west": {"uv": [10, 0, 12, 6], "texture": "#1"},
				"up": {"uv": [10, 0, 10.5, 0.5], "texture": "#1"},
				"down": {"uv": [9, 4, 10, 5], "rotation": 270, "texture": "#1"}
			}
		},
		{
			"from": [8.5, 0, 9],
			"to": [9, 1, 9.5],
			"rotation": {"angle": 0, "axis": "y", "origin": [9, 22.5, 9.25]},
			"faces": {
				"north": {"uv": [10, 0, 12, 6], "texture": "#1"},
				"east": {"uv": [10, 0, 12, 6], "texture": "#1"},
				"south": {"uv": [10, 0, 12, 6], "texture": "#1"},
				"west": {"uv": [10, 0, 12, 6], "texture": "#1"},
				"up": {"uv": [10, 0, 10.5, 0.5], "texture": "#1"},
				"down": {"uv": [9, 4, 10, 5], "rotation": 270, "texture": "#1"}
			}
		},
		{
			"from": [9, 2, 7],
			"to": [9.5, 3, 7.5],
			"rotation": {"angle": 0, "axis": "y", "origin": [9.25, 24.5, 7]},
			"faces": {
				"north": {"uv": [10, 0, 12, 6], "texture": "#1"},
				"east": {"uv": [10, 0, 12, 6], "texture": "#1"},
				"south": {"uv": [10, 0, 12, 6], "texture": "#1"},
				"west": {"uv": [10, 0, 12, 6], "texture": "#1"},
				"up": {"uv": [10, 0, 10.5, 0.5], "texture": "#1"},
				"down": {"uv": [9, 4, 10, 5], "rotation": 270, "texture": "#1"}
			}
		},
		{
			"from": [6.5, 13, 7],
			"to": [7, 14, 7.5],
			"rotation": {"angle": 0, "axis": "y", "origin": [6.75, -8.5, 7]},
			"faces": {
				"north": {"uv": [10, 6, 12, 0], "texture": "#1"},
				"east": {"uv": [10, 6, 12, 0], "texture": "#1"},
				"south": {"uv": [10, 6, 12, 0], "texture": "#1"},
				"west": {"uv": [10, 6, 12, 0], "texture": "#1"},
				"up": {"uv": [10, 4, 9, 5], "rotation": 270, "texture": "#1"},
				"down": {"uv": [10, 0.5, 10.5, 0], "texture": "#1"}
			}
		},
		{
			"from": [7, 12, 6.5],
			"to": [7.5, 13, 7],
			"rotation": {"angle": 0, "axis": "y", "origin": [7, 34.5, 6.75]},
			"faces": {
				"north": {"uv": [10, 0, 12, 6], "texture": "#1"},
				"east": {"uv": [10, 0, 12, 6], "texture": "#1"},
				"south": {"uv": [10, 0, 12, 6], "texture": "#1"},
				"west": {"uv": [10, 0, 12, 6], "texture": "#1"},
				"up": {"uv": [10, 0, 10.5, 0.5], "texture": "#1"},
				"down": {"uv": [9, 4, 10, 5], "rotation": 270, "texture": "#1"}
			}
		},
		{
			"from": [9, 11.375, 9],
			"to": [9.5, 12.375, 9.5],
			"rotation": {"angle": 0, "axis": "y", "origin": [9.5, 33.875, 9.25]},
			"faces": {
				"north": {"uv": [10, 0, 12, 6], "texture": "#1"},
				"east": {"uv": [10, 0, 12, 6], "texture": "#1"},
				"south": {"uv": [10, 0, 12, 6], "texture": "#1"},
				"west": {"uv": [10, 0, 12, 6], "texture": "#1"},
				"up": {"uv": [10, 0, 10.5, 0.5], "texture": "#1"},
				"down": {"uv": [9, 4, 10, 5], "rotation": 270, "texture": "#1"}
			}
		},
		{
			"from": [6.5, 3.625, 9],
			"to": [7, 4.625, 9.5],
			"rotation": {"angle": 0, "axis": "y", "origin": [7, -17.875, 9.25]},
			"faces": {
				"north": {"uv": [10, 6, 12, 0], "texture": "#1"},
				"east": {"uv": [10, 6, 12, 0], "texture": "#1"},
				"south": {"uv": [10, 6, 12, 0], "texture": "#1"},
				"west": {"uv": [10, 6, 12, 0], "texture": "#1"},
				"up": {"uv": [10, 4, 9, 5], "rotation": 270, "texture": "#1"},
				"down": {"uv": [10, 0.5, 10.5, 0], "texture": "#1"}
			}
		},
		{
			"from": [6.5, 1.375, 9],
			"to": [7, 2.375, 9.5],
			"rotation": {"angle": 0, "axis": "y", "origin": [7, -20.125, 9.25]},
			"faces": {
				"north": {"uv": [10, 6, 12, 0], "texture": "#1"},
				"east": {"uv": [10, 6, 12, 0], "texture": "#1"},
				"south": {"uv": [10, 6, 12, 0], "texture": "#1"},
				"west": {"uv": [10, 6, 12, 0], "texture": "#1"},
				"up": {"uv": [10, 4, 9, 5], "rotation": 270, "texture": "#1"},
				"down": {"uv": [10, 0.5, 10.5, 0], "texture": "#1"}
			}
		},
		{
			"from": [9, 11.875, 6.5],
			"to": [9.5, 12.875, 7],
			"rotation": {"angle": 0, "axis": "y", "origin": [9.25, 34.375, 6.5]},
			"faces": {
				"north": {"uv": [10, 0, 12, 6], "texture": "#1"},
				"east": {"uv": [10, 0, 12, 6], "texture": "#1"},
				"south": {"uv": [10, 0, 12, 6], "texture": "#1"},
				"west": {"uv": [10, 0, 12, 6], "texture": "#1"},
				"up": {"uv": [10, 0, 10.5, 0.5], "texture": "#1"},
				"down": {"uv": [9, 4, 10, 5], "rotation": 270, "texture": "#1"}
			}
		},
		{
			"from": [6.5, 3.125, 6.5],
			"to": [7, 4.125, 7],
			"rotation": {"angle": 0, "axis": "y", "origin": [6.75, -18.375, 6.5]},
			"faces": {
				"north": {"uv": [10, 6, 12, 0], "texture": "#1"},
				"east": {"uv": [10, 6, 12, 0], "texture": "#1"},
				"south": {"uv": [10, 6, 12, 0], "texture": "#1"},
				"west": {"uv": [10, 6, 12, 0], "texture": "#1"},
				"up": {"uv": [10, 4, 9, 5], "rotation": 270, "texture": "#1"},
				"down": {"uv": [10, 0.5, 10.5, 0], "texture": "#1"}
			}
		},
		{
			"from": [7, 11.25, 9],
			"to": [7.5, 12.25, 9.5],
			"rotation": {"angle": 0, "axis": "y", "origin": [7.25, 33.75, 9]},
			"faces": {
				"north": {"uv": [10, 0, 12, 6], "texture": "#1"},
				"east": {"uv": [10, 0, 12, 6], "texture": "#1"},
				"south": {"uv": [10, 0, 12, 6], "texture": "#1"},
				"west": {"uv": [10, 0, 12, 6], "texture": "#1"},
				"up": {"uv": [10, 0, 10.5, 0.5], "texture": "#1"},
				"down": {"uv": [9, 4, 10, 5], "rotation": 270, "texture": "#1"}
			}
		},
		{
			"from": [7, 13.25, 9],
			"to": [7.5, 14.25, 9.5],
			"rotation": {"angle": 0, "axis": "y", "origin": [7.25, 35.75, 9]},
			"faces": {
				"north": {"uv": [10, 0, 12, 6], "texture": "#1"},
				"east": {"uv": [10, 0, 12, 6], "texture": "#1"},
				"south": {"uv": [10, 0, 12, 6], "texture": "#1"},
				"west": {"uv": [10, 0, 12, 6], "texture": "#1"},
				"up": {"uv": [10, 0, 10.5, 0.5], "texture": "#1"},
				"down": {"uv": [9, 4, 10, 5], "rotation": 270, "texture": "#1"}
			}
		},
		{
			"from": [7, 4.5, 6.5],
			"to": [7.5, 5.5, 7],
			"rotation": {"angle": 0, "axis": "y", "origin": [7, 27, 6.75]},
			"faces": {
				"north": {"uv": [10, 0, 12, 6], "texture": "#1"},
				"east": {"uv": [10, 0, 12, 6], "texture": "#1"},
				"south": {"uv": [10, 0, 12, 6], "texture": "#1"},
				"west": {"uv": [10, 0, 12, 6], "texture": "#1"},
				"up": {"uv": [10, 0, 10.5, 0.5], "texture": "#1"},
				"down": {"uv": [9, 4, 10, 5], "rotation": 270, "texture": "#1"}
			}
		},
		{
			"from": [9, 3.875, 9],
			"to": [9.5, 4.875, 9.5],
			"rotation": {"angle": 0, "axis": "y", "origin": [9.5, 26.375, 9.25]},
			"faces": {
				"north": {"uv": [10, 0, 12, 6], "texture": "#1"},
				"east": {"uv": [10, 0, 12, 6], "texture": "#1"},
				"south": {"uv": [10, 0, 12, 6], "texture": "#1"},
				"west": {"uv": [10, 0, 12, 6], "texture": "#1"},
				"up": {"uv": [10, 0, 10.5, 0.5], "texture": "#1"},
				"down": {"uv": [9, 4, 10, 5], "rotation": 270, "texture": "#1"}
			}
		},
		{
			"from": [6.5, 11.125, 9],
			"to": [7, 12.125, 9.5],
			"rotation": {"angle": 0, "axis": "y", "origin": [7, -10.375, 9.25]},
			"faces": {
				"north": {"uv": [10, 6, 12, 0], "texture": "#1"},
				"east": {"uv": [10, 6, 12, 0], "texture": "#1"},
				"south": {"uv": [10, 6, 12, 0], "texture": "#1"},
				"west": {"uv": [10, 6, 12, 0], "texture": "#1"},
				"up": {"uv": [10, 4, 9, 5], "rotation": 270, "texture": "#1"},
				"down": {"uv": [10, 0.5, 10.5, 0], "texture": "#1"}
			}
		},
		{
			"from": [9, 4.375, 6.5],
			"to": [9.5, 5.375, 7],
			"rotation": {"angle": 0, "axis": "y", "origin": [9.25, 26.875, 6.5]},
			"faces": {
				"north": {"uv": [10, 0, 12, 6], "texture": "#1"},
				"east": {"uv": [10, 0, 12, 6], "texture": "#1"},
				"south": {"uv": [10, 0, 12, 6], "texture": "#1"},
				"west": {"uv": [10, 0, 12, 6], "texture": "#1"},
				"up": {"uv": [10, 0, 10.5, 0.5], "texture": "#1"},
				"down": {"uv": [9, 4, 10, 5], "rotation": 270, "texture": "#1"}
			}
		},
		{
			"from": [6.5, 10.625, 6.5],
			"to": [7, 11.625, 7],
			"rotation": {"angle": 0, "axis": "y", "origin": [6.75, -10.875, 6.5]},
			"faces": {
				"north": {"uv": [10, 6, 12, 0], "texture": "#1"},
				"east": {"uv": [10, 6, 12, 0], "texture": "#1"},
				"south": {"uv": [10, 6, 12, 0], "texture": "#1"},
				"west": {"uv": [10, 6, 12, 0], "texture": "#1"},
				"up": {"uv": [10, 4, 9, 5], "rotation": 270, "texture": "#1"},
				"down": {"uv": [10, 0.5, 10.5, 0], "texture": "#1"}
			}
		},
		{
			"from": [7, 3.75, 9],
			"to": [7.5, 4.75, 9.5],
			"rotation": {"angle": 0, "axis": "y", "origin": [7.25, 26.25, 9]},
			"faces": {
				"north": {"uv": [10, 0, 12, 6], "texture": "#1"},
				"east": {"uv": [10, 0, 12, 6], "texture": "#1"},
				"south": {"uv": [10, 0, 12, 6], "texture": "#1"},
				"west": {"uv": [10, 0, 12, 6], "texture": "#1"},
				"up": {"uv": [10, 0, 10.5, 0.5], "texture": "#1"},
				"down": {"uv": [9, 4, 10, 5], "rotation": 270, "texture": "#1"}
			}
		},
		{
			"from": [7, 8.25, 6.5],
			"to": [7.5, 9.25, 7],
			"rotation": {"angle": 0, "axis": "y", "origin": [7, 30.75, 6.75]},
			"faces": {
				"north": {"uv": [10, 0, 12, 6], "texture": "#1"},
				"east": {"uv": [10, 0, 12, 6], "texture": "#1"},
				"south": {"uv": [10, 0, 12, 6], "texture": "#1"},
				"west": {"uv": [10, 0, 12, 6], "texture": "#1"},
				"up": {"uv": [10, 0, 10.5, 0.5], "texture": "#1"},
				"down": {"uv": [9, 4, 10, 5], "rotation": 270, "texture": "#1"}
			}
		},
		{
			"from": [9, 7.625, 9],
			"to": [9.5, 8.625, 9.5],
			"rotation": {"angle": 0, "axis": "y", "origin": [9.5, 30.125, 9.25]},
			"faces": {
				"north": {"uv": [10, 0, 12, 6], "texture": "#1"},
				"east": {"uv": [10, 0, 12, 6], "texture": "#1"},
				"south": {"uv": [10, 0, 12, 6], "texture": "#1"},
				"west": {"uv": [10, 0, 12, 6], "texture": "#1"},
				"up": {"uv": [10, 0, 10.5, 0.5], "texture": "#1"},
				"down": {"uv": [9, 4, 10, 5], "rotation": 270, "texture": "#1"}
			}
		},
		{
			"from": [6.5, 7.375, 9],
			"to": [7, 8.375, 9.5],
			"rotation": {"angle": 0, "axis": "y", "origin": [7, -14.125, 9.25]},
			"faces": {
				"north": {"uv": [10, 6, 12, 0], "texture": "#1"},
				"east": {"uv": [10, 6, 12, 0], "texture": "#1"},
				"south": {"uv": [10, 6, 12, 0], "texture": "#1"},
				"west": {"uv": [10, 6, 12, 0], "texture": "#1"},
				"up": {"uv": [10, 4, 9, 5], "rotation": 270, "texture": "#1"},
				"down": {"uv": [10, 0.5, 10.5, 0], "texture": "#1"}
			}
		},
		{
			"from": [8.5, 7.125, 9],
			"to": [9, 8.125, 9.5],
			"rotation": {"angle": 0, "axis": "y", "origin": [9, 29.625, 9.25]},
			"faces": {
				"north": {"uv": [10, 0, 12, 6], "texture": "#1"},
				"east": {"uv": [10, 0, 12, 6], "texture": "#1"},
				"south": {"uv": [10, 0, 12, 6], "texture": "#1"},
				"west": {"uv": [10, 0, 12, 6], "texture": "#1"},
				"up": {"uv": [10, 0, 10.5, 0.5], "texture": "#1"},
				"down": {"uv": [9, 4, 10, 5], "rotation": 270, "texture": "#1"}
			}
		},
		{
			"from": [9, 8.125, 6.5],
			"to": [9.5, 9.125, 7],
			"rotation": {"angle": 0, "axis": "y", "origin": [9.25, 30.625, 6.5]},
			"faces": {
				"north": {"uv": [10, 0, 12, 6], "texture": "#1"},
				"east": {"uv": [10, 0, 12, 6], "texture": "#1"},
				"south": {"uv": [10, 0, 12, 6], "texture": "#1"},
				"west": {"uv": [10, 0, 12, 6], "texture": "#1"},
				"up": {"uv": [10, 0, 10.5, 0.5], "texture": "#1"},
				"down": {"uv": [9, 4, 10, 5], "rotation": 270, "texture": "#1"}
			}
		},
		{
			"from": [6.5, 6.875, 6.5],
			"to": [7, 7.875, 7],
			"rotation": {"angle": 0, "axis": "y", "origin": [6.75, -14.625, 6.5]},
			"faces": {
				"north": {"uv": [10, 6, 12, 0], "texture": "#1"},
				"east": {"uv": [10, 6, 12, 0], "texture": "#1"},
				"south": {"uv": [10, 6, 12, 0], "texture": "#1"},
				"west": {"uv": [10, 6, 12, 0], "texture": "#1"},
				"up": {"uv": [10, 4, 9, 5], "rotation": 270, "texture": "#1"},
				"down": {"uv": [10, 0.5, 10.5, 0], "texture": "#1"}
			}
		},
		{
			"from": [7, 7.5, 9],
			"to": [7.5, 8.5, 9.5],
			"rotation": {"angle": 0, "axis": "y", "origin": [7.25, 30, 9]},
			"faces": {
				"north": {"uv": [10, 0, 12, 6], "texture": "#1"},
				"east": {"uv": [10, 0, 12, 6], "texture": "#1"},
				"south": {"uv": [10, 0, 12, 6], "texture": "#1"},
				"west": {"uv": [10, 0, 12, 6], "texture": "#1"},
				"up": {"uv": [10, 0, 10.5, 0.5], "texture": "#1"},
				"down": {"uv": [9, 4, 10, 5], "rotation": 270, "texture": "#1"}
			}
		},
		{
			"from": [7, 0.75, 6.5],
			"to": [7.5, 1.75, 7],
			"rotation": {"angle": 0, "axis": "y", "origin": [7, 23.25, 6.75]},
			"faces": {
				"north": {"uv": [10, 0, 12, 6], "texture": "#1"},
				"east": {"uv": [10, 0, 12, 6], "texture": "#1"},
				"south": {"uv": [10, 0, 12, 6], "texture": "#1"},
				"west": {"uv": [10, 0, 12, 6], "texture": "#1"},
				"up": {"uv": [10, 0, 10.5, 0.5], "texture": "#1"},
				"down": {"uv": [9, 4, 10, 5], "rotation": 270, "texture": "#1"}
			}
		},
		{
			"from": [9, 0.625, 6.5],
			"to": [9.5, 1.625, 7],
			"rotation": {"angle": 0, "axis": "y", "origin": [9.25, 23.125, 6.5]},
			"faces": {
				"north": {"uv": [10, 0, 12, 6], "texture": "#1"},
				"east": {"uv": [10, 0, 12, 6], "texture": "#1"},
				"south": {"uv": [10, 0, 12, 6], "texture": "#1"},
				"west": {"uv": [10, 0, 12, 6], "texture": "#1"},
				"up": {"uv": [10, 0, 10.5, 0.5], "texture": "#1"},
				"down": {"uv": [9, 4, 10, 5], "rotation": 270, "texture": "#1"}
			}
		},
		{
			"from": [7, 0, 9],
			"to": [7.5, 1, 9.5],
			"rotation": {"angle": 0, "axis": "y", "origin": [7.25, 22.5, 9]},
			"faces": {
				"north": {"uv": [10, 0, 12, 6], "texture": "#1"},
				"east": {"uv": [10, 0, 12, 6], "texture": "#1"},
				"south": {"uv": [10, 0, 12, 6], "texture": "#1"},
				"west": {"uv": [10, 0, 12, 6], "texture": "#1"},
				"up": {"uv": [10, 0, 10.5, 0.5], "texture": "#1"},
				"down": {"uv": [9, 4, 10, 5], "rotation": 270, "texture": "#1"}
			}
		},
		{
			"from": [7, 13.875, 6.5],
			"to": [7.5, 14.875, 7],
			"rotation": {"angle": 0, "axis": "y", "origin": [7, 36.375, 6.75]},
			"faces": {
				"north": {"uv": [10, 0, 12, 6], "texture": "#1"},
				"east": {"uv": [10, 0, 12, 6], "texture": "#1"},
				"south": {"uv": [10, 0, 12, 6], "texture": "#1"},
				"west": {"uv": [10, 0, 12, 6], "texture": "#1"},
				"up": {"uv": [10, 0, 10.5, 0.5], "texture": "#1"},
				"down": {"uv": [9, 4, 10, 5], "rotation": 270, "texture": "#1"}
			}
		},
		{
			"from": [9, 13.25, 9],
			"to": [9.5, 14.25, 9.5],
			"rotation": {"angle": 0, "axis": "y", "origin": [9.5, 35.75, 9.25]},
			"faces": {
				"north": {"uv": [10, 0, 12, 6], "texture": "#1"},
				"east": {"uv": [10, 0, 12, 6], "texture": "#1"},
				"south": {"uv": [10, 0, 12, 6], "texture": "#1"},
				"west": {"uv": [10, 0, 12, 6], "texture": "#1"},
				"up": {"uv": [10, 0, 10.5, 0.5], "texture": "#1"},
				"down": {"uv": [9, 4, 10, 5], "rotation": 270, "texture": "#1"}
			}
		},
		{
			"from": [9, 13.75, 6.5],
			"to": [9.5, 14.75, 7],
			"rotation": {"angle": 0, "axis": "y", "origin": [9.25, 36.25, 6.5]},
			"faces": {
				"north": {"uv": [10, 0, 12, 6], "texture": "#1"},
				"east": {"uv": [10, 0, 12, 6], "texture": "#1"},
				"south": {"uv": [10, 0, 12, 6], "texture": "#1"},
				"west": {"uv": [10, 0, 12, 6], "texture": "#1"},
				"up": {"uv": [10, 0, 10.5, 0.5], "texture": "#1"},
				"down": {"uv": [9, 4, 10, 5], "rotation": 270, "texture": "#1"}
			}
		},
		{
			"from": [6.5, 1.25, 6.5],
			"to": [7, 2.25, 7],
			"rotation": {"angle": 0, "axis": "y", "origin": [6.75, -20.25, 6.5]},
			"faces": {
				"north": {"uv": [10, 6, 12, 0], "texture": "#1"},
				"east": {"uv": [10, 6, 12, 0], "texture": "#1"},
				"south": {"uv": [10, 6, 12, 0], "texture": "#1"},
				"west": {"uv": [10, 6, 12, 0], "texture": "#1"},
				"up": {"uv": [10, 4, 9, 5], "rotation": 270, "texture": "#1"},
				"down": {"uv": [10, 0.5, 10.5, 0], "texture": "#1"}
			}
		},
		{
			"from": [8.5, 14.25, 6.5],
			"to": [9, 15, 7],
			"rotation": {"angle": 0, "axis": "y", "origin": [8.75, 36.75, 6.5]},
			"faces": {
				"north": {"uv": [10, 0, 12, 6], "texture": "#1"},
				"east": {"uv": [10, 0, 12, 6], "texture": "#1"},
				"south": {"uv": [10, 0, 12, 6], "texture": "#1"},
				"west": {"uv": [10, 0, 12, 6], "texture": "#1"},
				"up": {"uv": [10, 0, 10.5, 0.5], "texture": "#1"},
				"down": {"uv": [9, 4, 10, 5], "rotation": 270, "texture": "#1"}
			}
		},
		{
			"from": [7, 6.375, 6.5],
			"to": [7.5, 7.375, 7],
			"rotation": {"angle": 0, "axis": "y", "origin": [7, 28.875, 6.75]},
			"faces": {
				"north": {"uv": [10, 0, 12, 6], "texture": "#1"},
				"east": {"uv": [10, 0, 12, 6], "texture": "#1"},
				"south": {"uv": [10, 0, 12, 6], "texture": "#1"},
				"west": {"uv": [10, 0, 12, 6], "texture": "#1"},
				"up": {"uv": [10, 0, 10.5, 0.5], "texture": "#1"},
				"down": {"uv": [9, 4, 10, 5], "rotation": 270, "texture": "#1"}
			}
		},
		{
			"from": [9, 5.75, 9],
			"to": [9.5, 6.75, 9.5],
			"rotation": {"angle": 0, "axis": "y", "origin": [9.5, 28.25, 9.25]},
			"faces": {
				"north": {"uv": [10, 0, 12, 6], "texture": "#1"},
				"east": {"uv": [10, 0, 12, 6], "texture": "#1"},
				"south": {"uv": [10, 0, 12, 6], "texture": "#1"},
				"west": {"uv": [10, 0, 12, 6], "texture": "#1"},
				"up": {"uv": [10, 0, 10.5, 0.5], "texture": "#1"},
				"down": {"uv": [9, 4, 10, 5], "rotation": 270, "texture": "#1"}
			}
		},
		{
			"from": [6.5, 9.25, 9],
			"to": [7, 10.25, 9.5],
			"rotation": {"angle": 0, "axis": "y", "origin": [7, -12.25, 9.25]},
			"faces": {
				"north": {"uv": [10, 6, 12, 0], "texture": "#1"},
				"east": {"uv": [10, 6, 12, 0], "texture": "#1"},
				"south": {"uv": [10, 6, 12, 0], "texture": "#1"},
				"west": {"uv": [10, 6, 12, 0], "texture": "#1"},
				"up": {"uv": [10, 4, 9, 5], "rotation": 270, "texture": "#1"},
				"down": {"uv": [10, 0.5, 10.5, 0], "texture": "#1"}
			}
		},
		{
			"from": [9, 6.25, 6.5],
			"to": [9.5, 7.25, 7],
			"rotation": {"angle": 0, "axis": "y", "origin": [9.25, 28.75, 6.5]},
			"faces": {
				"north": {"uv": [10, 0, 12, 6], "texture": "#1"},
				"east": {"uv": [10, 0, 12, 6], "texture": "#1"},
				"south": {"uv": [10, 0, 12, 6], "texture": "#1"},
				"west": {"uv": [10, 0, 12, 6], "texture": "#1"},
				"up": {"uv": [10, 0, 10.5, 0.5], "texture": "#1"},
				"down": {"uv": [9, 4, 10, 5], "rotation": 270, "texture": "#1"}
			}
		},
		{
			"from": [6.5, 8.75, 6.5],
			"to": [7, 9.75, 7],
			"rotation": {"angle": 0, "axis": "y", "origin": [6.75, -12.75, 6.5]},
			"faces": {
				"north": {"uv": [10, 6, 12, 0], "texture": "#1"},
				"east": {"uv": [10, 6, 12, 0], "texture": "#1"},
				"south": {"uv": [10, 6, 12, 0], "texture": "#1"},
				"west": {"uv": [10, 6, 12, 0], "texture": "#1"},
				"up": {"uv": [10, 4, 9, 5], "rotation": 270, "texture": "#1"},
				"down": {"uv": [10, 0.5, 10.5, 0], "texture": "#1"}
			}
		},
		{
			"from": [7, 5.625, 9],
			"to": [7.5, 6.625, 9.5],
			"rotation": {"angle": 0, "axis": "y", "origin": [7.25, 28.125, 9]},
			"faces": {
				"north": {"uv": [10, 0, 12, 6], "texture": "#1"},
				"east": {"uv": [10, 0, 12, 6], "texture": "#1"},
				"south": {"uv": [10, 0, 12, 6], "texture": "#1"},
				"west": {"uv": [10, 0, 12, 6], "texture": "#1"},
				"up": {"uv": [10, 0, 10.5, 0.5], "texture": "#1"},
				"down": {"uv": [9, 4, 10, 5], "rotation": 270, "texture": "#1"}
			}
		},
		{
			"from": [7, 10.125, 6.5],
			"to": [7.5, 11.125, 7],
			"rotation": {"angle": 0, "axis": "y", "origin": [7, 32.625, 6.75]},
			"faces": {
				"north": {"uv": [10, 0, 12, 6], "texture": "#1"},
				"east": {"uv": [10, 0, 12, 6], "texture": "#1"},
				"south": {"uv": [10, 0, 12, 6], "texture": "#1"},
				"west": {"uv": [10, 0, 12, 6], "texture": "#1"},
				"up": {"uv": [10, 0, 10.5, 0.5], "texture": "#1"},
				"down": {"uv": [9, 4, 10, 5], "rotation": 270, "texture": "#1"}
			}
		},
		{
			"from": [9, 9.5, 9],
			"to": [9.5, 10.5, 9.5],
			"rotation": {"angle": 0, "axis": "y", "origin": [9.5, 32, 9.25]},
			"faces": {
				"north": {"uv": [10, 0, 12, 6], "texture": "#1"},
				"east": {"uv": [10, 0, 12, 6], "texture": "#1"},
				"south": {"uv": [10, 0, 12, 6], "texture": "#1"},
				"west": {"uv": [10, 0, 12, 6], "texture": "#1"},
				"up": {"uv": [10, 0, 10.5, 0.5], "texture": "#1"},
				"down": {"uv": [9, 4, 10, 5], "rotation": 270, "texture": "#1"}
			}
		},
		{
			"from": [6.5, 5.5, 9],
			"to": [7, 6.5, 9.5],
			"rotation": {"angle": 0, "axis": "y", "origin": [7, -16, 9.25]},
			"faces": {
				"north": {"uv": [10, 6, 12, 0], "texture": "#1"},
				"east": {"uv": [10, 6, 12, 0], "texture": "#1"},
				"south": {"uv": [10, 6, 12, 0], "texture": "#1"},
				"west": {"uv": [10, 6, 12, 0], "texture": "#1"},
				"up": {"uv": [10, 4, 9, 5], "rotation": 270, "texture": "#1"},
				"down": {"uv": [10, 0.5, 10.5, 0], "texture": "#1"}
			}
		},
		{
			"from": [9, 10, 6.5],
			"to": [9.5, 11, 7],
			"rotation": {"angle": 0, "axis": "y", "origin": [9.25, 32.5, 6.5]},
			"faces": {
				"north": {"uv": [10, 0, 12, 6], "texture": "#1"},
				"east": {"uv": [10, 0, 12, 6], "texture": "#1"},
				"south": {"uv": [10, 0, 12, 6], "texture": "#1"},
				"west": {"uv": [10, 0, 12, 6], "texture": "#1"},
				"up": {"uv": [10, 0, 10.5, 0.5], "texture": "#1"},
				"down": {"uv": [9, 4, 10, 5], "rotation": 270, "texture": "#1"}
			}
		},
		{
			"from": [6.5, 5, 6.5],
			"to": [7, 6, 7],
			"rotation": {"angle": 0, "axis": "y", "origin": [6.75, -16.5, 6.5]},
			"faces": {
				"north": {"uv": [10, 6, 12, 0], "texture": "#1"},
				"east": {"uv": [10, 6, 12, 0], "texture": "#1"},
				"south": {"uv": [10, 6, 12, 0], "texture": "#1"},
				"west": {"uv": [10, 6, 12, 0], "texture": "#1"},
				"up": {"uv": [10, 4, 9, 5], "rotation": 270, "texture": "#1"},
				"down": {"uv": [10, 0.5, 10.5, 0], "texture": "#1"}
			}
		},
		{
			"from": [7, 9.375, 9],
			"to": [7.5, 10.375, 9.5],
			"rotation": {"angle": 0, "axis": "y", "origin": [7.25, 31.875, 9]},
			"faces": {
				"north": {"uv": [10, 0, 12, 6], "texture": "#1"},
				"east": {"uv": [10, 0, 12, 6], "texture": "#1"},
				"south": {"uv": [10, 0, 12, 6], "texture": "#1"},
				"west": {"uv": [10, 0, 12, 6], "texture": "#1"},
				"up": {"uv": [10, 0, 10.5, 0.5], "texture": "#1"},
				"down": {"uv": [9, 4, 10, 5], "rotation": 270, "texture": "#1"}
			}
		},
		{
			"from": [7, 2.625, 6.5],
			"to": [7.5, 3.625, 7],
			"rotation": {"angle": 0, "axis": "y", "origin": [7, 25.125, 6.75]},
			"faces": {
				"north": {"uv": [10, 0, 12, 6], "texture": "#1"},
				"east": {"uv": [10, 0, 12, 6], "texture": "#1"},
				"south": {"uv": [10, 0, 12, 6], "texture": "#1"},
				"west": {"uv": [10, 0, 12, 6], "texture": "#1"},
				"up": {"uv": [10, 0, 10.5, 0.5], "texture": "#1"},
				"down": {"uv": [9, 4, 10, 5], "rotation": 270, "texture": "#1"}
			}
		},
		{
			"from": [9, 2, 9],
			"to": [9.5, 3, 9.5],
			"rotation": {"angle": 0, "axis": "y", "origin": [9.5, 24.5, 9.25]},
			"faces": {
				"north": {"uv": [10, 0, 12, 6], "texture": "#1"},
				"east": {"uv": [10, 0, 12, 6], "texture": "#1"},
				"south": {"uv": [10, 0, 12, 6], "texture": "#1"},
				"west": {"uv": [10, 0, 12, 6], "texture": "#1"},
				"up": {"uv": [10, 0, 10.5, 0.5], "texture": "#1"},
				"down": {"uv": [9, 4, 10, 5], "rotation": 270, "texture": "#1"}
			}
		},
		{
			"from": [6.5, 13, 9],
			"to": [7, 14, 9.5],
			"rotation": {"angle": 0, "axis": "y", "origin": [7, -8.5, 9.25]},
			"faces": {
				"north": {"uv": [10, 6, 12, 0], "texture": "#1"},
				"east": {"uv": [10, 6, 12, 0], "texture": "#1"},
				"south": {"uv": [10, 6, 12, 0], "texture": "#1"},
				"west": {"uv": [10, 6, 12, 0], "texture": "#1"},
				"up": {"uv": [10, 4, 9, 5], "rotation": 270, "texture": "#1"},
				"down": {"uv": [10, 0.5, 10.5, 0], "texture": "#1"}
			}
		},
		{
			"from": [9, 2.5, 6.5],
			"to": [9.5, 3.5, 7],
			"rotation": {"angle": 0, "axis": "y", "origin": [9.25, 25, 6.5]},
			"faces": {
				"north": {"uv": [10, 0, 12, 6], "texture": "#1"},
				"east": {"uv": [10, 0, 12, 6], "texture": "#1"},
				"south": {"uv": [10, 0, 12, 6], "texture": "#1"},
				"west": {"uv": [10, 0, 12, 6], "texture": "#1"},
				"up": {"uv": [10, 0, 10.5, 0.5], "texture": "#1"},
				"down": {"uv": [9, 4, 10, 5], "rotation": 270, "texture": "#1"}
			}
		},
		{
			"from": [6.5, 12.5, 6.5],
			"to": [7, 13.5, 7],
			"rotation": {"angle": 0, "axis": "y", "origin": [6.75, -9, 6.5]},
			"faces": {
				"north": {"uv": [10, 6, 12, 0], "texture": "#1"},
				"east": {"uv": [10, 6, 12, 0], "texture": "#1"},
				"south": {"uv": [10, 6, 12, 0], "texture": "#1"},
				"west": {"uv": [10, 6, 12, 0], "texture": "#1"},
				"up": {"uv": [10, 4, 9, 5], "rotation": 270, "texture": "#1"},
				"down": {"uv": [10, 0.5, 10.5, 0], "texture": "#1"}
			}
		},
		{
			"from": [7, 1.875, 9],
			"to": [7.5, 2.875, 9.5],
			"rotation": {"angle": 0, "axis": "y", "origin": [7.25, 24.375, 9]},
			"faces": {
				"north": {"uv": [10, 0, 12, 6], "texture": "#1"},
				"east": {"uv": [10, 0, 12, 6], "texture": "#1"},
				"south": {"uv": [10, 0, 12, 6], "texture": "#1"},
				"west": {"uv": [10, 0, 12, 6], "texture": "#1"},
				"up": {"uv": [10, 0, 10.5, 0.5], "texture": "#1"},
				"down": {"uv": [9, 4, 10, 5], "rotation": 270, "texture": "#1"}
			}
		}
	],
	"display": {},
	"groups": [
		{
			"name": "twisting_vines",
			"origin": [8, 8, 8],
			"children": [0, 1, 2, 3, 4, 5, 6, 7, 8, 9, 10, 11, 12, 13, 14, 15, 16, 17, 18, 19, 20, 21, 22, 23, 24, 25, 26, 27, 28, 29, 30, 31, 32, 33, 34, 35, 36, 37, 38, 39, 40, 41, 42, 43, 44, 45, 46, 47, 48, 49, 50, 51, 52, 53, 54, 55, 56, 57, 58, 59, 60, 61, 62, 63, 64, 65, 66, 67, 68, 69, 70, 71, 72, 73, 74, 75, 76, 77, 78, 79, 80, 81, 82, 83, 84, 85, 86, 87, 88, 89, 90, 91, 92, 93, 94, 95, 96, 97, 98, 99, 100, 101, 102, 103, 104, 105, 106, 107, 108, 109, 110, 111, 112, 113, 114, 115, 116, 117, 118, 119, 120, 121, 122, 123, 124, 125, 126, 127, 128, 129, 130, 131, 132, 133, 134, 135, 136, 137, 138, 139, 140, 141, 142, 143, 144, 145, 146, 147, 148, 149, 150, 151, 152, 153, 154, 155, 156, 157, 158]
		}
	]
}
