{
	"credit": "Made with Blockbench",
	"textures": {
		"0": "block/vine",
		"particle": "block/vine"
	},
	"elements": [
		{
			"from": [11.51815, 0, 15.25101],
			"to": [13.51815, 0.5, 15.75101],
			"rotation": {"angle": 0, "axis": "y", "origin": [5.51815, 8, 23.25101]},
			"faces": {
				"north": {"uv": [2.5, 15.5, 4.5, 16], "texture": "#0"},
				"east": {"uv": [2.5, 15.5, 3, 16], "texture": "#0"},
				"south": {"uv": [4.5, 15.5, 2.5, 16], "texture": "#0"},
				"west": {"uv": [2.5, 15.5, 3, 16], "texture": "#0"},
				"up": {"uv": [2.5, 15.5, 4.5, 16], "rotation": 180, "texture": "#0"},
				"down": {"uv": [2.5, 15.5, 4.5, 16], "texture": "#0"}
			}
		},
		{
			"from": [11.01815, 0.5, 15.25101],
			"to": [13.51815, 2, 15.75101],
			"rotation": {"angle": 0, "axis": "y", "origin": [5.51815, 8.5, 23.25101]},
			"faces": {
				"north": {"uv": [2.5, 14, 5, 15.5], "texture": "#0"},
				"east": {"uv": [2.5, 14, 3, 15.5], "texture": "#0"},
				"south": {"uv": [5, 14, 2.5, 15.5], "texture": "#0"},
				"west": {"uv": [2.5, 14, 3, 15.5], "texture": "#0"},
				"up": {"uv": [2.5, 14, 5, 14.5], "rotation": 180, "texture": "#0"},
				"down": {"uv": [2.5, 14, 5, 14.5], "texture": "#0"}
			}
		},
		{
			"from": [11.01815, 2, 15.25101],
			"to": [16.01815, 3, 15.75101],
			"rotation": {"angle": 0, "axis": "y", "origin": [5.51815, 10, 23.25101]},
			"faces": {
				"north": {"uv": [0, 13, 5, 14], "texture": "#0"},
				"east": {"uv": [0, 13, 0.5, 14], "texture": "#0"},
				"south": {"uv": [5, 13, 0, 14], "texture": "#0"},
				"west": {"uv": [4.5, 13.5, 5, 14.5], "texture": "#0"},
				"up": {"uv": [0, 13, 5, 13.5], "rotation": 180, "texture": "#0"},
				"down": {"uv": [0, 13, 5, 13.5], "texture": "#0"}
			}
		},
		{
			"from": [14.01815, 1.5, 15.25101],
			"to": [15.51815, 2, 15.75101],
			"rotation": {"angle": 0, "axis": "y", "origin": [5.51815, 9.5, 23.25101]},
			"faces": {
				"north": {"uv": [0.5, 14, 2, 14.5], "texture": "#0"},
				"east": {"uv": [0, 0, 0.5, 0.5], "texture": "#0"},
				"south": {"uv": [14, 14, 15.5, 14.5], "texture": "#0"},
				"west": {"uv": [0, 0, 0.5, 0.5], "texture": "#0"},
				"up": {"uv": [0.5, 14, 2, 14.5], "rotation": 180, "texture": "#0"},
				"down": {"uv": [0.5, 14, 2, 14.5], "texture": "#0"}
			}
		},
		{
			"from": [14.51815, 1, 15.25101],
			"to": [15.01815, 1.5, 15.75101],
			"rotation": {"angle": 0, "axis": "y", "origin": [5.51815, 9, 23.25101]},
			"faces": {
				"north": {"uv": [1, 14.5, 1.5, 15], "texture": "#0"},
				"east": {"uv": [1, 14.5, 1.5, 15], "texture": "#0"},
				"south": {"uv": [14.5, 14.5, 15, 15], "texture": "#0"},
				"west": {"uv": [1, 14.5, 1.5, 15], "texture": "#0"},
				"up": {"uv": [1, 14.5, 1.5, 15], "rotation": 180, "texture": "#0"},
				"down": {"uv": [1, 14.5, 1.5, 15], "texture": "#0"}
			}
		},
		{
			"from": [9.01815, 3, 15.25101],
			"to": [16.01815, 3.5, 15.75101],
			"rotation": {"angle": 0, "axis": "y", "origin": [5.51815, 11, 23.25101]},
			"faces": {
				"north": {"uv": [0, 12.5, 7, 13], "texture": "#0"},
				"east": {"uv": [0, 12.5, 0.5, 13], "texture": "#0"},
				"south": {"uv": [7, 12.5, 0, 13], "texture": "#0"},
				"west": {"uv": [6.5, 12.5, 7, 13], "texture": "#0"},
				"up": {"uv": [0, 12.5, 7, 13], "rotation": 180, "texture": "#0"},
				"down": {"uv": [0, 12.5, 7, 13], "texture": "#0"}
			}
		},
		{
			"from": [9.01815, 3.5, 15.25101],
			"to": [15.51815, 4, 15.75101],
			"rotation": {"angle": 0, "axis": "y", "origin": [5.51815, 11.5, 23.25101]},
			"faces": {
				"north": {"uv": [0.5, 12, 7, 12.5], "texture": "#0"},
				"east": {"uv": [0.5, 12, 1, 12.5], "texture": "#0"},
				"south": {"uv": [7, 12, 0.5, 12.5], "texture": "#0"},
				"west": {"uv": [6.5, 12, 7, 12.5], "texture": "#0"},
				"up": {"uv": [7, 12, 0.5, 12.5], "rotation": 180, "texture": "#0"},
				"down": {"uv": [7, 12, 0.5, 12.5], "texture": "#0"}
			}
		},
		{
			"from": [9.51815, 4.5, 15.25101],
			"to": [12.01815, 5, 15.75101],
			"rotation": {"angle": 0, "axis": "y", "origin": [5.51815, 12.5, 23.25101]},
			"faces": {
				"north": {"uv": [4, 11, 6.5, 11.5], "texture": "#0"},
				"east": {"uv": [4, 11, 4.5, 11.5], "texture": "#0"},
				"south": {"uv": [6.5, 11, 4, 11.5], "texture": "#0"},
				"west": {"uv": [4, 11, 4.5, 11.5], "texture": "#0"},
				"up": {"uv": [4, 11, 6.5, 11.5], "rotation": 180, "texture": "#0"},
				"down": {"uv": [4, 11, 6.5, 11.5], "texture": "#0"}
			}
		},
		{
			"from": [10.01815, 5, 15.25101],
			"to": [12.01815, 6, 15.75101],
			"rotation": {"angle": 0, "axis": "y", "origin": [5.51815, 13, 23.25101]},
			"faces": {
				"north": {"uv": [4, 10, 6, 11], "texture": "#0"},
				"east": {"uv": [4, 10, 4.5, 11], "texture": "#0"},
				"south": {"uv": [6, 10, 4, 11], "texture": "#0"},
				"west": {"uv": [5.5, 10, 6, 11], "texture": "#0"},
				"up": {"uv": [4, 10, 6, 10.5], "rotation": 180, "texture": "#0"},
				"down": {"uv": [4, 12, 6, 12.5], "texture": "#0"}
			}
		},
		{
			"from": [10.51815, 6, 15.25101],
			"to": [12.01815, 7, 15.75101],
			"rotation": {"angle": 0, "axis": "y", "origin": [5.51815, 14, 23.25101]},
			"faces": {
				"north": {"uv": [4, 9, 5.5, 10], "texture": "#0"},
				"east": {"uv": [4, 9, 4.5, 10], "texture": "#0"},
				"south": {"uv": [5.5, 9, 4, 10], "texture": "#0"},
				"west": {"uv": [5, 9, 5.5, 10], "texture": "#0"},
				"up": {"uv": [4, 9, 5.5, 9.5], "rotation": 180, "texture": "#0"},
				"down": {"uv": [4, 9, 5.5, 9.5], "texture": "#0"}
			}
		},
		{
			"from": [11.01815, 7, 15.25101],
			"to": [12.01815, 7.5, 15.75101],
			"rotation": {"angle": 0, "axis": "y", "origin": [5.51815, 15, 23.25101]},
			"faces": {
				"north": {"uv": [4, 8.5, 5, 9], "texture": "#0"},
				"east": {"uv": [4, 8.5, 4.5, 9], "texture": "#0"},
				"south": {"uv": [5, 8.5, 4, 9], "texture": "#0"},
				"west": {"uv": [4.5, 8.5, 5, 9], "texture": "#0"},
				"up": {"uv": [4, 8.5, 5, 9], "rotation": 180, "texture": "#0"},
				"down": {"uv": [4, 8.5, 5, 9], "texture": "#0"}
			}
		},
		{
			"from": [9.01815, 7.5, 15.25101],
			"to": [12.01815, 8, 15.75101],
			"rotation": {"angle": 0, "axis": "y", "origin": [5.51815, 15.5, 23.25101]},
			"faces": {
				"north": {"uv": [4, 8, 7, 8.5], "texture": "#0"},
				"east": {"uv": [4, 8, 4.5, 8.5], "texture": "#0"},
				"south": {"uv": [7, 8, 4, 8.5], "texture": "#0"},
				"west": {"uv": [6.5, 8, 7, 8.5], "texture": "#0"},
				"up": {"uv": [4, 8, 7, 8.5], "rotation": 180, "texture": "#0"},
				"down": {"uv": [4, 8, 7, 8.5], "texture": "#0"}
			}
		},
		{
			"from": [9.01815, 8, 15.25101],
			"to": [12.51815, 8.5, 15.75101],
			"rotation": {"angle": 0, "axis": "y", "origin": [5.51815, 16, 23.25101]},
			"faces": {
				"north": {"uv": [3.5, 7.5, 7, 8], "texture": "#0"},
				"east": {"uv": [3.5, 7.5, 4, 8], "texture": "#0"},
				"south": {"uv": [7, 7.5, 3.5, 8], "texture": "#0"},
				"west": {"uv": [6.5, 7.5, 7, 8], "texture": "#0"},
				"up": {"uv": [3.5, 7.5, 7, 8], "rotation": 180, "texture": "#0"},
				"down": {"uv": [3.5, 7.5, 7, 8], "texture": "#0"}
			}
		},
		{
			"from": [9.51815, 8.5, 15.25101],
			"to": [12.51815, 9, 15.75101],
			"rotation": {"angle": 0, "axis": "y", "origin": [5.51815, 16.5, 23.25101]},
			"faces": {
				"north": {"uv": [3.5, 7, 6.5, 7.5], "texture": "#0"},
				"east": {"uv": [3.5, 7, 4, 7.5], "texture": "#0"},
				"south": {"uv": [6.5, 7, 3.5, 7.5], "texture": "#0"},
				"west": {"uv": [6, 7, 6.5, 7.5], "texture": "#0"},
				"up": {"uv": [3.5, 7, 6.5, 7.5], "rotation": 180, "texture": "#0"},
				"down": {"uv": [3.5, 7, 6.5, 7.5], "texture": "#0"}
			}
		},
		{
			"from": [7.01815, 9, 15.25101],
			"to": [13.01815, 9.5, 15.75101],
			"rotation": {"angle": 0, "axis": "y", "origin": [6.01815, 17, 23.25101]},
			"faces": {
				"north": {"uv": [3, 6.5, 9, 7], "texture": "#0"},
				"east": {"uv": [3, 6.5, 3.5, 7], "texture": "#0"},
				"south": {"uv": [9, 6.5, 3, 7], "texture": "#0"},
				"west": {"uv": [8.5, 6.5, 9, 7], "texture": "#0"},
				"up": {"uv": [3, 6.5, 9, 7], "rotation": 180, "texture": "#0"},
				"down": {"uv": [3, 6.5, 9, 7], "texture": "#0"}
			}
		},
		{
			"from": [7.01815, 8.5, 15.25101],
			"to": [8.01815, 9, 15.75101],
			"rotation": {"angle": 0, "axis": "y", "origin": [6.01815, 16.5, 23.25101]},
			"faces": {
				"north": {"uv": [8, 7, 9, 7.5], "texture": "#0"},
				"east": {"uv": [9, 7, 8.5, 7.5], "texture": "#0"},
				"south": {"uv": [9, 7, 8, 7.5], "texture": "#0"},
				"west": {"uv": [8.5, 7, 8, 7.5], "texture": "#0"},
				"up": {"uv": [0, 0, 1, 0.5], "rotation": 180, "texture": "#0"},
				"down": {"uv": [0, 0, 1, 0.5], "texture": "#0"}
			}
		},
		{
			"from": [6.51815, 10, 15.25101],
			"to": [9.01815, 10.5, 15.75101],
			"rotation": {"angle": 0, "axis": "y", "origin": [6.01815, 18, 23.25101]},
			"faces": {
				"north": {"uv": [7, 5.5, 9.5, 6], "texture": "#0"},
				"east": {"uv": [0, 0, 0.5, 0.5], "texture": "#0"},
				"south": {"uv": [9.5, 5.5, 7, 6], "texture": "#0"},
				"west": {"uv": [0, 0, 0.5, 0.5], "texture": "#0"},
				"up": {"uv": [0, 0, 2.5, 0.5], "rotation": 180, "texture": "#0"},
				"down": {"uv": [0, 0, 2.5, 0.5], "texture": "#0"}
			}
		},
		{
			"from": [6.01815, 10.5, 15.25101],
			"to": [8.51815, 11, 15.75101],
			"rotation": {"angle": 0, "axis": "y", "origin": [5.51815, 18.5, 23.25101]},
			"faces": {
				"north": {"uv": [7.5, 5, 10, 5.5], "texture": "#0"},
				"east": {"uv": [0, 0, 0.5, 0.5], "texture": "#0"},
				"south": {"uv": [10, 5, 7.5, 5.5], "texture": "#0"},
				"west": {"uv": [0, 0, 0.5, 0.5], "texture": "#0"},
				"up": {"uv": [0, 0, 2.5, 0.5], "rotation": 180, "texture": "#0"},
				"down": {"uv": [0, 0, 2.5, 0.5], "texture": "#0"}
			}
		},
		{
			"from": [4.01815, 11, 15.25101],
			"to": [7.01815, 11.5, 15.75101],
			"rotation": {"angle": 0, "axis": "y", "origin": [4.01815, 19, 23.25101]},
			"faces": {
				"north": {"uv": [9, 4.5, 12, 5], "texture": "#0"},
				"east": {"uv": [0, 0, 0.5, 0.5], "texture": "#0"},
				"south": {"uv": [12, 4.5, 9, 5], "texture": "#0"},
				"west": {"uv": [0, 0, 0.5, 0.5], "texture": "#0"},
				"up": {"uv": [0, 0, 3, 0.5], "rotation": 180, "texture": "#0"},
				"down": {"uv": [0, 0, 3, 0.5], "texture": "#0"}
			}
		},
		{
			"from": [1.51815, 11, 15.25101],
			"to": [3.51815, 11.5, 15.75101],
			"rotation": {"angle": 0, "axis": "y", "origin": [0.51815, 19, 23.25101]},
			"faces": {
				"north": {"uv": [12.5, 4.5, 14.5, 5], "texture": "#0"},
				"east": {"uv": [12.5, 4.5, 13, 5], "texture": "#0"},
				"south": {"uv": [14.5, 4.5, 12.5, 5], "texture": "#0"},
				"west": {"uv": [14, 4.5, 14.5, 5], "texture": "#0"},
				"up": {"uv": [12.5, 4.5, 14.5, 5], "rotation": 180, "texture": "#0"},
				"down": {"uv": [12.5, 4.5, 14.5, 5], "texture": "#0"}
			}
		},
		{
			"from": [1.51815, 10, 15.25101],
			"to": [4.01815, 10.5, 15.75101],
			"rotation": {"angle": 0, "axis": "y", "origin": [1.01815, 18, 23.25101]},
			"faces": {
				"north": {"uv": [12, 5.5, 14.5, 6], "texture": "#0"},
				"east": {"uv": [12, 5.5, 12.5, 6], "texture": "#0"},
				"south": {"uv": [14.5, 5.5, 12, 6], "texture": "#0"},
				"west": {"uv": [14, 5.5, 14.5, 6], "texture": "#0"},
				"up": {"uv": [12, 5.5, 14.5, 6], "rotation": 180, "texture": "#0"},
				"down": {"uv": [12, 5.5, 14.5, 6], "texture": "#0"}
			}
		},
		{
			"from": [2.01815, 9.5, 15.25101],
			"to": [4.51815, 10, 15.75101],
			"rotation": {"angle": 0, "axis": "y", "origin": [1.51815, 17.5, 23.25101]},
			"faces": {
				"north": {"uv": [11.5, 6, 14, 6.5], "texture": "#0"},
				"east": {"uv": [11.5, 6, 12, 6.5], "texture": "#0"},
				"south": {"uv": [14, 6, 11.5, 6.5], "texture": "#0"},
				"west": {"uv": [13.5, 6, 14, 6.5], "texture": "#0"},
				"up": {"uv": [11.5, 6, 14, 6.5], "rotation": 180, "texture": "#0"},
				"down": {"uv": [11.5, 6, 14, 6.5], "texture": "#0"}
			}
		},
		{
			"from": [2.51815, 9, 15.25101],
			"to": [5.01815, 9.5, 15.75101],
			"rotation": {"angle": 0, "axis": "y", "origin": [2.01815, 17, 23.25101]},
			"faces": {
				"north": {"uv": [11, 6.5, 13.5, 7], "texture": "#0"},
				"east": {"uv": [11, 6.5, 11.5, 7], "texture": "#0"},
				"south": {"uv": [13.5, 6.5, 11, 7], "texture": "#0"},
				"west": {"uv": [13, 6.5, 13.5, 7], "texture": "#0"},
				"up": {"uv": [11, 6.5, 13.5, 7], "rotation": 180, "texture": "#0"},
				"down": {"uv": [11, 6.5, 13.5, 7], "texture": "#0"}
			}
		},
		{
			"from": [2.51815, 8.5, 15.25101],
			"to": [5.51815, 9, 15.75101],
			"rotation": {"angle": 0, "axis": "y", "origin": [2.01815, 16.5, 23.25101]},
			"faces": {
				"north": {"uv": [10.5, 7, 13.5, 7.5], "texture": "#0"},
				"east": {"uv": [10.5, 7, 11, 7.5], "texture": "#0"},
				"south": {"uv": [13.5, 7, 10.5, 7.5], "texture": "#0"},
				"west": {"uv": [13, 7, 13.5, 7.5], "texture": "#0"},
				"up": {"uv": [10.5, 7, 13.5, 7.5], "rotation": 180, "texture": "#0"},
				"down": {"uv": [10.5, 7, 13.5, 7.5], "texture": "#0"}
			}
		},
		{
			"from": [2.01815, 8, 15.25101],
			"to": [5.51815, 8.5, 15.75101],
			"rotation": {"angle": 0, "axis": "y", "origin": [2.01815, 16, 23.25101]},
			"faces": {
				"north": {"uv": [10.5, 7.5, 14, 8], "texture": "#0"},
				"east": {"uv": [10.5, 7.5, 11, 8], "texture": "#0"},
				"south": {"uv": [14, 7.5, 10.5, 8], "texture": "#0"},
				"west": {"uv": [13.5, 7.5, 14, 8], "texture": "#0"},
				"up": {"uv": [10.5, 7.5, 14, 8], "rotation": 180, "texture": "#0"},
				"down": {"uv": [10.5, 7.5, 14, 8], "texture": "#0"}
			}
		},
		{
			"from": [1.51815, 7, 15.25101],
			"to": [5.01815, 8, 15.75101],
			"rotation": {"angle": 0, "axis": "y", "origin": [1.51815, 15, 23.25101]},
			"faces": {
				"north": {"uv": [11, 8, 14.5, 9], "texture": "#0"},
				"east": {"uv": [11, 8, 11.5, 9], "texture": "#0"},
				"south": {"uv": [14.5, 8, 11, 9], "texture": "#0"},
				"west": {"uv": [14, 8, 14.5, 9], "texture": "#0"},
				"up": {"uv": [11, 8, 14.5, 8.5], "rotation": 180, "texture": "#0"},
				"down": {"uv": [11, 8.5, 14.5, 9], "texture": "#0"}
			}
		},
		{
			"from": [3.51815, 6, 15.25101],
			"to": [5.51815, 7, 15.75101],
			"rotation": {"angle": 0, "axis": "y", "origin": [2.01815, 14.5, 23.25101]},
			"faces": {
				"north": {"uv": [10.5, 9, 12.5, 10], "texture": "#0"},
				"east": {"uv": [10.5, 9, 11, 10], "texture": "#0"},
				"south": {"uv": [12.5, 9, 10.5, 10], "texture": "#0"},
				"west": {"uv": [12, 9, 12.5, 10], "texture": "#0"},
				"up": {"uv": [10.5, 9, 12.5, 9.5], "rotation": 180, "texture": "#0"},
				"down": {"uv": [10.5, 9, 12.5, 9.5], "texture": "#0"}
			}
		},
		{
			"from": [4.01815, 5, 15.25101],
			"to": [5.51815, 6, 15.75101],
			"rotation": {"angle": 0, "axis": "y", "origin": [2.51815, 13.625, 23.25101]},
			"faces": {
				"north": {"uv": [10.5, 10, 12, 11], "texture": "#0"},
				"east": {"uv": [11.5, 10, 12, 11], "texture": "#0"},
				"south": {"uv": [12, 10, 10.5, 11], "texture": "#0"},
				"west": {"uv": [10.5, 10, 11, 11], "texture": "#0"},
				"up": {"uv": [10.5, 10, 12, 10.5], "rotation": 180, "texture": "#0"},
				"down": {"uv": [10.5, 10.5, 12, 11], "texture": "#0"}
			}
		},
		{
			"from": [4.01815, 4.5, 15.25101],
			"to": [6.51815, 5, 15.87601],
			"rotation": {"angle": 0, "axis": "y", "origin": [2.51815, 12.625, 23.25101]},
			"faces": {
				"north": {"uv": [9.5, 11, 12, 11.5], "texture": "#0"},
				"east": {"uv": [9.5, 11, 10.125, 11.5], "texture": "#0"},
				"south": {"uv": [12, 11, 9.5, 11.5], "texture": "#0"},
				"west": {"uv": [11.5, 11, 12.125, 11.5], "texture": "#0"},
				"up": {"uv": [9.5, 11, 12, 11.5], "rotation": 180, "texture": "#0"},
				"down": {"uv": [9.5, 11, 12, 11.5], "texture": "#0"}
			}
		},
		{
			"from": [4.01815, 4, 15.25101],
			"to": [7.01815, 4.5, 15.75101],
			"rotation": {"angle": 0, "axis": "y", "origin": [2.51815, 12.125, 23.25101]},
			"faces": {
				"north": {"uv": [9, 11.5, 12, 12], "texture": "#0"},
				"east": {"uv": [9, 11.5, 9.5, 12], "texture": "#0"},
				"south": {"uv": [12, 11.5, 9, 12], "texture": "#0"},
				"west": {"uv": [11.5, 11.5, 12, 12], "texture": "#0"},
				"up": {"uv": [9, 11.5, 12, 12], "rotation": 180, "texture": "#0"},
				"down": {"uv": [9, 11.5, 12, 12], "texture": "#0"}
			}
		},
		{
			"from": [3.51815, 3.5, 15.25101],
			"to": [7.01815, 4, 15.75101],
			"rotation": {"angle": 0, "axis": "y", "origin": [2.51815, 11.625, 23.25101]},
			"faces": {
				"north": {"uv": [9, 12, 12.5, 12.5], "texture": "#0"},
				"east": {"uv": [9, 12, 9.5, 12.5], "texture": "#0"},
				"south": {"uv": [12.5, 12, 9, 12.5], "texture": "#0"},
				"west": {"uv": [12, 12, 12.5, 12.5], "texture": "#0"},
				"up": {"uv": [9, 12, 12.5, 12.5], "rotation": 180, "texture": "#0"},
				"down": {"uv": [9, 12, 12.5, 12.5], "texture": "#0"}
			}
		},
		{
			"from": [5.51815, 3, 15.25101],
			"to": [7.01815, 3.5, 15.75101],
			"rotation": {"angle": 0, "axis": "y", "origin": [2.51815, 11.125, 23.25101]},
			"faces": {
				"north": {"uv": [9, 12.5, 10.5, 13], "texture": "#0"},
				"east": {"uv": [10, 12.5, 10.5, 13], "texture": "#0"},
				"south": {"uv": [5.5, 12.5, 7, 13], "texture": "#0"},
				"west": {"uv": [9, 12.5, 9.5, 13], "texture": "#0"},
				"up": {"uv": [9, 12.5, 10.5, 13], "rotation": 180, "texture": "#0"},
				"down": {"uv": [9, 12.5, 10.5, 13], "texture": "#0"}
			}
		},
		{
			"from": [6.01815, 2.5, 15.25101],
			"to": [7.01815, 3, 15.75101],
			"rotation": {"angle": 0, "axis": "y", "origin": [2.51815, 10.625, 23.25101]},
			"faces": {
				"north": {"uv": [9, 13, 10, 13.5], "texture": "#0"},
				"east": {"uv": [9, 13, 9.5, 13.5], "texture": "#0"},
				"south": {"uv": [6, 13, 7, 13.5], "texture": "#0"},
				"west": {"uv": [9.5, 13, 10, 13.5], "texture": "#0"},
				"up": {"uv": [9, 13, 10, 13.5], "rotation": 180, "texture": "#0"},
				"down": {"uv": [9, 13, 10, 13.5], "texture": "#0"}
			}
		},
		{
			"from": [6.51815, 2, 15.25101],
			"to": [7.01815, 2.5, 15.75101],
			"rotation": {"angle": 0, "axis": "y", "origin": [2.51815, 10.125, 23.25101]},
			"faces": {
				"north": {"uv": [9, 13.5, 9.5, 14], "texture": "#0"},
				"east": {"uv": [9, 13.5, 9.5, 14], "texture": "#0"},
				"south": {"uv": [9, 13.5, 9.5, 14], "texture": "#0"},
				"west": {"uv": [9, 13.5, 9.5, 14], "texture": "#0"},
				"up": {"uv": [9, 13.5, 9.5, 14], "rotation": 180, "texture": "#0"},
				"down": {"uv": [9, 13.5, 9.5, 14], "texture": "#0"}
			}
		},
		{
			"from": [0.01815, 2, 15.25101],
			"to": [4.51815, 3, 15.75101],
			"rotation": {"angle": 0, "axis": "y", "origin": [0.01815, 10.125, 23.25101]},
			"faces": {
				"north": {"uv": [11.5, 13, 16, 14], "texture": "#0"},
				"east": {"uv": [11.5, 13, 12, 14], "texture": "#0"},
				"south": {"uv": [16, 13, 11.5, 14], "texture": "#0"},
				"west": {"uv": [15.5, 13, 16, 14], "texture": "#0"},
				"up": {"uv": [11.5, 13, 16, 13.5], "rotation": 180, "texture": "#0"},
				"down": {"uv": [11.5, 13.5, 16, 14], "texture": "#0"}
			}
		},
		{
			"from": [0.01815, 3, 15.25101],
			"to": [2.01815, 3.5, 15.75101],
			"rotation": {"angle": 0, "axis": "y", "origin": [0.01815, 10.125, 23.25101]},
			"faces": {
				"north": {"uv": [14, 12.5, 16, 13], "texture": "#0"},
				"east": {"uv": [14, 12.5, 14.5, 13], "texture": "#0"},
				"south": {"uv": [16, 12.5, 14, 13], "texture": "#0"},
				"west": {"uv": [15.5, 12.5, 16, 13], "texture": "#0"},
				"up": {"uv": [14, 12.5, 16, 13], "rotation": 180, "texture": "#0"},
				"down": {"uv": [14, 12.5, 16, 13], "texture": "#0"}
			}
		},
		{
			"from": [0.01815, 3.5, 15.25101],
			"to": [1.51815, 4, 15.75101],
			"rotation": {"angle": 0, "axis": "y", "origin": [0.01815, 10.625, 23.25101]},
			"faces": {
				"north": {"uv": [14.5, 12, 16, 12.5], "texture": "#0"},
				"east": {"uv": [14.5, 12, 15, 12.5], "texture": "#0"},
				"south": {"uv": [16, 12, 14.5, 12.5], "texture": "#0"},
				"west": {"uv": [15.5, 12, 16, 12.5], "texture": "#0"},
				"up": {"uv": [14.5, 12, 16, 12.5], "rotation": 180, "texture": "#0"},
				"down": {"uv": [14.5, 12, 16, 12.5], "texture": "#0"}
			}
		},
		{
			"from": [0.01815, 1.5, 15.25101],
			"to": [1.01815, 2, 15.75101],
			"rotation": {"angle": 0, "axis": "y", "origin": [0.01815, 8.625, 23.25101]},
			"faces": {
				"north": {"uv": [15, 14, 16, 14.5], "texture": "#0"},
				"east": {"uv": [15, 14, 15.5, 14.5], "texture": "#0"},
				"south": {"uv": [16, 14, 15, 14.5], "texture": "#0"},
				"west": {"uv": [15.5, 14, 16, 14.5], "texture": "#0"},
				"up": {"uv": [15, 14, 16, 14.5], "rotation": 180, "texture": "#0"},
				"down": {"uv": [15, 14, 16, 14.5], "texture": "#0"}
			}
		},
		{
			"from": [0.01815, 1, 15.25101],
			"to": [0.51815, 1.5, 15.75101],
			"rotation": {"angle": 0, "axis": "y", "origin": [0.01815, 8.125, 23.25101]},
			"faces": {
				"north": {"uv": [15.5, 14.5, 16, 15], "texture": "#0"},
				"east": {"uv": [15.5, 14.5, 16, 15], "texture": "#0"},
				"south": {"uv": [15.5, 14.5, 16, 15], "texture": "#0"},
				"west": {"uv": [15.5, 14.5, 16, 15], "texture": "#0"},
				"up": {"uv": [15.5, 14.5, 16, 15], "rotation": 180, "texture": "#0"},
				"down": {"uv": [15.5, 14.5, 16, 15], "texture": "#0"}
			}
		},
		{
			"from": [3.01815, 1.5, 15.25101],
			"to": [6.01815, 2, 15.75101],
			"rotation": {"angle": 0, "axis": "y", "origin": [3.14315, 8.625, 23.25101]},
			"faces": {
				"north": {"uv": [10, 14, 13, 14.5], "texture": "#0"},
				"east": {"uv": [10, 14, 10.5, 14.5], "texture": "#0"},
				"south": {"uv": [13, 14, 10, 14.5], "texture": "#0"},
				"west": {"uv": [10, 14, 10.5, 14.5], "texture": "#0"},
				"up": {"uv": [10, 14, 13, 14.5], "rotation": 180, "texture": "#0"},
				"down": {"uv": [10, 14, 13, 14.5], "texture": "#0"}
			}
		},
		{
			"from": [3.01815, 1, 15.25101],
			"to": [6.51815, 1.5, 15.75101],
			"rotation": {"angle": 0, "axis": "y", "origin": [3.14315, 8.125, 23.25101]},
			"faces": {
				"north": {"uv": [9.5, 14.5, 13, 15], "texture": "#0"},
				"east": {"uv": [9.5, 14.5, 10, 15], "texture": "#0"},
				"south": {"uv": [13, 14.5, 9.5, 15], "texture": "#0"},
				"west": {"uv": [12.5, 14.5, 13, 15], "texture": "#0"},
				"up": {"uv": [9.5, 14.5, 13, 15], "rotation": 180, "texture": "#0"},
				"down": {"uv": [9.5, 14.5, 13, 15], "texture": "#0"}
			}
		},
		{
			"from": [5.51815, 0.5, 15.25101],
			"to": [7.51815, 1, 15.75101],
			"rotation": {"angle": 0, "axis": "y", "origin": [4.14315, 7.625, 23.25101]},
			"faces": {
				"north": {"uv": [8.5, 15, 10.5, 15.5], "texture": "#0"},
				"east": {"uv": [8.5, 15, 9, 15.5], "texture": "#0"},
				"south": {"uv": [10.5, 15, 8.5, 15.5], "texture": "#0"},
				"west": {"uv": [10, 15, 10.5, 15.5], "texture": "#0"},
				"up": {"uv": [8.5, 15, 10.5, 15.5], "rotation": 180, "texture": "#0"},
				"down": {"uv": [8.5, 15, 10.5, 15.5], "texture": "#0"}
			}
		},
		{
			"from": [2.51815, 0.5, 15.25101],
			"to": [5.01815, 1, 15.75101],
			"rotation": {"angle": 0, "axis": "y", "origin": [1.64315, 7.625, 23.25101]},
			"faces": {
				"north": {"uv": [11, 15, 13.5, 15.5], "texture": "#0"},
				"east": {"uv": [11, 15, 11.5, 15.5], "texture": "#0"},
				"south": {"uv": [13.5, 15, 11, 15.5], "texture": "#0"},
				"west": {"uv": [13, 15, 13.5, 15.5], "texture": "#0"},
				"up": {"uv": [11, 15, 13.5, 15.5], "rotation": 180, "texture": "#0"},
				"down": {"uv": [11, 15, 13.5, 15.5], "texture": "#0"}
			}
		},
		{
			"from": [2.01815, 0, 15.25101],
			"to": [4.51815, 0.5, 15.75101],
			"rotation": {"angle": 0, "axis": "y", "origin": [1.14315, 7.125, 23.25101]},
			"faces": {
				"north": {"uv": [11.5, 15.5, 14, 16], "texture": "#0"},
				"east": {"uv": [11.5, 15.5, 12, 16], "texture": "#0"},
				"south": {"uv": [14, 15.5, 11.5, 16], "texture": "#0"},
				"west": {"uv": [13.5, 15.5, 14, 16], "texture": "#0"},
				"up": {"uv": [11.5, 15.5, 14, 16], "rotation": 180, "texture": "#0"},
				"down": {"uv": [11.5, 15.5, 14, 16], "texture": "#0"}
			}
		},
		{
			"from": [6.01815, 0, 15.25101],
			"to": [8.01815, 0.5, 15.75101],
			"rotation": {"angle": 0, "axis": "y", "origin": [5.14315, 7.125, 23.25101]},
			"faces": {
				"north": {"uv": [8, 15.5, 10, 16], "texture": "#0"},
				"east": {"uv": [8, 15.5, 8.5, 16], "texture": "#0"},
				"south": {"uv": [10, 15.5, 8, 16], "texture": "#0"},
				"west": {"uv": [9, 15.5, 9.5, 16], "texture": "#0"},
				"up": {"uv": [8, 15.5, 10, 16], "rotation": 180, "texture": "#0"},
				"down": {"uv": [8, 15.5, 10, 16], "texture": "#0"}
			}
		},
		{
			"from": [9.51815, 0, 15.25101],
			"to": [11.01815, 0.5, 15.75101],
			"rotation": {"angle": 0, "axis": "y", "origin": [8.14315, 7.125, 23.25101]},
			"faces": {
				"north": {"uv": [5, 15.5, 6.5, 16], "texture": "#0"},
				"east": {"uv": [0, 0, 0.5, 0.5], "texture": "#0"},
				"south": {"uv": [6.5, 15.5, 5, 16], "texture": "#0"},
				"west": {"uv": [0, 0, 0.5, 0.5], "texture": "#0"},
				"up": {"uv": [5, 15.5, 6.5, 16], "rotation": 180, "texture": "#0"},
				"down": {"uv": [5, 15.5, 6.5, 16], "texture": "#0"}
			}
		},
		{
			"from": [9.01815, 0.5, 15.25101],
			"to": [10.01815, 1, 15.75101],
			"rotation": {"angle": 0, "axis": "y", "origin": [8.14315, 7.625, 23.25101]},
			"faces": {
				"north": {"uv": [6, 15, 7, 15.5], "texture": "#0"},
				"east": {"uv": [0, 0, 0.5, 0.5], "texture": "#0"},
				"south": {"uv": [9, 15, 10, 15.5], "texture": "#0"},
				"west": {"uv": [0, 0, 0.5, 0.5], "texture": "#0"},
				"up": {"uv": [0, 0, 1, 0.5], "rotation": 180, "texture": "#0"},
				"down": {"uv": [0, 0, 1, 0.5], "texture": "#0"}
			}
		},
		{
			"from": [3.01815, 3, 15.25101],
			"to": [5.01815, 3.5, 15.75101],
			"rotation": {"angle": 0, "axis": "y", "origin": [0.51815, 11.125, 23.25101]},
			"faces": {
				"north": {"uv": [11, 12.5, 13, 13], "texture": "#0"},
				"east": {"uv": [11, 12.5, 11.5, 13], "texture": "#0"},
				"south": {"uv": [13, 12.5, 11, 13], "texture": "#0"},
				"west": {"uv": [11, 12.5, 11.5, 13], "texture": "#0"},
				"up": {"uv": [11, 12.5, 13, 13], "rotation": 180, "texture": "#0"},
				"down": {"uv": [11, 12.5, 13, 13], "texture": "#0"}
			}
		},
		{
			"from": [1.01815, 6.5, 15.25101],
			"to": [3.01815, 7, 15.75101],
			"rotation": {"angle": 0, "axis": "y", "origin": [-0.48185, 14.5, 23.25101]},
			"faces": {
				"north": {"uv": [13, 9, 15, 9.5], "texture": "#0"},
				"east": {"uv": [13, 9, 13.5, 9.5], "texture": "#0"},
				"south": {"uv": [15, 9, 13, 9.5], "texture": "#0"},
				"west": {"uv": [14.5, 9, 15, 9.5], "texture": "#0"},
				"up": {"uv": [13, 9, 15, 9.5], "rotation": 180, "texture": "#0"},
				"down": {"uv": [13, 9, 15, 9.5], "texture": "#0"}
			}
		},
		{
			"from": [1.01815, 6, 15.25101],
			"to": [2.51815, 6.5, 15.75101],
			"rotation": {"angle": 0, "axis": "y", "origin": [-0.98185, 14, 23.25101]},
			"faces": {
				"north": {"uv": [13.5, 9.5, 15, 10], "texture": "#0"},
				"east": {"uv": [13.5, 9.5, 14, 10], "texture": "#0"},
				"south": {"uv": [15, 9.5, 13.5, 10], "texture": "#0"},
				"west": {"uv": [13.5, 9.5, 14, 10], "texture": "#0"},
				"up": {"uv": [13.5, 9.5, 15, 10], "rotation": 180, "texture": "#0"},
				"down": {"uv": [13.5, 9.5, 15, 10], "texture": "#0"}
			}
		},
		{
			"from": [2.01815, 11.5, 15.25101],
			"to": [6.51815, 13, 15.75101],
			"rotation": {"angle": 0, "axis": "y", "origin": [1.01815, 19.5, 23.25101]},
			"faces": {
				"north": {"uv": [9.5, 3, 14, 4.5], "texture": "#0"},
				"east": {"uv": [9.5, 3, 10, 4.5], "texture": "#0"},
				"south": {"uv": [14, 3, 9.5, 4.5], "texture": "#0"},
				"west": {"uv": [13.5, 3, 14, 4.5], "texture": "#0"},
				"up": {"uv": [9.5, 3, 14, 3.5], "rotation": 180, "texture": "#0"},
				"down": {"uv": [9.5, 4, 14, 4.5], "texture": "#0"}
			}
		},
		{
			"from": [2.01815, 13, 15.25101],
			"to": [6.01815, 13.5, 15.75101],
			"rotation": {"angle": 0, "axis": "y", "origin": [1.01815, 20, 23.25101]},
			"faces": {
				"north": {"uv": [10, 2.5, 14, 3], "texture": "#0"},
				"east": {"uv": [10, 2.5, 10.5, 3], "texture": "#0"},
				"south": {"uv": [14, 2.5, 10, 3], "texture": "#0"},
				"west": {"uv": [13.5, 2.5, 14, 3], "texture": "#0"},
				"up": {"uv": [10, 2.5, 14, 3], "rotation": 180, "texture": "#0"},
				"down": {"uv": [10, 2.5, 14, 3], "texture": "#0"}
			}
		},
		{
			"from": [1.51815, 13.5, 15.25101],
			"to": [5.51815, 14, 15.75101],
			"rotation": {"angle": 0, "axis": "y", "origin": [1.01815, 20.5, 23.25101]},
			"faces": {
				"north": {"uv": [10.5, 2, 14.5, 2.5], "texture": "#0"},
				"east": {"uv": [10.5, 2, 11, 2.5], "texture": "#0"},
				"south": {"uv": [14.5, 2, 10.5, 2.5], "texture": "#0"},
				"west": {"uv": [14, 2, 14.5, 2.5], "texture": "#0"},
				"up": {"uv": [14.5, 2, 10.5, 2.5], "texture": "#0"},
				"down": {"uv": [14.5, 2, 10.5, 2.5], "texture": "#0"}
			}
		},
		{
			"from": [1.01815, 14, 15.25101],
			"to": [5.01815, 15.5, 15.75101],
			"rotation": {"angle": 0, "axis": "y", "origin": [1.01815, 21, 23.25101]},
			"faces": {
				"north": {"uv": [11, 0.5, 15, 2], "texture": "#0"},
				"east": {"uv": [11, 0.5, 11.5, 2], "texture": "#0"},
				"south": {"uv": [15, 0.5, 11, 2], "texture": "#0"},
				"west": {"uv": [14.5, 0.5, 15, 2], "texture": "#0"},
				"up": {"uv": [15, 0.5, 11, 1], "rotation": 180, "texture": "#0"},
				"down": {"uv": [15, 0.5, 11, 1], "texture": "#0"}
			}
		},
		{
			"from": [1.01815, 15.5, 15.25101],
			"to": [4.51815, 16, 15.75101],
			"rotation": {"angle": 0, "axis": "y", "origin": [0.51815, 22.5, 23.25101]},
			"faces": {
				"north": {"uv": [11.5, 0, 15, 0.5], "texture": "#0"},
				"east": {"uv": [11.5, 0, 12, 0.5], "texture": "#0"},
				"south": {"uv": [15, 0, 11.5, 0.5], "texture": "#0"},
				"west": {"uv": [14.5, 0, 15, 0.5], "texture": "#0"},
				"up": {"uv": [11.5, 0, 15, 0.5], "rotation": 180, "texture": "#0"},
				"down": {"uv": [11.5, 0, 15, 0.5], "texture": "#0"}
			}
		},
		{
			"from": [0.51815, 10.5, 15.25101],
			"to": [3.51815, 11, 15.75101],
			"rotation": {"angle": 0, "axis": "y", "origin": [0.51815, 18.5, 23.25101]},
			"faces": {
				"north": {"uv": [12.5, 5, 15.5, 5.5], "texture": "#0"},
				"east": {"uv": [12.5, 5, 13, 5.5], "texture": "#0"},
				"south": {"uv": [15.5, 5, 12.5, 5.5], "texture": "#0"},
				"west": {"uv": [15, 5, 15.5, 5.5], "texture": "#0"},
				"up": {"uv": [12.5, 5, 15.5, 5.5], "rotation": 180, "texture": "#0"},
				"down": {"uv": [12.5, 5, 15.5, 5.5], "texture": "#0"}
			}
		},
		{
			"from": [0.01815, 10, 15.25101],
			"to": [0.51815, 10.5, 15.75101],
			"rotation": {"angle": 0, "axis": "y", "origin": [0.01815, 18, 23.25101]},
			"faces": {
				"north": {"uv": [15.5, 5.5, 16, 6], "texture": "#0"},
				"east": {"uv": [15.5, 5.5, 16, 6], "texture": "#0"},
				"south": {"uv": [15.5, 5.5, 16, 6], "texture": "#0"},
				"west": {"uv": [15.5, 5.5, 16, 6], "texture": "#0"},
				"up": {"uv": [15.5, 5.5, 16, 6], "rotation": 180, "texture": "#0"},
				"down": {"uv": [15.5, 5.5, 16, 6], "texture": "#0"}
			}
		},
		{
			"from": [7.01815, 8, 15.25101],
			"to": [7.51815, 8.5, 15.75101],
			"rotation": {"angle": 0, "axis": "y", "origin": [6.01815, 16, 23.25101]},
			"faces": {
				"north": {"uv": [8.5, 7.5, 9, 8], "texture": "#0"},
				"east": {"uv": [8.5, 7.5, 9, 8], "texture": "#0"},
				"south": {"uv": [8.5, 7.5, 9, 8], "texture": "#0"},
				"west": {"uv": [8.5, 7.5, 9, 8], "texture": "#0"},
				"up": {"uv": [8.5, 7.5, 9, 8], "texture": "#0"},
				"down": {"uv": [8.5, 7.5, 9, 8], "texture": "#0"}
			}
		},
		{
			"from": [7.51815, 9.5, 15.25101],
			"to": [15.01815, 10, 15.75101],
			"rotation": {"angle": 0, "axis": "y", "origin": [6.51815, 17.5, 23.25101]},
			"faces": {
				"north": {"uv": [1, 6, 8.5, 6.5], "texture": "#0"},
				"east": {"uv": [1, 6, 1.5, 6.5], "texture": "#0"},
				"south": {"uv": [8.5, 6, 1, 6.5], "texture": "#0"},
				"west": {"uv": [8, 6, 8.5, 6.5], "texture": "#0"},
				"up": {"uv": [1, 6, 8.5, 6.5], "rotation": 180, "texture": "#0"},
				"down": {"uv": [1, 6, 8.5, 6.5], "texture": "#0"}
			}
		},
		{
			"from": [11.01815, 10, 15.25101],
			"to": [14.51815, 10.5, 15.75101],
			"rotation": {"angle": 0, "axis": "y", "origin": [6.51815, 18, 23.25101]},
			"faces": {
				"north": {"uv": [1.5, 5.5, 5, 6], "texture": "#0"},
				"east": {"uv": [1.5, 5.5, 2, 6], "texture": "#0"},
				"south": {"uv": [5, 5.5, 1.5, 6], "texture": "#0"},
				"west": {"uv": [4.5, 5.5, 5, 6], "texture": "#0"},
				"up": {"uv": [1.5, 5.5, 5, 6], "rotation": 180, "texture": "#0"},
				"down": {"uv": [1.5, 5.5, 5, 6], "texture": "#0"}
			}
		},
		{
			"from": [11.51815, 10.5, 15.25101],
			"to": [14.01815, 11, 15.75101],
			"rotation": {"angle": 0, "axis": "y", "origin": [6.51815, 18.5, 23.25101]},
			"faces": {
				"north": {"uv": [2, 5, 4.5, 5.5], "texture": "#0"},
				"east": {"uv": [2.5, 5, 2, 5.5], "texture": "#0"},
				"south": {"uv": [4.5, 5, 2, 5.5], "texture": "#0"},
				"west": {"uv": [4, 5, 4.5, 5.5], "texture": "#0"},
				"up": {"uv": [2, 5, 4.5, 5.5], "rotation": 180, "texture": "#0"},
				"down": {"uv": [2, 5, 4.5, 5.5], "texture": "#0"}
			}
		},
		{
			"from": [12.01815, 10.5, 15.06351],
			"to": [13.51815, 11, 15.93851],
			"rotation": {"angle": 0, "axis": "y", "origin": [6.51815, 18.5, 23.31351]},
			"faces": {
				"north": {"uv": [2, 5, 4.5, 5.5], "texture": "#0"},
				"east": {"uv": [2.875, 5, 2, 5.5], "texture": "#0"},
				"south": {"uv": [4.5, 5, 2, 5.5], "texture": "#0"},
				"west": {"uv": [4, 5, 4.875, 5.5], "texture": "#0"},
				"up": {"uv": [2, 5, 3.5, 5.875], "rotation": 180, "texture": "#0"},
				"down": {"uv": [2, 5, 3.5, 5.875], "texture": "#0"}
			}
		},
		{
			"from": [11.51815, 10, 15.06351],
			"to": [13.01815, 10.5, 15.93851],
			"rotation": {"angle": 0, "axis": "y", "origin": [6.01815, 18, 23.31351]},
			"faces": {
				"north": {"uv": [3, 5.5, 4.5, 6], "texture": "#0"},
				"east": {"uv": [2.875, 5, 2, 5.5], "texture": "#0"},
				"south": {"uv": [4.5, 5.5, 3, 6], "texture": "#0"},
				"west": {"uv": [4, 5, 4.875, 5.5], "texture": "#0"},
				"up": {"uv": [2, 5, 3.5, 5.875], "rotation": 180, "texture": "#0"},
				"down": {"uv": [2, 5, 3.5, 5.875], "texture": "#0"}
			}
		},
		{
			"from": [10.51815, 9, 15.06351],
			"to": [12.01815, 9.5, 15.93851],
			"rotation": {"angle": 0, "axis": "y", "origin": [5.14315, 17, 23.31351]},
			"faces": {
				"north": {"uv": [3, 5.5, 4.5, 6], "texture": "#0"},
				"east": {"uv": [2.875, 5, 2, 5.5], "texture": "#0"},
				"south": {"uv": [4.5, 5.5, 3, 6], "texture": "#0"},
				"west": {"uv": [4, 5, 4.875, 5.5], "texture": "#0"},
				"up": {"uv": [2, 5, 3.5, 5.875], "rotation": 180, "texture": "#0"},
				"down": {"uv": [2, 5, 3.5, 5.875], "texture": "#0"}
			}
		},
		{
			"from": [11.51815, 8, 15.06351],
			"to": [12.01815, 9, 15.93851],
			"rotation": {"angle": 0, "axis": "y", "origin": [5.14315, 16.5, 23.31351]},
			"faces": {
				"north": {"uv": [3.5, 6.5, 4, 7], "texture": "#0"},
				"east": {"uv": [2.875, 5, 2, 6], "texture": "#0"},
				"south": {"uv": [3.5, 6.5, 4, 7], "texture": "#0"},
				"west": {"uv": [4, 5, 4.875, 6], "texture": "#0"},
				"up": {"uv": [2, 5, 2.5, 5.875], "rotation": 180, "texture": "#0"},
				"down": {"uv": [2, 5, 2.5, 5.875], "texture": "#0"}
			}
		},
		{
			"from": [11.26815, 7, 15.06351],
			"to": [11.76815, 8, 15.93851],
			"rotation": {"angle": 0, "axis": "y", "origin": [4.89315, 15.5, 23.31351]},
			"faces": {
				"north": {"uv": [4, 8, 4.5, 9], "texture": "#0"},
				"east": {"uv": [2.875, 5, 2, 6], "texture": "#0"},
				"south": {"uv": [4, 8, 4.5, 9], "texture": "#0"},
				"west": {"uv": [4, 5, 4.875, 6], "texture": "#0"},
				"up": {"uv": [2, 5, 2.5, 5.875], "rotation": 180, "texture": "#0"},
				"down": {"uv": [2, 5, 2.5, 5.875], "texture": "#0"}
			}
		},
		{
			"from": [11.01815, 6, 15.06351],
			"to": [11.51815, 7, 15.93851],
			"rotation": {"angle": 0, "axis": "y", "origin": [4.64315, 14.5, 23.31351]},
			"faces": {
				"north": {"uv": [4.5, 9, 5, 10], "texture": "#0"},
				"east": {"uv": [2.875, 5, 2, 6], "texture": "#0"},
				"south": {"uv": [4.5, 9, 5, 10], "texture": "#0"},
				"west": {"uv": [4, 5, 4.875, 6], "texture": "#0"},
				"up": {"uv": [2, 5, 2.5, 5.875], "rotation": 180, "texture": "#0"},
				"down": {"uv": [2, 5, 2.5, 5.875], "texture": "#0"}
			}
		},
		{
			"from": [10.51815, 5, 15.06351],
			"to": [11.51815, 6, 15.93851],
			"rotation": {"angle": 0, "axis": "y", "origin": [4.64315, 13.5, 23.31351]},
			"faces": {
				"north": {"uv": [4.5, 10, 5.5, 11], "texture": "#0"},
				"east": {"uv": [2.875, 5, 2, 6], "texture": "#0"},
				"south": {"uv": [5.5, 10, 4.5, 11], "texture": "#0"},
				"west": {"uv": [4, 5, 4.875, 6], "texture": "#0"},
				"up": {"uv": [2, 5, 3, 5.875], "rotation": 180, "texture": "#0"},
				"down": {"uv": [2, 5, 3, 5.875], "texture": "#0"}
			}
		},
		{
			"from": [11.01815, 4, 15.06351],
			"to": [11.51815, 5, 15.93851],
			"rotation": {"angle": 0, "axis": "y", "origin": [4.64315, 12.5, 23.31351]},
			"faces": {
				"north": {"uv": [4.5, 11, 5, 12], "texture": "#0"},
				"east": {"uv": [2.875, 5, 2, 6], "texture": "#0"},
				"south": {"uv": [4.5, 11, 5, 12], "texture": "#0"},
				"west": {"uv": [4, 5, 4.875, 6], "texture": "#0"},
				"up": {"uv": [2, 5, 2.5, 5.875], "rotation": 180, "texture": "#0"},
				"down": {"uv": [2, 5, 2.5, 5.875], "texture": "#0"}
			}
		},
		{
			"from": [11.01815, 3, 15.06351],
			"to": [12.01815, 4, 15.93851],
			"rotation": {"angle": 0, "axis": "y", "origin": [4.64315, 11.5, 23.31351]},
			"faces": {
				"north": {"uv": [4, 11.5, 5, 12.5], "texture": "#0"},
				"east": {"uv": [2.875, 5, 2, 6], "texture": "#0"},
				"south": {"uv": [5, 11.5, 4, 12.5], "texture": "#0"},
				"west": {"uv": [4, 5, 4.875, 6], "texture": "#0"},
				"up": {"uv": [2, 5, 3, 5.875], "rotation": 180, "texture": "#0"},
				"down": {"uv": [2, 5, 3, 5.875], "texture": "#0"}
			}
		},
		{
			"from": [11.51815, 2, 15.06351],
			"to": [12.51815, 3, 15.93851],
			"rotation": {"angle": 0, "axis": "y", "origin": [4.64315, 10.5, 23.31351]},
			"faces": {
				"north": {"uv": [3.5, 12.5, 4.5, 13.5], "texture": "#0"},
				"east": {"uv": [2.875, 5, 2, 6], "texture": "#0"},
				"south": {"uv": [4.5, 12.5, 3.5, 13.5], "texture": "#0"},
				"west": {"uv": [4, 5, 4.875, 6], "texture": "#0"},
				"up": {"uv": [2, 5, 3, 5.875], "rotation": 180, "texture": "#0"},
				"down": {"uv": [2, 5, 3, 5.875], "texture": "#0"}
			}
		},
		{
			"from": [6.51815, 0, 15.06351],
			"to": [7.51815, 0.5, 15.93851],
			"rotation": {"angle": 0, "axis": "y", "origin": [-0.60685, 8.5, 23.31351]},
			"faces": {
				"north": {"uv": [8.5, 15.5, 9.5, 16], "texture": "#0"},
				"east": {"uv": [2.875, 5, 2, 5.5], "texture": "#0"},
				"south": {"uv": [4.5, 5, 2, 5.5], "texture": "#0"},
				"west": {"uv": [4, 5, 4.875, 5.5], "texture": "#0"},
				"up": {"uv": [2, 5, 3, 5.875], "rotation": 180, "texture": "#0"},
				"down": {"uv": [2, 5, 3, 5.875], "texture": "#0"}
			}
		},
		{
			"from": [6.01815, 0.5, 15.06351],
			"to": [7.01815, 1, 15.93851],
			"rotation": {"angle": 0, "axis": "y", "origin": [-1.10685, 9, 23.31351]},
			"faces": {
				"north": {"uv": [9, 15, 10, 15.5], "texture": "#0"},
				"east": {"uv": [2.875, 5, 2, 5.5], "texture": "#0"},
				"south": {"uv": [4.5, 5, 2, 5.5], "texture": "#0"},
				"west": {"uv": [4, 5, 4.875, 5.5], "texture": "#0"},
				"up": {"uv": [2, 5, 3, 5.875], "rotation": 180, "texture": "#0"},
				"down": {"uv": [2, 5, 3, 5.875], "texture": "#0"}
			}
		},
		{
			"from": [5.51815, 1, 15.06351],
			"to": [6.01815, 1.5, 15.93851],
			"rotation": {"angle": 0, "axis": "y", "origin": [-2.10685, 9.5, 23.31351]},
			"faces": {
				"north": {"uv": [10, 14.5, 10.5, 15], "texture": "#0"},
				"east": {"uv": [2.875, 5, 2, 5.5], "texture": "#0"},
				"south": {"uv": [10, 14.5, 10.5, 15], "texture": "#0"},
				"west": {"uv": [4, 5, 4.875, 5.5], "texture": "#0"},
				"up": {"uv": [2, 5, 2.5, 5.875], "rotation": 180, "texture": "#0"},
				"down": {"uv": [2, 5, 2.5, 5.875], "texture": "#0"}
			}
		},
		{
			"from": [3.51815, 1, 15.06351],
			"to": [4.51815, 1.5, 15.93851],
			"rotation": {"angle": 0, "axis": "y", "origin": [-4.10685, 9.5, 23.31351]},
			"faces": {
				"north": {"uv": [11.5, 14.5, 12.5, 15], "texture": "#0"},
				"east": {"uv": [2.875, 5, 2, 5.5], "texture": "#0"},
				"south": {"uv": [11.5, 14.5, 12.5, 15], "texture": "#0"},
				"west": {"uv": [4, 5, 4.875, 5.5], "texture": "#0"},
				"up": {"uv": [2, 5, 3, 5.875], "rotation": 180, "texture": "#0"},
				"down": {"uv": [2, 5, 3, 5.875], "texture": "#0"}
			}
		},
		{
			"from": [3.01815, 0.5, 14.81351],
			"to": [4.51815, 1, 15.93851],
			"rotation": {"angle": 0, "axis": "y", "origin": [-4.10685, 9, 23.31351]},
			"faces": {
				"north": {"uv": [11.5, 15, 13, 15.5], "texture": "#0"},
				"east": {"uv": [3.125, 5, 2, 5.5], "texture": "#0"},
				"south": {"uv": [11.5, 15, 13, 15.5], "texture": "#0"},
				"west": {"uv": [4, 5, 5.125, 5.5], "texture": "#0"},
				"up": {"uv": [2, 5, 3.5, 6.125], "rotation": 180, "texture": "#0"},
				"down": {"uv": [2, 5, 3.5, 6.125], "texture": "#0"}
			}
		},
		{
			"from": [2.51815, 0, 14.81351],
			"to": [4.01815, 0.5, 15.93851],
			"rotation": {"angle": 0, "axis": "y", "origin": [-4.60685, 8.5, 23.31351]},
			"faces": {
				"north": {"uv": [12, 15.5, 13.5, 16], "texture": "#0"},
				"east": {"uv": [3.125, 5, 2, 5.5], "texture": "#0"},
				"south": {"uv": [12, 15.5, 13.5, 16], "texture": "#0"},
				"west": {"uv": [4, 5, 5.125, 5.5], "texture": "#0"},
				"up": {"uv": [2, 5, 3.5, 6.125], "rotation": 180, "texture": "#0"},
				"down": {"uv": [2, 5, 3.5, 6.125], "texture": "#0"}
			}
		},
		{
			"from": [3.51815, 1.5, 15.06351],
			"to": [5.51815, 2, 15.93851],
			"rotation": {"angle": 0, "axis": "y", "origin": [-2.10685, 10, 23.31351]},
			"faces": {
				"north": {"uv": [10.5, 14, 12.5, 14.5], "texture": "#0"},
				"east": {"uv": [2.875, 5, 2, 5.5], "texture": "#0"},
				"south": {"uv": [10.5, 14, 12.5, 14.5], "texture": "#0"},
				"west": {"uv": [4, 5, 4.875, 5.5], "texture": "#0"},
				"up": {"uv": [2, 5, 4, 5.875], "rotation": 180, "texture": "#0"},
				"down": {"uv": [2, 5, 4, 5.875], "texture": "#0"}
			}
		},
		{
			"from": [3.51815, 2, 15.06351],
			"to": [4.01815, 2.5, 15.93851],
			"rotation": {"angle": 0, "axis": "y", "origin": [-3.60685, 10.5, 23.31351]},
			"faces": {
				"north": {"uv": [12, 13.5, 12.5, 14], "texture": "#0"},
				"east": {"uv": [2.875, 5, 2, 5.5], "texture": "#0"},
				"south": {"uv": [12, 13.5, 12.5, 14], "texture": "#0"},
				"west": {"uv": [4, 5, 4.875, 5.5], "texture": "#0"},
				"up": {"uv": [12, 13.5, 12.5, 14.375], "rotation": 180, "texture": "#0"},
				"down": {"uv": [12, 13.5, 12.5, 14.375], "texture": "#0"}
			}
		},
		{
			"from": [3.01815, 2.5, 15.06351],
			"to": [3.51815, 3, 15.93851],
			"rotation": {"angle": 0, "axis": "y", "origin": [-4.10685, 11, 23.31351]},
			"faces": {
				"north": {"uv": [12.5, 13, 13, 13.5], "texture": "#0"},
				"east": {"uv": [2.875, 5, 2, 5.5], "texture": "#0"},
				"south": {"uv": [4.5, 5, 2, 5.5], "texture": "#0"},
				"west": {"uv": [4, 5, 4.875, 5.5], "texture": "#0"},
				"up": {"uv": [2, 5, 2.5, 5.875], "rotation": 180, "texture": "#0"},
				"down": {"uv": [2, 5, 2.5, 5.875], "texture": "#0"}
			}
		},
		{
			"from": [3.51815, 3, 15.06351],
			"to": [4.51815, 3.5, 16.06351],
			"rotation": {"angle": 0, "axis": "y", "origin": [-3.60685, 11.5, 23.31351]},
			"faces": {
				"north": {"uv": [11.5, 12.5, 12.5, 13], "texture": "#0"},
				"east": {"uv": [3, 5, 2, 5.5], "texture": "#0"},
				"south": {"uv": [11.5, 12.5, 12.5, 13], "texture": "#0"},
				"west": {"uv": [4, 5, 5, 5.5], "texture": "#0"},
				"up": {"uv": [2, 5, 3, 5.875], "rotation": 180, "texture": "#0"},
				"down": {"uv": [2, 5, 3, 5.875], "texture": "#0"}
			}
		},
		{
			"from": [4.01815, 3.5, 15.06351],
			"to": [4.51815, 4, 15.93851],
			"rotation": {"angle": 0, "axis": "y", "origin": [-3.60685, 12, 23.31351]},
			"faces": {
				"north": {"uv": [11.5, 12, 12, 12.5], "texture": "#0"},
				"east": {"uv": [2.875, 5, 2, 5.5], "texture": "#0"},
				"south": {"uv": [11.5, 12, 12, 12.5], "texture": "#0"},
				"west": {"uv": [4, 5, 4.875, 5.5], "texture": "#0"},
				"up": {"uv": [2, 5, 2.5, 5.875], "rotation": 180, "texture": "#0"},
				"down": {"uv": [2, 5, 2.5, 5.875], "texture": "#0"}
			}
		},
		{
			"from": [4.51815, 4, 15.06351],
			"to": [5.01815, 7, 15.93851],
			"rotation": {"angle": 0, "axis": "y", "origin": [-3.10685, 12.5, 23.31351]},
			"faces": {
				"north": {"uv": [11, 9, 11.5, 12], "texture": "#0"},
				"east": {"uv": [2.875, 5, 2, 8], "texture": "#0"},
				"south": {"uv": [11, 9, 11.5, 12], "texture": "#0"},
				"west": {"uv": [4, 5, 4.875, 8], "texture": "#0"},
				"up": {"uv": [2, 5, 2.5, 5.875], "rotation": 180, "texture": "#0"},
				"down": {"uv": [2, 5, 2.5, 5.875], "texture": "#0"}
			}
		},
		{
			"from": [4.01815, 7, 15.06351],
			"to": [4.51815, 9.5, 15.93851],
			"rotation": {"angle": 0, "axis": "y", "origin": [-3.60685, 15.5, 23.31351]},
			"faces": {
				"north": {"uv": [11.5, 6.5, 12, 9], "texture": "#0"},
				"east": {"uv": [2.875, 5, 2, 7.5], "texture": "#0"},
				"south": {"uv": [11.5, 6.5, 12, 9], "texture": "#0"},
				"west": {"uv": [4, 5, 4.875, 7.5], "texture": "#0"},
				"up": {"uv": [2, 5, 2.5, 5.875], "rotation": 180, "texture": "#0"},
				"down": {"uv": [2, 5, 2.5, 5.875], "texture": "#0"}
			}
		},
		{
			"from": [3.51815, 9.5, 15.06351],
			"to": [4.01815, 10, 15.93851],
			"rotation": {"angle": 0, "axis": "y", "origin": [-4.10685, 16, 23.31351]},
			"faces": {
				"north": {"uv": [12, 6, 12.5, 6.5], "texture": "#0"},
				"east": {"uv": [2.875, 5, 2, 5.5], "texture": "#0"},
				"south": {"uv": [12, 6, 12.5, 6.5], "texture": "#0"},
				"west": {"uv": [4, 5, 4.875, 5.5], "texture": "#0"},
				"up": {"uv": [2, 5, 2.5, 5.875], "rotation": 180, "texture": "#0"},
				"down": {"uv": [2, 5, 2.5, 5.875], "texture": "#0"}
			}
		},
		{
			"from": [3.01815, 10, 15.06351],
			"to": [3.51815, 10.5, 15.93851],
			"rotation": {"angle": 0, "axis": "y", "origin": [-4.60685, 16.5, 23.31351]},
			"faces": {
				"north": {"uv": [10, 2, 10.5, 2.5], "texture": "#0"},
				"east": {"uv": [2.875, 5, 2, 5.5], "texture": "#0"},
				"south": {"uv": [12.5, 5.5, 13, 6], "texture": "#0"},
				"west": {"uv": [4, 5, 4.875, 5.5], "texture": "#0"},
				"up": {"uv": [2, 5, 2.5, 5.875], "rotation": 180, "texture": "#0"},
				"down": {"uv": [2, 5, 2.5, 5.875], "texture": "#0"}
			}
		},
		{
			"from": [2.51815, 10.5, 15.06351],
			"to": [3.01815, 11.5, 15.93851],
			"rotation": {"angle": 0, "axis": "y", "origin": [-5.10685, 17, 23.31351]},
			"faces": {
				"north": {"uv": [13, 4.5, 13.5, 5.5], "texture": "#0"},
				"east": {"uv": [2.875, 5, 2, 6], "texture": "#0"},
				"south": {"uv": [13, 4.5, 13.5, 5.5], "texture": "#0"},
				"west": {"uv": [4, 5, 4.875, 6], "texture": "#0"},
				"up": {"uv": [2, 5, 2.5, 5.875], "rotation": 180, "texture": "#0"},
				"down": {"uv": [2, 5, 2.5, 5.875], "texture": "#0"}
			}
		},
		{
			"from": [2.51815, 11.5, 15.06351],
			"to": [3.51815, 12, 15.93851],
			"rotation": {"angle": 0, "axis": "y", "origin": [-5.10685, 18, 23.31351]},
			"faces": {
				"north": {"uv": [12.5, 4, 13.5, 4.5], "texture": "#0"},
				"east": {"uv": [2.875, 5, 2, 5.5], "texture": "#0"},
				"south": {"uv": [13.5, 4, 12.5, 4.5], "texture": "#0"},
				"west": {"uv": [4, 5, 4.875, 5.5], "texture": "#0"},
				"up": {"uv": [2, 5, 3, 5.875], "rotation": 180, "texture": "#0"},
				"down": {"uv": [2, 5, 3, 5.875], "texture": "#0"}
			}
		},
		{
			"from": [2.51815, 12, 15.06351],
			"to": [4.01815, 12.5, 15.93851],
			"rotation": {"angle": 0, "axis": "y", "origin": [-5.10685, 18.5, 23.31351]},
			"faces": {
				"north": {"uv": [12, 3.5, 13.5, 4], "texture": "#0"},
				"east": {"uv": [2.875, 5, 2, 5.5], "texture": "#0"},
				"south": {"uv": [13.5, 3.5, 12, 4], "texture": "#0"},
				"west": {"uv": [4, 5, 4.875, 5.5], "texture": "#0"},
				"up": {"uv": [2, 5, 3.5, 5.875], "rotation": 180, "texture": "#0"},
				"down": {"uv": [2, 5, 3.5, 5.875], "texture": "#0"}
			}
		},
		{
			"from": [3.51815, 12.5, 15.06351],
			"to": [4.51815, 14, 15.93851],
			"rotation": {"angle": 0, "axis": "y", "origin": [-4.35685, 19, 23.31351]},
			"faces": {
				"north": {"uv": [12, 2, 13, 3.5], "texture": "#0"},
				"east": {"uv": [2.875, 5, 2, 6.5], "texture": "#0"},
				"south": {"uv": [12, 2, 13, 3.5], "texture": "#0"},
				"west": {"uv": [4, 5, 4.875, 6.5], "texture": "#0"},
				"up": {"uv": [2, 5, 3, 5.875], "rotation": 180, "texture": "#0"},
				"down": {"uv": [2, 5, 3, 5.875], "texture": "#0"}
			}
		},
		{
			"from": [3.51815, 14, 15.06351],
			"to": [4.51815, 15, 15.93851],
			"rotation": {"angle": 0, "axis": "y", "origin": [-4.35685, 20.5, 23.31351]},
			"faces": {
				"north": {"uv": [11.5, 1, 12.5, 2], "texture": "#0"},
				"east": {"uv": [2.875, 5, 2, 6], "texture": "#0"},
				"south": {"uv": [11.5, 1, 12.5, 2], "texture": "#0"},
				"west": {"uv": [4, 5, 4.875, 6], "texture": "#0"},
				"up": {"uv": [2, 5, 3, 5.875], "rotation": 180, "texture": "#0"},
				"down": {"uv": [2, 5, 3, 5.875], "texture": "#0"}
			}
		},
		{
			"from": [3.01815, 15, 15.06351],
			"to": [4.01815, 15.875, 15.93851],
			"rotation": {"angle": 0, "axis": "y", "origin": [-4.85685, 21.5, 23.31351]},
			"faces": {
				"north": {"uv": [12, 0, 13, 1], "texture": "#0"},
				"east": {"uv": [2.875, 5, 2, 6], "texture": "#0"},
				"south": {"uv": [13, 0, 12, 1], "texture": "#0"},
				"west": {"uv": [4, 5, 4.875, 6], "texture": "#0"},
				"up": {"uv": [2, 5, 3, 5.875], "rotation": 180, "texture": "#0"},
				"down": {"uv": [2, 5, 3, 5.875], "texture": "#0"}
			}
		},
		{
			"from": [12.01815, 0, 15.06351],
			"to": [13.01815, 2, 15.93851],
			"rotation": {"angle": 0, "axis": "y", "origin": [5.14315, 9.5, 23.31351]},
			"faces": {
				"north": {"uv": [3, 14, 4, 16], "texture": "#0"},
				"east": {"uv": [2.875, 5, 2, 7], "texture": "#0"},
				"south": {"uv": [4, 14, 3, 16], "texture": "#0"},
				"west": {"uv": [4, 5, 4.875, 7], "texture": "#0"},
				"up": {"uv": [2, 5, 3, 5.875], "rotation": 180, "texture": "#0"},
				"down": {"uv": [2, 5, 3, 5.875], "texture": "#0"}
			}
		},
		{
			"from": [12.01815, 9.5, 15.06351],
			"to": [12.51815, 10, 15.93851],
			"rotation": {"angle": 0, "axis": "y", "origin": [5.89315, 17.5, 23.31351]},
			"faces": {
				"north": {"uv": [3.5, 6, 4, 6.5], "texture": "#0"},
				"east": {"uv": [2.875, 5, 2, 5.5], "texture": "#0"},
				"south": {"uv": [3.5, 6, 4, 6.5], "texture": "#0"},
				"west": {"uv": [4, 5, 4.875, 5.5], "texture": "#0"},
				"up": {"uv": [3.5, 6, 4, 6.875], "rotation": 180, "texture": "#0"},
				"down": {"uv": [3.5, 6, 4, 6.875], "texture": "#0"}
			}
		},
		{
			"from": [12.01815, 11, 15.25101],
			"to": [14.01815, 12.5, 15.75101],
			"rotation": {"angle": 0, "axis": "y", "origin": [6.51815, 19, 23.25101]},
			"faces": {
				"north": {"uv": [2, 3.5, 4, 5], "texture": "#0"},
				"east": {"uv": [2, 3.5, 2.5, 5], "texture": "#0"},
				"south": {"uv": [4, 3.5, 2, 5], "texture": "#0"},
				"west": {"uv": [3, 3.5, 3.5, 5], "texture": "#0"},
				"up": {"uv": [2, 3.5, 4, 4], "rotation": 180, "texture": "#0"},
				"down": {"uv": [2, 3.5, 4, 4], "texture": "#0"}
			}
		},
		{
			"from": [12.51815, 11, 15.00101],
			"to": [13.51815, 12.5, 16.00101],
			"rotation": {"angle": 0, "axis": "y", "origin": [6.51815, 19, 23.25101]},
			"faces": {
				"north": {"uv": [2, 3.5, 4, 5], "texture": "#0"},
				"east": {"uv": [2, 3.5, 3, 5], "texture": "#0"},
				"south": {"uv": [4, 3.5, 2, 5], "texture": "#0"},
				"west": {"uv": [3, 3.5, 4, 5], "texture": "#0"},
				"up": {"uv": [2, 3.5, 3, 4.5], "rotation": 180, "texture": "#0"},
				"down": {"uv": [2, 3.5, 3, 4.5], "texture": "#0"}
			}
		},
		{
			"from": [12.51815, 12.5, 15.00101],
			"to": [13.01815, 13, 16.00101],
			"rotation": {"angle": 0, "axis": "y", "origin": [6.26815, 19.5, 23.25101]},
			"faces": {
				"north": {"uv": [3, 2.5, 3.5, 3], "texture": "#0"},
				"east": {"uv": [2, 3.5, 3, 4], "texture": "#0"},
				"south": {"uv": [4, 3.5, 2, 5], "texture": "#0"},
				"west": {"uv": [3, 3.5, 4, 4], "texture": "#0"},
				"up": {"uv": [2, 3.5, 2.5, 4.5], "rotation": 180, "texture": "#0"},
				"down": {"uv": [2, 3.5, 2.5, 4.5], "texture": "#0"}
			}
		},
		{
			"from": [12.01815, 13, 15.00101],
			"to": [12.51815, 13.5, 16.00101],
			"rotation": {"angle": 0, "axis": "y", "origin": [5.76815, 20, 23.25101]},
			"faces": {
				"north": {"uv": [3.5, 2.5, 4, 3], "texture": "#0"},
				"east": {"uv": [2, 3.5, 3, 4], "texture": "#0"},
				"south": {"uv": [3.5, 2.5, 4, 3], "texture": "#0"},
				"west": {"uv": [3, 3.5, 4, 4], "texture": "#0"},
				"up": {"uv": [2, 3.5, 2.5, 4.5], "rotation": 180, "texture": "#0"},
				"down": {"uv": [2, 3.5, 2.5, 4.5], "texture": "#0"}
			}
		},
		{
			"from": [11.51815, 13.5, 15.00101],
			"to": [12.01815, 14, 16.00101],
			"rotation": {"angle": 0, "axis": "y", "origin": [5.26815, 20.5, 23.25101]},
			"faces": {
				"north": {"uv": [4, 2, 4.5, 2.5], "texture": "#0"},
				"east": {"uv": [2, 3.5, 3, 4], "texture": "#0"},
				"south": {"uv": [4, 3.5, 2, 5], "texture": "#0"},
				"west": {"uv": [3, 3.5, 4, 4], "texture": "#0"},
				"up": {"uv": [2, 3.5, 2.5, 4.5], "rotation": 180, "texture": "#0"},
				"down": {"uv": [2, 3.5, 2.5, 4.5], "texture": "#0"}
			}
		},
		{
			"from": [12.01815, 14, 15.00101],
			"to": [12.51815, 15.875, 16.00101],
			"rotation": {"angle": 0, "axis": "y", "origin": [5.76815, 21, 23.25101]},
			"faces": {
				"north": {"uv": [3.5, 0, 4, 2], "texture": "#0"},
				"east": {"uv": [2, 3.5, 3, 5.5], "texture": "#0"},
				"south": {"uv": [3.5, 0, 4, 2], "texture": "#0"},
				"west": {"uv": [3, 3.5, 4, 5.5], "texture": "#0"},
				"up": {"uv": [2, 3.5, 2.5, 4.5], "rotation": 180, "texture": "#0"},
				"down": {"uv": [2, 3.5, 2.5, 4.5], "texture": "#0"}
			}
		},
		{
			"from": [12.01815, 12.5, 15.25101],
			"to": [13.51815, 13, 15.75101],
			"rotation": {"angle": 0, "axis": "y", "origin": [6.51815, 19, 23.25101]},
			"faces": {
				"north": {"uv": [2.5, 3, 4, 3.5], "texture": "#0"},
				"east": {"uv": [2.5, 3, 3, 3.5], "texture": "#0"},
				"south": {"uv": [4, 3, 2.5, 3.5], "texture": "#0"},
				"west": {"uv": [3.5, 3, 4, 3.5], "texture": "#0"},
				"up": {"uv": [2.5, 3, 4, 3.5], "rotation": 180, "texture": "#0"},
				"down": {"uv": [2.5, 3, 4, 3.5], "texture": "#0"}
			}
		},
		{
			"from": [12.01815, 12.5, 15.25101],
			"to": [13.51815, 13, 15.75101],
			"rotation": {"angle": 0, "axis": "y", "origin": [6.51815, 19, 23.25101]},
			"faces": {
				"north": {"uv": [2.5, 3, 4, 3.5], "texture": "#0"},
				"east": {"uv": [2.5, 3, 3, 3.5], "texture": "#0"},
				"south": {"uv": [4, 3, 2.5, 3.5], "texture": "#0"},
				"west": {"uv": [3.5, 3, 4, 3.5], "texture": "#0"},
				"up": {"uv": [2.5, 3, 4, 3.5], "rotation": 180, "texture": "#0"},
				"down": {"uv": [2.5, 3, 4, 3.5], "texture": "#0"}
			}
		},
		{
			"from": [11.51815, 13, 15.25101],
			"to": [13.01815, 13.5, 15.75101],
			"rotation": {"angle": 0, "axis": "y", "origin": [6.51815, 19.5, 23.25101]},
			"faces": {
				"north": {"uv": [3, 2.5, 4.5, 3], "texture": "#0"},
				"east": {"uv": [3, 2.5, 3.5, 3], "texture": "#0"},
				"south": {"uv": [4.5, 2.5, 3, 3], "texture": "#0"},
				"west": {"uv": [4, 2.5, 4.5, 3], "texture": "#0"},
				"up": {"uv": [0, 0, 1.5, 0.5], "rotation": 180, "texture": "#0"},
				"down": {"uv": [0, 0, 1.5, 0.5], "texture": "#0"}
			}
		},
		{
			"from": [11.01815, 13.5, 15.25101],
			"to": [15.51815, 14, 15.75101],
			"rotation": {"angle": 0, "axis": "y", "origin": [6.51815, 20, 23.25101]},
			"faces": {
				"north": {"uv": [0.5, 2, 5, 2.5], "texture": "#0"},
				"east": {"uv": [0.5, 2, 1, 2.5], "texture": "#0"},
				"south": {"uv": [5, 2, 0.5, 2.5], "texture": "#0"},
				"west": {"uv": [4.5, 2, 5, 2.5], "texture": "#0"},
				"up": {"uv": [0.5, 2, 5, 2.5], "rotation": 180, "texture": "#0"},
				"down": {"uv": [0.5, 2, 5, 2.5], "texture": "#0"}
			}
		},
		{
			"from": [10.51815, 14, 15.25101],
			"to": [15.01815, 14.5, 15.75101],
			"rotation": {"angle": 0, "axis": "y", "origin": [6.01815, 20.5, 23.25101]},
			"faces": {
				"north": {"uv": [1, 1.5, 5.5, 2], "texture": "#0"},
				"east": {"uv": [1, 1.5, 1.5, 2], "texture": "#0"},
				"south": {"uv": [5.5, 1.5, 1, 2], "texture": "#0"},
				"west": {"uv": [5, 1.5, 5.5, 2], "texture": "#0"},
				"up": {"uv": [1, 1.5, 5.5, 2], "rotation": 180, "texture": "#0"},
				"down": {"uv": [1, 1.5, 5.5, 2], "texture": "#0"}
			}
		},
		{
			"from": [10.01815, 14.5, 15.25101],
			"to": [14.51815, 15, 15.75101],
			"rotation": {"angle": 0, "axis": "y", "origin": [5.51815, 21, 23.25101]},
			"faces": {
				"north": {"uv": [1.5, 1, 6, 1.5], "texture": "#0"},
				"east": {"uv": [1.5, 1, 2, 1.5], "texture": "#0"},
				"south": {"uv": [6, 1, 1.5, 1.5], "texture": "#0"},
				"west": {"uv": [5.5, 1, 6, 1.5], "texture": "#0"},
				"up": {"uv": [1.5, 1, 6, 1.5], "rotation": 180, "texture": "#0"},
				"down": {"uv": [1.5, 1, 6, 1.5], "texture": "#0"}
			}
		},
		{
			"from": [9.51815, 15, 15.25101],
			"to": [13.01815, 15.5, 15.75101],
			"rotation": {"angle": 0, "axis": "y", "origin": [5.01815, 21.5, 23.25101]},
			"faces": {
				"north": {"uv": [3, 0.5, 6.5, 1], "texture": "#0"},
				"east": {"uv": [3, 0.5, 3.5, 1], "texture": "#0"},
				"south": {"uv": [6.5, 0.5, 3, 1], "texture": "#0"},
				"west": {"uv": [6, 0.5, 6.5, 1], "texture": "#0"},
				"up": {"uv": [0, 0, 3.5, 0.5], "rotation": 180, "texture": "#0"},
				"down": {"uv": [0, 0, 3.5, 0.5], "texture": "#0"}
			}
		},
		{
			"from": [6.51815, 15.5, 15.25101],
			"to": [13.01815, 16, 15.75101],
			"rotation": {"angle": 0, "axis": "y", "origin": [4.01815, 22, 23.25101]},
			"faces": {
				"north": {"uv": [3, 0, 9.5, 0.5], "texture": "#0"},
				"east": {"uv": [9, 0, 9.5, 0.5], "texture": "#0"},
				"south": {"uv": [9.5, 0, 3, 0.5], "texture": "#0"},
				"west": {"uv": [3, 0, 3.5, 0.5], "texture": "#0"},
				"up": {"uv": [3, 0, 9.5, 0.5], "rotation": 180, "texture": "#0"},
				"down": {"uv": [3, 0, 9.5, 0.5], "texture": "#0"}
			}
		},
		{
			"from": [6.01815, 15, 15.25101],
			"to": [8.51815, 15.5, 15.75101],
			"rotation": {"angle": 0, "axis": "y", "origin": [4.01815, 21.5, 23.25101]},
			"faces": {
				"north": {"uv": [7.5, 0.5, 10, 1], "texture": "#0"},
				"east": {"uv": [9.5, 0.5, 10, 1], "texture": "#0"},
				"south": {"uv": [6, 0.5, 8.5, 1], "texture": "#0"},
				"west": {"uv": [7.5, 0.5, 8, 1], "texture": "#0"},
				"up": {"uv": [0, 0, 2.5, 0.5], "rotation": 180, "texture": "#0"},
				"down": {"uv": [0, 0, 2.5, 0.5], "texture": "#0"}
			}
		},
		{
			"from": [6.01815, 14.5, 15.25101],
			"to": [7.01815, 15, 15.75101],
			"rotation": {"angle": 0, "axis": "y", "origin": [4.01815, 21, 23.25101]},
			"faces": {
				"north": {"uv": [9, 1, 10, 1.5], "texture": "#0"},
				"east": {"uv": [9.5, 1, 10, 1.5], "texture": "#0"},
				"south": {"uv": [6, 1, 7, 1.5], "texture": "#0"},
				"west": {"uv": [9, 1, 9.5, 1.5], "texture": "#0"},
				"up": {"uv": [0, 0, 1, 0.5], "rotation": 180, "texture": "#0"},
				"down": {"uv": [0, 0, 1, 0.5], "texture": "#0"}
			}
		},
		{
			"from": [7.51815, 14.5, 15.25101],
			"to": [8.01815, 15, 15.75101],
			"rotation": {"angle": 0, "axis": "y", "origin": [5.01815, 21, 23.25101]},
			"faces": {
				"north": {"uv": [8, 1, 8.5, 1.5], "texture": "#0"},
				"east": {"uv": [0, 0, 0.5, 0.5], "texture": "#0"},
				"south": {"uv": [7.5, 1, 8, 1.5], "texture": "#0"},
				"west": {"uv": [0, 0, 0.5, 0.5], "texture": "#0"},
				"up": {"uv": [0, 0, 0.5, 0.5], "rotation": 180, "texture": "#0"},
				"down": {"uv": [0, 0, 0.5, 0.5], "texture": "#0"}
			}
		},
		{
			"from": [6.01815, 14, 15.25101],
			"to": [6.51815, 14.5, 15.75101],
			"rotation": {"angle": 0, "axis": "y", "origin": [3.51815, 20.5, 23.25101]},
			"faces": {
				"north": {"uv": [9.5, 1.5, 10, 2], "texture": "#0"},
				"east": {"uv": [0, 0, 0.5, 0.5], "texture": "#0"},
				"south": {"uv": [6, 1.5, 6.5, 2], "texture": "#0"},
				"west": {"uv": [0, 0, 0.5, 0.5], "texture": "#0"},
				"up": {"uv": [0, 0, 0.5, 0.5], "rotation": 180, "texture": "#0"},
				"down": {"uv": [0, 0, 0.5, 0.5], "texture": "#0"}
			}
		},
		{
			"from": [14.01815, 12.5, 15.25101],
			"to": [16.01815, 13, 15.75101],
			"rotation": {"angle": 0, "axis": "y", "origin": [7.01815, 19.5, 23.25101]},
			"faces": {
				"north": {"uv": [0, 3, 2, 3.5], "texture": "#0"},
				"east": {"uv": [0, 3, 0.5, 3.5], "texture": "#0"},
				"south": {"uv": [2, 3, 0, 3.5], "texture": "#0"},
				"west": {"uv": [1.5, 3, 2, 3.5], "texture": "#0"},
				"up": {"uv": [0, 0, 2, 0.5], "rotation": 180, "texture": "#0"},
				"down": {"uv": [0, 0, 2, 0.5], "texture": "#0"}
			}
		},
		{
			"from": [13.51815, 13, 15.25101],
			"to": [16.01815, 13.5, 15.75101],
			"rotation": {"angle": 0, "axis": "y", "origin": [7.01815, 20, 23.25101]},
			"faces": {
				"north": {"uv": [0, 2.5, 2.5, 3], "texture": "#0"},
				"east": {"uv": [0, 2.5, 0.5, 3], "texture": "#0"},
				"south": {"uv": [2.5, 2.5, 0, 3], "texture": "#0"},
				"west": {"uv": [2, 2.5, 2.5, 3], "texture": "#0"},
				"up": {"uv": [0, 2.5, 2.5, 3], "rotation": 180, "texture": "#0"},
				"down": {"uv": [0, 2.5, 2.5, 3], "texture": "#0"}
			}
		},
		{
			"from": [14.51815, 12, 15.25101],
			"to": [16.01815, 12.5, 15.75101],
			"rotation": {"angle": 0, "axis": "y", "origin": [7.01815, 19.5, 23.25101]},
			"faces": {
				"north": {"uv": [0, 3.5, 1.5, 4], "texture": "#0"},
				"east": {"uv": [0, 3.5, 0.5, 4], "texture": "#0"},
				"south": {"uv": [1.5, 3.5, 0, 4], "texture": "#0"},
				"west": {"uv": [1, 3.5, 1.5, 4], "texture": "#0"},
				"up": {"uv": [0, 0, 1.5, 0.5], "rotation": 180, "texture": "#0"},
				"down": {"uv": [0, 0, 1.5, 0.5], "texture": "#0"}
			}
		},
		{
			"from": [11.01815, 13.5, 15.25101],
			"to": [15.51815, 14, 15.75101],
			"rotation": {"angle": 0, "axis": "y", "origin": [6.51815, 20, 23.25101]},
			"faces": {
				"north": {"uv": [0.5, 2, 5, 2.5], "texture": "#0"},
				"east": {"uv": [0, 0, 0.5, 0.5], "texture": "#0"},
				"south": {"uv": [11, 2, 15.5, 2.5], "texture": "#0"},
				"west": {"uv": [0, 0, 0.5, 0.5], "texture": "#0"},
				"up": {"uv": [0, 0, 4.5, 0.5], "rotation": 180, "texture": "#0"},
				"down": {"uv": [0, 0, 4.5, 0.5], "texture": "#0"}
			}
		},
		{
			"from": [14.01815, 9, 15.25101],
			"to": [15.51815, 9.5, 15.75101],
			"rotation": {"angle": 0, "axis": "y", "origin": [7.01815, 17, 23.25101]},
			"faces": {
				"north": {"uv": [0.5, 6.5, 2, 7], "texture": "#0"},
				"east": {"uv": [1.5, 6.5, 2, 7], "texture": "#0"},
				"south": {"uv": [2, 6.5, 0.5, 7], "texture": "#0"},
				"west": {"uv": [0.5, 6.5, 1, 7], "texture": "#0"},
				"up": {"uv": [0.5, 6.5, 2, 7], "texture": "#0"},
				"down": {"uv": [0.5, 6.5, 2, 7], "texture": "#0"}
			}
		},
		{
			"from": [14.51815, 8.5, 15.25101],
			"to": [15.01815, 9, 15.75101],
			"rotation": {"angle": 0, "axis": "y", "origin": [6.89315, 16.5, 23.25101]},
			"faces": {
				"north": {"uv": [1, 7, 1.5, 7.5], "texture": "#0"},
				"east": {"uv": [1, 7, 1.5, 7.5], "texture": "#0"},
				"south": {"uv": [1, 7, 1.5, 7.5], "texture": "#0"},
				"west": {"uv": [1, 7, 1.5, 7.5], "texture": "#0"},
				"up": {"uv": [1, 7, 1.5, 7.5], "texture": "#0"},
				"down": {"uv": [1, 7, 1.5, 7.5], "texture": "#0"}
			}
		},
		{
			"from": [9.01815, 7, 15.25101],
			"to": [10.51815, 7.5, 15.75101],
			"rotation": {"angle": 0, "axis": "y", "origin": [4.01815, 15, 23.25101]},
			"faces": {
				"north": {"uv": [5.5, 8.5, 7, 9], "texture": "#0"},
				"east": {"uv": [0, 0, 0.5, 0.5], "texture": "#0"},
				"south": {"uv": [7, 8.5, 5.5, 9], "texture": "#0"},
				"west": {"uv": [0, 0, 0.5, 0.5], "texture": "#0"},
				"up": {"uv": [5.5, 8.5, 7, 9], "rotation": 180, "texture": "#0"},
				"down": {"uv": [5.5, 8.5, 7, 9], "texture": "#0"}
			}
		},
		{
			"from": [9.51815, 6.5, 15.25101],
			"to": [10.01815, 7, 15.75101],
			"rotation": {"angle": 0, "axis": "y", "origin": [4.01815, 14.5, 23.25101]},
			"faces": {
				"north": {"uv": [6, 9, 6.5, 9.5], "texture": "#0"},
				"east": {"uv": [0, 0, 0.5, 0.5], "texture": "#0"},
				"south": {"uv": [6.5, 9, 6, 9.5], "texture": "#0"},
				"west": {"uv": [0, 0, 0.5, 0.5], "texture": "#0"},
				"up": {"uv": [6, 9, 6.5, 9.5], "rotation": 180, "texture": "#0"},
				"down": {"uv": [6, 9, 6.5, 9.5], "texture": "#0"}
			}
		},
		{
			"from": [13.01815, 4, 15.25101],
			"to": [13.51815, 4.5, 15.75101],
			"rotation": {"angle": 0, "axis": "y", "origin": [7.51815, 12, 23.25101]},
			"faces": {
				"north": {"uv": [2.5, 11.5, 3, 12], "texture": "#0"},
				"east": {"uv": [2.5, 11.5, 3, 12], "texture": "#0"},
				"south": {"uv": [13, 11.5, 13.5, 12], "texture": "#0"},
				"west": {"uv": [2.5, 11.5, 3, 12], "texture": "#0"},
				"up": {"uv": [2.5, 11.5, 3, 12], "rotation": 180, "texture": "#0"},
				"down": {"uv": [2.5, 11.5, 3, 12], "texture": "#0"}
			}
		},
		{
			"from": [13.51815, 4.5, 15.25101],
			"to": [14.01815, 5, 15.75101],
			"rotation": {"angle": 0, "axis": "y", "origin": [8.01815, 12.5, 23.25101]},
			"faces": {
				"north": {"uv": [2, 11, 2.5, 11.5], "texture": "#0"},
				"east": {"uv": [2, 11, 2.5, 11.5], "texture": "#0"},
				"south": {"uv": [2, 11, 2.5, 11.5], "texture": "#0"},
				"west": {"uv": [2, 11, 2.5, 11.5], "texture": "#0"},
				"up": {"uv": [2, 11, 2.5, 11.5], "rotation": 180, "texture": "#0"},
				"down": {"uv": [2, 11, 2.5, 11.5], "texture": "#0"}
			}
		},
		{
			"from": [9.01815, 4, 15.25101],
			"to": [12.51815, 4.5, 15.75101],
			"rotation": {"angle": 0, "axis": "y", "origin": [5.51815, 12, 23.25101]},
			"faces": {
				"north": {"uv": [7, 11.5, 3.5, 12], "texture": "#0"},
				"east": {"uv": [4, 11.5, 3.5, 12], "texture": "#0"},
				"south": {"uv": [3.5, 11.5, 7, 12], "texture": "#0"},
				"west": {"uv": [7, 11.5, 6.5, 12], "texture": "#0"},
				"up": {"uv": [7, 11.5, 3.5, 12], "rotation": 180, "texture": "#0"},
				"down": {"uv": [7, 11.5, 3.5, 12], "texture": "#0"}
			}
		},
		{
			"from": [9.51815, 2.5, 15.25101],
			"to": [10.51815, 3, 15.75101],
			"rotation": {"angle": 0, "axis": "y", "origin": [5.51815, 11, 23.25101]},
			"faces": {
				"north": {"uv": [5.5, 13, 6.5, 13.5], "texture": "#0"},
				"east": {"uv": [5.5, 13, 6, 13.5], "texture": "#0"},
				"south": {"uv": [9.5, 13, 10.5, 13.5], "texture": "#0"},
				"west": {"uv": [5.5, 13, 6, 13.5], "texture": "#0"},
				"up": {"uv": [5.5, 13, 6.5, 13.5], "rotation": 180, "texture": "#0"},
				"down": {"uv": [5.5, 13, 6.5, 13.5], "texture": "#0"}
			}
		},
		{
			"from": [9.51815, 2, 15.25101],
			"to": [10.01815, 2.5, 15.75101],
			"rotation": {"angle": 0, "axis": "y", "origin": [5.51815, 11, 23.25101]},
			"faces": {
				"north": {"uv": [6, 13.5, 6.5, 14], "texture": "#0"},
				"east": {"uv": [6, 13.5, 6.5, 14], "texture": "#0"},
				"south": {"uv": [6, 13.5, 6.5, 14], "texture": "#0"},
				"west": {"uv": [6, 13.5, 6.5, 14], "texture": "#0"},
				"up": {"uv": [6, 13.5, 6.5, 14], "rotation": 180, "texture": "#0"},
				"down": {"uv": [6, 13.5, 6.5, 14], "texture": "#0"}
			}
		}
	],
	"display": {
		"thirdperson_righthand": {
			"rotation": [17, 26, 0],
			"translation": [0, 3, -4.25],
			"scale": [0.55, 0.55, 0.55]
		},
		"thirdperson_lefthand": {
			"rotation": [18, 27, 0],
			"translation": [0, 3, -3.25],
			"scale": [0.55, 0.55, 0.55]
		},
		"firstperson_righthand": {
			"rotation": [0, -90, 25],
			"translation": [3.88, 0.95, 1.13],
			"scale": [0.68, 0.68, 0.68]
		},
		"firstperson_lefthand": {
			"rotation": [0, -90, 25],
			"translation": [4.63, 1.2, 1.13],
			"scale": [0.68, 0.68, 0.68]
		},
		"ground": {
			"translation": [0, 2, 0],
			"scale": [0.5, 0.5, 0.5]
		},
		"gui": {
			"rotation": [30, 225, 0],
			"translation": [3.75, -1.25, 0],
			"scale": [0.625, 0.625, 0.625]
		},
		"head": {
			"rotation": [-92, 0, 0]
		},
		"fixed": {
			"translation": [0, 0, -8.25]
		}
	}
}
