{
	"credit": "Made with Blockbench",
	"parent": "item/tool_display",
	"textures": {
		"layer0": "item/wooden_hoe",
		"particle": "item/wooden_hoe"
	},
	"elements": [
		{
			"name": "wooden_hoe_0",
			"from": [6, 14.5, 7.75],
			"to": [6.5, 15, 8.25],
			"faces": {
				"north": {"uv": [6.025, 1.475, 6.475, 1.025], "rotation": 180, "texture": "#layer0"},
				"south": {"uv": [6.025, 1.025, 6.475, 1.475], "texture": "#layer0"},
				"west": {"uv": [6.025, 1.025, 6.475, 1.475], "texture": "#layer0"},
				"up": {"uv": [6.475, 1.025, 6.025, 1.475], "rotation": 180, "texture": "#layer0"}
			}
		},
		{
			"name": "wooden_hoe_1",
			"from": [6.5, 14.5, 7.75],
			"to": [7, 15, 8.25],
			"faces": {
				"north": {"uv": [6.525, 1.475, 6.975, 1.025], "rotation": 180, "texture": "#layer0"},
				"south": {"uv": [6.525, 1.025, 6.975, 1.475], "texture": "#layer0"},
				"up": {"uv": [6.975, 1.025, 6.525, 1.475], "rotation": 180, "texture": "#layer0"}
			}
		},
		{
			"name": "wooden_hoe_2",
			"from": [7, 14.5, 7.75],
			"to": [7.5, 15, 8.25],
			"faces": {
				"north": {"uv": [7.025, 1.475, 7.475, 1.025], "rotation": 180, "texture": "#layer0"},
				"south": {"uv": [7.025, 1.025, 7.475, 1.475], "texture": "#layer0"},
				"up": {"uv": [7.475, 1.025, 7.025, 1.475], "rotation": 180, "texture": "#layer0"}
			}
		},
		{
			"name": "wooden_hoe_3",
			"from": [7.5, 14.5, 7.75],
			"to": [8, 15, 8.25],
			"faces": {
				"north": {"uv": [7.525, 1.475, 7.975, 1.025], "rotation": 180, "texture": "#layer0"},
				"south": {"uv": [7.525, 1.025, 7.975, 1.475], "texture": "#layer0"},
				"up": {"uv": [7.975, 1.025, 7.525, 1.475], "rotation": 180, "texture": "#layer0"}
			}
		},
		{
			"name": "wooden_hoe_4",
			"from": [8, 14.5, 7.75],
			"to": [8.5, 15, 8.25],
			"faces": {
				"north": {"uv": [8.025, 1.475, 8.475, 1.025], "rotation": 180, "texture": "#layer0"},
				"east": {"uv": [8.025, 1.025, 8.475, 1.475], "texture": "#layer0"},
				"south": {"uv": [8.025, 1.025, 8.475, 1.475], "texture": "#layer0"},
				"up": {"uv": [8.475, 1.025, 8.025, 1.475], "rotation": 180, "texture": "#layer0"}
			}
		},
		{
			"name": "wooden_hoe_5",
			"from": [5.5, 14, 7.75],
			"to": [6, 14.5, 8.25],
			"faces": {
				"north": {"uv": [5.525, 1.975, 5.975, 1.525], "rotation": 180, "texture": "#layer0"},
				"south": {"uv": [5.525, 1.525, 5.975, 1.975], "texture": "#layer0"},
				"west": {"uv": [5.525, 1.525, 5.975, 1.975], "texture": "#layer0"},
				"up": {"uv": [5.975, 1.525, 5.525, 1.975], "rotation": 180, "texture": "#layer0"},
				"down": {"uv": [5.525, 1.525, 5.975, 1.975], "texture": "#layer0"}
			}
		},
		{
			"name": "wooden_hoe_6",
			"from": [6, 14, 7.65],
			"to": [6.5, 14.5, 8.35],
			"faces": {
				"north": {"uv": [6.025, 1.975, 6.475, 1.525], "rotation": 180, "texture": "#layer0"},
				"south": {"uv": [6.025, 1.525, 6.475, 1.975], "texture": "#layer0"},
				"west": {"uv": [6.025, 1.525, 6.475, 1.975], "texture": "#layer0"},
				"up": {"uv": [6.475, 1.525, 6.025, 1.975], "rotation": 180, "texture": "#layer0"},
				"down": {"uv": [6.025, 1.525, 6.475, 1.975], "texture": "#layer0"}
			}
		},
		{
			"name": "wooden_hoe_7",
			"from": [6.5, 14, 7.65],
			"to": [7, 14.5, 8.35],
			"faces": {
				"north": {"uv": [6.525, 1.975, 6.975, 1.525], "rotation": 180, "texture": "#layer0"},
				"south": {"uv": [6.525, 1.525, 6.975, 1.975], "texture": "#layer0"},
				"up": {"uv": [6.975, 1.525, 6.525, 1.975], "rotation": 180, "texture": "#layer0"},
				"down": {"uv": [6.525, 1.525, 6.975, 1.975], "texture": "#layer0"}
			}
		},
		{
			"name": "wooden_hoe_8",
			"from": [7, 14, 7.65],
			"to": [7.5, 14.5, 8.35],
			"faces": {
				"north": {"uv": [7.025, 1.975, 7.475, 1.525], "rotation": 180, "texture": "#layer0"},
				"south": {"uv": [7.025, 1.525, 7.475, 1.975], "texture": "#layer0"},
				"up": {"uv": [7.475, 1.525, 7.025, 1.975], "rotation": 180, "texture": "#layer0"},
				"down": {"uv": [7.025, 1.525, 7.475, 1.975], "texture": "#layer0"}
			}
		},
		{
			"name": "wooden_hoe_9",
			"from": [7.5, 14, 7.65],
			"to": [8, 14.5, 8.35],
			"faces": {
				"north": {"uv": [7.525, 1.975, 7.975, 1.525], "rotation": 180, "texture": "#layer0"},
				"south": {"uv": [7.525, 1.525, 7.975, 1.975], "texture": "#layer0"},
				"up": {"uv": [7.975, 1.525, 7.525, 1.975], "rotation": 180, "texture": "#layer0"}
			}
		},
		{
			"name": "wooden_hoe_10",
			"from": [8, 14, 7.65],
			"to": [8.5, 14.5, 8.35],
			"faces": {
				"north": {"uv": [8.025, 1.975, 8.475, 1.525], "rotation": 180, "texture": "#layer0"},
				"east": {"uv": [8.025, 1.525, 8.475, 1.975], "texture": "#layer0"},
				"south": {"uv": [8.025, 1.525, 8.475, 1.975], "texture": "#layer0"},
				"up": {"uv": [8.475, 1.525, 8.025, 1.975], "rotation": 180, "texture": "#layer0"}
			}
		},
		{
			"name": "wooden_hoe_11",
			"from": [8.5, 14, 7.75],
			"to": [9, 14.5, 8.25],
			"faces": {
				"north": {"uv": [8.525, 1.975, 8.975, 1.525], "rotation": 180, "texture": "#layer0"},
				"south": {"uv": [8.525, 1.525, 8.975, 1.975], "texture": "#layer0"},
				"up": {"uv": [8.975, 1.525, 8.525, 1.975], "rotation": 180, "texture": "#layer0"}
			}
		},
		{
			"name": "wooden_hoe_12",
			"from": [9, 14, 7.75],
			"to": [9.5, 14.5, 8.25],
			"faces": {
				"north": {"uv": [9.025, 1.975, 9.475, 1.525], "rotation": 180, "texture": "#layer0"},
				"east": {"uv": [9.025, 1.525, 9.475, 1.975], "texture": "#layer0"},
				"south": {"uv": [9.025, 1.525, 9.475, 1.975], "texture": "#layer0"},
				"up": {"uv": [9.475, 1.525, 9.025, 1.975], "rotation": 180, "texture": "#layer0"}
			}
		},
		{
			"name": "wooden_hoe_13",
			"from": [6, 13.5, 7.75],
			"to": [6.5, 14, 8.25],
			"faces": {
				"north": {"uv": [6.025, 2.475, 6.475, 2.025], "rotation": 180, "texture": "#layer0"},
				"south": {"uv": [6.025, 2.025, 6.475, 2.475], "texture": "#layer0"},
				"west": {"uv": [6.025, 2.025, 6.475, 2.475], "texture": "#layer0"},
				"down": {"uv": [6.025, 2.025, 6.475, 2.475], "texture": "#layer0"}
			}
		},
		{
			"name": "wooden_hoe_14",
			"from": [6.5, 13.5, 7.75],
			"to": [7, 14, 8.25],
			"faces": {
				"north": {"uv": [6.525, 2.475, 6.975, 2.025], "rotation": 180, "texture": "#layer0"},
				"south": {"uv": [6.525, 2.025, 6.975, 2.475], "texture": "#layer0"},
				"down": {"uv": [6.525, 2.025, 6.975, 2.475], "texture": "#layer0"}
			}
		},
		{
			"name": "wooden_hoe_15",
			"from": [7, 13.5, 7.75],
			"to": [7.5, 14, 8.25],
			"faces": {
				"north": {"uv": [7.025, 2.475, 7.475, 2.025], "rotation": 180, "texture": "#layer0"},
				"south": {"uv": [7.025, 2.025, 7.475, 2.475], "texture": "#layer0"},
				"down": {"uv": [7.025, 2.025, 7.475, 2.475], "texture": "#layer0"}
			}
		},
		{
			"name": "wooden_hoe_16",
			"from": [7.5, 13.5, 7.65],
			"to": [8, 14, 8.35],
			"faces": {
				"north": {"uv": [7.525, 2.475, 7.975, 2.025], "rotation": 180, "texture": "#layer0"},
				"south": {"uv": [7.525, 2.025, 7.975, 2.475], "texture": "#layer0"},
				"west": {"uv": [7.525, 2.025, 7.975, 2.475], "texture": "#layer0"},
				"down": {"uv": [7.525, 2.025, 7.975, 2.475], "texture": "#layer0"}
			}
		},
		{
			"name": "wooden_hoe_17",
			"from": [8, 13.5, 7.65],
			"to": [8.5, 14, 8.35],
			"faces": {
				"north": {"uv": [8.025, 2.475, 8.475, 2.025], "rotation": 180, "texture": "#layer0"},
				"south": {"uv": [8.025, 2.025, 8.475, 2.475], "texture": "#layer0"},
				"down": {"uv": [8.025, 2.025, 8.475, 2.475], "texture": "#layer0"}
			}
		},
		{
			"name": "wooden_hoe_18",
			"from": [8.5, 13.5, 7.65],
			"to": [9, 14, 8.35],
			"faces": {
				"north": {"uv": [8.525, 2.475, 8.975, 2.025], "rotation": 180, "texture": "#layer0"},
				"south": {"uv": [8.525, 2.025, 8.975, 2.475], "texture": "#layer0"},
				"up": {"uv": [8.975, 2.025, 8.525, 2.475], "rotation": 180, "texture": "#layer0"}
			}
		},
		{
			"name": "wooden_hoe_19",
			"from": [9, 13.5, 7.65],
			"to": [9.5, 14, 8.35],
			"faces": {
				"north": {"uv": [9.025, 2.475, 9.475, 2.025], "rotation": 180, "texture": "#layer0"},
				"east": {"uv": [9.025, 2.025, 9.475, 2.475], "texture": "#layer0"},
				"south": {"uv": [9.025, 2.025, 9.475, 2.475], "texture": "#layer0"},
				"up": {"uv": [9.475, 2.025, 9.025, 2.475], "rotation": 180, "texture": "#layer0"}
			}
		},
		{
			"name": "wooden_hoe_20",
			"from": [9.5, 13.5, 7.75],
			"to": [10, 14, 8.25],
			"faces": {
				"north": {"uv": [9.525, 2.475, 9.975, 2.025], "rotation": 180, "texture": "#layer0"},
				"south": {"uv": [9.525, 2.025, 9.975, 2.475], "texture": "#layer0"},
				"up": {"uv": [9.975, 2.025, 9.525, 2.475], "rotation": 180, "texture": "#layer0"}
			}
		},
		{
			"name": "wooden_hoe_21",
			"from": [10, 13.5, 7.75],
			"to": [10.5, 14, 8.25],
			"faces": {
				"north": {"uv": [10.025, 2.475, 10.475, 2.025], "rotation": 180, "texture": "#layer0"},
				"east": {"uv": [10.025, 2.025, 10.475, 2.475], "texture": "#layer0"},
				"south": {"uv": [10.025, 2.025, 10.475, 2.475], "texture": "#layer0"},
				"up": {"uv": [10.475, 2.025, 10.025, 2.475], "rotation": 180, "texture": "#layer0"}
			}
		},
		{
			"name": "wooden_hoe_22",
			"from": [7.5, 13, 7.75],
			"to": [8, 13.5, 8.25],
			"faces": {
				"north": {"uv": [7.525, 2.975, 7.975, 2.525], "rotation": 180, "texture": "#layer0"},
				"south": {"uv": [7.525, 2.525, 7.975, 2.975], "texture": "#layer0"},
				"west": {"uv": [7.525, 2.525, 7.975, 2.975], "texture": "#layer0"},
				"down": {"uv": [7.525, 2.525, 7.975, 2.975], "texture": "#layer0"}
			}
		},
		{
			"name": "wooden_hoe_23",
			"from": [8, 13, 7.75],
			"to": [8.5, 13.5, 8.25],
			"faces": {
				"north": {"uv": [8.025, 2.975, 8.475, 2.525], "rotation": 180, "texture": "#layer0"},
				"south": {"uv": [8.025, 2.525, 8.475, 2.975], "texture": "#layer0"},
				"down": {"uv": [8.025, 2.525, 8.475, 2.975], "texture": "#layer0"}
			}
		},
		{
			"name": "wooden_hoe_24",
			"from": [8.5, 13, 7.65],
			"to": [9, 13.5, 8.35],
			"faces": {
				"north": {"uv": [8.525, 2.975, 8.975, 2.525], "rotation": 180, "texture": "#layer0"},
				"south": {"uv": [8.525, 2.525, 8.975, 2.975], "texture": "#layer0"},
				"west": {"uv": [8.525, 2.525, 8.975, 2.975], "texture": "#layer0"},
				"down": {"uv": [8.525, 2.525, 8.975, 2.975], "texture": "#layer0"}
			}
		},
		{
			"name": "wooden_hoe_25",
			"from": [9, 13, 7.65],
			"to": [9.5, 13.5, 8.35],
			"faces": {
				"north": {"uv": [9.025, 2.975, 9.475, 2.525], "rotation": 180, "texture": "#layer0"},
				"south": {"uv": [9.025, 2.525, 9.475, 2.975], "texture": "#layer0"},
				"down": {"uv": [9.025, 2.525, 9.475, 2.975], "texture": "#layer0"}
			}
		},
		{
			"name": "wooden_hoe_26",
			"from": [9.5, 13, 7.65],
			"to": [10, 13.5, 8.35],
			"faces": {
				"north": {"uv": [9.525, 2.975, 9.975, 2.525], "rotation": 180, "texture": "#layer0"},
				"south": {"uv": [9.525, 2.525, 9.975, 2.975], "texture": "#layer0"},
				"up": {"uv": [9.975, 2.525, 9.525, 2.975], "rotation": 180, "texture": "#layer0"}
			}
		},
		{
			"name": "wooden_hoe_27",
			"from": [10, 13, 7.65],
			"to": [10.5, 13.5, 8.35],
			"faces": {
				"north": {"uv": [10.025, 2.975, 10.475, 2.525], "rotation": 180, "texture": "#layer0"},
				"east": {"uv": [10.025, 2.525, 10.475, 2.975], "texture": "#layer0"},
				"south": {"uv": [10.025, 2.525, 10.475, 2.975], "texture": "#layer0"},
				"up": {"uv": [10.475, 2.525, 10.025, 2.975], "rotation": 180, "texture": "#layer0"}
			}
		},
		{
			"name": "wooden_hoe_28",
			"from": [10.5, 13, 7.75],
			"to": [11, 13.5, 8.25],
			"faces": {
				"north": {"uv": [10.525, 2.975, 10.975, 2.525], "rotation": 180, "texture": "#layer0"},
				"east": {"uv": [10.525, 2.525, 10.975, 2.975], "texture": "#layer0"},
				"south": {"uv": [10.525, 2.525, 10.975, 2.975], "texture": "#layer0"},
				"up": {"uv": [10.975, 2.525, 10.525, 2.975], "rotation": 180, "texture": "#layer0"}
			}
		},
		{
			"name": "wooden_hoe_29",
			"from": [8.5, 12.5, 7.75],
			"to": [9, 13, 8.25],
			"faces": {
				"north": {"uv": [8.525, 3.475, 8.975, 3.025], "rotation": 180, "texture": "#layer0"},
				"south": {"uv": [8.525, 3.025, 8.975, 3.475], "texture": "#layer0"},
				"west": {"uv": [8.525, 3.025, 8.975, 3.475], "texture": "#layer0"},
				"down": {"uv": [8.525, 3.025, 8.975, 3.475], "texture": "#layer0"}
			}
		},
		{
			"name": "wooden_hoe_30",
			"from": [9, 12.5, 7.75],
			"to": [9.5, 13, 8.25],
			"faces": {
				"north": {"uv": [9.025, 3.475, 9.475, 3.025], "rotation": 180, "texture": "#layer0"},
				"south": {"uv": [9.025, 3.025, 9.475, 3.475], "texture": "#layer0"},
				"down": {"uv": [9.025, 3.025, 9.475, 3.475], "texture": "#layer0"}
			}
		},
		{
			"name": "wooden_hoe_31",
			"from": [9.5, 12.5, 7.65],
			"to": [10, 13, 8.35],
			"faces": {
				"north": {"uv": [9.525, 3.475, 9.975, 3.025], "rotation": 180, "texture": "#layer0"},
				"south": {"uv": [9.525, 3.025, 9.975, 3.475], "texture": "#layer0"},
				"west": {"uv": [9.525, 3.025, 9.975, 3.475], "texture": "#layer0"},
				"down": {"uv": [9.525, 3.025, 9.975, 3.475], "texture": "#layer0"}
			}
		},
		{
			"name": "wooden_hoe_32",
			"from": [10, 12.5, 7.65],
			"to": [10.5, 13, 8.35],
			"faces": {
				"north": {"uv": [10.025, 3.475, 10.475, 3.025], "rotation": 180, "texture": "#layer0"},
				"south": {"uv": [10.025, 3.025, 10.475, 3.475], "texture": "#layer0"}
			}
		},
		{
			"name": "wooden_hoe_33",
			"from": [10.5, 12.5, 7.65],
			"to": [11, 13, 8.35],
			"faces": {
				"north": {"uv": [10.525, 3.475, 10.975, 3.025], "rotation": 180, "texture": "#layer0"},
				"east": {"uv": [10.525, 3.025, 10.975, 3.475], "texture": "#layer0"},
				"south": {"uv": [10.525, 3.025, 10.975, 3.475], "texture": "#layer0"},
				"up": {"uv": [10.975, 3.025, 10.525, 3.475], "rotation": 180, "texture": "#layer0"}
			}
		},
		{
			"name": "wooden_hoe_34",
			"from": [11, 12.5, 7.75],
			"to": [11.5, 13, 8.25],
			"faces": {
				"north": {"uv": [11.025, 3.475, 11.475, 3.025], "rotation": 180, "texture": "#layer0"},
				"east": {"uv": [11.025, 3.025, 11.475, 3.475], "texture": "#layer0"},
				"south": {"uv": [11.025, 3.025, 11.475, 3.475], "texture": "#layer0"},
				"up": {"uv": [11.475, 3.025, 11.025, 3.475], "rotation": 180, "texture": "#layer0"}
			}
		},
		{
			"name": "wooden_hoe_35",
			"from": [12.5, 12.5, 7.75],
			"to": [13, 13, 8.25],
			"faces": {
				"north": {"uv": [12.525, 3.475, 12.975, 3.025], "rotation": 180, "texture": "#layer0"},
				"south": {"uv": [12.525, 3.025, 12.975, 3.475], "texture": "#layer0"},
				"west": {"uv": [12.525, 3.025, 12.975, 3.475], "texture": "#layer0"},
				"up": {"uv": [12.975, 3.025, 12.525, 3.475], "rotation": 180, "texture": "#layer0"}
			}
		},
		{
			"name": "wooden_hoe_36",
			"from": [13, 12.5, 7.75],
			"to": [13.5, 13, 8.25],
			"faces": {
				"north": {"uv": [13.025, 3.475, 13.475, 3.025], "rotation": 180, "texture": "#layer0"},
				"east": {"uv": [13.025, 3.025, 13.475, 3.475], "texture": "#layer0"},
				"south": {"uv": [13.025, 3.025, 13.475, 3.475], "texture": "#layer0"},
				"up": {"uv": [13.475, 3.025, 13.025, 3.475], "rotation": 180, "texture": "#layer0"}
			}
		},
		{
			"name": "wooden_hoe_37",
			"from": [9.5, 12, 7.75],
			"to": [10, 12.5, 8.25],
			"faces": {
				"north": {"uv": [9.525, 3.975, 9.975, 3.525], "rotation": 180, "texture": "#layer0"},
				"south": {"uv": [9.525, 3.525, 9.975, 3.975], "texture": "#layer0"},
				"west": {"uv": [9.525, 3.525, 9.975, 3.975], "texture": "#layer0"},
				"down": {"uv": [9.525, 3.525, 9.975, 3.975], "texture": "#layer0"}
			}
		},
		{
			"name": "wooden_hoe_38",
			"from": [10, 12, 7.65],
			"to": [10.5, 12.5, 8.35],
			"faces": {
				"north": {"uv": [10.025, 3.975, 10.475, 3.525], "rotation": 180, "texture": "#layer0"},
				"south": {"uv": [10.025, 3.525, 10.475, 3.975], "texture": "#layer0"},
				"west": {"uv": [10.025, 3.525, 10.475, 3.975], "texture": "#layer0"},
				"down": {"uv": [10.025, 3.525, 10.475, 3.975], "texture": "#layer0"}
			}
		},
		{
			"name": "wooden_hoe_39",
			"from": [10.5, 12, 7.65],
			"to": [11, 12.5, 8.35],
			"faces": {
				"north": {"uv": [10.525, 3.975, 10.975, 3.525], "rotation": 180, "texture": "#layer0"},
				"south": {"uv": [10.525, 3.525, 10.975, 3.975], "texture": "#layer0"}
			}
		},
		{
			"name": "wooden_hoe_40",
			"from": [11, 12, 7.65],
			"to": [11.5, 12.5, 8.35],
			"faces": {
				"north": {"uv": [11.025, 3.975, 11.475, 3.525], "rotation": 180, "texture": "#layer0"},
				"east": {"uv": [11.025, 3.525, 11.475, 3.975], "texture": "#layer0"},
				"south": {"uv": [11.025, 3.525, 11.475, 3.975], "texture": "#layer0"},
				"up": {"uv": [11.475, 3.525, 11.025, 3.975], "rotation": 180, "texture": "#layer0"}
			}
		},
		{
			"name": "wooden_hoe_41",
			"from": [11.5, 12, 7.75],
			"to": [12, 12.5, 8.25],
			"faces": {
				"north": {"uv": [11.525, 3.975, 11.975, 3.525], "rotation": 180, "texture": "#layer0"},
				"south": {"uv": [11.525, 3.525, 11.975, 3.975], "texture": "#layer0"},
				"up": {"uv": [11.975, 3.525, 11.525, 3.975], "rotation": 180, "texture": "#layer0"}
			}
		},
		{
			"name": "wooden_hoe_42",
			"from": [12, 12, 7.55],
			"to": [12.5, 12.5, 8.45],
			"faces": {
				"north": {"uv": [12.025, 3.975, 12.475, 3.525], "rotation": 180, "texture": "#layer0"},
				"east": {"uv": [12.025, 3.525, 12.475, 3.975], "texture": "#layer0"},
				"south": {"uv": [12.025, 3.525, 12.475, 3.975], "texture": "#layer0"},
				"west": {"uv": [12.025, 3.525, 12.475, 3.975], "texture": "#layer0"},
				"up": {"uv": [12.475, 3.525, 12.025, 3.975], "rotation": 180, "texture": "#layer0"}
			}
		},
		{
			"name": "wooden_hoe_43",
			"from": [12.5, 12, 7.65],
			"to": [13, 12.5, 8.35],
			"faces": {
				"north": {"uv": [12.525, 3.975, 12.975, 3.525], "rotation": 180, "texture": "#layer0"},
				"south": {"uv": [12.525, 3.525, 12.975, 3.975], "texture": "#layer0"},
				"up": {"uv": [12.975, 3.525, 12.525, 3.975], "rotation": 180, "texture": "#layer0"}
			}
		},
		{
			"name": "wooden_hoe_44",
			"from": [13, 12, 7.65],
			"to": [13.5, 12.5, 8.35],
			"faces": {
				"north": {"uv": [13.025, 3.975, 13.475, 3.525], "rotation": 180, "texture": "#layer0"},
				"east": {"uv": [13.025, 3.525, 13.475, 3.975], "texture": "#layer0"},
				"south": {"uv": [13.025, 3.525, 13.475, 3.975], "texture": "#layer0"},
				"up": {"uv": [13.475, 3.525, 13.025, 3.975], "rotation": 180, "texture": "#layer0"}
			}
		},
		{
			"name": "wooden_hoe_45",
			"from": [13.5, 12, 7.75],
			"to": [14, 12.5, 8.25],
			"faces": {
				"north": {"uv": [13.525, 3.975, 13.975, 3.525], "rotation": 180, "texture": "#layer0"},
				"east": {"uv": [13.525, 3.525, 13.975, 3.975], "texture": "#layer0"},
				"south": {"uv": [13.525, 3.525, 13.975, 3.975], "texture": "#layer0"},
				"up": {"uv": [13.975, 3.525, 13.525, 3.975], "rotation": 180, "texture": "#layer0"}
			}
		},
		{
			"name": "wooden_hoe_46",
			"from": [10, 11.5, 7.75],
			"to": [10.5, 12, 8.25],
			"faces": {
				"north": {"uv": [10.025, 4.475, 10.475, 4.025], "rotation": 180, "texture": "#layer0"},
				"south": {"uv": [10.025, 4.025, 10.475, 4.475], "texture": "#layer0"},
				"west": {"uv": [10.025, 4.025, 10.475, 4.475], "texture": "#layer0"}
			}
		},
		{
			"name": "wooden_hoe_47",
			"from": [10.5, 11.5, 7.65],
			"to": [11, 12, 8.35],
			"faces": {
				"north": {"uv": [10.525, 4.475, 10.975, 4.025], "rotation": 180, "texture": "#layer0"},
				"south": {"uv": [10.525, 4.025, 10.975, 4.475], "texture": "#layer0"},
				"west": {"uv": [10.525, 4.025, 10.975, 4.475], "texture": "#layer0"}
			}
		},
		{
			"name": "wooden_hoe_48",
			"from": [11, 11.5, 7.65],
			"to": [11.5, 12, 8.35],
			"faces": {
				"north": {"uv": [11.025, 4.475, 11.475, 4.025], "rotation": 180, "texture": "#layer0"},
				"south": {"uv": [11.025, 4.025, 11.475, 4.475], "texture": "#layer0"}
			}
		},
		{
			"name": "wooden_hoe_49",
			"from": [11.5, 11.5, 7.55],
			"to": [12, 12, 8.45],
			"faces": {
				"north": {"uv": [11.525, 4.475, 11.975, 4.025], "rotation": 180, "texture": "#layer0"},
				"south": {"uv": [11.525, 4.025, 11.975, 4.475], "texture": "#layer0"},
				"west": {"uv": [11.525, 4.025, 11.975, 4.475], "texture": "#layer0"},
				"up": {"uv": [11.975, 4.025, 11.525, 4.475], "rotation": 180, "texture": "#layer0"}
			}
		},
		{
			"name": "wooden_hoe_50",
			"from": [12, 11.5, 7.45],
			"to": [12.5, 12, 8.55],
			"faces": {
				"north": {"uv": [12.025, 4.475, 12.475, 4.025], "rotation": 180, "texture": "#layer0"},
				"east": {"uv": [12.025, 4.025, 12.475, 4.475], "texture": "#layer0"},
				"south": {"uv": [12.025, 4.025, 12.475, 4.475], "texture": "#layer0"},
				"west": {"uv": [12.025, 4.025, 12.475, 4.475], "texture": "#layer0"},
				"up": {"uv": [12.475, 4.025, 12.025, 4.475], "rotation": 180, "texture": "#layer0"}
			}
		},
		{
			"name": "wooden_hoe_51",
			"from": [12.5, 11.5, 7.55],
			"to": [13, 12, 8.45],
			"faces": {
				"north": {"uv": [12.525, 4.475, 12.975, 4.025], "rotation": 180, "texture": "#layer0"},
				"east": {"uv": [12.525, 4.025, 12.975, 4.475], "texture": "#layer0"},
				"south": {"uv": [12.525, 4.025, 12.975, 4.475], "texture": "#layer0"},
				"up": {"uv": [12.975, 4.025, 12.525, 4.475], "rotation": 180, "texture": "#layer0"}
			}
		},
		{
			"name": "wooden_hoe_52",
			"from": [13, 11.5, 7.65],
			"to": [13.5, 12, 8.35],
			"faces": {
				"north": {"uv": [13.025, 4.475, 13.475, 4.025], "rotation": 180, "texture": "#layer0"},
				"east": {"uv": [13.025, 4.025, 13.475, 4.475], "texture": "#layer0"},
				"south": {"uv": [13.025, 4.025, 13.475, 4.475], "texture": "#layer0"}
			}
		},
		{
			"name": "wooden_hoe_53",
			"from": [13.5, 11.5, 7.75],
			"to": [14, 12, 8.25],
			"faces": {
				"north": {"uv": [13.525, 4.475, 13.975, 4.025], "rotation": 180, "texture": "#layer0"},
				"east": {"uv": [13.525, 4.025, 13.975, 4.475], "texture": "#layer0"},
				"south": {"uv": [13.525, 4.025, 13.975, 4.475], "texture": "#layer0"},
				"down": {"uv": [13.525, 4.025, 13.975, 4.475], "texture": "#layer0"}
			}
		},
		{
			"name": "wooden_hoe_54",
			"from": [10, 11, 7.75],
			"to": [10.5, 11.5, 8.25],
			"faces": {
				"north": {"uv": [10.025, 4.975, 10.475, 4.525], "rotation": 180, "texture": "#layer0"},
				"south": {"uv": [10.025, 4.525, 10.475, 4.975], "texture": "#layer0"},
				"west": {"uv": [10.025, 4.525, 10.475, 4.975], "texture": "#layer0"},
				"down": {"uv": [10.025, 4.525, 10.475, 4.975], "texture": "#layer0"}
			}
		},
		{
			"name": "wooden_hoe_55",
			"from": [10.5, 11, 7.65],
			"to": [11, 11.5, 8.35],
			"faces": {
				"north": {"uv": [10.525, 4.975, 10.975, 4.525], "rotation": 180, "texture": "#layer0"},
				"south": {"uv": [10.525, 4.525, 10.975, 4.975], "texture": "#layer0"},
				"west": {"uv": [10.525, 4.525, 10.975, 4.975], "texture": "#layer0"}
			}
		},
		{
			"name": "wooden_hoe_56",
			"from": [11, 11, 7.55],
			"to": [11.5, 11.5, 8.45],
			"faces": {
				"north": {"uv": [11.025, 4.975, 11.475, 4.525], "rotation": 180, "texture": "#layer0"},
				"south": {"uv": [11.025, 4.525, 11.475, 4.975], "texture": "#layer0"},
				"west": {"uv": [11.025, 4.525, 11.475, 4.975], "texture": "#layer0"},
				"up": {"uv": [11.475, 4.525, 11.025, 4.975], "rotation": 180, "texture": "#layer0"}
			}
		},
		{
			"name": "wooden_hoe_57",
			"from": [11.5, 11, 7.45],
			"to": [12, 11.5, 8.55],
			"faces": {
				"north": {"uv": [11.525, 4.975, 11.975, 4.525], "rotation": 180, "texture": "#layer0"},
				"south": {"uv": [11.525, 4.525, 11.975, 4.975], "texture": "#layer0"},
				"west": {"uv": [11.525, 4.525, 11.975, 4.975], "texture": "#layer0"},
				"up": {"uv": [11.975, 4.525, 11.525, 4.975], "rotation": 180, "texture": "#layer0"}
			}
		},
		{
			"name": "wooden_hoe_58",
			"from": [12, 11, 7.35],
			"to": [12.5, 11.5, 8.65],
			"faces": {
				"north": {"uv": [12.025, 4.525, 12.475, 4.975], "texture": "#layer0"},
				"east": {"uv": [12.025, 4.525, 12.475, 4.975], "texture": "#layer0"},
				"south": {"uv": [12.025, 4.525, 12.475, 4.975], "texture": "#layer0"},
				"west": {"uv": [12.025, 4.525, 12.475, 4.975], "texture": "#layer0"},
				"up": {"uv": [12.025, 4.525, 12.475, 4.975], "texture": "#layer0"},
				"down": {"uv": [12.025, 4.525, 12.475, 4.975], "texture": "#layer0"}
			}
		},
		{
			"name": "wooden_hoe_59",
			"from": [12.5, 11, 7.45],
			"to": [13, 11.5, 8.55],
			"faces": {
				"north": {"uv": [12.525, 4.975, 12.975, 4.525], "rotation": 180, "texture": "#layer0"},
				"east": {"uv": [12.525, 4.525, 12.975, 4.975], "texture": "#layer0"},
				"south": {"uv": [12.525, 4.525, 12.975, 4.975], "texture": "#layer0"},
				"up": {"uv": [12.975, 4.525, 12.525, 4.975], "rotation": 180, "texture": "#layer0"},
				"down": {"uv": [12.525, 4.525, 12.975, 4.975], "texture": "#layer0"}
			}
		},
		{
			"name": "wooden_hoe_60",
			"from": [13, 11, 7.55],
			"to": [13.5, 11.5, 8.45],
			"faces": {
				"north": {"uv": [13.025, 4.975, 13.475, 4.525], "rotation": 180, "texture": "#layer0"},
				"east": {"uv": [13.025, 4.525, 13.475, 4.975], "texture": "#layer0"},
				"south": {"uv": [13.025, 4.525, 13.475, 4.975], "texture": "#layer0"},
				"up": {"uv": [13.475, 4.525, 13.025, 4.975], "rotation": 180, "texture": "#layer0"},
				"down": {"uv": [13.025, 4.525, 13.475, 4.975], "texture": "#layer0"}
			}
		},
		{
			"name": "wooden_hoe_61",
			"from": [10.5, 10.5, 7.55],
			"to": [11, 11, 8.45],
			"faces": {
				"north": {"uv": [10.525, 5.475, 10.975, 5.025], "rotation": 180, "texture": "#layer0"},
				"south": {"uv": [10.525, 5.025, 10.975, 5.475], "texture": "#layer0"},
				"west": {"uv": [10.525, 5.025, 10.975, 5.475], "texture": "#layer0"},
				"up": {"uv": [10.975, 5.025, 10.525, 5.475], "rotation": 180, "texture": "#layer0"},
				"down": {"uv": [10.525, 5.025, 10.975, 5.475], "texture": "#layer0"}
			}
		},
		{
			"name": "wooden_hoe_62",
			"from": [11, 10.5, 7.45],
			"to": [11.5, 11, 8.55],
			"faces": {
				"north": {"uv": [11.025, 5.475, 11.475, 5.025], "rotation": 180, "texture": "#layer0"},
				"south": {"uv": [11.025, 5.025, 11.475, 5.475], "texture": "#layer0"},
				"west": {"uv": [11.025, 5.025, 11.475, 5.475], "texture": "#layer0"},
				"up": {"uv": [11.475, 5.025, 11.025, 5.475], "rotation": 180, "texture": "#layer0"},
				"down": {"uv": [11.025, 5.025, 11.475, 5.475], "texture": "#layer0"}
			}
		},
		{
			"name": "wooden_hoe_63",
			"from": [11.5, 10.5, 7.35],
			"to": [12, 11, 8.65],
			"faces": {
				"north": {"uv": [11.525, 5.025, 11.975, 5.475], "texture": "#layer0"},
				"east": {"uv": [11.525, 5.025, 11.975, 5.475], "texture": "#layer0"},
				"south": {"uv": [11.525, 5.025, 11.975, 5.475], "texture": "#layer0"},
				"west": {"uv": [11.525, 5.025, 11.975, 5.475], "texture": "#layer0"},
				"up": {"uv": [11.525, 5.025, 11.975, 5.475], "texture": "#layer0"},
				"down": {"uv": [11.525, 5.025, 11.975, 5.475], "texture": "#layer0"}
			}
		},
		{
			"name": "wooden_hoe_64",
			"from": [12, 10.5, 7.45],
			"to": [12.5, 11, 8.55],
			"faces": {
				"north": {"uv": [12.025, 5.475, 12.475, 5.025], "rotation": 180, "texture": "#layer0"},
				"east": {"uv": [12.025, 5.025, 12.475, 5.475], "texture": "#layer0"},
				"south": {"uv": [12.025, 5.025, 12.475, 5.475], "texture": "#layer0"},
				"down": {"uv": [12.025, 5.025, 12.475, 5.475], "texture": "#layer0"}
			}
		},
		{
			"name": "wooden_hoe_65",
			"from": [12.5, 10.5, 7.55],
			"to": [13, 11, 8.45],
			"faces": {
				"north": {"uv": [12.525, 5.475, 12.975, 5.025], "rotation": 180, "texture": "#layer0"},
				"east": {"uv": [12.525, 5.025, 12.975, 5.475], "texture": "#layer0"},
				"south": {"uv": [12.525, 5.025, 12.975, 5.475], "texture": "#layer0"},
				"down": {"uv": [12.525, 5.025, 12.975, 5.475], "texture": "#layer0"}
			}
		},
		{
			"name": "wooden_hoe_66",
			"from": [13, 10.5, 7.75],
			"to": [13.5, 11, 8.25],
			"faces": {
				"north": {"uv": [13.025, 5.475, 13.475, 5.025], "rotation": 180, "texture": "#layer0"},
				"east": {"uv": [13.025, 5.025, 13.475, 5.475], "texture": "#layer0"},
				"south": {"uv": [13.025, 5.025, 13.475, 5.475], "texture": "#layer0"}
			}
		},
		{
			"name": "wooden_hoe_67",
			"from": [10, 10, 7.75],
			"to": [10.5, 10.5, 8.25],
			"faces": {
				"north": {"uv": [10.025, 5.975, 10.475, 5.525], "rotation": 180, "texture": "#layer0"},
				"south": {"uv": [10.025, 5.525, 10.475, 5.975], "texture": "#layer0"},
				"west": {"uv": [10.025, 5.525, 10.475, 5.975], "texture": "#layer0"},
				"up": {"uv": [10.475, 5.525, 10.025, 5.975], "rotation": 180, "texture": "#layer0"}
			}
		},
		{
			"name": "wooden_hoe_68",
			"from": [10.5, 10, 7.65],
			"to": [11, 10.5, 8.35],
			"faces": {
				"north": {"uv": [10.525, 5.975, 10.975, 5.525], "rotation": 180, "texture": "#layer0"},
				"south": {"uv": [10.525, 5.525, 10.975, 5.975], "texture": "#layer0"},
				"west": {"uv": [10.525, 5.525, 10.975, 5.975], "texture": "#layer0"}
			}
		},
		{
			"name": "wooden_hoe_69",
			"from": [11, 10, 7.55],
			"to": [11.5, 10.5, 8.45],
			"faces": {
				"north": {"uv": [11.025, 5.975, 11.475, 5.525], "rotation": 180, "texture": "#layer0"},
				"south": {"uv": [11.025, 5.525, 11.475, 5.975], "texture": "#layer0"},
				"west": {"uv": [11.025, 5.525, 11.475, 5.975], "texture": "#layer0"},
				"down": {"uv": [11.025, 5.525, 11.475, 5.975], "texture": "#layer0"}
			}
		},
		{
			"name": "wooden_hoe_70",
			"from": [11.5, 10, 7.45],
			"to": [12, 10.5, 8.55],
			"faces": {
				"north": {"uv": [11.525, 5.975, 11.975, 5.525], "rotation": 180, "texture": "#layer0"},
				"east": {"uv": [11.525, 5.525, 11.975, 5.975], "texture": "#layer0"},
				"south": {"uv": [11.525, 5.525, 11.975, 5.975], "texture": "#layer0"},
				"west": {"uv": [11.525, 5.525, 11.975, 5.975], "texture": "#layer0"},
				"down": {"uv": [11.525, 5.525, 11.975, 5.975], "texture": "#layer0"}
			}
		},
		{
			"name": "wooden_hoe_71",
			"from": [12, 10, 7.55],
			"to": [12.5, 10.5, 8.45],
			"faces": {
				"north": {"uv": [12.025, 5.975, 12.475, 5.525], "rotation": 180, "texture": "#layer0"},
				"east": {"uv": [12.025, 5.525, 12.475, 5.975], "texture": "#layer0"},
				"south": {"uv": [12.025, 5.525, 12.475, 5.975], "texture": "#layer0"},
				"down": {"uv": [12.025, 5.525, 12.475, 5.975], "texture": "#layer0"}
			}
		},
		{
			"name": "wooden_hoe_72",
			"from": [12.5, 10, 7.65],
			"to": [13, 10.5, 8.35],
			"faces": {
				"north": {"uv": [12.525, 5.975, 12.975, 5.525], "rotation": 180, "texture": "#layer0"},
				"south": {"uv": [12.525, 5.525, 12.975, 5.975], "texture": "#layer0"}
			}
		},
		{
			"name": "wooden_hoe_73",
			"from": [13, 10, 7.65],
			"to": [13.5, 10.5, 8.35],
			"faces": {
				"north": {"uv": [13.025, 5.975, 13.475, 5.525], "rotation": 180, "texture": "#layer0"},
				"east": {"uv": [13.025, 5.525, 13.475, 5.975], "texture": "#layer0"},
				"south": {"uv": [13.025, 5.525, 13.475, 5.975], "texture": "#layer0"},
				"up": {"uv": [13.475, 5.525, 13.025, 5.975], "rotation": 180, "texture": "#layer0"},
				"down": {"uv": [13.025, 5.525, 13.475, 5.975], "texture": "#layer0"}
			}
		},
		{
			"name": "wooden_hoe_74",
			"from": [13.5, 10, 7.75],
			"to": [14, 10.5, 8.25],
			"faces": {
				"north": {"uv": [13.525, 5.975, 13.975, 5.525], "rotation": 180, "texture": "#layer0"},
				"east": {"uv": [13.525, 5.525, 13.975, 5.975], "texture": "#layer0"},
				"south": {"uv": [13.525, 5.525, 13.975, 5.975], "texture": "#layer0"},
				"up": {"uv": [13.975, 5.525, 13.525, 5.975], "rotation": 180, "texture": "#layer0"},
				"down": {"uv": [13.525, 5.525, 13.975, 5.975], "texture": "#layer0"}
			}
		},
		{
			"name": "wooden_hoe_75",
			"from": [9.5, 9.5, 7.75],
			"to": [10, 10, 8.25],
			"faces": {
				"north": {"uv": [9.525, 6.475, 9.975, 6.025], "rotation": 180, "texture": "#layer0"},
				"south": {"uv": [9.525, 6.025, 9.975, 6.475], "texture": "#layer0"},
				"west": {"uv": [9.525, 6.025, 9.975, 6.475], "texture": "#layer0"},
				"up": {"uv": [9.975, 6.025, 9.525, 6.475], "rotation": 180, "texture": "#layer0"}
			}
		},
		{
			"name": "wooden_hoe_76",
			"from": [10, 9.5, 7.65],
			"to": [10.5, 10, 8.35],
			"faces": {
				"north": {"uv": [10.025, 6.475, 10.475, 6.025], "rotation": 180, "texture": "#layer0"},
				"south": {"uv": [10.025, 6.025, 10.475, 6.475], "texture": "#layer0"},
				"west": {"uv": [10.025, 6.025, 10.475, 6.475], "texture": "#layer0"},
				"up": {"uv": [10.475, 6.025, 10.025, 6.475], "rotation": 180, "texture": "#layer0"}
			}
		},
		{
			"name": "wooden_hoe_77",
			"from": [10.5, 9.5, 7.55],
			"to": [11, 10, 8.45],
			"faces": {
				"north": {"uv": [10.525, 6.475, 10.975, 6.025], "rotation": 180, "texture": "#layer0"},
				"east": {"uv": [10.525, 6.025, 10.975, 6.475], "texture": "#layer0"},
				"south": {"uv": [10.525, 6.025, 10.975, 6.475], "texture": "#layer0"},
				"west": {"uv": [10.525, 6.025, 10.975, 6.475], "texture": "#layer0"},
				"up": {"uv": [10.975, 6.025, 10.525, 6.475], "rotation": 180, "texture": "#layer0"},
				"down": {"uv": [10.525, 6.025, 10.975, 6.475], "texture": "#layer0"}
			}
		},
		{
			"name": "wooden_hoe_78",
			"from": [11, 9.5, 7.65],
			"to": [11.5, 10, 8.35],
			"faces": {
				"north": {"uv": [11.025, 6.475, 11.475, 6.025], "rotation": 180, "texture": "#layer0"},
				"south": {"uv": [11.025, 6.025, 11.475, 6.475], "texture": "#layer0"},
				"down": {"uv": [11.025, 6.025, 11.475, 6.475], "texture": "#layer0"}
			}
		},
		{
			"name": "wooden_hoe_79",
			"from": [11.5, 9.5, 7.55],
			"to": [12, 10, 8.45],
			"faces": {
				"north": {"uv": [11.525, 6.475, 11.975, 6.025], "rotation": 180, "texture": "#layer0"},
				"east": {"uv": [11.525, 6.025, 11.975, 6.475], "texture": "#layer0"},
				"south": {"uv": [11.525, 6.025, 11.975, 6.475], "texture": "#layer0"},
				"west": {"uv": [11.525, 6.025, 11.975, 6.475], "texture": "#layer0"},
				"down": {"uv": [11.525, 6.025, 11.975, 6.475], "texture": "#layer0"}
			}
		},
		{
			"name": "wooden_hoe_80",
			"from": [12, 9.5, 7.65],
			"to": [12.5, 10, 8.35],
			"faces": {
				"north": {"uv": [12.025, 6.475, 12.475, 6.025], "rotation": 180, "texture": "#layer0"},
				"south": {"uv": [12.025, 6.025, 12.475, 6.475], "texture": "#layer0"},
				"down": {"uv": [12.025, 6.025, 12.475, 6.475], "texture": "#layer0"}
			}
		},
		{
			"name": "wooden_hoe_81",
			"from": [12.5, 9.5, 7.65],
			"to": [13, 10, 8.35],
			"faces": {
				"north": {"uv": [12.525, 6.475, 12.975, 6.025], "rotation": 180, "texture": "#layer0"},
				"east": {"uv": [12.525, 6.025, 12.975, 6.475], "texture": "#layer0"},
				"south": {"uv": [12.525, 6.025, 12.975, 6.475], "texture": "#layer0"},
				"down": {"uv": [12.525, 6.025, 12.975, 6.475], "texture": "#layer0"}
			}
		},
		{
			"name": "wooden_hoe_82",
			"from": [13, 9.5, 7.75],
			"to": [13.5, 10, 8.25],
			"faces": {
				"north": {"uv": [13.025, 6.475, 13.475, 6.025], "rotation": 180, "texture": "#layer0"},
				"east": {"uv": [13.025, 6.025, 13.475, 6.475], "texture": "#layer0"},
				"south": {"uv": [13.025, 6.025, 13.475, 6.475], "texture": "#layer0"},
				"down": {"uv": [13.025, 6.025, 13.475, 6.475], "texture": "#layer0"}
			}
		},
		{
			"name": "wooden_hoe_83",
			"from": [9, 9, 7.75],
			"to": [9.5, 9.5, 8.25],
			"faces": {
				"north": {"uv": [9.025, 6.975, 9.475, 6.525], "rotation": 180, "texture": "#layer0"},
				"south": {"uv": [9.025, 6.525, 9.475, 6.975], "texture": "#layer0"},
				"west": {"uv": [9.025, 6.525, 9.475, 6.975], "texture": "#layer0"},
				"up": {"uv": [9.475, 6.525, 9.025, 6.975], "rotation": 180, "texture": "#layer0"}
			}
		},
		{
			"name": "wooden_hoe_84",
			"from": [9.5, 9, 7.65],
			"to": [10, 9.5, 8.35],
			"faces": {
				"north": {"uv": [9.525, 6.975, 9.975, 6.525], "rotation": 180, "texture": "#layer0"},
				"south": {"uv": [9.525, 6.525, 9.975, 6.975], "texture": "#layer0"},
				"west": {"uv": [9.525, 6.525, 9.975, 6.975], "texture": "#layer0"},
				"up": {"uv": [9.975, 6.525, 9.525, 6.975], "rotation": 180, "texture": "#layer0"}
			}
		},
		{
			"name": "wooden_hoe_85",
			"from": [10, 9, 7.55],
			"to": [10.5, 9.5, 8.45],
			"faces": {
				"north": {"uv": [10.025, 6.975, 10.475, 6.525], "rotation": 180, "texture": "#layer0"},
				"east": {"uv": [10.025, 6.525, 10.475, 6.975], "texture": "#layer0"},
				"south": {"uv": [10.025, 6.525, 10.475, 6.975], "texture": "#layer0"},
				"west": {"uv": [10.025, 6.525, 10.475, 6.975], "texture": "#layer0"},
				"up": {"uv": [10.475, 6.525, 10.025, 6.975], "rotation": 180, "texture": "#layer0"},
				"down": {"uv": [10.025, 6.525, 10.475, 6.975], "texture": "#layer0"}
			}
		},
		{
			"name": "wooden_hoe_86",
			"from": [10.5, 9, 7.65],
			"to": [11, 9.5, 8.35],
			"faces": {
				"north": {"uv": [10.525, 6.975, 10.975, 6.525], "rotation": 180, "texture": "#layer0"},
				"east": {"uv": [10.525, 6.525, 10.975, 6.975], "texture": "#layer0"},
				"south": {"uv": [10.525, 6.525, 10.975, 6.975], "texture": "#layer0"},
				"down": {"uv": [10.525, 6.525, 10.975, 6.975], "texture": "#layer0"}
			}
		},
		{
			"name": "wooden_hoe_87",
			"from": [11, 9, 7.75],
			"to": [11.5, 9.5, 8.25],
			"faces": {
				"north": {"uv": [11.025, 6.975, 11.475, 6.525], "rotation": 180, "texture": "#layer0"},
				"east": {"uv": [11.025, 6.525, 11.475, 6.975], "texture": "#layer0"},
				"south": {"uv": [11.025, 6.525, 11.475, 6.975], "texture": "#layer0"},
				"down": {"uv": [11.025, 6.525, 11.475, 6.975], "texture": "#layer0"}
			}
		},
		{
			"name": "wooden_hoe_88",
			"from": [12, 9, 7.75],
			"to": [12.5, 9.5, 8.25],
			"faces": {
				"north": {"uv": [12.025, 6.975, 12.475, 6.525], "rotation": 180, "texture": "#layer0"},
				"south": {"uv": [12.025, 6.525, 12.475, 6.975], "texture": "#layer0"},
				"west": {"uv": [12.025, 6.525, 12.475, 6.975], "texture": "#layer0"},
				"down": {"uv": [12.025, 6.525, 12.475, 6.975], "texture": "#layer0"}
			}
		},
		{
			"name": "wooden_hoe_89",
			"from": [12.5, 9, 7.75],
			"to": [13, 9.5, 8.25],
			"faces": {
				"north": {"uv": [12.525, 6.975, 12.975, 6.525], "rotation": 180, "texture": "#layer0"},
				"east": {"uv": [12.525, 6.525, 12.975, 6.975], "texture": "#layer0"},
				"south": {"uv": [12.525, 6.525, 12.975, 6.975], "texture": "#layer0"},
				"down": {"uv": [12.525, 6.525, 12.975, 6.975], "texture": "#layer0"}
			}
		},
		{
			"name": "wooden_hoe_90",
			"from": [8.5, 8.5, 7.75],
			"to": [9, 9, 8.25],
			"faces": {
				"north": {"uv": [8.525, 7.475, 8.975, 7.025], "rotation": 180, "texture": "#layer0"},
				"south": {"uv": [8.525, 7.025, 8.975, 7.475], "texture": "#layer0"},
				"west": {"uv": [8.525, 7.025, 8.975, 7.475], "texture": "#layer0"},
				"up": {"uv": [8.975, 7.025, 8.525, 7.475], "rotation": 180, "texture": "#layer0"}
			}
		},
		{
			"name": "wooden_hoe_91",
			"from": [9, 8.5, 7.65],
			"to": [9.5, 9, 8.35],
			"faces": {
				"north": {"uv": [9.025, 7.475, 9.475, 7.025], "rotation": 180, "texture": "#layer0"},
				"south": {"uv": [9.025, 7.025, 9.475, 7.475], "texture": "#layer0"},
				"west": {"uv": [9.025, 7.025, 9.475, 7.475], "texture": "#layer0"},
				"up": {"uv": [9.475, 7.025, 9.025, 7.475], "rotation": 180, "texture": "#layer0"}
			}
		},
		{
			"name": "wooden_hoe_92",
			"from": [9.5, 8.5, 7.55],
			"to": [10, 9, 8.45],
			"faces": {
				"north": {"uv": [9.525, 7.475, 9.975, 7.025], "rotation": 180, "texture": "#layer0"},
				"east": {"uv": [9.525, 7.025, 9.975, 7.475], "texture": "#layer0"},
				"south": {"uv": [9.525, 7.025, 9.975, 7.475], "texture": "#layer0"},
				"west": {"uv": [9.525, 7.025, 9.975, 7.475], "texture": "#layer0"},
				"up": {"uv": [9.975, 7.025, 9.525, 7.475], "rotation": 180, "texture": "#layer0"},
				"down": {"uv": [9.525, 7.025, 9.975, 7.475], "texture": "#layer0"}
			}
		},
		{
			"name": "wooden_hoe_93",
			"from": [10, 8.5, 7.65],
			"to": [10.5, 9, 8.35],
			"faces": {
				"north": {"uv": [10.025, 7.475, 10.475, 7.025], "rotation": 180, "texture": "#layer0"},
				"east": {"uv": [10.025, 7.025, 10.475, 7.475], "texture": "#layer0"},
				"south": {"uv": [10.025, 7.025, 10.475, 7.475], "texture": "#layer0"},
				"down": {"uv": [10.025, 7.025, 10.475, 7.475], "texture": "#layer0"}
			}
		},
		{
			"name": "wooden_hoe_94",
			"from": [10.5, 8.5, 7.75],
			"to": [11, 9, 8.25],
			"faces": {
				"north": {"uv": [10.525, 7.475, 10.975, 7.025], "rotation": 180, "texture": "#layer0"},
				"east": {"uv": [10.525, 7.025, 10.975, 7.475], "texture": "#layer0"},
				"south": {"uv": [10.525, 7.025, 10.975, 7.475], "texture": "#layer0"},
				"down": {"uv": [10.525, 7.025, 10.975, 7.475], "texture": "#layer0"}
			}
		},
		{
			"name": "wooden_hoe_95",
			"from": [8, 8, 7.75],
			"to": [8.5, 8.5, 8.25],
			"faces": {
				"north": {"uv": [8.025, 7.975, 8.475, 7.525], "rotation": 180, "texture": "#layer0"},
				"south": {"uv": [8.025, 7.525, 8.475, 7.975], "texture": "#layer0"},
				"west": {"uv": [8.025, 7.525, 8.475, 7.975], "texture": "#layer0"},
				"up": {"uv": [8.475, 7.525, 8.025, 7.975], "rotation": 180, "texture": "#layer0"}
			}
		},
		{
			"name": "wooden_hoe_96",
			"from": [8.5, 8, 7.65],
			"to": [9, 8.5, 8.35],
			"faces": {
				"north": {"uv": [8.525, 7.975, 8.975, 7.525], "rotation": 180, "texture": "#layer0"},
				"south": {"uv": [8.525, 7.525, 8.975, 7.975], "texture": "#layer0"},
				"west": {"uv": [8.525, 7.525, 8.975, 7.975], "texture": "#layer0"},
				"up": {"uv": [8.975, 7.525, 8.525, 7.975], "rotation": 180, "texture": "#layer0"}
			}
		},
		{
			"name": "wooden_hoe_97",
			"from": [9, 8, 7.55],
			"to": [9.5, 8.5, 8.45],
			"faces": {
				"north": {"uv": [9.025, 7.975, 9.475, 7.525], "rotation": 180, "texture": "#layer0"},
				"east": {"uv": [9.025, 7.525, 9.475, 7.975], "texture": "#layer0"},
				"south": {"uv": [9.025, 7.525, 9.475, 7.975], "texture": "#layer0"},
				"west": {"uv": [9.025, 7.525, 9.475, 7.975], "texture": "#layer0"},
				"up": {"uv": [9.475, 7.525, 9.025, 7.975], "rotation": 180, "texture": "#layer0"},
				"down": {"uv": [9.025, 7.525, 9.475, 7.975], "texture": "#layer0"}
			}
		},
		{
			"name": "wooden_hoe_98",
			"from": [9.5, 8, 7.65],
			"to": [10, 8.5, 8.35],
			"faces": {
				"north": {"uv": [9.525, 7.975, 9.975, 7.525], "rotation": 180, "texture": "#layer0"},
				"east": {"uv": [9.525, 7.525, 9.975, 7.975], "texture": "#layer0"},
				"south": {"uv": [9.525, 7.525, 9.975, 7.975], "texture": "#layer0"},
				"down": {"uv": [9.525, 7.525, 9.975, 7.975], "texture": "#layer0"}
			}
		},
		{
			"name": "wooden_hoe_99",
			"from": [10, 8, 7.75],
			"to": [10.5, 8.5, 8.25],
			"faces": {
				"north": {"uv": [10.025, 7.975, 10.475, 7.525], "rotation": 180, "texture": "#layer0"},
				"east": {"uv": [10.025, 7.525, 10.475, 7.975], "texture": "#layer0"},
				"south": {"uv": [10.025, 7.525, 10.475, 7.975], "texture": "#layer0"},
				"down": {"uv": [10.025, 7.525, 10.475, 7.975], "texture": "#layer0"}
			}
		},
		{
			"name": "wooden_hoe_100",
			"from": [7.5, 7.5, 7.75],
			"to": [8, 8, 8.25],
			"faces": {
				"north": {"uv": [7.525, 8.475, 7.975, 8.025], "rotation": 180, "texture": "#layer0"},
				"south": {"uv": [7.525, 8.025, 7.975, 8.475], "texture": "#layer0"},
				"west": {"uv": [7.525, 8.025, 7.975, 8.475], "texture": "#layer0"},
				"up": {"uv": [7.975, 8.025, 7.525, 8.475], "rotation": 180, "texture": "#layer0"}
			}
		},
		{
			"name": "wooden_hoe_101",
			"from": [8, 7.5, 7.65],
			"to": [8.5, 8, 8.35],
			"faces": {
				"north": {"uv": [8.025, 8.475, 8.475, 8.025], "rotation": 180, "texture": "#layer0"},
				"south": {"uv": [8.025, 8.025, 8.475, 8.475], "texture": "#layer0"},
				"west": {"uv": [8.025, 8.025, 8.475, 8.475], "texture": "#layer0"},
				"up": {"uv": [8.475, 8.025, 8.025, 8.475], "rotation": 180, "texture": "#layer0"}
			}
		},
		{
			"name": "wooden_hoe_102",
			"from": [8.5, 7.5, 7.55],
			"to": [9, 8, 8.45],
			"faces": {
				"north": {"uv": [8.525, 8.475, 8.975, 8.025], "rotation": 180, "texture": "#layer0"},
				"east": {"uv": [8.525, 8.025, 8.975, 8.475], "texture": "#layer0"},
				"south": {"uv": [8.525, 8.025, 8.975, 8.475], "texture": "#layer0"},
				"west": {"uv": [8.525, 8.025, 8.975, 8.475], "texture": "#layer0"},
				"up": {"uv": [8.975, 8.025, 8.525, 8.475], "rotation": 180, "texture": "#layer0"},
				"down": {"uv": [8.525, 8.025, 8.975, 8.475], "texture": "#layer0"}
			}
		},
		{
			"name": "wooden_hoe_103",
			"from": [9, 7.5, 7.65],
			"to": [9.5, 8, 8.35],
			"faces": {
				"north": {"uv": [9.025, 8.475, 9.475, 8.025], "rotation": 180, "texture": "#layer0"},
				"east": {"uv": [9.025, 8.025, 9.475, 8.475], "texture": "#layer0"},
				"south": {"uv": [9.025, 8.025, 9.475, 8.475], "texture": "#layer0"},
				"down": {"uv": [9.025, 8.025, 9.475, 8.475], "texture": "#layer0"}
			}
		},
		{
			"name": "wooden_hoe_104",
			"from": [9.5, 7.5, 7.75],
			"to": [10, 8, 8.25],
			"faces": {
				"north": {"uv": [9.525, 8.475, 9.975, 8.025], "rotation": 180, "texture": "#layer0"},
				"east": {"uv": [9.525, 8.025, 9.975, 8.475], "texture": "#layer0"},
				"south": {"uv": [9.525, 8.025, 9.975, 8.475], "texture": "#layer0"},
				"down": {"uv": [9.525, 8.025, 9.975, 8.475], "texture": "#layer0"}
			}
		},
		{
			"name": "wooden_hoe_105",
			"from": [7, 7, 7.75],
			"to": [7.5, 7.5, 8.25],
			"faces": {
				"north": {"uv": [7.025, 8.975, 7.475, 8.525], "rotation": 180, "texture": "#layer0"},
				"south": {"uv": [7.025, 8.525, 7.475, 8.975], "texture": "#layer0"},
				"west": {"uv": [7.025, 8.525, 7.475, 8.975], "texture": "#layer0"},
				"up": {"uv": [7.475, 8.525, 7.025, 8.975], "rotation": 180, "texture": "#layer0"}
			}
		},
		{
			"name": "wooden_hoe_106",
			"from": [7.5, 7, 7.65],
			"to": [8, 7.5, 8.35],
			"faces": {
				"north": {"uv": [7.525, 8.975, 7.975, 8.525], "rotation": 180, "texture": "#layer0"},
				"south": {"uv": [7.525, 8.525, 7.975, 8.975], "texture": "#layer0"},
				"west": {"uv": [7.525, 8.525, 7.975, 8.975], "texture": "#layer0"},
				"up": {"uv": [7.975, 8.525, 7.525, 8.975], "rotation": 180, "texture": "#layer0"}
			}
		},
		{
			"name": "wooden_hoe_107",
			"from": [8, 7, 7.55],
			"to": [8.5, 7.5, 8.45],
			"faces": {
				"north": {"uv": [8.025, 8.975, 8.475, 8.525], "rotation": 180, "texture": "#layer0"},
				"east": {"uv": [8.025, 8.525, 8.475, 8.975], "texture": "#layer0"},
				"south": {"uv": [8.025, 8.525, 8.475, 8.975], "texture": "#layer0"},
				"west": {"uv": [8.025, 8.525, 8.475, 8.975], "texture": "#layer0"},
				"up": {"uv": [8.475, 8.525, 8.025, 8.975], "rotation": 180, "texture": "#layer0"},
				"down": {"uv": [8.025, 8.525, 8.475, 8.975], "texture": "#layer0"}
			}
		},
		{
			"name": "wooden_hoe_108",
			"from": [8.5, 7, 7.65],
			"to": [9, 7.5, 8.35],
			"faces": {
				"north": {"uv": [8.525, 8.975, 8.975, 8.525], "rotation": 180, "texture": "#layer0"},
				"east": {"uv": [8.525, 8.525, 8.975, 8.975], "texture": "#layer0"},
				"south": {"uv": [8.525, 8.525, 8.975, 8.975], "texture": "#layer0"},
				"down": {"uv": [8.525, 8.525, 8.975, 8.975], "texture": "#layer0"}
			}
		},
		{
			"name": "wooden_hoe_109",
			"from": [9, 7, 7.75],
			"to": [9.5, 7.5, 8.25],
			"faces": {
				"north": {"uv": [9.025, 8.975, 9.475, 8.525], "rotation": 180, "texture": "#layer0"},
				"east": {"uv": [9.025, 8.525, 9.475, 8.975], "texture": "#layer0"},
				"south": {"uv": [9.025, 8.525, 9.475, 8.975], "texture": "#layer0"},
				"down": {"uv": [9.025, 8.525, 9.475, 8.975], "texture": "#layer0"}
			}
		},
		{
			"name": "wooden_hoe_110",
			"from": [6.5, 6.5, 7.75],
			"to": [7, 7, 8.25],
			"faces": {
				"north": {"uv": [6.525, 9.475, 6.975, 9.025], "rotation": 180, "texture": "#layer0"},
				"south": {"uv": [6.525, 9.025, 6.975, 9.475], "texture": "#layer0"},
				"west": {"uv": [6.525, 9.025, 6.975, 9.475], "texture": "#layer0"},
				"up": {"uv": [6.975, 9.025, 6.525, 9.475], "rotation": 180, "texture": "#layer0"}
			}
		},
		{
			"name": "wooden_hoe_111",
			"from": [7, 6.5, 7.65],
			"to": [7.5, 7, 8.35],
			"faces": {
				"north": {"uv": [7.025, 9.475, 7.475, 9.025], "rotation": 180, "texture": "#layer0"},
				"south": {"uv": [7.025, 9.025, 7.475, 9.475], "texture": "#layer0"},
				"west": {"uv": [7.025, 9.025, 7.475, 9.475], "texture": "#layer0"},
				"up": {"uv": [7.475, 9.025, 7.025, 9.475], "rotation": 180, "texture": "#layer0"}
			}
		},
		{
			"name": "wooden_hoe_112",
			"from": [7.5, 6.5, 7.55],
			"to": [8, 7, 8.45],
			"faces": {
				"north": {"uv": [7.525, 9.475, 7.975, 9.025], "rotation": 180, "texture": "#layer0"},
				"east": {"uv": [7.525, 9.025, 7.975, 9.475], "texture": "#layer0"},
				"south": {"uv": [7.525, 9.025, 7.975, 9.475], "texture": "#layer0"},
				"west": {"uv": [7.525, 9.025, 7.975, 9.475], "texture": "#layer0"},
				"up": {"uv": [7.975, 9.025, 7.525, 9.475], "rotation": 180, "texture": "#layer0"},
				"down": {"uv": [7.525, 9.025, 7.975, 9.475], "texture": "#layer0"}
			}
		},
		{
			"name": "wooden_hoe_113",
			"from": [8, 6.5, 7.65],
			"to": [8.5, 7, 8.35],
			"faces": {
				"north": {"uv": [8.025, 9.475, 8.475, 9.025], "rotation": 180, "texture": "#layer0"},
				"east": {"uv": [8.025, 9.025, 8.475, 9.475], "texture": "#layer0"},
				"south": {"uv": [8.025, 9.025, 8.475, 9.475], "texture": "#layer0"},
				"down": {"uv": [8.025, 9.025, 8.475, 9.475], "texture": "#layer0"}
			}
		},
		{
			"name": "wooden_hoe_114",
			"from": [8.5, 6.5, 7.75],
			"to": [9, 7, 8.25],
			"faces": {
				"north": {"uv": [8.525, 9.475, 8.975, 9.025], "rotation": 180, "texture": "#layer0"},
				"east": {"uv": [8.525, 9.025, 8.975, 9.475], "texture": "#layer0"},
				"south": {"uv": [8.525, 9.025, 8.975, 9.475], "texture": "#layer0"},
				"down": {"uv": [8.525, 9.025, 8.975, 9.475], "texture": "#layer0"}
			}
		},
		{
			"name": "wooden_hoe_115",
			"from": [6, 6, 7.75],
			"to": [6.5, 6.5, 8.25],
			"faces": {
				"north": {"uv": [6.025, 9.975, 6.475, 9.525], "rotation": 180, "texture": "#layer0"},
				"south": {"uv": [6.025, 9.525, 6.475, 9.975], "texture": "#layer0"},
				"west": {"uv": [6.025, 9.525, 6.475, 9.975], "texture": "#layer0"},
				"up": {"uv": [6.475, 9.525, 6.025, 9.975], "rotation": 180, "texture": "#layer0"}
			}
		},
		{
			"name": "wooden_hoe_116",
			"from": [6.5, 6, 7.65],
			"to": [7, 6.5, 8.35],
			"faces": {
				"north": {"uv": [6.525, 9.975, 6.975, 9.525], "rotation": 180, "texture": "#layer0"},
				"south": {"uv": [6.525, 9.525, 6.975, 9.975], "texture": "#layer0"},
				"west": {"uv": [6.525, 9.525, 6.975, 9.975], "texture": "#layer0"},
				"up": {"uv": [6.975, 9.525, 6.525, 9.975], "rotation": 180, "texture": "#layer0"}
			}
		},
		{
			"name": "wooden_hoe_117",
			"from": [7, 6, 7.55],
			"to": [7.5, 6.5, 8.45],
			"faces": {
				"north": {"uv": [7.025, 9.975, 7.475, 9.525], "rotation": 180, "texture": "#layer0"},
				"east": {"uv": [7.025, 9.525, 7.475, 9.975], "texture": "#layer0"},
				"south": {"uv": [7.025, 9.525, 7.475, 9.975], "texture": "#layer0"},
				"west": {"uv": [7.025, 9.525, 7.475, 9.975], "texture": "#layer0"},
				"up": {"uv": [7.475, 9.525, 7.025, 9.975], "rotation": 180, "texture": "#layer0"},
				"down": {"uv": [7.025, 9.525, 7.475, 9.975], "texture": "#layer0"}
			}
		},
		{
			"name": "wooden_hoe_118",
			"from": [7.5, 6, 7.65],
			"to": [8, 6.5, 8.35],
			"faces": {
				"north": {"uv": [7.525, 9.975, 7.975, 9.525], "rotation": 180, "texture": "#layer0"},
				"east": {"uv": [7.525, 9.525, 7.975, 9.975], "texture": "#layer0"},
				"south": {"uv": [7.525, 9.525, 7.975, 9.975], "texture": "#layer0"},
				"down": {"uv": [7.525, 9.525, 7.975, 9.975], "texture": "#layer0"}
			}
		},
		{
			"name": "wooden_hoe_119",
			"from": [8, 6, 7.75],
			"to": [8.5, 6.5, 8.25],
			"faces": {
				"north": {"uv": [8.025, 9.975, 8.475, 9.525], "rotation": 180, "texture": "#layer0"},
				"east": {"uv": [8.025, 9.525, 8.475, 9.975], "texture": "#layer0"},
				"south": {"uv": [8.025, 9.525, 8.475, 9.975], "texture": "#layer0"},
				"down": {"uv": [8.025, 9.525, 8.475, 9.975], "texture": "#layer0"}
			}
		},
		{
			"name": "wooden_hoe_120",
			"from": [5.5, 5.5, 7.75],
			"to": [6, 6, 8.25],
			"faces": {
				"north": {"uv": [5.525, 10.475, 5.975, 10.025], "rotation": 180, "texture": "#layer0"},
				"south": {"uv": [5.525, 10.025, 5.975, 10.475], "texture": "#layer0"},
				"west": {"uv": [5.525, 10.025, 5.975, 10.475], "texture": "#layer0"},
				"up": {"uv": [5.975, 10.025, 5.525, 10.475], "rotation": 180, "texture": "#layer0"}
			}
		},
		{
			"name": "wooden_hoe_121",
			"from": [6, 5.5, 7.65],
			"to": [6.5, 6, 8.35],
			"faces": {
				"north": {"uv": [6.025, 10.475, 6.475, 10.025], "rotation": 180, "texture": "#layer0"},
				"south": {"uv": [6.025, 10.025, 6.475, 10.475], "texture": "#layer0"},
				"west": {"uv": [6.025, 10.025, 6.475, 10.475], "texture": "#layer0"},
				"up": {"uv": [6.475, 10.025, 6.025, 10.475], "rotation": 180, "texture": "#layer0"}
			}
		},
		{
			"name": "wooden_hoe_122",
			"from": [6.5, 5.5, 7.55],
			"to": [7, 6, 8.45],
			"faces": {
				"north": {"uv": [6.525, 10.475, 6.975, 10.025], "rotation": 180, "texture": "#layer0"},
				"east": {"uv": [6.525, 10.025, 6.975, 10.475], "texture": "#layer0"},
				"south": {"uv": [6.525, 10.025, 6.975, 10.475], "texture": "#layer0"},
				"west": {"uv": [6.525, 10.025, 6.975, 10.475], "texture": "#layer0"},
				"up": {"uv": [6.975, 10.025, 6.525, 10.475], "rotation": 180, "texture": "#layer0"},
				"down": {"uv": [6.525, 10.025, 6.975, 10.475], "texture": "#layer0"}
			}
		},
		{
			"name": "wooden_hoe_123",
			"from": [7, 5.5, 7.65],
			"to": [7.5, 6, 8.35],
			"faces": {
				"north": {"uv": [7.025, 10.475, 7.475, 10.025], "rotation": 180, "texture": "#layer0"},
				"east": {"uv": [7.025, 10.025, 7.475, 10.475], "texture": "#layer0"},
				"south": {"uv": [7.025, 10.025, 7.475, 10.475], "texture": "#layer0"},
				"down": {"uv": [7.025, 10.025, 7.475, 10.475], "texture": "#layer0"}
			}
		},
		{
			"name": "wooden_hoe_124",
			"from": [7.5, 5.5, 7.75],
			"to": [8, 6, 8.25],
			"faces": {
				"north": {"uv": [7.525, 10.475, 7.975, 10.025], "rotation": 180, "texture": "#layer0"},
				"east": {"uv": [7.525, 10.025, 7.975, 10.475], "texture": "#layer0"},
				"south": {"uv": [7.525, 10.025, 7.975, 10.475], "texture": "#layer0"},
				"down": {"uv": [7.525, 10.025, 7.975, 10.475], "texture": "#layer0"}
			}
		},
		{
			"name": "wooden_hoe_125",
			"from": [5, 5, 7.75],
			"to": [5.5, 5.5, 8.25],
			"faces": {
				"north": {"uv": [5.025, 10.975, 5.475, 10.525], "rotation": 180, "texture": "#layer0"},
				"south": {"uv": [5.025, 10.525, 5.475, 10.975], "texture": "#layer0"},
				"west": {"uv": [5.025, 10.525, 5.475, 10.975], "texture": "#layer0"},
				"up": {"uv": [5.475, 10.525, 5.025, 10.975], "rotation": 180, "texture": "#layer0"}
			}
		},
		{
			"name": "wooden_hoe_126",
			"from": [5.5, 5, 7.65],
			"to": [6, 5.5, 8.35],
			"faces": {
				"north": {"uv": [5.525, 10.975, 5.975, 10.525], "rotation": 180, "texture": "#layer0"},
				"south": {"uv": [5.525, 10.525, 5.975, 10.975], "texture": "#layer0"},
				"west": {"uv": [5.525, 10.525, 5.975, 10.975], "texture": "#layer0"},
				"up": {"uv": [5.975, 10.525, 5.525, 10.975], "rotation": 180, "texture": "#layer0"}
			}
		},
		{
			"name": "wooden_hoe_127",
			"from": [6, 5, 7.55],
			"to": [6.5, 5.5, 8.45],
			"faces": {
				"north": {"uv": [6.025, 10.975, 6.475, 10.525], "rotation": 180, "texture": "#layer0"},
				"east": {"uv": [6.025, 10.525, 6.475, 10.975], "texture": "#layer0"},
				"south": {"uv": [6.025, 10.525, 6.475, 10.975], "texture": "#layer0"},
				"west": {"uv": [6.025, 10.525, 6.475, 10.975], "texture": "#layer0"},
				"up": {"uv": [6.475, 10.525, 6.025, 10.975], "rotation": 180, "texture": "#layer0"},
				"down": {"uv": [6.025, 10.525, 6.475, 10.975], "texture": "#layer0"}
			}
		},
		{
			"name": "wooden_hoe_128",
			"from": [6.5, 5, 7.65],
			"to": [7, 5.5, 8.35],
			"faces": {
				"north": {"uv": [6.525, 10.975, 6.975, 10.525], "rotation": 180, "texture": "#layer0"},
				"east": {"uv": [6.525, 10.525, 6.975, 10.975], "texture": "#layer0"},
				"south": {"uv": [6.525, 10.525, 6.975, 10.975], "texture": "#layer0"},
				"down": {"uv": [6.525, 10.525, 6.975, 10.975], "texture": "#layer0"}
			}
		},
		{
			"name": "wooden_hoe_129",
			"from": [7, 5, 7.75],
			"to": [7.5, 5.5, 8.25],
			"faces": {
				"north": {"uv": [7.025, 10.975, 7.475, 10.525], "rotation": 180, "texture": "#layer0"},
				"east": {"uv": [7.025, 10.525, 7.475, 10.975], "texture": "#layer0"},
				"south": {"uv": [7.025, 10.525, 7.475, 10.975], "texture": "#layer0"},
				"down": {"uv": [7.025, 10.525, 7.475, 10.975], "texture": "#layer0"}
			}
		},
		{
			"name": "wooden_hoe_130",
			"from": [4.5, 4.5, 7.75],
			"to": [5, 5, 8.25],
			"faces": {
				"north": {"uv": [4.525, 11.475, 4.975, 11.025], "rotation": 180, "texture": "#layer0"},
				"south": {"uv": [4.525, 11.025, 4.975, 11.475], "texture": "#layer0"},
				"west": {"uv": [4.525, 11.025, 4.975, 11.475], "texture": "#layer0"},
				"up": {"uv": [4.975, 11.025, 4.525, 11.475], "rotation": 180, "texture": "#layer0"}
			}
		},
		{
			"name": "wooden_hoe_131",
			"from": [5, 4.5, 7.65],
			"to": [5.5, 5, 8.35],
			"faces": {
				"north": {"uv": [5.025, 11.475, 5.475, 11.025], "rotation": 180, "texture": "#layer0"},
				"south": {"uv": [5.025, 11.025, 5.475, 11.475], "texture": "#layer0"},
				"west": {"uv": [5.025, 11.025, 5.475, 11.475], "texture": "#layer0"},
				"up": {"uv": [5.475, 11.025, 5.025, 11.475], "rotation": 180, "texture": "#layer0"}
			}
		},
		{
			"name": "wooden_hoe_132",
			"from": [5.5, 4.5, 7.55],
			"to": [6, 5, 8.45],
			"faces": {
				"north": {"uv": [5.525, 11.475, 5.975, 11.025], "rotation": 180, "texture": "#layer0"},
				"east": {"uv": [5.525, 11.025, 5.975, 11.475], "texture": "#layer0"},
				"south": {"uv": [5.525, 11.025, 5.975, 11.475], "texture": "#layer0"},
				"west": {"uv": [5.525, 11.025, 5.975, 11.475], "texture": "#layer0"},
				"up": {"uv": [5.975, 11.025, 5.525, 11.475], "rotation": 180, "texture": "#layer0"},
				"down": {"uv": [5.525, 11.025, 5.975, 11.475], "texture": "#layer0"}
			}
		},
		{
			"name": "wooden_hoe_133",
			"from": [6, 4.5, 7.65],
			"to": [6.5, 5, 8.35],
			"faces": {
				"north": {"uv": [6.025, 11.475, 6.475, 11.025], "rotation": 180, "texture": "#layer0"},
				"east": {"uv": [6.025, 11.025, 6.475, 11.475], "texture": "#layer0"},
				"south": {"uv": [6.025, 11.025, 6.475, 11.475], "texture": "#layer0"},
				"down": {"uv": [6.025, 11.025, 6.475, 11.475], "texture": "#layer0"}
			}
		},
		{
			"name": "wooden_hoe_134",
			"from": [6.5, 4.5, 7.75],
			"to": [7, 5, 8.25],
			"faces": {
				"north": {"uv": [6.525, 11.475, 6.975, 11.025], "rotation": 180, "texture": "#layer0"},
				"east": {"uv": [6.525, 11.025, 6.975, 11.475], "texture": "#layer0"},
				"south": {"uv": [6.525, 11.025, 6.975, 11.475], "texture": "#layer0"},
				"down": {"uv": [6.525, 11.025, 6.975, 11.475], "texture": "#layer0"}
			}
		},
		{
			"name": "wooden_hoe_135",
			"from": [4, 4, 7.75],
			"to": [4.5, 4.5, 8.25],
			"faces": {
				"north": {"uv": [4.025, 11.975, 4.475, 11.525], "rotation": 180, "texture": "#layer0"},
				"south": {"uv": [4.025, 11.525, 4.475, 11.975], "texture": "#layer0"},
				"west": {"uv": [4.025, 11.525, 4.475, 11.975], "texture": "#layer0"},
				"up": {"uv": [4.475, 11.525, 4.025, 11.975], "rotation": 180, "texture": "#layer0"}
			}
		},
		{
			"name": "wooden_hoe_136",
			"from": [4.5, 4, 7.65],
			"to": [5, 4.5, 8.35],
			"faces": {
				"north": {"uv": [4.525, 11.975, 4.975, 11.525], "rotation": 180, "texture": "#layer0"},
				"south": {"uv": [4.525, 11.525, 4.975, 11.975], "texture": "#layer0"},
				"west": {"uv": [4.525, 11.525, 4.975, 11.975], "texture": "#layer0"},
				"up": {"uv": [4.975, 11.525, 4.525, 11.975], "rotation": 180, "texture": "#layer0"}
			}
		},
		{
			"name": "wooden_hoe_137",
			"from": [5, 4, 7.55],
			"to": [5.5, 4.5, 8.45],
			"faces": {
				"north": {"uv": [5.025, 11.975, 5.475, 11.525], "rotation": 180, "texture": "#layer0"},
				"east": {"uv": [5.025, 11.525, 5.475, 11.975], "texture": "#layer0"},
				"south": {"uv": [5.025, 11.525, 5.475, 11.975], "texture": "#layer0"},
				"west": {"uv": [5.025, 11.525, 5.475, 11.975], "texture": "#layer0"},
				"up": {"uv": [5.475, 11.525, 5.025, 11.975], "rotation": 180, "texture": "#layer0"},
				"down": {"uv": [5.025, 11.525, 5.475, 11.975], "texture": "#layer0"}
			}
		},
		{
			"name": "wooden_hoe_138",
			"from": [5.5, 4, 7.65],
			"to": [6, 4.5, 8.35],
			"faces": {
				"north": {"uv": [5.525, 11.975, 5.975, 11.525], "rotation": 180, "texture": "#layer0"},
				"east": {"uv": [5.525, 11.525, 5.975, 11.975], "texture": "#layer0"},
				"south": {"uv": [5.525, 11.525, 5.975, 11.975], "texture": "#layer0"},
				"down": {"uv": [5.525, 11.525, 5.975, 11.975], "texture": "#layer0"}
			}
		},
		{
			"name": "wooden_hoe_139",
			"from": [6, 4, 7.75],
			"to": [6.5, 4.5, 8.25],
			"faces": {
				"north": {"uv": [6.025, 11.975, 6.475, 11.525], "rotation": 180, "texture": "#layer0"},
				"east": {"uv": [6.025, 11.525, 6.475, 11.975], "texture": "#layer0"},
				"south": {"uv": [6.025, 11.525, 6.475, 11.975], "texture": "#layer0"},
				"down": {"uv": [6.025, 11.525, 6.475, 11.975], "texture": "#layer0"}
			}
		},
		{
			"name": "wooden_hoe_140",
			"from": [3.5, 3.5, 7.75],
			"to": [4, 4, 8.25],
			"faces": {
				"north": {"uv": [3.525, 12.475, 3.975, 12.025], "rotation": 180, "texture": "#layer0"},
				"south": {"uv": [3.525, 12.025, 3.975, 12.475], "texture": "#layer0"},
				"west": {"uv": [3.525, 12.025, 3.975, 12.475], "texture": "#layer0"},
				"up": {"uv": [3.975, 12.025, 3.525, 12.475], "rotation": 180, "texture": "#layer0"}
			}
		},
		{
			"name": "wooden_hoe_141",
			"from": [4, 3.5, 7.65],
			"to": [4.5, 4, 8.35],
			"faces": {
				"north": {"uv": [4.025, 12.475, 4.475, 12.025], "rotation": 180, "texture": "#layer0"},
				"south": {"uv": [4.025, 12.025, 4.475, 12.475], "texture": "#layer0"},
				"west": {"uv": [4.025, 12.025, 4.475, 12.475], "texture": "#layer0"},
				"up": {"uv": [4.475, 12.025, 4.025, 12.475], "rotation": 180, "texture": "#layer0"}
			}
		},
		{
			"name": "wooden_hoe_142",
			"from": [4.5, 3.5, 7.55],
			"to": [5, 4, 8.45],
			"faces": {
				"north": {"uv": [4.525, 12.475, 4.975, 12.025], "rotation": 180, "texture": "#layer0"},
				"east": {"uv": [4.525, 12.025, 4.975, 12.475], "texture": "#layer0"},
				"south": {"uv": [4.525, 12.025, 4.975, 12.475], "texture": "#layer0"},
				"west": {"uv": [4.525, 12.025, 4.975, 12.475], "texture": "#layer0"},
				"up": {"uv": [4.975, 12.025, 4.525, 12.475], "rotation": 180, "texture": "#layer0"},
				"down": {"uv": [4.525, 12.025, 4.975, 12.475], "texture": "#layer0"}
			}
		},
		{
			"name": "wooden_hoe_143",
			"from": [5, 3.5, 7.65],
			"to": [5.5, 4, 8.35],
			"faces": {
				"north": {"uv": [5.025, 12.475, 5.475, 12.025], "rotation": 180, "texture": "#layer0"},
				"east": {"uv": [5.025, 12.025, 5.475, 12.475], "texture": "#layer0"},
				"south": {"uv": [5.025, 12.025, 5.475, 12.475], "texture": "#layer0"},
				"down": {"uv": [5.025, 12.025, 5.475, 12.475], "texture": "#layer0"}
			}
		},
		{
			"name": "wooden_hoe_144",
			"from": [5.5, 3.5, 7.75],
			"to": [6, 4, 8.25],
			"faces": {
				"north": {"uv": [5.525, 12.475, 5.975, 12.025], "rotation": 180, "texture": "#layer0"},
				"east": {"uv": [5.525, 12.025, 5.975, 12.475], "texture": "#layer0"},
				"south": {"uv": [5.525, 12.025, 5.975, 12.475], "texture": "#layer0"},
				"down": {"uv": [5.525, 12.025, 5.975, 12.475], "texture": "#layer0"}
			}
		},
		{
			"name": "wooden_hoe_145",
			"from": [3, 3, 7.75],
			"to": [3.5, 3.5, 8.25],
			"faces": {
				"north": {"uv": [3.025, 12.975, 3.475, 12.525], "rotation": 180, "texture": "#layer0"},
				"south": {"uv": [3.025, 12.525, 3.475, 12.975], "texture": "#layer0"},
				"west": {"uv": [3.025, 12.525, 3.475, 12.975], "texture": "#layer0"},
				"up": {"uv": [3.475, 12.525, 3.025, 12.975], "rotation": 180, "texture": "#layer0"}
			}
		},
		{
			"name": "wooden_hoe_146",
			"from": [3.5, 3, 7.65],
			"to": [4, 3.5, 8.35],
			"faces": {
				"north": {"uv": [3.525, 12.975, 3.975, 12.525], "rotation": 180, "texture": "#layer0"},
				"south": {"uv": [3.525, 12.525, 3.975, 12.975], "texture": "#layer0"},
				"west": {"uv": [3.525, 12.525, 3.975, 12.975], "texture": "#layer0"},
				"up": {"uv": [3.975, 12.525, 3.525, 12.975], "rotation": 180, "texture": "#layer0"}
			}
		},
		{
			"name": "wooden_hoe_147",
			"from": [4, 3, 7.55],
			"to": [4.5, 3.5, 8.45],
			"faces": {
				"north": {"uv": [4.025, 12.975, 4.475, 12.525], "rotation": 180, "texture": "#layer0"},
				"east": {"uv": [4.025, 12.525, 4.475, 12.975], "texture": "#layer0"},
				"south": {"uv": [4.025, 12.525, 4.475, 12.975], "texture": "#layer0"},
				"west": {"uv": [4.025, 12.525, 4.475, 12.975], "texture": "#layer0"},
				"up": {"uv": [4.475, 12.525, 4.025, 12.975], "rotation": 180, "texture": "#layer0"},
				"down": {"uv": [4.025, 12.525, 4.475, 12.975], "texture": "#layer0"}
			}
		},
		{
			"name": "wooden_hoe_148",
			"from": [4.5, 3, 7.65],
			"to": [5, 3.5, 8.35],
			"faces": {
				"north": {"uv": [4.525, 12.975, 4.975, 12.525], "rotation": 180, "texture": "#layer0"},
				"east": {"uv": [4.525, 12.525, 4.975, 12.975], "texture": "#layer0"},
				"south": {"uv": [4.525, 12.525, 4.975, 12.975], "texture": "#layer0"},
				"down": {"uv": [4.525, 12.525, 4.975, 12.975], "texture": "#layer0"}
			}
		},
		{
			"name": "wooden_hoe_149",
			"from": [5, 3, 7.75],
			"to": [5.5, 3.5, 8.25],
			"faces": {
				"north": {"uv": [5.025, 12.975, 5.475, 12.525], "rotation": 180, "texture": "#layer0"},
				"east": {"uv": [5.025, 12.525, 5.475, 12.975], "texture": "#layer0"},
				"south": {"uv": [5.025, 12.525, 5.475, 12.975], "texture": "#layer0"},
				"down": {"uv": [5.025, 12.525, 5.475, 12.975], "texture": "#layer0"}
			}
		},
		{
			"name": "wooden_hoe_150",
			"from": [2.5, 2.5, 7.75],
			"to": [3, 3, 8.25],
			"faces": {
				"north": {"uv": [2.525, 13.475, 2.975, 13.025], "rotation": 180, "texture": "#layer0"},
				"south": {"uv": [2.525, 13.025, 2.975, 13.475], "texture": "#layer0"},
				"west": {"uv": [2.525, 13.025, 2.975, 13.475], "texture": "#layer0"},
				"up": {"uv": [2.975, 13.025, 2.525, 13.475], "rotation": 180, "texture": "#layer0"}
			}
		},
		{
			"name": "wooden_hoe_151",
			"from": [3, 2.5, 7.65],
			"to": [3.5, 3, 8.35],
			"faces": {
				"north": {"uv": [3.025, 13.475, 3.475, 13.025], "rotation": 180, "texture": "#layer0"},
				"south": {"uv": [3.025, 13.025, 3.475, 13.475], "texture": "#layer0"},
				"west": {"uv": [3.025, 13.025, 3.475, 13.475], "texture": "#layer0"},
				"up": {"uv": [3.475, 13.025, 3.025, 13.475], "rotation": 180, "texture": "#layer0"}
			}
		},
		{
			"name": "wooden_hoe_152",
			"from": [3.5, 2.5, 7.55],
			"to": [4, 3, 8.45],
			"faces": {
				"north": {"uv": [3.525, 13.475, 3.975, 13.025], "rotation": 180, "texture": "#layer0"},
				"east": {"uv": [3.525, 13.025, 3.975, 13.475], "texture": "#layer0"},
				"south": {"uv": [3.525, 13.025, 3.975, 13.475], "texture": "#layer0"},
				"west": {"uv": [3.525, 13.025, 3.975, 13.475], "texture": "#layer0"},
				"up": {"uv": [3.975, 13.025, 3.525, 13.475], "rotation": 180, "texture": "#layer0"},
				"down": {"uv": [3.525, 13.025, 3.975, 13.475], "texture": "#layer0"}
			}
		},
		{
			"name": "wooden_hoe_153",
			"from": [4, 2.5, 7.65],
			"to": [4.5, 3, 8.35],
			"faces": {
				"north": {"uv": [4.025, 13.475, 4.475, 13.025], "rotation": 180, "texture": "#layer0"},
				"east": {"uv": [4.025, 13.025, 4.475, 13.475], "texture": "#layer0"},
				"south": {"uv": [4.025, 13.025, 4.475, 13.475], "texture": "#layer0"},
				"down": {"uv": [4.025, 13.025, 4.475, 13.475], "texture": "#layer0"}
			}
		},
		{
			"name": "wooden_hoe_154",
			"from": [4.5, 2.5, 7.75],
			"to": [5, 3, 8.25],
			"faces": {
				"north": {"uv": [4.525, 13.475, 4.975, 13.025], "rotation": 180, "texture": "#layer0"},
				"east": {"uv": [4.525, 13.025, 4.975, 13.475], "texture": "#layer0"},
				"south": {"uv": [4.525, 13.025, 4.975, 13.475], "texture": "#layer0"},
				"down": {"uv": [4.525, 13.025, 4.975, 13.475], "texture": "#layer0"}
			}
		},
		{
			"name": "wooden_hoe_155",
			"from": [2, 2, 7.75],
			"to": [2.5, 2.5, 8.25],
			"faces": {
				"north": {"uv": [2.025, 13.975, 2.475, 13.525], "rotation": 180, "texture": "#layer0"},
				"south": {"uv": [2.025, 13.525, 2.475, 13.975], "texture": "#layer0"},
				"west": {"uv": [2.025, 13.525, 2.475, 13.975], "texture": "#layer0"},
				"up": {"uv": [2.475, 13.525, 2.025, 13.975], "rotation": 180, "texture": "#layer0"}
			}
		},
		{
			"name": "wooden_hoe_156",
			"from": [2.5, 2, 7.65],
			"to": [3, 2.5, 8.35],
			"faces": {
				"north": {"uv": [2.525, 13.975, 2.975, 13.525], "rotation": 180, "texture": "#layer0"},
				"south": {"uv": [2.525, 13.525, 2.975, 13.975], "texture": "#layer0"},
				"west": {"uv": [2.525, 13.525, 2.975, 13.975], "texture": "#layer0"},
				"up": {"uv": [2.975, 13.525, 2.525, 13.975], "rotation": 180, "texture": "#layer0"}
			}
		},
		{
			"name": "wooden_hoe_157",
			"from": [3, 2, 7.55],
			"to": [3.5, 2.5, 8.45],
			"faces": {
				"north": {"uv": [3.025, 13.975, 3.475, 13.525], "rotation": 180, "texture": "#layer0"},
				"east": {"uv": [3.025, 13.525, 3.475, 13.975], "texture": "#layer0"},
				"south": {"uv": [3.025, 13.525, 3.475, 13.975], "texture": "#layer0"},
				"west": {"uv": [3.025, 13.525, 3.475, 13.975], "texture": "#layer0"},
				"up": {"uv": [3.475, 13.525, 3.025, 13.975], "rotation": 180, "texture": "#layer0"},
				"down": {"uv": [3.025, 13.525, 3.475, 13.975], "texture": "#layer0"}
			}
		},
		{
			"name": "wooden_hoe_158",
			"from": [3.5, 2, 7.65],
			"to": [4, 2.5, 8.35],
			"faces": {
				"north": {"uv": [3.525, 13.975, 3.975, 13.525], "rotation": 180, "texture": "#layer0"},
				"east": {"uv": [3.525, 13.525, 3.975, 13.975], "texture": "#layer0"},
				"south": {"uv": [3.525, 13.525, 3.975, 13.975], "texture": "#layer0"},
				"down": {"uv": [3.525, 13.525, 3.975, 13.975], "texture": "#layer0"}
			}
		},
		{
			"name": "wooden_hoe_159",
			"from": [4, 2, 7.75],
			"to": [4.5, 2.5, 8.25],
			"faces": {
				"north": {"uv": [4.025, 13.975, 4.475, 13.525], "rotation": 180, "texture": "#layer0"},
				"east": {"uv": [4.025, 13.525, 4.475, 13.975], "texture": "#layer0"},
				"south": {"uv": [4.025, 13.525, 4.475, 13.975], "texture": "#layer0"},
				"down": {"uv": [4.025, 13.525, 4.475, 13.975], "texture": "#layer0"}
			}
		},
		{
			"name": "wooden_hoe_160",
			"from": [2, 1.5, 7.75],
			"to": [2.5, 2, 8.25],
			"faces": {
				"north": {"uv": [2.025, 14.475, 2.475, 14.025], "rotation": 180, "texture": "#layer0"},
				"south": {"uv": [2.025, 14.025, 2.475, 14.475], "texture": "#layer0"},
				"west": {"uv": [2.025, 14.025, 2.475, 14.475], "texture": "#layer0"},
				"down": {"uv": [2.025, 14.025, 2.475, 14.475], "texture": "#layer0"}
			}
		},
		{
			"name": "wooden_hoe_161",
			"from": [2.5, 1.5, 7.65],
			"to": [3, 2, 8.35],
			"faces": {
				"north": {"uv": [2.525, 14.475, 2.975, 14.025], "rotation": 180, "texture": "#layer0"},
				"south": {"uv": [2.525, 14.025, 2.975, 14.475], "texture": "#layer0"},
				"west": {"uv": [2.525, 14.025, 2.975, 14.475], "texture": "#layer0"},
				"down": {"uv": [2.525, 14.025, 2.975, 14.475], "texture": "#layer0"}
			}
		},
		{
			"name": "wooden_hoe_162",
			"from": [3, 1.5, 7.65],
			"to": [3.5, 2, 8.35],
			"faces": {
				"north": {"uv": [3.025, 14.475, 3.475, 14.025], "rotation": 180, "texture": "#layer0"},
				"east": {"uv": [3.025, 14.025, 3.475, 14.475], "texture": "#layer0"},
				"south": {"uv": [3.025, 14.025, 3.475, 14.475], "texture": "#layer0"},
				"down": {"uv": [3.025, 14.025, 3.475, 14.475], "texture": "#layer0"}
			}
		},
		{
			"name": "wooden_hoe_163",
			"from": [3.5, 1.5, 7.75],
			"to": [4, 2, 8.25],
			"faces": {
				"north": {"uv": [3.525, 14.475, 3.975, 14.025], "rotation": 180, "texture": "#layer0"},
				"east": {"uv": [3.525, 14.025, 3.975, 14.475], "texture": "#layer0"},
				"south": {"uv": [3.525, 14.025, 3.975, 14.475], "texture": "#layer0"},
				"down": {"uv": [3.525, 14.025, 3.975, 14.475], "texture": "#layer0"}
			}
		},
		{
			"name": "wooden_hoe_164",
			"from": [2.5, 1, 7.75],
			"to": [3, 1.5, 8.25],
			"faces": {
				"north": {"uv": [2.525, 14.975, 2.975, 14.525], "rotation": 180, "texture": "#layer0"},
				"south": {"uv": [2.525, 14.525, 2.975, 14.975], "texture": "#layer0"},
				"west": {"uv": [2.525, 14.525, 2.975, 14.975], "texture": "#layer0"},
				"down": {"uv": [2.525, 14.525, 2.975, 14.975], "texture": "#layer0"}
			}
		},
		{
			"name": "wooden_hoe_165",
			"from": [3, 1, 7.75],
			"to": [3.5, 1.5, 8.25],
			"faces": {
				"north": {"uv": [3.025, 14.975, 3.475, 14.525], "rotation": 180, "texture": "#layer0"},
				"east": {"uv": [3.025, 14.525, 3.475, 14.975], "texture": "#layer0"},
				"south": {"uv": [3.025, 14.525, 3.475, 14.975], "texture": "#layer0"},
				"down": {"uv": [3.025, 14.525, 3.475, 14.975], "texture": "#layer0"}
			}
		}
	],
	"groups": [
		{
			"name": "wooden_hoe",
			"origin": [8, 8, 8],
			"children": [0, 1, 2, 3, 4, 5, 6, 7, 8, 9, 10, 11, 12, 13, 14, 15, 16, 17, 18, 19, 20, 21, 22, 23, 24, 25, 26, 27, 28, 29, 30, 31, 32, 33, 34, 35, 36, 37, 38, 39, 40, 41, 42, 43, 44, 45, 46, 47, 48, 49, 50, 51, 52, 53, 54, 55, 56, 57, 58, 59, 60, 61, 62, 63, 64, 65, 66, 67, 68, 69, 70, 71, 72, 73, 74, 75, 76, 77, 78, 79, 80, 81, 82, 83, 84, 85, 86, 87, 88, 89, 90, 91, 92, 93, 94, 95, 96, 97, 98, 99, 100, 101, 102, 103, 104, 105, 106, 107, 108, 109, 110, 111, 112, 113, 114, 115, 116, 117, 118, 119, 120, 121, 122, 123, 124, 125, 126, 127, 128, 129, 130, 131, 132, 133, 134, 135, 136, 137, 138, 139, 140, 141, 142, 143, 144, 145, 146, 147, 148, 149, 150, 151, 152, 153, 154, 155, 156, 157, 158, 159, 160, 161, 162, 163, 164, 165]
		}
	]
}
