{
  "file_name": "frarm",
  "texture_size": [
    128,
    128
  ],
  "textures": {
    "layer0": "modelengine:entity/salamandra"
  },
  "elements": [
    {
      "name": "frarm_0",
      "from": [
        8.035755,
        7.906712,
        7.4723425
      ],
      "to": [
        9.313755,
        8.439213,
        8.111342
      ],
      "rotation": {
        "angle": -22.5,
        "axis": "y",
        "origin": [
          8.128244,
          8.133572,
          7.8776603
        ]
      },
      "faces": {
        "down": {
          "uv": [
            16.0,
            4.75,
            0.0,
            16.0
          ],
          "texture": "#layer0",
          "tintindex": 0
        },
        "east": {
          "uv": [
            0.0,
            4.75,
            16.0,
            16.0
          ],
          "texture": "#layer0",
          "tintindex": 0
        },
        "north": {
          "uv": [
            0.0,
            9.0,
            16.0,
            13.75
          ],
          "texture": "#layer0",
          "tintindex": 0
        },
        "south": {
          "uv": [
            0.0,
            9.0,
            16.0,
            13.75
          ],
          "texture": "#layer0",
          "tintindex": 0
        },
        "up": {
          "uv": [
            3.5,
            11.5,
            16.0,
            4.75
          ],
          "texture": "#layer0",
          "tintindex": 0
        },
        "west": {
          "uv": [
            0.0,
            4.75,
            16.0,
            16.0
          ],
          "texture": "#layer0",
          "tintindex": 0
        }
      }
    },
    {
      "name": "frarm_1",
      "from": [
        8.94056,
        8.268368,
        7.9082303
      ],
      "to": [
        10.538061,
        8.694368,
        8.54723
      ],
      "rotation": {
        "angle": -22.5,
        "axis": "z",
        "origin": [
          8.128244,
          8.133572,
          7.8776603
        ]
      },
      "faces": {
        "down": {
          "uv": [
            16.0,
            4.75,
            0.0,
            16.0
          ],
          "texture": "#layer0",
          "tintindex": 0
        },
        "east": {
          "uv": [
            5.5,
            7.75,
            10.75,
            12.75
          ],
          "texture": "#layer0",
          "tintindex": 0
        },
        "north": {
          "uv": [
            0.0,
            9.0,
            16.0,
            12.5
          ],
          "texture": "#layer0",
          "tintindex": 0
        },
        "south": {
          "uv": [
            16.0,
            5.0,
            0.0,
            8.5
          ],
          "texture": "#layer0",
          "tintindex": 0
        },
        "up": {
          "uv": [
            0.0,
            4.75,
            16.0,
            11.5
          ],
          "texture": "#layer0",
          "tintindex": 0
        },
        "west": {
          "uv": [
            5.0,
            8.0,
            10.25,
            13.0
          ],
          "texture": "#layer0",
          "tintindex": 0
        }
      }
    },
    {
      "name": "frarm_2",
      "from": [
        9.927915,
        7.267712,
        8.535374
      ],
      "to": [
        10.886415,
        7.587212,
        9.387375
      ],
      "rotation": {
        "angle": 22.5,
        "axis": "y",
        "origin": [
          8.128244,
          8.133572,
          7.8776603
        ]
      },
      "faces": {
        "down": {
          "uv": [
            16.0,
            4.75,
            0.0,
            16.0
          ],
          "texture": "#layer0",
          "tintindex": 0
        },
        "east": {
          "uv": [
            0.0,
            9.0,
            16.0,
            11.75
          ],
          "texture": "#layer0",
          "tintindex": 0
        },
        "north": {
          "uv": [
            0.0,
            9.0,
            16.0,
            11.75
          ],
          "texture": "#layer0",
          "tintindex": 0
        },
        "south": {
          "uv": [
            0.0,
            4.75,
            16.0,
            16.0
          ],
          "texture": "#layer0",
          "tintindex": 0
        },
        "up": {
          "uv": [
            0.0,
            4.75,
            7.75,
            11.5
          ],
          "texture": "#layer0",
          "tintindex": 0
        },
        "west": {
          "uv": [
            0.0,
            4.75,
            16.0,
            16.0
          ],
          "texture": "#layer0",
          "tintindex": 0
        }
      }
    },
    {
      "name": "frarm_3",
      "from": [
        10.253967,
        7.267712,
        8.174229
      ],
      "to": [
        10.466967,
        7.480712,
        8.706728
      ],
      "rotation": {
        "angle": 22.5,
        "axis": "y",
        "origin": [
          8.128244,
          8.133572,
          7.8776603
        ]
      },
      "faces": {
        "down": {
          "uv": [
            16.0,
            4.75,
            0.0,
            16.0
          ],
          "texture": "#layer0",
          "tintindex": 0
        },
        "east": {
          "uv": [
            0.0,
            4.75,
            16.0,
            16.0
          ],
          "texture": "#layer0",
          "tintindex": 0
        },
        "north": {
          "uv": [
            0.0,
            4.75,
            16.0,
            16.0
          ],
          "texture": "#layer0",
          "tintindex": 0
        },
        "south": {
          "uv": [
            0.0,
            4.75,
            16.0,
            16.0
          ],
          "texture": "#layer0",
          "tintindex": 0
        },
        "up": {
          "uv": [
            0.0,
            8.25,
            2.5,
            13.75
          ],
          "texture": "#layer0",
          "tintindex": 0
        },
        "west": {
          "uv": [
            0.0,
            4.75,
            16.0,
            16.0
          ],
          "texture": "#layer0",
          "tintindex": 0
        }
      }
    },
    {
      "name": "frarm_4",
      "from": [
        10.512255,
        7.267712,
        6.208994
      ],
      "to": [
        10.725254,
        7.480712,
        6.741494
      ],
      "rotation": {
        "angle": -22.5,
        "axis": "y",
        "origin": [
          8.128244,
          8.133572,
          7.8776603
        ]
      },
      "faces": {
        "down": {
          "uv": [
            16.0,
            4.75,
            0.0,
            16.0
          ],
          "texture": "#layer0",
          "tintindex": 0
        },
        "east": {
          "uv": [
            0.0,
            4.75,
            16.0,
            16.0
          ],
          "texture": "#layer0",
          "tintindex": 0
        },
        "north": {
          "uv": [
            0.0,
            4.75,
            16.0,
            16.0
          ],
          "texture": "#layer0",
          "tintindex": 0
        },
        "south": {
          "uv": [
            0.0,
            4.75,
            16.0,
            16.0
          ],
          "texture": "#layer0",
          "tintindex": 0
        },
        "up": {
          "uv": [
            0.0,
            8.25,
            2.5,
            13.75
          ],
          "texture": "#layer0",
          "tintindex": 0
        },
        "west": {
          "uv": [
            0.0,
            4.75,
            16.0,
            16.0
          ],
          "texture": "#layer0",
          "tintindex": 0
        }
      }
    },
    {
      "name": "frarm_5",
      "from": [
        10.76036,
        7.267712,
        9.045116
      ],
      "to": [
        11.29286,
        7.480712,
        9.258116
      ],
      "rotation": {
        "angle": 22.5,
        "axis": "y",
        "origin": [
          8.128244,
          8.133572,
          7.8776603
        ]
      },
      "faces": {
        "down": {
          "uv": [
            16.0,
            4.75,
            0.0,
            16.0
          ],
          "texture": "#layer0",
          "tintindex": 0
        },
        "east": {
          "uv": [
            0.0,
            4.75,
            16.0,
            16.0
          ],
          "texture": "#layer0",
          "tintindex": 0
        },
        "north": {
          "uv": [
            0.0,
            4.75,
            16.0,
            16.0
          ],
          "texture": "#layer0",
          "tintindex": 0
        },
        "south": {
          "uv": [
            0.0,
            4.75,
            16.0,
            16.0
          ],
          "texture": "#layer0",
          "tintindex": 0
        },
        "up": {
          "uv": [
            0.0,
            8.25,
            2.5,
            13.75
          ],
          "texture": "#layer0",
          "tintindex": 0
        },
        "west": {
          "uv": [
            0.0,
            4.75,
            16.0,
            16.0
          ],
          "texture": "#layer0",
          "tintindex": 0
        }
      }
    }
  ],
  "display": {
    "head": {
      "translation": [
        0.0,
        -6.4,
        0.0
      ],
      "rotation": [
        0.0,
        0.0,
        0.0
      ],
      "scale": [
        3.8095,
        3.8095,
        3.8095
      ]
    },
    "gui": {
      "translation": [
        0.0,
        0.0,
        0.0
      ],
      "rotation": [
        35.0,
        225.0,
        0.0
      ],
      "scale": [
        0.625,
        0.625,
        0.625
      ]
    }
  }
}