{
	"credit": "Made with Blockbench by Juknum",
	"ambientocclusion": false,
	"textures": {
		"0": "block/beetroots_stage2",
		"particle": "block/beetroots_stage2"
	},
	"elements": [
		{
			"name": "Stem1",
			"from": [4.5, 0, -2],
			"to": [4.5, 16, 11],
			"rotation": {"angle": 45, "axis": "y", "origin": [4.5, 8, 4.5]},
			"faces": {
				"east": {"uv": [3, 0, 16, 16], "texture": "#0"},
				"west": {"uv": [3, 0, 16, 16], "texture": "#0"}
			}
		},
		{
			"name": "Stem2",
			"from": [-2, 0, 4.5],
			"to": [11, 16, 4.5],
			"rotation": {"angle": 45, "axis": "y", "origin": [4.5, 8, 4.5]},
			"faces": {
				"north": {"uv": [3, 0, 16, 16], "texture": "#0"},
				"south": {"uv": [3, 0, 16, 16], "texture": "#0"}
			}
		},
		{
			"name": "Beetroot",
			"from": [3, -1.5, 3],
			"to": [6, 0, 6],
			"rotation": {"angle": 0, "axis": "y", "origin": [4.50874, -0.49998, 4.49125]},
			"faces": {
				"north": {"uv": [3, 0, 0, 1.5], "texture": "#0"},
				"east": {"uv": [3, 0, 0, 1.5], "texture": "#0"},
				"south": {"uv": [0, 0, 3, 1.5], "texture": "#0"},
				"west": {"uv": [0, 0, 3, 1.5], "texture": "#0"},
				"up": {"uv": [0, 1, 3, 4], "texture": "#0"}
			}
		},
		{
			"name": "Stem1",
			"from": [11.5, 0, 0],
			"to": [11.5, 16, 13],
			"rotation": {"angle": 45, "axis": "y", "origin": [11.5, 8, 6.5]},
			"faces": {
				"east": {"uv": [3, 0, 16, 16], "texture": "#0"},
				"west": {"uv": [3, 0, 16, 16], "texture": "#0"}
			}
		},
		{
			"name": "Stem2",
			"from": [5, 0, 6.5],
			"to": [18, 16, 6.5],
			"rotation": {"angle": 45, "axis": "y", "origin": [11.5, 8, 6.5]},
			"faces": {
				"north": {"uv": [3, 0, 16, 16], "texture": "#0"},
				"south": {"uv": [3, 0, 16, 16], "texture": "#0"}
			}
		},
		{
			"name": "Beetroot",
			"from": [10, -1.5, 5],
			"to": [13, 0, 8],
			"rotation": {"angle": 0, "axis": "y", "origin": [11.50874, -0.49998, 6.49125]},
			"faces": {
				"north": {"uv": [3, 0, 0, 1.5], "texture": "#0"},
				"east": {"uv": [3, 0, 0, 1.5], "texture": "#0"},
				"south": {"uv": [0, 0, 3, 1.5], "texture": "#0"},
				"west": {"uv": [0, 0, 3, 1.5], "texture": "#0"},
				"up": {"uv": [0, 1, 3, 4], "texture": "#0"}
			}
		},
		{
			"name": "Stem1",
			"from": [5.5, 0, 5],
			"to": [5.5, 16, 18],
			"rotation": {"angle": 45, "axis": "y", "origin": [5.5, 8, 11.5]},
			"faces": {
				"east": {"uv": [3, 0, 16, 16], "texture": "#0"},
				"west": {"uv": [3, 0, 16, 16], "texture": "#0"}
			}
		},
		{
			"name": "Stem2",
			"from": [-1, 0, 11.5],
			"to": [12, 16, 11.5],
			"rotation": {"angle": 45, "axis": "y", "origin": [5.5, 8, 11.5]},
			"faces": {
				"north": {"uv": [3, 0, 16, 16], "texture": "#0"},
				"south": {"uv": [3, 0, 16, 16], "texture": "#0"}
			}
		},
		{
			"name": "Beetroot",
			"from": [4, -1.5, 10],
			"to": [7, 0, 13],
			"rotation": {"angle": 0, "axis": "y", "origin": [5.50874, -0.49998, 11.49125]},
			"faces": {
				"north": {"uv": [3, 0, 0, 1.5], "texture": "#0"},
				"east": {"uv": [3, 0, 0, 1.5], "texture": "#0"},
				"south": {"uv": [0, 0, 3, 1.5], "texture": "#0"},
				"west": {"uv": [0, 0, 3, 1.5], "texture": "#0"},
				"up": {"uv": [0, 1, 3, 4], "texture": "#0"},
				"down": {"uv": [0, 1, 3, 4], "texture": "#0"}
			}
		}
	],
	"groups": [
		{
			"name": "Beetroot1",
			"origin": [8, 8, 8],
			"children": [0, 1, 2]
		},
		{
			"name": "Beetroot2",
			"origin": [8, 8, 8],
			"children": [3, 4, 5]
		},
		{
			"name": "Beetroot3",
			"origin": [8, 8, 8],
			"children": [6, 7, 8]
		}
	]
}