{
	"format_version": "1.12.0",
	"minecraft:geometry": [
		{
			"description": {
				"identifier": "geometry.crab",
				"texture_width": 8,
				"texture_height": 8,
				"visible_bounds_width": 2,
				"visible_bounds_height": 1.5,
				"visible_bounds_offset": [0, 0.25, 0]
			},
			"bones": [
				{
					"name": "Crab",
					"pivot": [0.00174, 1.20573, 0.16146],
					"cubes": [
						{
							"origin": [-1.81845, 1, -0.01786],
							"size": [0.875, 0.25, 0.625],
							"uv": {
								"north": {"uv": [0.5, 2.625], "uv_size": [0.5, 0.125]},
								"east": {"uv": [0.5, 1.125], "uv_size": [0.5, 0.5]},
								"south": {"uv": [0, 0], "uv_size": [0.875, 0.25]},
								"west": {"uv": [0.438, 1.25], "uv_size": [0.5, 0.5]},
								"up": {"uv": [1.125, 2.063], "uv_size": [-0.125, -0.5]},
								"down": {"uv": [1, 3], "uv_size": [-0.5, -0.25]}
							}
						},
						{
							"origin": [-1.81845, 1, 0.98214],
							"size": [0.875, 0.25, 0.625],
							"uv": {
								"north": {"uv": [0.5, 2.625], "uv_size": [0.5, 0.125]},
								"east": {"uv": [0.5, 1.125], "uv_size": [0.5, 0.5]},
								"south": {"uv": [0, 0], "uv_size": [0.875, 0.25]},
								"west": {"uv": [0.438, 1.25], "uv_size": [0.5, 0.5]},
								"up": {"uv": [1.125, 2.063], "uv_size": [-0.125, -0.5]},
								"down": {"uv": [1, 3], "uv_size": [-0.5, -0.25]}
							}
						},
						{
							"origin": [-0.94345, 1.625, -0.76786],
							"size": [2, 0.125, 2.125],
							"uv": {
								"north": {"uv": [0, 0], "uv_size": [2, 0.125]},
								"east": {"uv": [0, 0], "uv_size": [2.25, 0.125]},
								"south": {"uv": [0, 0], "uv_size": [2, 0.125]},
								"west": {"uv": [0, 0], "uv_size": [2.25, 0.125]},
								"up": {"uv": [2, 2.25], "uv_size": [-2, -2.25]},
								"down": {"uv": [2, 2.25], "uv_size": [-2, -2.25]}
							}
						},
						{
							"origin": [0.55655, 1.375, -1.26786],
							"size": [0.25, 0.125, 0.125],
							"uv": {
								"north": {"uv": [4.5, 0.5], "uv_size": [0.25, 0.125]},
								"east": {"uv": [5.125, 1], "uv_size": [0.125, 0.125]},
								"south": {"uv": [0, 0], "uv_size": [0.25, 0.125]},
								"west": {"uv": [5.063, 1.5], "uv_size": [0.125, 0.125]},
								"up": {"uv": [5.5, 0.688], "uv_size": [-0.25, -0.125]},
								"down": {"uv": [0.25, 0.125], "uv_size": [-0.25, -0.125]}
							}
						},
						{
							"origin": [-0.56845, 1.375, -1.26786],
							"size": [0.25, 0.125, 0.125],
							"uv": {
								"north": {"uv": [4.5, 0.5], "uv_size": [0.25, 0.125]},
								"east": {"uv": [5.125, 1], "uv_size": [0.125, 0.125]},
								"south": {"uv": [0, 0], "uv_size": [0.25, 0.125]},
								"west": {"uv": [5.063, 1.5], "uv_size": [0.125, 0.125]},
								"up": {"uv": [5.5, 0.688], "uv_size": [-0.25, -0.125]},
								"down": {"uv": [0.25, 0.125], "uv_size": [-0.25, -0.125]}
							}
						},
						{
							"origin": [-1.06845, 0.75, -1.01786],
							"size": [2.25, 0.875, 2.5],
							"uv": {
								"north": {"uv": [0.438, 1.75], "uv_size": [2.25, 0.875]},
								"east": {"uv": [0, 0], "uv_size": [2.5, 0.875]},
								"south": {"uv": [0, 0], "uv_size": [2.25, 0.875]},
								"west": {"uv": [0, 0], "uv_size": [2.5, 0.875]},
								"up": {"uv": [2.25, 2.5], "uv_size": [-2.25, -2.5]},
								"down": {"uv": [2.25, 2.5], "uv_size": [-2.25, -2.5]}
							}
						},
						{
							"origin": [-1.31845, 0.875, -1.26786],
							"size": [2.75, 0.5, 3],
							"uv": {
								"north": {"uv": [0.063, 2.438], "uv_size": [2.75, 0.5]},
								"east": {"uv": [0, 0], "uv_size": [3, 0.5]},
								"south": {"uv": [0, 0], "uv_size": [2.75, 0.5]},
								"west": {"uv": [0, 0], "uv_size": [3, 0.5]},
								"up": {"uv": [2.75, 3], "uv_size": [-2.75, -3]},
								"down": {"uv": [2.75, 3], "uv_size": [-2.75, -3]}
							}
						},
						{
							"origin": [0.43155, 1, 1.10714],
							"size": [0.625, 0.25, 0.875],
							"uv": {
								"north": {"uv": [0.625, 0], "uv_size": [-0.625, 0.25]},
								"east": {"uv": [0.875, 0], "uv_size": [-0.875, 0.25]},
								"south": {"uv": [0.625, 0], "uv_size": [-0.625, 0.25]},
								"west": {"uv": [0.875, 0], "uv_size": [-0.875, 0.25]},
								"up": {"uv": [0.875, 0], "uv_size": [-0.875, 0.625]},
								"down": {"uv": [0.875, 0], "uv_size": [-0.875, 0.625]}
							}
						},
						{
							"origin": [-1.19345, 1, 1.10714],
							"size": [0.625, 0.25, 0.875],
							"uv": {
								"north": {"uv": [0, 0], "uv_size": [0.625, 0.25]},
								"east": {"uv": [0, 0], "uv_size": [0.875, 0.25]},
								"south": {"uv": [0, 0], "uv_size": [0.625, 0.25]},
								"west": {"uv": [0, 0], "uv_size": [0.875, 0.25]},
								"up": {"uv": [0.875, 0.625], "uv_size": [-0.875, -0.625]},
								"down": {"uv": [0.875, 0.625], "uv_size": [-0.875, -0.625]}
							}
						},
						{
							"origin": [0.80655, 1, 0.98214],
							"size": [0.875, 0.25, 0.625],
							"uv": {
								"north": {"uv": [0.875, 0], "uv_size": [-0.875, 0.25]},
								"east": {"uv": [0.5, 1.125], "uv_size": [0.5, 0.5]},
								"south": {"uv": [0.875, 0], "uv_size": [-0.875, 0.25]},
								"west": {"uv": [0.438, 1.25], "uv_size": [0.5, 0.5]},
								"up": {"uv": [1.125, 2.063], "uv_size": [-0.125, -0.5]},
								"down": {"uv": [0, 0.625], "uv_size": [0.875, -0.625]}
							}
						},
						{
							"origin": [0.80655, 1, -0.01786],
							"size": [0.875, 0.25, 0.625],
							"uv": {
								"north": {"uv": [0.875, 0], "uv_size": [-0.875, 0.25]},
								"east": {"uv": [0.5, 1.125], "uv_size": [0.5, 0.5]},
								"south": {"uv": [0.875, 0], "uv_size": [-0.875, 0.25]},
								"west": {"uv": [0.438, 1.25], "uv_size": [0.5, 0.5]},
								"up": {"uv": [1.125, 2.063], "uv_size": [-0.125, -0.5]},
								"down": {"uv": [0, 0.625], "uv_size": [0.875, -0.625]}
							}
						},
						{
							"origin": [0.80655, 1, -0.89286],
							"size": [0.875, 0.25, 0.625],
							"uv": {
								"north": {"uv": [0.875, 0], "uv_size": [-0.875, 0.25]},
								"east": {"uv": [0.5, 1.125], "uv_size": [0.5, 0.5]},
								"south": {"uv": [0.875, 0], "uv_size": [-0.875, 0.25]},
								"west": {"uv": [0.438, 1.25], "uv_size": [0.5, 0.5]},
								"up": {"uv": [1.125, 2.063], "uv_size": [-0.125, -0.5]},
								"down": {"uv": [0, 0.625], "uv_size": [0.875, -0.625]}
							}
						},
						{
							"origin": [-1.31845, 1, -1.01786],
							"size": [3, 0.125, 2.875],
							"uv": {
								"north": {"uv": [0, 0], "uv_size": [3, 0.125]},
								"east": {"uv": [0, 0], "uv_size": [2.875, 0.125]},
								"south": {"uv": [0, 0], "uv_size": [3, 0.125]},
								"west": {"uv": [0, 0], "uv_size": [2.875, 0.125]},
								"up": {"uv": [3, 2.875], "uv_size": [-3, -2.875]},
								"down": {"uv": [3, 2.875], "uv_size": [-3, -2.875]}
							}
						},
						{
							"origin": [-1.81845, 1, -0.89286],
							"size": [0.875, 0.25, 0.625],
							"uv": {
								"north": {"uv": [0.5, 2.625], "uv_size": [0.5, 0.125]},
								"east": {"uv": [0.5, 1.125], "uv_size": [0.5, 0.5]},
								"south": {"uv": [0, 0], "uv_size": [0.875, 0.25]},
								"west": {"uv": [0.438, 1.25], "uv_size": [0.5, 0.5]},
								"up": {"uv": [1.125, 2.063], "uv_size": [-0.125, -0.5]},
								"down": {"uv": [1, 3], "uv_size": [-0.5, -0.25]}
							}
						}
					]
				},
				{
					"name": "L1",
					"parent": "Crab",
					"pivot": [1.23562, 0.78125, -1.08482],
					"cubes": [
						{
							"origin": [1.12424, 1, -1.1835],
							"size": [0.875, 0.125, 0.375],
							"pivot": [1.21268, 0.80792, -0.99308],
							"rotation": [0, 45, 0],
							"uv": {
								"north": {"uv": [0.5, 2.625], "uv_size": [0.5, 0.125]},
								"east": {"uv": [0.5, 1.125], "uv_size": [0.5, 0.5]},
								"south": {"uv": [0.875, 0], "uv_size": [-0.875, 0.125]},
								"west": {"uv": [0.438, 1.25], "uv_size": [0.5, 0.5]},
								"up": {"uv": [1.125, 2.063], "uv_size": [-0.125, -0.5]},
								"down": {"uv": [1, 3], "uv_size": [-0.5, -0.25]}
							}
						},
						{
							"origin": [1.99924, 0.625, -1.1835],
							"size": [0.125, 0.375, 0.375],
							"pivot": [1.21268, 0.80792, -0.99308],
							"rotation": [0, 45, 0],
							"uv": {
								"north": {"uv": [0.5, 2.625], "uv_size": [0.5, 0.125]},
								"east": {"uv": [0.5, 1.125], "uv_size": [0.5, 0.5]},
								"south": {"uv": [0.125, 0], "uv_size": [-0.125, 0.5]},
								"west": {"uv": [0.438, 1.25], "uv_size": [0.5, 0.5]},
								"up": {"uv": [1.125, 2.063], "uv_size": [-0.125, -0.5]},
								"down": {"uv": [1, 3], "uv_size": [-0.5, -0.25]}
							}
						},
						{
							"origin": [1.12424, 0.625, -1.3085],
							"size": [0.875, 0.375, 0.625],
							"pivot": [1.21268, 0.80792, -0.99308],
							"rotation": [0, 45, 0],
							"uv": {
								"north": {"uv": [0.5, 2.625], "uv_size": [0.5, 0.125]},
								"east": {"uv": [0.5, 1.125], "uv_size": [0.5, 0.5]},
								"south": {"uv": [0.875, 0], "uv_size": [-0.875, 0.5]},
								"west": {"uv": [0.438, 1.25], "uv_size": [0.5, 0.5]},
								"up": {"uv": [1.125, 2.063], "uv_size": [-0.125, -0.5]},
								"down": {"uv": [1, 3], "uv_size": [-0.5, -0.25]}
							}
						},
						{
							"origin": [1.29098, 0.26326, -1.64286],
							"size": [0.375, 0.875, 0.5],
							"pivot": [1.21268, 0.80792, -0.99308],
							"rotation": [0, 0, 45],
							"uv": {
								"north": {"uv": [0.5, 2.625], "uv_size": [0.5, 0.125]},
								"east": {"uv": [0.625, 2.063], "uv_size": [0.875, -0.5]},
								"south": {"uv": [0, 0.375], "uv_size": [0.875, -0.375]},
								"west": {"uv": [0.25, 2], "uv_size": [0.875, -0.5]},
								"up": {"uv": [1.188, 2.188], "uv_size": [-0.5, 0.375]},
								"down": {"uv": [1, 3], "uv_size": [-0.5, -0.25]}
							}
						}
					]
				},
				{
					"name": "LC2",
					"parent": "L1",
					"pivot": [0.93155, 0.3125, -1.39286],
					"cubes": [
						{
							"origin": [0.52709, 0.24035, -1.51786],
							"size": [0.5, 0.125, 0.25],
							"pivot": [0.89257, 0.25502, -1.39286],
							"rotation": [0, 0, -22.5],
							"uv": {
								"north": {"uv": [0.5, 2.625], "uv_size": [0.5, 0.125]},
								"east": {"uv": [1, 1.813], "uv_size": [0.875, -0.5]},
								"south": {"uv": [0.5, 0], "uv_size": [-0.5, 0.125]},
								"west": {"uv": [0.25, 0], "uv_size": [-0.25, 0.125]},
								"up": {"uv": [1.188, 2.188], "uv_size": [-0.5, 0.375]},
								"down": {"uv": [1, 3], "uv_size": [-0.5, -0.25]}
							}
						}
					]
				},
				{
					"name": "LC1",
					"parent": "L1",
					"pivot": [1.05655, 0.3125, -1.64286],
					"cubes": [
						{
							"origin": [0.93155, 0.23032, -1.96937],
							"size": [0.25, 0.125, 0.5],
							"pivot": [1.05655, 0.24498, -1.60388],
							"rotation": [22.5, 0, 0],
							"uv": {
								"north": {"uv": [0.5, 2.625], "uv_size": [0.5, 0.125]},
								"east": {"uv": [0.5, 0.125], "uv_size": [-0.5, -0.125]},
								"south": {"uv": [0.25, 0.125], "uv_size": [-0.25, -0.125]},
								"west": {"uv": [0.5, 0.125], "uv_size": [-0.5, -0.125]},
								"up": {"uv": [1.438, 2], "uv_size": [-0.5, 0.375]},
								"down": {"uv": [1, 3], "uv_size": [-0.5, -0.25]}
							}
						}
					]
				},
				{
					"name": "L2",
					"parent": "Crab",
					"pivot": [1.6503, 1.03125, -0.58036],
					"cubes": [
						{
							"origin": [1.53837, 0.26447, -0.76786],
							"size": [0.25, 0.875, 0.375],
							"pivot": [1.64548, 0.99299, -0.58036],
							"rotation": [0, 0, -22.5],
							"uv": {
								"north": {"uv": [0.5, 2.625], "uv_size": [0.5, 0.125]},
								"east": {"uv": [0.5, 1.125], "uv_size": [0.5, 0.5]},
								"south": {"uv": [0, 0.25], "uv_size": [0.875, -0.25]},
								"west": {"uv": [0.438, 1.25], "uv_size": [0.5, 0.5]},
								"up": {"uv": [1.125, 2.063], "uv_size": [-0.125, -0.5]},
								"down": {"uv": [1, 3], "uv_size": [-0.5, -0.25]}
							}
						},
						{
							"origin": [1.22587, 0.20197, -0.64286],
							"size": [0.5, 0.125, 0.125],
							"pivot": [1.64548, 0.99299, -0.58036],
							"rotation": [0, 0, -22.5],
							"uv": {
								"north": {"uv": [0.5, 2.625], "uv_size": [0.5, 0.125]},
								"east": {"uv": [0.5, 1.125], "uv_size": [0.5, 0.5]},
								"south": {"uv": [0.5, 0], "uv_size": [-0.5, 0.125]},
								"west": {"uv": [0.438, 1.25], "uv_size": [0.5, 0.5]},
								"up": {"uv": [1.125, 2.063], "uv_size": [-0.125, -0.5]},
								"down": {"uv": [1, 3], "uv_size": [-0.5, -0.25]}
							}
						}
					]
				},
				{
					"name": "L3",
					"parent": "Crab",
					"pivot": [1.6503, 1.03125, 0.29464],
					"cubes": [
						{
							"origin": [1.52885, 0.21663, 0.10714],
							"size": [0.25, 0.875, 0.375],
							"pivot": [1.52048, 0.99299, 0.29464],
							"rotation": [0, 0, -22.5],
							"uv": {
								"north": {"uv": [0.5, 2.625], "uv_size": [0.5, 0.125]},
								"east": {"uv": [0.5, 1.125], "uv_size": [0.5, 0.5]},
								"south": {"uv": [0, 0.25], "uv_size": [0.875, -0.25]},
								"west": {"uv": [0.438, 1.25], "uv_size": [0.5, 0.5]},
								"up": {"uv": [1.125, 2.063], "uv_size": [-0.125, -0.5]},
								"down": {"uv": [1, 3], "uv_size": [-0.5, -0.25]}
							}
						},
						{
							"origin": [1.21635, 0.15413, 0.23214],
							"size": [0.5, 0.125, 0.125],
							"pivot": [1.52048, 0.99299, 0.29464],
							"rotation": [0, 0, -22.5],
							"uv": {
								"north": {"uv": [0.5, 2.625], "uv_size": [0.5, 0.125]},
								"east": {"uv": [0.5, 1.125], "uv_size": [0.5, 0.5]},
								"south": {"uv": [0.5, 0], "uv_size": [-0.5, 0.125]},
								"west": {"uv": [0.438, 1.25], "uv_size": [0.5, 0.5]},
								"up": {"uv": [1.125, 2.063], "uv_size": [-0.125, -0.5]},
								"down": {"uv": [1, 3], "uv_size": [-0.5, -0.25]}
							}
						}
					]
				},
				{
					"name": "L4",
					"parent": "Crab",
					"pivot": [1.5253, 1.03125, 1.29464],
					"cubes": [
						{
							"origin": [1.51934, 0.1688, 1.10714],
							"size": [0.25, 0.875, 0.375],
							"pivot": [1.39548, 0.99299, 1.29464],
							"rotation": [0, 0, -22.5],
							"uv": {
								"north": {"uv": [0.5, 2.625], "uv_size": [0.5, 0.125]},
								"east": {"uv": [0.5, 1.125], "uv_size": [0.5, 0.5]},
								"south": {"uv": [0, 0.25], "uv_size": [0.875, -0.25]},
								"west": {"uv": [0.438, 1.25], "uv_size": [0.5, 0.5]},
								"up": {"uv": [1.125, 2.063], "uv_size": [-0.125, -0.5]},
								"down": {"uv": [1, 3], "uv_size": [-0.5, -0.25]}
							}
						},
						{
							"origin": [1.20684, 0.1063, 1.23214],
							"size": [0.5, 0.125, 0.125],
							"pivot": [1.39548, 0.99299, 1.29464],
							"rotation": [0, 0, -22.5],
							"uv": {
								"north": {"uv": [0.5, 2.625], "uv_size": [0.5, 0.125]},
								"east": {"uv": [0.5, 1.125], "uv_size": [0.5, 0.5]},
								"south": {"uv": [0.5, 0], "uv_size": [-0.5, 0.125]},
								"west": {"uv": [0.438, 1.25], "uv_size": [0.5, 0.5]},
								"up": {"uv": [1.125, 2.063], "uv_size": [-0.125, -0.5]},
								"down": {"uv": [1, 3], "uv_size": [-0.5, -0.25]}
							}
						}
					]
				},
				{
					"name": "L5",
					"parent": "Crab",
					"pivot": [0.74405, 1.03125, 1.95089],
					"cubes": [
						{
							"origin": [0.55655, 0.21854, 1.81988],
							"size": [0.375, 0.875, 0.25],
							"pivot": [0.74405, 1.01799, 1.82107],
							"rotation": [22.5, 0, 0],
							"uv": {
								"north": {"uv": [0, 1.688], "uv_size": [0.875, 0.375]},
								"east": {"uv": [0, 0.25], "uv_size": [0.875, -0.25]},
								"south": {"uv": [0, 0.375], "uv_size": [0.875, -0.375]},
								"west": {"uv": [0, 0.25], "uv_size": [0.875, -0.25]},
								"up": {"uv": [0, 0.25], "uv_size": [0.375, -0.25]},
								"down": {"uv": [0, 0.25], "uv_size": [0.375, -0.25]}
							}
						},
						{
							"origin": [0.68155, 0.15604, 1.50738],
							"size": [0.125, 0.125, 0.5],
							"pivot": [0.74405, 1.01799, 1.82107],
							"rotation": [22.5, 0, 0],
							"uv": {
								"north": {"uv": [0.125, 0], "uv_size": [-0.125, 0.125]},
								"east": {"uv": [0.5, 0], "uv_size": [-0.5, 0.125]},
								"south": {"uv": [0.125, 0], "uv_size": [-0.125, 0.125]},
								"west": {"uv": [0.5, 0], "uv_size": [-0.5, 0.125]},
								"up": {"uv": [0.5, 0], "uv_size": [-0.5, 0.125]},
								"down": {"uv": [0.5, 0], "uv_size": [-0.5, 0.125]}
							}
						}
					]
				},
				{
					"name": "R1",
					"parent": "Crab",
					"pivot": [-0.97272, 0.78125, -0.95982],
					"cubes": [
						{
							"origin": [-2.25188, 0.625, -1.01647],
							"size": [0.125, 0.375, 0.375],
							"pivot": [-0.95583, 0.80792, -0.46808],
							"rotation": [0, -45, 0],
							"uv": {
								"north": {"uv": [0.5, 2.625], "uv_size": [0.5, 0.125]},
								"east": {"uv": [0.5, 1.125], "uv_size": [0.5, 0.5]},
								"south": {"uv": [0, 0], "uv_size": [0.125, 0.5]},
								"west": {"uv": [0.438, 1.25], "uv_size": [0.5, 0.5]},
								"up": {"uv": [1.125, 2.063], "uv_size": [-0.125, -0.5]},
								"down": {"uv": [1, 3], "uv_size": [-0.5, -0.25]}
							}
						},
						{
							"origin": [-2.12688, 1, -1.01647],
							"size": [0.875, 0.125, 0.375],
							"pivot": [-0.95583, 0.80792, -0.46808],
							"rotation": [0, -45, 0],
							"uv": {
								"north": {"uv": [0.5, 2.625], "uv_size": [0.5, 0.125]},
								"east": {"uv": [0.5, 1.125], "uv_size": [0.5, 0.5]},
								"south": {"uv": [0, 0], "uv_size": [0.875, 0.125]},
								"west": {"uv": [0.438, 1.25], "uv_size": [0.5, 0.5]},
								"up": {"uv": [1.125, 2.063], "uv_size": [-0.125, -0.5]},
								"down": {"uv": [1, 3], "uv_size": [-0.5, -0.25]}
							}
						},
						{
							"origin": [-2.12688, 0.625, -1.14147],
							"size": [0.875, 0.375, 0.625],
							"pivot": [-0.95583, 0.80792, -0.46808],
							"rotation": [0, -45, 0],
							"uv": {
								"north": {"uv": [0.5, 2.625], "uv_size": [0.5, 0.125]},
								"east": {"uv": [0.5, 1.125], "uv_size": [0.5, 0.5]},
								"south": {"uv": [0, 0], "uv_size": [0.875, 0.5]},
								"west": {"uv": [0.438, 1.25], "uv_size": [0.5, 0.5]},
								"up": {"uv": [1.125, 2.063], "uv_size": [-0.125, -0.5]},
								"down": {"uv": [1, 3], "uv_size": [-0.5, -0.25]}
							}
						},
						{
							"origin": [-1.51078, 0.3649, -1.64286],
							"size": [0.375, 0.875, 0.5],
							"pivot": [-0.95583, 0.80792, -0.46808],
							"rotation": [0, 0, -45],
							"uv": {
								"north": {"uv": [0.25, 2.563], "uv_size": [0.875, 0.375]},
								"east": {"uv": [0.375, 1.313], "uv_size": [0.875, 0.5]},
								"south": {"uv": [0, 0], "uv_size": [0.875, 0.375]},
								"west": {"uv": [0.188, 2.375], "uv_size": [0.875, 0.5]},
								"up": {"uv": [0.5, 0.375], "uv_size": [-0.5, -0.375]},
								"down": {"uv": [0.5, 0.375], "uv_size": [-0.5, -0.375]}
							}
						}
					]
				},
				{
					"name": "RC1",
					"parent": "R1",
					"pivot": [-0.94345, 0.1875, -1.64286],
					"cubes": [
						{
							"origin": [-1.06845, 0.18248, -1.97888],
							"size": [0.25, 0.125, 0.5],
							"pivot": [-0.94345, 0.24498, -1.72888],
							"rotation": [22.5, 0, 0],
							"uv": {
								"north": {"uv": [0.5, 2.625], "uv_size": [0.5, 0.125]},
								"east": {"uv": [0, 0.125], "uv_size": [0.5, -0.125]},
								"south": {"uv": [0, 0.125], "uv_size": [0.25, -0.125]},
								"west": {"uv": [0, 0.125], "uv_size": [0.5, -0.125]},
								"up": {"uv": [1.438, 2], "uv_size": [-0.5, 0.375]},
								"down": {"uv": [1, 3], "uv_size": [-0.5, -0.25]}
							}
						}
					]
				},
				{
					"name": "RC2",
					"parent": "R1",
					"pivot": [-0.81845, 0.3125, -1.51786],
					"cubes": [
						{
							"origin": [-0.92351, 0.28819, -1.64286],
							"size": [0.5, 0.125, 0.25],
							"pivot": [-0.90448, 0.25502, -1.51786],
							"rotation": [0, 0, 22.5],
							"uv": {
								"north": {"uv": [0.5, 2.625], "uv_size": [0.5, 0.125]},
								"east": {"uv": [0, 0], "uv_size": [0.25, 0.125]},
								"south": {"uv": [0, 0], "uv_size": [0.5, 0.125]},
								"west": {"uv": [0, 0], "uv_size": [0.25, 0.125]},
								"up": {"uv": [1.438, 2], "uv_size": [-0.5, 0.375]},
								"down": {"uv": [1, 3], "uv_size": [-0.5, -0.25]}
							}
						}
					]
				},
				{
					"name": "R2",
					"parent": "Crab",
					"pivot": [-1.7872, 1.03125, -0.58036],
					"cubes": [
						{
							"origin": [-1.92527, 0.26447, -0.76786],
							"size": [0.25, 0.875, 0.375],
							"pivot": [-1.78238, 0.99299, -0.58036],
							"rotation": [0, 0, 22.5],
							"uv": {
								"north": {"uv": [0.5, 2.625], "uv_size": [0.5, 0.125]},
								"east": {"uv": [0.5, 1.125], "uv_size": [0.5, 0.5]},
								"south": {"uv": [0, 0], "uv_size": [0.875, 0.25]},
								"west": {"uv": [0.438, 1.25], "uv_size": [0.5, 0.5]},
								"up": {"uv": [1.125, 2.063], "uv_size": [-0.125, -0.5]},
								"down": {"uv": [1, 3], "uv_size": [-0.5, -0.25]}
							}
						},
						{
							"origin": [-1.86277, 0.20197, -0.64286],
							"size": [0.5, 0.125, 0.125],
							"pivot": [-1.78238, 0.99299, -0.58036],
							"rotation": [0, 0, 22.5],
							"uv": {
								"north": {"uv": [0.5, 2.625], "uv_size": [0.5, 0.125]},
								"east": {"uv": [0.5, 1.125], "uv_size": [0.5, 0.5]},
								"south": {"uv": [0, 0], "uv_size": [0.5, 0.125]},
								"west": {"uv": [0.438, 1.25], "uv_size": [0.5, 0.5]},
								"up": {"uv": [1.125, 2.063], "uv_size": [-0.125, -0.5]},
								"down": {"uv": [1, 3], "uv_size": [-0.5, -0.25]}
							}
						}
					]
				},
				{
					"name": "R3",
					"parent": "Crab",
					"pivot": [-1.7872, 1.03125, 0.29464],
					"cubes": [
						{
							"origin": [-1.92527, 0.26447, 0.10714],
							"size": [0.25, 0.875, 0.375],
							"pivot": [-1.78238, 0.99299, 0.29464],
							"rotation": [0, 0, 22.5],
							"uv": {
								"north": {"uv": [0.5, 2.625], "uv_size": [0.5, 0.125]},
								"east": {"uv": [0.5, 1.125], "uv_size": [0.5, 0.5]},
								"south": {"uv": [0, 0], "uv_size": [0.875, 0.25]},
								"west": {"uv": [0.438, 1.25], "uv_size": [0.5, 0.5]},
								"up": {"uv": [1.125, 2.063], "uv_size": [-0.125, -0.5]},
								"down": {"uv": [1, 3], "uv_size": [-0.5, -0.25]}
							}
						},
						{
							"origin": [-1.86277, 0.20197, 0.23214],
							"size": [0.5, 0.125, 0.125],
							"pivot": [-1.78238, 0.99299, 0.29464],
							"rotation": [0, 0, 22.5],
							"uv": {
								"north": {"uv": [0.5, 2.625], "uv_size": [0.5, 0.125]},
								"east": {"uv": [0.5, 1.125], "uv_size": [0.5, 0.5]},
								"south": {"uv": [0, 0], "uv_size": [0.5, 0.125]},
								"west": {"uv": [0.438, 1.25], "uv_size": [0.5, 0.5]},
								"up": {"uv": [1.125, 2.063], "uv_size": [-0.125, -0.5]},
								"down": {"uv": [1, 3], "uv_size": [-0.5, -0.25]}
							}
						}
					]
				},
				{
					"name": "R4",
					"parent": "Crab",
					"pivot": [-1.7872, 1.03125, 1.29464],
					"cubes": [
						{
							"origin": [-1.92527, 0.26447, 1.10714],
							"size": [0.25, 0.875, 0.375],
							"pivot": [-1.78238, 0.99299, 1.29464],
							"rotation": [0, 0, 22.5],
							"uv": {
								"north": {"uv": [0.5, 2.625], "uv_size": [0.5, 0.125]},
								"east": {"uv": [0.5, 1.125], "uv_size": [0.5, 0.5]},
								"south": {"uv": [0, 0], "uv_size": [0.875, 0.25]},
								"west": {"uv": [0.438, 1.25], "uv_size": [0.5, 0.5]},
								"up": {"uv": [1.125, 2.063], "uv_size": [-0.125, -0.5]},
								"down": {"uv": [1, 3], "uv_size": [-0.5, -0.25]}
							}
						},
						{
							"origin": [-1.86277, 0.20197, 1.23214],
							"size": [0.5, 0.125, 0.125],
							"pivot": [-1.78238, 0.99299, 1.29464],
							"rotation": [0, 0, 22.5],
							"uv": {
								"north": {"uv": [0.5, 2.625], "uv_size": [0.5, 0.125]},
								"east": {"uv": [0.5, 1.125], "uv_size": [0.5, 0.5]},
								"south": {"uv": [0, 0], "uv_size": [0.5, 0.125]},
								"west": {"uv": [0.438, 1.25], "uv_size": [0.5, 0.5]},
								"up": {"uv": [1.125, 2.063], "uv_size": [-0.125, -0.5]},
								"down": {"uv": [1, 3], "uv_size": [-0.5, -0.25]}
							}
						}
					]
				},
				{
					"name": "R5",
					"parent": "Crab",
					"pivot": [-0.88095, 1.03125, 1.95089],
					"cubes": [
						{
							"origin": [-1.06845, 0.25489, 1.83427],
							"size": [0.375, 0.875, 0.25],
							"pivot": [-0.88095, 1, 1.91964],
							"rotation": [22.5, 0, 0],
							"uv": {
								"north": {"uv": [0, 1.688], "uv_size": [0.875, 0.375]},
								"east": {"uv": [0, 0], "uv_size": [0.875, 0.25]},
								"south": {"uv": [0, 0], "uv_size": [0.875, 0.375]},
								"west": {"uv": [0, 0], "uv_size": [0.875, 0.25]},
								"up": {"uv": [0.375, 0.25], "uv_size": [-0.375, -0.25]},
								"down": {"uv": [0.375, 0.25], "uv_size": [-0.375, -0.25]}
							}
						},
						{
							"origin": [-0.94345, 0.19239, 1.52177],
							"size": [0.125, 0.125, 0.5],
							"pivot": [-0.88095, 1, 1.91964],
							"rotation": [22.5, 0, 0],
							"uv": {
								"north": {"uv": [0, 0], "uv_size": [0.125, 0.125]},
								"east": {"uv": [0, 0], "uv_size": [0.5, 0.125]},
								"south": {"uv": [0, 0], "uv_size": [0.125, 0.125]},
								"west": {"uv": [0, 0], "uv_size": [0.5, 0.125]},
								"up": {"uv": [0.5, 0.125], "uv_size": [-0.5, -0.125]},
								"down": {"uv": [0.5, 0.125], "uv_size": [-0.5, -0.125]}
							}
						}
					]
				},
				{
					"name": "hitbox",
					"pivot": [0, 0.9375, 0],
					"cubes": [
						{
							"origin": [-2.1875, 0, -2.25],
							"size": [4.375, 1.875, 4.5],
							"uv": {
								"north": {"uv": [8, 6], "uv_size": [0, 0]},
								"east": {"uv": [8, 6], "uv_size": [0, 0]},
								"south": {"uv": [8, 6], "uv_size": [0, 0]},
								"west": {"uv": [8, 6], "uv_size": [0, 0]},
								"up": {"uv": [8, 6], "uv_size": [0, 0]},
								"down": {"uv": [8, 6], "uv_size": [0, 0]}
							}
						}
					]
				}
			]
		}
	]
}