{
	"format_version": "1.12.0",
	"minecraft:geometry": [
		{
			"description": {
				"identifier": "geometry.deer",
				"texture_width": 64,
				"texture_height": 64,
				"visible_bounds_width": 4,
				"visible_bounds_height": 5,
				"visible_bounds_offset": [0, 1.5, 0]
			},
			"bones": [
				{
					"name": "Deer",
					"pivot": [0, 22.375, 0]
				},
				{
					"name": "Leg_BackLeft",
					"parent": "Deer",
					"pivot": [2.3125, 17.875, 9.25],
					"cubes": [
						{
							"origin": [1, 11.125, 7.5],
							"size": [2.75, 9.25, 3.5],
							"uv": {
								"north": {"uv": [48, 25], "uv_size": [3, 5]},
								"east": {"uv": [48, 25], "uv_size": [3, 5]},
								"south": {"uv": [48, 25], "uv_size": [3, 5]},
								"west": {"uv": [8, 45], "uv_size": [3, 5]},
								"up": {"uv": [54, 21], "uv_size": [-3, 3]},
								"down": {"uv": [13, 51], "uv_size": [-3, -3]}
							}
						},
						{
							"origin": [1.25, 5.375, 8],
							"size": [2, 9.25, 2.5],
							"uv": {
								"north": {"uv": [56, 25], "uv_size": [2, 6]},
								"east": {"uv": [56, 25], "uv_size": [2, 6]},
								"south": {"uv": [56, 25], "uv_size": [2, 6]},
								"west": {"uv": [56, 25], "uv_size": [2, 6]},
								"up": {"uv": [55, 26], "uv_size": [-2, 2]},
								"down": {"uv": [55, 43], "uv_size": [-2, -2]}
							}
						}
					]
				},
				{
					"name": "Leg_BackRight",
					"parent": "Deer",
					"pivot": [-2.4375, 17.8125, 9.25],
					"cubes": [
						{
							"origin": [-3.75, 11.125, 7.5],
							"size": [2.75, 11.375, 3.5],
							"uv": {
								"north": {"uv": [49, 25], "uv_size": [2, 5]},
								"east": {"uv": [48, 25], "uv_size": [3, 5]},
								"south": {"uv": [48, 25], "uv_size": [2, 5]},
								"west": {"uv": [48, 25], "uv_size": [3, 5]},
								"up": {"uv": [51, 21], "uv_size": [3, 3]},
								"down": {"uv": [8, 50], "uv_size": [3, -3]}
							}
						},
						{
							"origin": [-3.5, 5.375, 8],
							"size": [2, 11.375, 2.5],
							"uv": {
								"north": {"uv": [56, 25], "uv_size": [2, 6]},
								"east": {"uv": [56, 25], "uv_size": [2, 6]},
								"south": {"uv": [56, 25], "uv_size": [2, 6]},
								"west": {"uv": [56, 25], "uv_size": [2, 6]},
								"up": {"uv": [53, 26], "uv_size": [2, 2]},
								"down": {"uv": [52, 45], "uv_size": [2, -2]}
							}
						}
					]
				},
				{
					"name": "Leg_FrontRight",
					"parent": "Deer",
					"pivot": [-2.5625, 16.75, -8.75],
					"cubes": [
						{
							"origin": [-4, 11.125, -10.5],
							"size": [3, 6, 3.5],
							"uv": {
								"north": {"uv": [8, 45], "uv_size": [3, 5]},
								"east": {"uv": [48, 25], "uv_size": [3, 5]},
								"south": {"uv": [48, 25], "uv_size": [3, 5]},
								"west": {"uv": [48, 25], "uv_size": [3, 5]},
								"up": {"uv": [55, 22], "uv_size": [3, 3]},
								"down": {"uv": [45, 60], "uv_size": [3, -3]}
							}
						},
						{
							"origin": [-3.75, 5.375, -10],
							"size": [2.25, 6, 2.5],
							"uv": {
								"north": {"uv": [56, 25], "uv_size": [2, 6]},
								"east": {"uv": [56, 25], "uv_size": [2, 6]},
								"south": {"uv": [56, 25], "uv_size": [2, 6]},
								"west": {"uv": [56, 25], "uv_size": [2, 6]},
								"up": {"uv": [58, 28], "uv_size": [-2, -3]},
								"down": {"uv": [51, 44], "uv_size": [2, -2]}
							}
						}
					]
				},
				{
					"name": "Leg_FrontLeft",
					"parent": "Deer",
					"pivot": [2.4375, 16.625, -8.75],
					"cubes": [
						{
							"origin": [1, 11.125, -10.5],
							"size": [3, 6, 3.5],
							"uv": {
								"north": {"uv": [48, 25], "uv_size": [3, 5]},
								"east": {"uv": [48, 25], "uv_size": [3, 5]},
								"south": {"uv": [48, 25], "uv_size": [3, 5]},
								"west": {"uv": [48, 25], "uv_size": [3, 5]},
								"up": {"uv": [43, 33], "uv_size": [-3, 3]},
								"down": {"uv": [11, 51], "uv_size": [-3, -3]}
							}
						},
						{
							"origin": [1.25, 5.375, -10],
							"size": [2.25, 6, 2.5],
							"uv": {
								"north": {"uv": [56, 25], "uv_size": [2, 6]},
								"east": {"uv": [56, 25], "uv_size": [2, 6]},
								"south": {"uv": [56, 25], "uv_size": [2, 6]},
								"west": {"uv": [56, 25], "uv_size": [2, 6]},
								"up": {"uv": [54, 27], "uv_size": [-2, 2]},
								"down": {"uv": [52, 44], "uv_size": [-2, -2]}
							}
						}
					]
				},
				{
					"name": "BodyFull",
					"parent": "Deer",
					"pivot": [0, 21.8125, 0.25],
					"cubes": [
						{
							"origin": [-4, 17.125, -10.5],
							"size": [8, 9, 22],
							"uv": {
								"north": {"uv": [55, 54], "uv_size": [9, 10]},
								"east": {"uv": [0, 55], "uv_size": [22, 9]},
								"south": {"uv": [50, 55], "uv_size": [8, 9]},
								"west": {"uv": [30, 55], "uv_size": [22, 9]},
								"up": {"uv": [32, 32], "uv_size": [9, 22]},
								"down": {"uv": [32, 54], "uv_size": [9, -22]}
							}
						}
					]
				},
				{
					"name": "Tail",
					"parent": "BodyFull",
					"pivot": [0, 24.625, 11.9375],
					"cubes": [
						{
							"origin": [-1.5, 20.375, 11.375],
							"size": [3, 4.75, 1.125],
							"uv": {
								"north": {"uv": [46, 40], "uv_size": [3, 4]},
								"east": {"uv": [26, 46], "uv_size": [3, 4]},
								"south": {"uv": [8, 15], "uv_size": [4, 6]},
								"west": {"uv": [38, 58], "uv_size": [3, 4]},
								"up": {"uv": [8, 14], "uv_size": [4, 4]},
								"down": {"uv": [7, 25], "uv_size": [5, -4]}
							}
						}
					]
				},
				{
					"name": "HeadFull",
					"parent": "Deer",
					"pivot": [-0.03777, 25.22904, -6.73012],
					"cubes": [
						{
							"origin": [-2, 34.025, -15.45],
							"size": [4, 2.6, 3.2],
							"uv": {
								"north": {"uv": [28, 45], "uv_size": [6, 6]},
								"east": {"uv": [19, 26], "uv_size": [3, 2]},
								"south": {"uv": [29, 26], "uv_size": [4, 2]},
								"west": {"uv": [1, 48], "uv_size": [3, 2]},
								"up": {"uv": [28, 43], "uv_size": [6, 4]},
								"down": {"uv": [14, 50], "uv_size": [4, -3]}
							}
						},
						{
							"origin": [-1.65, 34.025, -16.3],
							"size": [3.25, 2.2, 0.75],
							"uv": {
								"north": {"uv": [3, 30], "uv_size": [8, 5]},
								"east": {"uv": [1, 30], "uv_size": [1, 5]},
								"south": {"uv": [25, 30], "uv_size": [3, 2]},
								"west": {"uv": [11, 31], "uv_size": [2, 4]},
								"up": {"uv": [3, 30], "uv_size": [8, -1]},
								"down": {"uv": [3, 35], "uv_size": [8, -1]}
							}
						},
						{
							"origin": [-3, 47.375, -6.5],
							"size": [0.5, 1, 0.25],
							"uv": {
								"north": {"uv": [47, 42], "uv_size": [1, 5]},
								"east": {"uv": [54, 43], "uv_size": [1, 5]},
								"south": {"uv": [52, 42], "uv_size": [1, 5]},
								"west": {"uv": [51, 43], "uv_size": [1, 5]},
								"up": {"uv": [44, 42], "uv_size": [1, 1]},
								"down": {"uv": [53, 45], "uv_size": [1, -1]}
							}
						},
						{
							"origin": [-2.99382, 45.79119, -14.75584],
							"size": [0.75, 2.25, 0.5],
							"pivot": [-0.5, 38, -11.125],
							"rotation": [-45, 0, 0],
							"uv": {
								"north": {"uv": [47, 42], "uv_size": [1, 5]},
								"east": {"uv": [54, 43], "uv_size": [1, 5]},
								"south": {"uv": [52, 42], "uv_size": [1, 5]},
								"west": {"uv": [51, 43], "uv_size": [1, 5]},
								"up": {"uv": [44, 42], "uv_size": [1, 1]},
								"down": {"uv": [53, 45], "uv_size": [1, -1]}
							}
						},
						{
							"origin": [-3, 47.375, -9.75],
							"size": [0.5, 1, 0.25],
							"uv": {
								"north": {"uv": [47, 42], "uv_size": [1, 5]},
								"east": {"uv": [54, 43], "uv_size": [1, 5]},
								"south": {"uv": [52, 42], "uv_size": [1, 5]},
								"west": {"uv": [51, 43], "uv_size": [1, 5]},
								"up": {"uv": [44, 42], "uv_size": [1, 1]},
								"down": {"uv": [53, 45], "uv_size": [1, -1]}
							}
						},
						{
							"origin": [-3.00618, 37.95693, 6.83193],
							"size": [0.75, 2.25, 0.5],
							"pivot": [-0.5, 23.625, -10],
							"rotation": [45, 0, 0],
							"uv": {
								"north": {"uv": [47, 42], "uv_size": [1, 5]},
								"east": {"uv": [54, 43], "uv_size": [1, 5]},
								"south": {"uv": [52, 42], "uv_size": [1, 5]},
								"west": {"uv": [51, 43], "uv_size": [1, 5]},
								"up": {"uv": [44, 42], "uv_size": [1, 1]},
								"down": {"uv": [53, 45], "uv_size": [1, -1]}
							}
						},
						{
							"origin": [-5, 48.125, -8.25],
							"size": [0.5, 2, 0.5],
							"uv": {
								"north": {"uv": [47, 42], "uv_size": [1, 5]},
								"east": {"uv": [54, 43], "uv_size": [1, 5]},
								"south": {"uv": [52, 42], "uv_size": [1, 5]},
								"west": {"uv": [51, 43], "uv_size": [1, 5]},
								"up": {"uv": [44, 42], "uv_size": [1, 1]},
								"down": {"uv": [53, 45], "uv_size": [1, -1]}
							}
						},
						{
							"origin": [13.77044, 42.01843, -8.25],
							"size": [0.75, 2.25, 0.5],
							"pivot": [-0.5, 23.625, -10],
							"rotation": [0, 0, -45],
							"uv": {
								"north": {"uv": [47, 42], "uv_size": [1, 5]},
								"east": {"uv": [54, 43], "uv_size": [1, 5]},
								"south": {"uv": [52, 42], "uv_size": [1, 5]},
								"west": {"uv": [51, 43], "uv_size": [1, 5]},
								"up": {"uv": [44, 42], "uv_size": [1, 1]},
								"down": {"uv": [53, 45], "uv_size": [1, -1]}
							}
						},
						{
							"origin": [5.56919, 42.96205, -8.25],
							"size": [1, 3.5, 0.5],
							"pivot": [-0.5, 23.625, -10],
							"rotation": [0, 0, -22.5],
							"uv": {
								"north": {"uv": [47, 42], "uv_size": [1, 5]},
								"east": {"uv": [54, 43], "uv_size": [1, 5]},
								"south": {"uv": [52, 42], "uv_size": [1, 5]},
								"west": {"uv": [51, 43], "uv_size": [1, 5]},
								"up": {"uv": [44, 42], "uv_size": [1, 1]},
								"down": {"uv": [53, 45], "uv_size": [1, -1]}
							}
						},
						{
							"origin": [-2.5, 38.875, -8.5],
							"size": [1.25, 5.25, 1],
							"uv": {
								"north": {"uv": [47, 42], "uv_size": [1, 5]},
								"east": {"uv": [54, 43], "uv_size": [1, 5]},
								"south": {"uv": [52, 42], "uv_size": [1, 5]},
								"west": {"uv": [51, 43], "uv_size": [1, 5]},
								"up": {"uv": [44, 42], "uv_size": [1, 1]},
								"down": {"uv": [53, 45], "uv_size": [1, -1]}
							}
						},
						{
							"origin": [2.25, 47.375, -6.5],
							"size": [0.5, 1.25, 0.25],
							"uv": {
								"north": {"uv": [45, 44], "uv_size": [1, 5]},
								"east": {"uv": [52, 42], "uv_size": [1, 5]},
								"south": {"uv": [52, 42], "uv_size": [1, 5]},
								"west": {"uv": [52, 43], "uv_size": [1, 5]},
								"up": {"uv": [52, 42], "uv_size": [1, 1]},
								"down": {"uv": [51, 48], "uv_size": [1, -1]}
							}
						},
						{
							"origin": [2.24382, 45.79119, -14.75584],
							"size": [0.75, 2.25, 0.5],
							"pivot": [-0.5, 38, -11.125],
							"rotation": [-45, 0, 0],
							"uv": {
								"north": {"uv": [45, 44], "uv_size": [1, 5]},
								"east": {"uv": [52, 42], "uv_size": [1, 5]},
								"south": {"uv": [52, 42], "uv_size": [1, 5]},
								"west": {"uv": [52, 43], "uv_size": [1, 5]},
								"up": {"uv": [52, 42], "uv_size": [1, 1]},
								"down": {"uv": [51, 48], "uv_size": [1, -1]}
							}
						},
						{
							"origin": [2.25, 47.375, -9.75],
							"size": [0.5, 1.25, 0.25],
							"uv": {
								"north": {"uv": [45, 44], "uv_size": [1, 5]},
								"east": {"uv": [52, 42], "uv_size": [1, 5]},
								"south": {"uv": [52, 42], "uv_size": [1, 5]},
								"west": {"uv": [52, 43], "uv_size": [1, 5]},
								"up": {"uv": [52, 42], "uv_size": [1, 1]},
								"down": {"uv": [51, 48], "uv_size": [1, -1]}
							}
						},
						{
							"origin": [2.24382, 37.95693, 6.83193],
							"size": [0.75, 2.25, 0.5],
							"pivot": [-0.5, 23.625, -10],
							"rotation": [45, 0, 0],
							"uv": {
								"north": {"uv": [45, 44], "uv_size": [1, 5]},
								"east": {"uv": [52, 42], "uv_size": [1, 5]},
								"south": {"uv": [52, 42], "uv_size": [1, 5]},
								"west": {"uv": [52, 43], "uv_size": [1, 5]},
								"up": {"uv": [52, 42], "uv_size": [1, 1]},
								"down": {"uv": [51, 48], "uv_size": [1, -1]}
							}
						},
						{
							"origin": [4.5, 48.125, -8.25],
							"size": [0.5, 2, 0.5],
							"uv": {
								"north": {"uv": [45, 44], "uv_size": [1, 5]},
								"east": {"uv": [52, 42], "uv_size": [1, 5]},
								"south": {"uv": [52, 42], "uv_size": [1, 5]},
								"west": {"uv": [52, 43], "uv_size": [1, 5]},
								"up": {"uv": [52, 42], "uv_size": [1, 1]},
								"down": {"uv": [51, 48], "uv_size": [1, -1]}
							}
						},
						{
							"origin": [-14.81333, 42.72553, -8.25],
							"size": [0.75, 2.25, 0.5],
							"pivot": [-0.5, 23.625, -10],
							"rotation": [0, 0, 45],
							"uv": {
								"north": {"uv": [45, 44], "uv_size": [1, 5]},
								"east": {"uv": [52, 42], "uv_size": [1, 5]},
								"south": {"uv": [52, 42], "uv_size": [1, 5]},
								"west": {"uv": [52, 43], "uv_size": [1, 5]},
								"up": {"uv": [52, 42], "uv_size": [1, 1]},
								"down": {"uv": [51, 48], "uv_size": [1, -1]}
							}
						},
						{
							"origin": [-6.64531, 43.34474, -8.25],
							"size": [1, 3.5, 0.5],
							"pivot": [-0.5, 23.625, -10],
							"rotation": [0, 0, 22.5],
							"uv": {
								"north": {"uv": [45, 44], "uv_size": [1, 5]},
								"east": {"uv": [52, 42], "uv_size": [1, 5]},
								"south": {"uv": [52, 42], "uv_size": [1, 5]},
								"west": {"uv": [52, 43], "uv_size": [1, 5]},
								"up": {"uv": [52, 42], "uv_size": [1, 1]},
								"down": {"uv": [51, 48], "uv_size": [1, -1]}
							}
						},
						{
							"origin": [1.25, 38.875, -8.5],
							"size": [1.25, 5.25, 1],
							"uv": {
								"north": {"uv": [45, 44], "uv_size": [1, 5]},
								"east": {"uv": [52, 42], "uv_size": [1, 5]},
								"south": {"uv": [52, 42], "uv_size": [1, 5]},
								"west": {"uv": [52, 43], "uv_size": [1, 5]},
								"up": {"uv": [52, 42], "uv_size": [1, 1]},
								"down": {"uv": [51, 48], "uv_size": [1, -1]}
							}
						},
						{
							"origin": [3, 36.125, -11.45],
							"size": [0.5, 2, 2],
							"uv": {
								"north": {"uv": [62, 2], "uv_size": [0, 2]},
								"east": {"uv": [60, 2], "uv_size": [2, 2]},
								"south": {"uv": [64, 2], "uv_size": [0, 2]},
								"west": {"uv": [14, 20], "uv_size": [3, 2]},
								"up": {"uv": [62, 0], "uv_size": [0, 2]},
								"down": {"uv": [62, 2], "uv_size": [0, -2]}
							}
						},
						{
							"origin": [-3.5, 36.125, -11.45],
							"size": [0.5, 2, 2],
							"uv": {
								"north": {"uv": [62, 2], "uv_size": [0, 2]},
								"east": {"uv": [2, 20], "uv_size": [3, 2]},
								"south": {"uv": [64, 2], "uv_size": [0, 2]},
								"west": {"uv": [62, 2], "uv_size": [2, 2]},
								"up": {"uv": [62, 0], "uv_size": [0, 2]},
								"down": {"uv": [62, 2], "uv_size": [0, -2]}
							}
						}
					]
				},
				{
					"name": "Head",
					"parent": "HeadFull",
					"pivot": [0, 32.25, -8.125],
					"cubes": [
						{
							"origin": [-3, 32.875, -13.25],
							"size": [6, 6.25, 7],
							"uv": {
								"north": {"uv": [22, 35], "uv_size": [10, 12]},
								"east": {"uv": [10, 44], "uv_size": [9, 9]},
								"south": {"uv": [7, 15], "uv_size": [6, 4]},
								"west": {"uv": [1, 44], "uv_size": [9, 9]},
								"up": {"uv": [7, 14], "uv_size": [6, 7]},
								"down": {"uv": [35, 64], "uv_size": [10, -10]}
							}
						}
					]
				},
				{
					"name": "Ear_Left",
					"parent": "HeadFull",
					"pivot": [3.03609, 38.7531, -8.75],
					"cubes": [
						{
							"origin": [-3.96391, 38.1281, -8.75],
							"size": [3, 6.5, 0],
							"pivot": [-0.5, 23.625, -10],
							"rotation": [0, 0, 22.5],
							"uv": {
								"north": {"uv": [10, 29], "uv_size": [-7, 7]},
								"east": {"uv": [54, 0], "uv_size": [0, 6]},
								"south": {"uv": [57, 0], "uv_size": [-3, 6]},
								"west": {"uv": [51, 0], "uv_size": [0, 6]},
								"up": {"uv": [54, 0], "uv_size": [-3, 0]},
								"down": {"uv": [57, 0], "uv_size": [-3, 0]}
							}
						}
					]
				},
				{
					"name": "Ear_Right",
					"parent": "HeadFull",
					"pivot": [-2.98721, 38.37042, -8.75],
					"cubes": [
						{
							"origin": [0.88779, 37.74542, -8.75],
							"size": [3, 6.5, 0],
							"pivot": [-0.5, 23.625, -10],
							"rotation": [0, 0, -22.5],
							"uv": {
								"north": {"uv": [3, 29], "uv_size": [7, 7]},
								"east": {"uv": [51, 0], "uv_size": [0, 6]},
								"south": {"uv": [54, 0], "uv_size": [3, 6]},
								"west": {"uv": [54, 0], "uv_size": [0, 6]},
								"up": {"uv": [51, 0], "uv_size": [3, 0]},
								"down": {"uv": [54, 0], "uv_size": [3, 0]}
							}
						}
					]
				},
				{
					"name": "Neck",
					"parent": "HeadFull",
					"pivot": [0, 23.125, -8.75],
					"cubes": [
						{
							"origin": [-2, 20.125, -11.5],
							"size": [4, 13, 5.5],
							"uv": {
								"north": {"uv": [22, 32], "uv_size": [9, 21]},
								"east": {"uv": [22, 33], "uv_size": [10, 21]},
								"south": {"uv": [7, 42], "uv_size": [5, 12]},
								"west": {"uv": [22, 32], "uv_size": [10, 22]},
								"up": {"uv": [14, 45], "uv_size": [4, 5]},
								"down": {"uv": [26, 59], "uv_size": [4, -5]}
							}
						}
					]
				},
				{
					"name": "hitbox",
					"pivot": [0.8125, 24.75, -1.6875],
					"cubes": [
						{
							"origin": [-9.25, -0.5, -18.25],
							"size": [20.125, 52.25, 33.125],
							"uv": {}
						}
					]
				}
			]
		}
	]
}