{
	"format_version": "1.12.0",
	"minecraft:geometry": [
		{
			"description": {
				"identifier": "geometry.salamandra",
				"texture_width": 128,
				"texture_height": 128,
				"visible_bounds_width": 4,
				"visible_bounds_height": 2.5,
				"visible_bounds_offset": [0, 0.75, 0]
			},
			"bones": [
				{
					"name": "Full",
					"pivot": [-0.08875, 2.99753, -0.02219],
					"cubes": [
						{
							"origin": [-3.0175, 1.7695, -4.4375],
							"size": [5.325, 0.71, 8.875],
							"uv": {
								"north": {"uv": [0, 38], "uv_size": [128, 90]},
								"east": {"uv": [0, 84], "uv_size": [128, 36]},
								"south": {"uv": [0, 38], "uv_size": [128, 90]},
								"west": {"uv": [0, 106], "uv_size": [128, 10]},
								"up": {"uv": [128, 128], "uv_size": [-128, -90]},
								"down": {"uv": [108, 128], "uv_size": [-86, -34]}
							}
						},
						{
							"origin": [-3.3725, 2.302, -4.97],
							"size": [6.035, 2.3075, 9.585],
							"uv": {
								"north": {"uv": [0, 36], "uv_size": [50, 92]},
								"east": {"uv": [128, 50], "uv_size": [-128, 46]},
								"south": {"uv": [0, 38], "uv_size": [128, 90]},
								"west": {"uv": [0, 90], "uv_size": [128, 38]},
								"up": {"uv": [86, 106], "uv_size": [-86, -66]},
								"down": {"uv": [128, 128], "uv_size": [-128, -90]}
							}
						}
					]
				},
				{
					"name": "Head",
					"parent": "Full",
					"pivot": [-0.25818, 3.18566, -4.66648],
					"cubes": [
						{
							"origin": [-2.485, 2.4795, -7.1],
							"size": [4.26, 1.5975, 2.485],
							"uv": {
								"north": {"uv": [0, 38], "uv_size": [128, 90]},
								"east": {"uv": [0, 38], "uv_size": [128, 90]},
								"south": {"uv": [0, 38], "uv_size": [128, 90]},
								"west": {"uv": [0, 38], "uv_size": [128, 90]},
								"up": {"uv": [50, 106], "uv_size": [-50, -68]},
								"down": {"uv": [128, 128], "uv_size": [-128, -90]}
							}
						},
						{
							"origin": [-3.195, 1.947, -11.1825],
							"size": [5.68, 2.3075, 4.4375],
							"uv": {
								"north": {"uv": [0, 38], "uv_size": [128, 90]},
								"east": {"uv": [0, 46], "uv_size": [66, 82]},
								"south": {"uv": [0, 38], "uv_size": [128, 90]},
								"west": {"uv": [0, 82], "uv_size": [70, 46]},
								"up": {"uv": [66, 94], "uv_size": [-66, -56]},
								"down": {"uv": [128, 128], "uv_size": [-128, -90]}
							}
						},
						{
							"origin": [-2.84, 2.8345, -11.715],
							"size": [4.97, 1.2425, 0.5325],
							"uv": {
								"north": {"uv": [0, 40], "uv_size": [18, 88]},
								"east": {"uv": [0, 38], "uv_size": [128, 90]},
								"south": {"uv": [0, 38], "uv_size": [128, 90]},
								"west": {"uv": [0, 96], "uv_size": [128, 32]},
								"up": {"uv": [18, 128], "uv_size": [-18, -88]},
								"down": {"uv": [128, 128], "uv_size": [-128, -90]}
							}
						},
						{
							"origin": [-2.6625, 2.657, -12.2475],
							"size": [4.615, 0.8875, 0.5325],
							"uv": {
								"north": {"uv": [26, 46], "uv_size": [18, 74]},
								"east": {"uv": [0, 38], "uv_size": [128, 90]},
								"south": {"uv": [0, 38], "uv_size": [128, 90]},
								"west": {"uv": [0, 96], "uv_size": [128, 32]},
								"up": {"uv": [44, 120], "uv_size": [-18, -74]},
								"down": {"uv": [128, 128], "uv_size": [-128, -90]}
							}
						},
						{
							"origin": [-2.485, 2.657, -12.6025],
							"size": [4.26, 0.5325, 0.355],
							"uv": {
								"north": {"uv": [126, 29], "uv_size": [-31, 10]},
								"east": {"uv": [0, 38], "uv_size": [128, 90]},
								"south": {"uv": [0, 38], "uv_size": [128, 90]},
								"west": {"uv": [0, 96], "uv_size": [128, 32]},
								"up": {"uv": [48, 116], "uv_size": [-12, -68]},
								"down": {"uv": [128, 128], "uv_size": [-128, -90]}
							}
						},
						{
							"origin": [-2.485, 2.1245, -12.6025],
							"size": [4.26, 0.5325, 0.355],
							"uv": {
								"north": {"uv": [126, 38], "uv_size": [-31, -10]},
								"east": {"uv": [0, 104], "uv_size": [128, 24]},
								"south": {"uv": [0, 38], "uv_size": [128, 90]},
								"west": {"uv": [0, 104], "uv_size": [128, 22]},
								"up": {"uv": [128, 128], "uv_size": [-128, -90]},
								"down": {"uv": [128, 128], "uv_size": [-128, -90]}
							}
						},
						{
							"origin": [-2.6625, 1.947, -12.2475],
							"size": [4.615, 0.71, 0.5325],
							"uv": {
								"north": {"uv": [88, 106], "uv_size": [-82, -48]},
								"east": {"uv": [0, 104], "uv_size": [128, 24]},
								"south": {"uv": [0, 38], "uv_size": [128, 90]},
								"west": {"uv": [0, 104], "uv_size": [128, 22]},
								"up": {"uv": [128, 128], "uv_size": [-128, -90]},
								"down": {"uv": [128, 128], "uv_size": [-128, -90]}
							}
						},
						{
							"origin": [-2.84, 1.947, -11.715],
							"size": [4.97, 0.8875, 0.5325],
							"uv": {
								"north": {"uv": [88, 106], "uv_size": [-82, -48]},
								"east": {"uv": [0, 104], "uv_size": [128, 24]},
								"south": {"uv": [0, 38], "uv_size": [128, 90]},
								"west": {"uv": [0, 104], "uv_size": [128, 22]},
								"up": {"uv": [128, 128], "uv_size": [-128, -90]},
								"down": {"uv": [128, 128], "uv_size": [-128, -90]}
							}
						}
					]
				},
				{
					"name": "eye1",
					"parent": "Head",
					"pivot": [-3.10625, 3.98825, -8.78625],
					"cubes": [
						{
							"origin": [-3.55, 3.5445, -9.585],
							"size": [0.8875, 0.8875, 1.5975],
							"uv": {
								"north": {"uv": [98, 12], "uv_size": [11, 13]},
								"east": {"uv": [4, 0], "uv_size": [21, 28]},
								"south": {"uv": [98, 12], "uv_size": [11, 13]},
								"west": {"uv": [64, 1], "uv_size": [19, 25]},
								"up": {"uv": [88, 26], "uv_size": [21, -26]},
								"down": {"uv": [92, 26], "uv_size": [17, -26]}
							}
						}
					]
				},
				{
					"name": "eye2",
					"parent": "Head",
					"pivot": [2.39625, 3.98825, -8.78625],
					"cubes": [
						{
							"origin": [1.9525, 3.5445, -9.585],
							"size": [0.8875, 0.8875, 1.5975],
							"uv": {
								"north": {"uv": [98, 12], "uv_size": [11, 13]},
								"east": {"uv": [64, 1], "uv_size": [19, 25]},
								"south": {"uv": [98, 12], "uv_size": [11, 13]},
								"west": {"uv": [4, 0], "uv_size": [20, 28]},
								"up": {"uv": [109, 26], "uv_size": [-21, -26]},
								"down": {"uv": [109, 26], "uv_size": [-17, -26]}
							}
						}
					]
				},
				{
					"name": "Tounge",
					"parent": "Head",
					"pivot": [-0.355, 2.657, -11.92375],
					"cubes": [
						{
							"origin": [-1.065, 2.657, -14.7325],
							"size": [1.42, 0, 3.0175],
							"uv": {
								"north": {"uv": [0, 0], "uv_size": [0.12504, 0.12504]},
								"east": {"uv": [0, 0], "uv_size": [0.12504, 0.12504]},
								"south": {"uv": [0, 0], "uv_size": [0.12504, 0.12504]},
								"west": {"uv": [0, 0], "uv_size": [0.12504, 0.12504]},
								"up": {"uv": [36, 27], "uv_size": [-8, -16]},
								"down": {"uv": [118, 26], "uv_size": [-8, -18]}
							}
						}
					]
				},
				{
					"name": "FRARM",
					"parent": "Full",
					"pivot": [-2.58863, 2.10248, -3.59971],
					"cubes": [
						{
							"origin": [-4.77822, 1.947, -4.47914],
							"size": [2.13, 0.8875, 1.065],
							"pivot": [-2.80237, 2.3251, -3.80361],
							"rotation": [0, 22.5, 0],
							"uv": {
								"north": {"uv": [0, 72], "uv_size": [128, 38]},
								"east": {"uv": [0, 38], "uv_size": [128, 90]},
								"south": {"uv": [0, 72], "uv_size": [128, 38]},
								"west": {"uv": [0, 38], "uv_size": [128, 90]},
								"up": {"uv": [128, 38], "uv_size": [-100, 54]},
								"down": {"uv": [128, 128], "uv_size": [-128, -90]}
							}
						},
						{
							"origin": [-6.81873, 2.54976, -3.75266],
							"size": [2.6625, 0.71, 1.065],
							"pivot": [-2.80237, 2.3251, -3.80361],
							"rotation": [0, 0, -22.5],
							"uv": {
								"north": {"uv": [0, 72], "uv_size": [128, 28]},
								"east": {"uv": [44, 62], "uv_size": [42, 40]},
								"south": {"uv": [128, 40], "uv_size": [-128, 28]},
								"west": {"uv": [40, 64], "uv_size": [42, 40]},
								"up": {"uv": [128, 92], "uv_size": [-128, -54]},
								"down": {"uv": [128, 128], "uv_size": [-128, -90]}
							}
						},
						{
							"origin": [-7.39932, 0.882, -2.70742],
							"size": [1.5975, 0.5325, 1.42],
							"pivot": [-2.80237, 2.3251, -3.80361],
							"rotation": [0, -22.5, 0],
							"uv": {
								"north": {"uv": [0, 72], "uv_size": [128, 22]},
								"east": {"uv": [0, 72], "uv_size": [128, 22]},
								"south": {"uv": [0, 38], "uv_size": [128, 90]},
								"west": {"uv": [0, 38], "uv_size": [128, 90]},
								"up": {"uv": [62, 92], "uv_size": [-62, -54]},
								"down": {"uv": [128, 128], "uv_size": [-128, -90]}
							}
						},
						{
							"origin": [-6.70024, 0.882, -3.30933],
							"size": [0.355, 0.355, 0.8875],
							"pivot": [-2.80237, 2.3251, -3.80361],
							"rotation": [0, -22.5, 0],
							"uv": {
								"north": {"uv": [0, 38], "uv_size": [128, 90]},
								"east": {"uv": [0, 38], "uv_size": [128, 90]},
								"south": {"uv": [0, 38], "uv_size": [128, 90]},
								"west": {"uv": [0, 38], "uv_size": [128, 90]},
								"up": {"uv": [20, 110], "uv_size": [-20, -44]},
								"down": {"uv": [128, 128], "uv_size": [-128, -90]}
							}
						},
						{
							"origin": [-7.13072, 0.882, -6.58472],
							"size": [0.355, 0.355, 0.8875],
							"pivot": [-2.80237, 2.3251, -3.80361],
							"rotation": [0, 22.5, 0],
							"uv": {
								"north": {"uv": [0, 38], "uv_size": [128, 90]},
								"east": {"uv": [0, 38], "uv_size": [128, 90]},
								"south": {"uv": [0, 38], "uv_size": [128, 90]},
								"west": {"uv": [0, 38], "uv_size": [128, 90]},
								"up": {"uv": [20, 110], "uv_size": [-20, -44]},
								"down": {"uv": [128, 128], "uv_size": [-128, -90]}
							}
						},
						{
							"origin": [-8.07673, 0.882, -1.85785],
							"size": [0.8875, 0.355, 0.355],
							"pivot": [-2.80237, 2.3251, -3.80361],
							"rotation": [0, -22.5, 0],
							"uv": {
								"north": {"uv": [0, 38], "uv_size": [128, 90]},
								"east": {"uv": [0, 38], "uv_size": [128, 90]},
								"south": {"uv": [0, 38], "uv_size": [128, 90]},
								"west": {"uv": [0, 38], "uv_size": [128, 90]},
								"up": {"uv": [20, 110], "uv_size": [-20, -44]},
								"down": {"uv": [128, 128], "uv_size": [-128, -90]}
							}
						}
					]
				},
				{
					"name": "FLArm",
					"parent": "Full",
					"pivot": [2.43302, 2.34588, -3.83367],
					"cubes": [
						{
							"origin": [2.12473, 1.947, -4.43387],
							"size": [2.13, 0.8875, 1.065],
							"pivot": [2.3882, 2.4251, -3.80361],
							"rotation": [0, -22.5, 0],
							"uv": {
								"north": {"uv": [128, 72], "uv_size": [-128, 38]},
								"east": {"uv": [0, 38], "uv_size": [128, 90]},
								"south": {"uv": [0, 72], "uv_size": [128, 38]},
								"west": {"uv": [0, 38], "uv_size": [128, 90]},
								"up": {"uv": [28, 38], "uv_size": [100, 54]},
								"down": {"uv": [128, 128], "uv_size": [-128, -90]}
							}
						},
						{
							"origin": [3.671, 2.51208, -3.75266],
							"size": [2.6625, 0.71, 1.065],
							"pivot": [2.3882, 2.4251, -3.80361],
							"rotation": [0, 0, 22.5],
							"uv": {
								"north": {"uv": [128, 60], "uv_size": [-128, 28]},
								"east": {"uv": [0, 38], "uv_size": [128, 90]},
								"south": {"uv": [0, 40], "uv_size": [128, 28]},
								"west": {"uv": [0, 38], "uv_size": [128, 90]},
								"up": {"uv": [0, 92], "uv_size": [128, -54]},
								"down": {"uv": [128, 128], "uv_size": [-128, -90]}
							}
						},
						{
							"origin": [5.44231, 0.882, -2.68478],
							"size": [1.5975, 0.5325, 1.42],
							"pivot": [2.3882, 2.4251, -3.80361],
							"rotation": [0, 22.5, 0],
							"uv": {
								"north": {"uv": [0, 72], "uv_size": [128, 22]},
								"east": {"uv": [0, 72], "uv_size": [128, 22]},
								"south": {"uv": [0, 72], "uv_size": [128, 22]},
								"west": {"uv": [0, 72], "uv_size": [128, 22]},
								"up": {"uv": [62, 92], "uv_size": [-62, -54]},
								"down": {"uv": [128, 128], "uv_size": [-128, -90]}
							}
						},
						{
							"origin": [5.98573, 0.882, -3.28669],
							"size": [0.355, 0.355, 0.8875],
							"pivot": [2.3882, 2.4251, -3.80361],
							"rotation": [0, 22.5, 0],
							"uv": {
								"north": {"uv": [0, 38], "uv_size": [128, 90]},
								"east": {"uv": [0, 38], "uv_size": [128, 90]},
								"south": {"uv": [0, 38], "uv_size": [128, 90]},
								"west": {"uv": [0, 38], "uv_size": [128, 90]},
								"up": {"uv": [20, 110], "uv_size": [-20, -44]},
								"down": {"uv": [128, 128], "uv_size": [-128, -90]}
							}
						},
						{
							"origin": [6.41621, 0.882, -6.60736],
							"size": [0.355, 0.355, 0.8875],
							"pivot": [2.3882, 2.4251, -3.80361],
							"rotation": [0, -22.5, 0],
							"uv": {
								"north": {"uv": [0, 38], "uv_size": [128, 90]},
								"east": {"uv": [0, 38], "uv_size": [128, 90]},
								"south": {"uv": [0, 38], "uv_size": [128, 90]},
								"west": {"uv": [0, 38], "uv_size": [128, 90]},
								"up": {"uv": [20, 110], "uv_size": [-20, -44]},
								"down": {"uv": [128, 128], "uv_size": [-128, -90]}
							}
						},
						{
							"origin": [6.82972, 0.882, -1.83521],
							"size": [0.8875, 0.355, 0.355],
							"pivot": [2.3882, 2.4251, -3.80361],
							"rotation": [0, 22.5, 0],
							"uv": {
								"north": {"uv": [0, 38], "uv_size": [128, 90]},
								"east": {"uv": [0, 38], "uv_size": [128, 90]},
								"south": {"uv": [0, 38], "uv_size": [128, 90]},
								"west": {"uv": [0, 38], "uv_size": [128, 90]},
								"up": {"uv": [20, 110], "uv_size": [-20, -44]},
								"down": {"uv": [128, 128], "uv_size": [-128, -90]}
							}
						}
					]
				},
				{
					"name": "BLArm",
					"parent": "Full",
					"pivot": [2.1075, 2.39, 3.55],
					"cubes": [
						{
							"origin": [2.1019, 1.947, 2.90633],
							"size": [2.13, 0.8875, 1.065],
							"pivot": [2.0882, 2.6251, 3.65139],
							"rotation": [0, -22.5, 0],
							"uv": {
								"north": {"uv": [128, 72], "uv_size": [-128, 38]},
								"east": {"uv": [0, 38], "uv_size": [128, 90]},
								"south": {"uv": [0, 72], "uv_size": [128, 38]},
								"west": {"uv": [0, 38], "uv_size": [128, 90]},
								"up": {"uv": [28, 38], "uv_size": [100, 54]},
								"down": {"uv": [128, 128], "uv_size": [-128, -90]}
							}
						},
						{
							"origin": [3.7247, 2.64211, 3.70234],
							"size": [2.6625, 0.71, 1.065],
							"pivot": [2.0882, 2.6251, 3.65139],
							"rotation": [0, 0, 22.5],
							"uv": {
								"north": {"uv": [128, 60], "uv_size": [-128, 28]},
								"east": {"uv": [0, 38], "uv_size": [128, 90]},
								"south": {"uv": [0, 40], "uv_size": [128, 28]},
								"west": {"uv": [0, 38], "uv_size": [128, 90]},
								"up": {"uv": [0, 92], "uv_size": [128, -54]},
								"down": {"uv": [128, 128], "uv_size": [-128, -90]}
							}
						},
						{
							"origin": [5.41947, 0.882, 4.88502],
							"size": [1.5975, 0.5325, 1.42],
							"pivot": [2.0882, 2.6251, 3.65139],
							"rotation": [0, 22.5, 0],
							"uv": {
								"north": {"uv": [0, 72], "uv_size": [128, 22]},
								"east": {"uv": [0, 72], "uv_size": [128, 22]},
								"south": {"uv": [0, 72], "uv_size": [128, 22]},
								"west": {"uv": [0, 72], "uv_size": [128, 22]},
								"up": {"uv": [62, 92], "uv_size": [-62, -54]},
								"down": {"uv": [128, 128], "uv_size": [-128, -90]}
							}
						},
						{
							"origin": [5.96289, 0.882, 4.28311],
							"size": [0.355, 0.355, 0.8875],
							"pivot": [2.0882, 2.6251, 3.65139],
							"rotation": [0, 22.5, 0],
							"uv": {
								"north": {"uv": [0, 38], "uv_size": [128, 90]},
								"east": {"uv": [0, 38], "uv_size": [128, 90]},
								"south": {"uv": [0, 38], "uv_size": [128, 90]},
								"west": {"uv": [0, 38], "uv_size": [128, 90]},
								"up": {"uv": [20, 110], "uv_size": [-20, -44]},
								"down": {"uv": [128, 128], "uv_size": [-128, -90]}
							}
						},
						{
							"origin": [6.39337, 0.882, 0.73283],
							"size": [0.355, 0.355, 0.8875],
							"pivot": [2.0882, 2.6251, 3.65139],
							"rotation": [0, -22.5, 0],
							"uv": {
								"north": {"uv": [0, 38], "uv_size": [128, 90]},
								"east": {"uv": [0, 38], "uv_size": [128, 90]},
								"south": {"uv": [0, 38], "uv_size": [128, 90]},
								"west": {"uv": [0, 38], "uv_size": [128, 90]},
								"up": {"uv": [20, 110], "uv_size": [-20, -44]},
								"down": {"uv": [128, 128], "uv_size": [-128, -90]}
							}
						},
						{
							"origin": [6.80688, 0.882, 5.73459],
							"size": [0.8875, 0.355, 0.355],
							"pivot": [2.0882, 2.6251, 3.65139],
							"rotation": [0, 22.5, 0],
							"uv": {
								"north": {"uv": [0, 38], "uv_size": [128, 90]},
								"east": {"uv": [0, 38], "uv_size": [128, 90]},
								"south": {"uv": [0, 38], "uv_size": [128, 90]},
								"west": {"uv": [0, 38], "uv_size": [128, 90]},
								"up": {"uv": [20, 110], "uv_size": [-20, -44]},
								"down": {"uv": [128, 128], "uv_size": [-128, -90]}
							}
						}
					]
				},
				{
					"name": "BRArm",
					"parent": "Full",
					"pivot": [-2.595, 2.49, 3.55],
					"cubes": [
						{
							"origin": [-4.77822, 1.947, 2.97585],
							"size": [2.13, 0.8875, 1.065],
							"pivot": [-2.80237, 2.4251, 3.6514],
							"rotation": [0, 22.5, 0],
							"uv": {
								"north": {"uv": [0, 72], "uv_size": [128, 38]},
								"east": {"uv": [0, 38], "uv_size": [128, 90]},
								"south": {"uv": [0, 72], "uv_size": [128, 38]},
								"west": {"uv": [0, 38], "uv_size": [128, 90]},
								"up": {"uv": [128, 38], "uv_size": [-100, 54]},
								"down": {"uv": [128, 128], "uv_size": [-128, -90]}
							}
						},
						{
							"origin": [-6.857, 2.55737, 3.70234],
							"size": [2.6625, 0.71, 1.065],
							"pivot": [-2.80237, 2.4251, 3.6514],
							"rotation": [0, 0, -22.5],
							"uv": {
								"north": {"uv": [0, 72], "uv_size": [128, 28]},
								"east": {"uv": [44, 62], "uv_size": [42, 40]},
								"south": {"uv": [128, 40], "uv_size": [-128, 28]},
								"west": {"uv": [40, 64], "uv_size": [42, 40]},
								"up": {"uv": [128, 92], "uv_size": [-128, -54]},
								"down": {"uv": [128, 128], "uv_size": [-128, -90]}
							}
						},
						{
							"origin": [-7.39931, 0.882, 4.74758],
							"size": [1.5975, 0.5325, 1.42],
							"pivot": [-2.80237, 2.4251, 3.6514],
							"rotation": [0, -22.5, 0],
							"uv": {
								"north": {"uv": [0, 72], "uv_size": [128, 22]},
								"east": {"uv": [0, 72], "uv_size": [128, 22]},
								"south": {"uv": [0, 72], "uv_size": [128, 22]},
								"west": {"uv": [0, 72], "uv_size": [128, 22]},
								"up": {"uv": [62, 92], "uv_size": [-62, -54]},
								"down": {"uv": [128, 128], "uv_size": [-128, -90]}
							}
						},
						{
							"origin": [-8.07672, 0.882, 5.59715],
							"size": [0.8875, 0.355, 0.355],
							"pivot": [-2.80237, 2.4251, 3.6514],
							"rotation": [0, -22.5, 0],
							"uv": {
								"north": {"uv": [0, 38], "uv_size": [128, 90]},
								"east": {"uv": [0, 38], "uv_size": [128, 90]},
								"south": {"uv": [0, 38], "uv_size": [128, 90]},
								"west": {"uv": [0, 38], "uv_size": [128, 90]},
								"up": {"uv": [20, 110], "uv_size": [-20, -44]},
								"down": {"uv": [128, 128], "uv_size": [-128, -90]}
							}
						},
						{
							"origin": [-7.13071, 0.882, 0.87028],
							"size": [0.355, 0.355, 0.8875],
							"pivot": [-2.80237, 2.4251, 3.6514],
							"rotation": [0, 22.5, 0],
							"uv": {
								"north": {"uv": [0, 38], "uv_size": [128, 90]},
								"east": {"uv": [0, 38], "uv_size": [128, 90]},
								"south": {"uv": [0, 38], "uv_size": [128, 90]},
								"west": {"uv": [0, 38], "uv_size": [128, 90]},
								"up": {"uv": [20, 110], "uv_size": [-20, -44]},
								"down": {"uv": [128, 128], "uv_size": [-128, -90]}
							}
						},
						{
							"origin": [-6.70023, 0.882, 4.14567],
							"size": [0.355, 0.355, 0.8875],
							"pivot": [-2.80237, 2.4251, 3.6514],
							"rotation": [0, -22.5, 0],
							"uv": {
								"north": {"uv": [0, 38], "uv_size": [128, 90]},
								"east": {"uv": [0, 38], "uv_size": [128, 90]},
								"south": {"uv": [0, 38], "uv_size": [128, 90]},
								"west": {"uv": [0, 38], "uv_size": [128, 90]},
								"up": {"uv": [20, 110], "uv_size": [-20, -44]},
								"down": {"uv": [128, 128], "uv_size": [-128, -90]}
							}
						}
					]
				},
				{
					"name": "Tail",
					"parent": "Full",
					"pivot": [-0.1775, 3.43841, 4.45785],
					"cubes": [
						{
							"origin": [-2.84, 2.6664, 3.90699],
							"size": [4.97, 2.3075, 2.13],
							"pivot": [-0.4225, 3.012, 3.345],
							"rotation": [-22.5, 0, 0],
							"uv": {
								"north": {"uv": [0, 38], "uv_size": [128, 90]},
								"east": {"uv": [0, 38], "uv_size": [128, 90]},
								"south": {"uv": [0, 38], "uv_size": [128, 90]},
								"west": {"uv": [0, 38], "uv_size": [128, 90]},
								"up": {"uv": [40, 128], "uv_size": [-38, -74]},
								"down": {"uv": [128, 128], "uv_size": [-128, -90]}
							}
						},
						{
							"origin": [-2.6625, 2.84391, 5.50449],
							"size": [4.615, 1.9525, 1.775],
							"pivot": [-0.4225, 3.012, 3.345],
							"rotation": [-22.5, 0, 0],
							"uv": {
								"north": {"uv": [0, 38], "uv_size": [128, 90]},
								"east": {"uv": [0, 38], "uv_size": [128, 90]},
								"south": {"uv": [0, 38], "uv_size": [128, 90]},
								"west": {"uv": [0, 38], "uv_size": [128, 90]},
								"up": {"uv": [26, 128], "uv_size": [-24, -80]},
								"down": {"uv": [128, 128], "uv_size": [-128, -90]}
							}
						},
						{
							"origin": [-2.485, 2.92535, 6.80141],
							"size": [4.26, 1.5975, 1.42],
							"pivot": [-0.4225, 3.012, 3.345],
							"rotation": [-22.5, 0, 0],
							"uv": {
								"north": {"uv": [0, 38], "uv_size": [128, 90]},
								"east": {"uv": [0, 38], "uv_size": [128, 90]},
								"south": {"uv": [0, 38], "uv_size": [128, 90]},
								"west": {"uv": [0, 38], "uv_size": [128, 90]},
								"up": {"uv": [26, 128], "uv_size": [-24, -80]},
								"down": {"uv": [128, 128], "uv_size": [-128, -90]}
							}
						},
						{
							"origin": [-2.3075, 3.27849, 7.68927],
							"size": [3.905, 1.065, 1.775],
							"pivot": [-0.4225, 3.012, 3.345],
							"rotation": [-22.5, 0, 0],
							"uv": {
								"north": {"uv": [0, 38], "uv_size": [128, 90]},
								"east": {"uv": [0, 38], "uv_size": [128, 90]},
								"south": {"uv": [0, 38], "uv_size": [128, 90]},
								"west": {"uv": [0, 38], "uv_size": [128, 90]},
								"up": {"uv": [26, 128], "uv_size": [-24, -80]},
								"down": {"uv": [128, 128], "uv_size": [-128, -90]}
							}
						}
					]
				},
				{
					"name": "BottomTail",
					"parent": "Tail",
					"pivot": [0, 1.30841, 9.30535],
					"cubes": [
						{
							"origin": [-1.775, 0.87666, 8.95035],
							"size": [3.0175, 0.71, 1.2425],
							"uv": {
								"north": {"uv": [0, 38], "uv_size": [128, 90]},
								"east": {"uv": [0, 38], "uv_size": [128, 90]},
								"south": {"uv": [0, 38], "uv_size": [128, 90]},
								"west": {"uv": [0, 38], "uv_size": [128, 90]},
								"up": {"uv": [26, 128], "uv_size": [-24, -80]},
								"down": {"uv": [128, 128], "uv_size": [-128, -90]}
							}
						},
						{
							"origin": [-1.5975, 0.87666, 10.19285],
							"size": [2.6625, 0.5325, 1.2425],
							"uv": {
								"north": {"uv": [0, 38], "uv_size": [128, 90]},
								"east": {"uv": [0, 38], "uv_size": [128, 90]},
								"south": {"uv": [0, 38], "uv_size": [128, 90]},
								"west": {"uv": [0, 38], "uv_size": [128, 90]},
								"up": {"uv": [26, 128], "uv_size": [-24, -80]},
								"down": {"uv": [128, 128], "uv_size": [-128, -90]}
							}
						},
						{
							"origin": [-1.2425, 0.87666, 11.43535],
							"size": [2.13, 0.355, 1.2425],
							"uv": {
								"north": {"uv": [0, 38], "uv_size": [128, 90]},
								"east": {"uv": [0, 38], "uv_size": [128, 90]},
								"south": {"uv": [0, 38], "uv_size": [128, 90]},
								"west": {"uv": [0, 38], "uv_size": [128, 90]},
								"up": {"uv": [26, 128], "uv_size": [-24, -80]},
								"down": {"uv": [128, 128], "uv_size": [-128, -90]}
							}
						},
						{
							"origin": [-1.065, 0.87666, 12.50035],
							"size": [1.775, 0.1775, 1.42],
							"uv": {
								"north": {"uv": [0, 38], "uv_size": [128, 90]},
								"east": {"uv": [0, 38], "uv_size": [128, 90]},
								"south": {"uv": [0, 38], "uv_size": [128, 90]},
								"west": {"uv": [0, 38], "uv_size": [128, 90]},
								"up": {"uv": [26, 128], "uv_size": [-24, -80]},
								"down": {"uv": [128, 128], "uv_size": [-128, -90]}
							}
						},
						{
							"origin": [-0.8875, 0.87666, 13.92035],
							"size": [1.42, 0.1775, 1.2425],
							"uv": {
								"north": {"uv": [0, 38], "uv_size": [128, 90]},
								"east": {"uv": [0, 38], "uv_size": [128, 90]},
								"south": {"uv": [0, 38], "uv_size": [128, 90]},
								"west": {"uv": [0, 38], "uv_size": [128, 90]},
								"up": {"uv": [26, 128], "uv_size": [-24, -80]},
								"down": {"uv": [128, 128], "uv_size": [-128, -90]}
							}
						},
						{
							"origin": [-0.71, 0.87666, 15.16285],
							"size": [1.065, 0.1775, 1.42],
							"uv": {
								"north": {"uv": [0, 38], "uv_size": [128, 90]},
								"east": {"uv": [0, 38], "uv_size": [128, 90]},
								"south": {"uv": [0, 38], "uv_size": [128, 90]},
								"west": {"uv": [0, 38], "uv_size": [128, 90]},
								"up": {"uv": [56, 128], "uv_size": [-54, -80]},
								"down": {"uv": [128, 128], "uv_size": [-128, -90]}
							}
						},
						{
							"origin": [-0.5325, 0.87666, 16.58285],
							"size": [0.71, 0.1775, 0.8875],
							"uv": {
								"north": {"uv": [0, 38], "uv_size": [128, 90]},
								"east": {"uv": [0, 38], "uv_size": [128, 90]},
								"south": {"uv": [0, 38], "uv_size": [128, 90]},
								"west": {"uv": [0, 38], "uv_size": [128, 90]},
								"up": {"uv": [56, 128], "uv_size": [-54, -80]},
								"down": {"uv": [128, 128], "uv_size": [-128, -90]}
							}
						},
						{
							"origin": [-0.355, 0.87666, 17.47035],
							"size": [0.355, 0.1775, 0.5325],
							"uv": {
								"north": {"uv": [0, 38], "uv_size": [128, 90]},
								"east": {"uv": [0, 38], "uv_size": [128, 90]},
								"south": {"uv": [0, 38], "uv_size": [128, 90]},
								"west": {"uv": [0, 38], "uv_size": [128, 90]},
								"up": {"uv": [56, 128], "uv_size": [-54, -80]},
								"down": {"uv": [128, 128], "uv_size": [-128, -90]}
							}
						},
						{
							"origin": [-0.8875, -2.29139, 17.07464],
							"size": [1.42, 0, 2.13],
							"pivot": [-0.19722, 1.2684, 9.30664],
							"rotation": [22.5, 0, 0],
							"uv": {
								"north": {"uv": [0, 0], "uv_size": [0.12504, 0.12504]},
								"east": {"uv": [0, 0], "uv_size": [0.12504, 0.12504]},
								"south": {"uv": [0, 0], "uv_size": [0.12504, 0.12504]},
								"west": {"uv": [0, 0], "uv_size": [0.12504, 0.12504]},
								"up": {"uv": [118, 8], "uv_size": [-8, 18]},
								"down": {"uv": [118, 26], "uv_size": [-8, -18]}
							}
						}
					]
				},
				{
					"name": "hitbox",
					"pivot": [-0.1775, 3.81075, 2.57375],
					"cubes": [
						{
							"origin": [-9.0525, 0.527, -15.0875],
							"size": [17.75, 6.5675, 35.3225],
							"uv": {
								"north": {"uv": [128, 31], "uv_size": [0, 0]},
								"east": {"uv": [128, 31], "uv_size": [0, 0]},
								"south": {"uv": [128, 31], "uv_size": [0, 0]},
								"west": {"uv": [128, 31], "uv_size": [0, 0]},
								"up": {"uv": [128, 31], "uv_size": [0, 0]},
								"down": {"uv": [128, 31], "uv_size": [0, 0]}
							}
						}
					]
				}
			]
		}
	]
}