{
	"credit": "Made with Blockbench",
	"textures": {
		"0": "block/blue_orchid",
		"particle": "block/blue_orchid"
	},
	"elements": [
		{
			"from": [6.5, 0, 7.5],
			"to": [7.5, 3.625, 8.5],
			"rotation": {"angle": 0, "axis": "y", "origin": [14.5, 8, 15.5]},
			"faces": {
				"north": {"uv": [8.5, 12.5, 9.5, 16], "texture": "#0"},
				"east": {"uv": [8.5, 12.5, 9.5, 16], "texture": "#0"},
				"south": {"uv": [8.5, 12.5, 9.5, 16], "texture": "#0"},
				"west": {"uv": [8.5, 12.5, 9.5, 16], "texture": "#0"},
				"up": {"uv": [8.5, 12.5, 9.5, 16], "texture": "#0"},
				"down": {"uv": [8.5, 12.5, 9.5, 16], "texture": "#0"}
			}
		},
		{
			"from": [8, 2.5, 7.6875],
			"to": [8.5, 4.125, 8.3125],
			"rotation": {"angle": 0, "axis": "y", "origin": [15.5, 8.875, 15.3125]},
			"faces": {
				"north": {"uv": [7.5, 12, 8, 13.5], "texture": "#0"},
				"east": {"uv": [7.5, 12, 8, 13.5], "texture": "#0"},
				"south": {"uv": [7.5, 12, 8, 13.5], "texture": "#0"},
				"west": {"uv": [7.5, 12, 8, 13.5], "texture": "#0"},
				"up": {"uv": [7.5, 12, 8, 12.625], "texture": "#0"},
				"down": {"uv": [7.5, 12, 8, 12.625], "texture": "#0"}
			}
		},
		{
			"from": [8.5, 3.5, 7.6875],
			"to": [9, 4.625, 8.3125],
			"rotation": {"angle": 0, "axis": "y", "origin": [16, 9.375, 15.3125]},
			"faces": {
				"north": {"uv": [7, 11.5, 7.5, 12.5], "texture": "#0"},
				"east": {"uv": [7, 11.5, 7.5, 12.5], "texture": "#0"},
				"south": {"uv": [7, 11.5, 7.5, 12.5], "texture": "#0"},
				"west": {"uv": [7, 11.5, 7.5, 12.5], "texture": "#0"},
				"up": {"uv": [7, 11.5, 7.5, 12], "texture": "#0"},
				"down": {"uv": [7, 12, 7.5, 12.5], "texture": "#0"}
			}
		},
		{
			"from": [9, 4, 7.6875],
			"to": [9.5, 5.125, 8.3125],
			"rotation": {"angle": 0, "axis": "y", "origin": [16.5, 9.875, 15.3125]},
			"faces": {
				"north": {"uv": [6.5, 11, 7, 12], "texture": "#0"},
				"east": {"uv": [6.5, 11, 7, 12], "texture": "#0"},
				"south": {"uv": [6.5, 11, 7, 12], "texture": "#0"},
				"west": {"uv": [6.5, 11, 7, 12], "texture": "#0"},
				"up": {"uv": [6.5, 11, 7, 11.625], "texture": "#0"},
				"down": {"uv": [6.5, 11.5, 7, 12], "texture": "#0"}
			}
		},
		{
			"from": [9.5, 4.5, 7.6875],
			"to": [10, 5.625, 8.3125],
			"rotation": {"angle": 0, "axis": "y", "origin": [17, 10.375, 15.3125]},
			"faces": {
				"north": {"uv": [6, 10.5, 6.5, 11.625], "texture": "#0"},
				"east": {"uv": [6, 10.5, 6.5, 11.625], "texture": "#0"},
				"south": {"uv": [6, 10.5, 6.5, 11.625], "texture": "#0"},
				"west": {"uv": [6, 10.5, 6.5, 11.625], "texture": "#0"},
				"up": {"uv": [6, 10.5, 6.5, 11.625], "texture": "#0"},
				"down": {"uv": [6, 10.5, 6.5, 11.625], "texture": "#0"}
			}
		},
		{
			"from": [10, 5, 7.6875],
			"to": [10.5, 5.625, 8.3125],
			"rotation": {"angle": 0, "axis": "y", "origin": [17, 10.375, 15.3125]},
			"faces": {
				"north": {"uv": [5.5, 10.5, 6, 11], "texture": "#0"},
				"east": {"uv": [5.5, 10.5, 6, 11], "texture": "#0"},
				"south": {"uv": [5.5, 10.5, 6, 11], "texture": "#0"},
				"west": {"uv": [5.5, 10.5, 6, 11], "texture": "#0"},
				"up": {"uv": [5.5, 10.5, 6, 11], "texture": "#0"},
				"down": {"uv": [5.5, 10.5, 6, 11], "texture": "#0"}
			}
		},
		{
			"from": [10.5, 5, 7.6875],
			"to": [11, 6.125, 8.3125],
			"rotation": {"angle": 0, "axis": "y", "origin": [17.5, 10.375, 15.3125]},
			"faces": {
				"north": {"uv": [5, 10, 5.5, 11], "texture": "#0"},
				"east": {"uv": [5, 10, 5.5, 11], "texture": "#0"},
				"south": {"uv": [5, 10, 5.5, 11], "texture": "#0"},
				"west": {"uv": [5, 10, 5.5, 11], "texture": "#0"},
				"up": {"uv": [5, 10, 5.5, 11], "texture": "#0"},
				"down": {"uv": [5, 10, 5.5, 11], "texture": "#0"}
			}
		},
		{
			"from": [11.5, 4.625, 7.25],
			"to": [13, 5.125, 8.75],
			"rotation": {"angle": 0, "axis": "y", "origin": [18.5, 10.375, 14.875]},
			"faces": {
				"north": {"uv": [3, 11, 4.5, 11.5], "texture": "#0"},
				"east": {"uv": [3, 11, 4.5, 11.5], "texture": "#0"},
				"south": {"uv": [3, 11, 4.5, 11.5], "texture": "#0"},
				"west": {"uv": [3, 11, 4.5, 11.5], "texture": "#0"},
				"up": {"uv": [0, 0, 0.125, 0.125], "texture": "#missing"},
				"down": {"uv": [3, 10, 4.5, 11.5], "texture": "#0"}
			}
		},
		{
			"from": [11, 6.125, 7.0625],
			"to": [13, 6.625, 8.9375],
			"rotation": {"angle": 0, "axis": "y", "origin": [18.5, 11.875, 14.6875]},
			"faces": {
				"north": {"uv": [3, 9.5, 5, 10], "texture": "#0"},
				"east": {"uv": [3, 9.5, 5, 10], "texture": "#0"},
				"south": {"uv": [3, 9.5, 5, 10], "texture": "#0"},
				"west": {"uv": [3, 9.5, 5, 10], "texture": "#0"},
				"up": {"uv": [3, 9.5, 5, 10], "texture": "#0"},
				"down": {"uv": [3, 9.5, 5, 10], "texture": "#0"}
			}
		},
		{
			"from": [11.5, 6.625, 7.4375],
			"to": [12.5, 7.125, 8.4375],
			"rotation": {"angle": 0, "axis": "y", "origin": [18.5, 12.375, 15.0625]},
			"faces": {
				"north": {"uv": [3.5, 9, 4.5, 9.5], "texture": "#0"},
				"east": {"uv": [3.5, 9, 4.625, 9.5], "texture": "#0"},
				"south": {"uv": [3.5, 9, 4.625, 9.5], "texture": "#0"},
				"west": {"uv": [3.5, 9, 4.625, 9.5], "texture": "#0"},
				"up": {"uv": [3.5, 9, 4.5, 10], "texture": "#0"},
				"down": {"uv": [3.5, 9, 4.625, 9.5], "texture": "#0"}
			}
		},
		{
			"from": [8.5, 8.625, 7.25],
			"to": [10, 9.125, 8.75],
			"rotation": {"angle": 0, "axis": "y", "origin": [15.5, 14.375, 14.875]},
			"faces": {
				"north": {"uv": [6, 7, 7.5, 7.5], "texture": "#0"},
				"east": {"uv": [6, 7, 7.5, 7.5], "texture": "#0"},
				"south": {"uv": [6, 7, 7.5, 7.5], "texture": "#0"},
				"west": {"uv": [6, 7, 7.5, 7.5], "texture": "#0"},
				"up": {"uv": [6, 7, 7.5, 7.5], "texture": "#0"},
				"down": {"uv": [6, 7, 7.5, 7.5], "texture": "#0"}
			}
		},
		{
			"from": [9, 9.125, 7.25],
			"to": [10.5, 9.625, 8.75],
			"rotation": {"angle": 0, "axis": "y", "origin": [16, 14.875, 14.875]},
			"faces": {
				"north": {"uv": [5.5, 6.5, 7, 7], "texture": "#0"},
				"east": {"uv": [5.5, 6.5, 7, 7], "texture": "#0"},
				"south": {"uv": [5.5, 6.5, 7, 7], "texture": "#0"},
				"west": {"uv": [5.5, 6.5, 7, 7], "texture": "#0"},
				"up": {"uv": [5.5, 6.5, 7, 7], "texture": "#0"},
				"down": {"uv": [5.5, 6.5, 7, 7], "texture": "#0"}
			}
		},
		{
			"from": [8.5, 9.625, 6.75],
			"to": [11, 10.625, 9.25],
			"rotation": {"angle": 0, "axis": "y", "origin": [16, 15.375, 14.375]},
			"faces": {
				"north": {"uv": [5, 5.5, 7, 6.5], "texture": "#0"},
				"east": {"uv": [5, 5.5, 7, 6.5], "texture": "#0"},
				"south": {"uv": [5, 5.5, 7, 6.5], "texture": "#0"},
				"west": {"uv": [5, 5.5, 7, 6.5], "texture": "#0"},
				"up": {"uv": [5, 5.5, 7, 6.5], "texture": "#0"},
				"down": {"uv": [5, 5.5, 7, 6.5], "texture": "#0"}
			}
		},
		{
			"from": [6.5, 10, 7],
			"to": [8.5, 10.625, 9],
			"rotation": {"angle": 0, "axis": "y", "origin": [14, 15.375, 14.625]},
			"faces": {
				"north": {"uv": [7, 5.5, 9, 6], "texture": "#0"},
				"east": {"uv": [7, 5.5, 9, 6], "texture": "#0"},
				"south": {"uv": [7, 5.5, 9, 6], "texture": "#0"},
				"west": {"uv": [7, 5.5, 9, 6], "texture": "#0"},
				"up": {"uv": [7, 5.5, 9, 6], "texture": "#0"},
				"down": {"uv": [7, 5.5, 9, 6], "texture": "#0"}
			}
		},
		{
			"from": [8.5, 9.625, 6.75],
			"to": [11, 10.625, 9.25],
			"rotation": {"angle": 0, "axis": "y", "origin": [16, 15.375, 14.375]},
			"color": 3,
			"faces": {
				"north": {"uv": [0, 0, 0.125, 0.125], "texture": "#missing"},
				"east": {"uv": [0, 0, 0.125, 0.125], "texture": "#missing"},
				"south": {"uv": [0, 0, 0.125, 0.125], "texture": "#missing"},
				"west": {"uv": [0, 0, 0.125, 0.125], "texture": "#missing"},
				"up": {"uv": [0, 0, 0.125, 0.125], "texture": "#missing"},
				"down": {"uv": [0, 0, 0.125, 0.125], "texture": "#missing"}
			}
		},
		{
			"from": [7, 10.625, 6.25],
			"to": [10.5, 11.125, 9.75],
			"rotation": {"angle": 0, "axis": "y", "origin": [16, 15.875, 13.875]},
			"faces": {
				"north": {"uv": [5.5, 5, 9, 5.5], "texture": "#0"},
				"east": {"uv": [5.5, 5, 9, 5.5], "texture": "#0"},
				"south": {"uv": [5.5, 5, 9, 5.5], "texture": "#0"},
				"west": {"uv": [5.5, 5, 9, 5.5], "texture": "#0"},
				"up": {"uv": [5.5, 5, 9, 5.5], "texture": "#0"},
				"down": {"uv": [5.5, 5, 9, 5.5], "texture": "#0"}
			}
		},
		{
			"from": [7.25, 11.125, 7],
			"to": [9.75, 11.75, 9.5],
			"rotation": {"angle": 0, "axis": "y", "origin": [16.25, 16.375, 14.625]},
			"faces": {
				"north": {"uv": [6.5, 4.5, 9, 5], "texture": "#0"},
				"east": {"uv": [6.5, 4.5, 9, 5], "texture": "#0"},
				"south": {"uv": [6.5, 4.5, 9, 5], "texture": "#0"},
				"west": {"uv": [6.5, 4.5, 9, 5], "texture": "#0"},
				"up": {"uv": [6.5, 4.5, 9, 5], "texture": "#0"},
				"down": {"uv": [6.5, 4.5, 9, 5], "texture": "#0"}
			}
		},
		{
			"from": [7.5, 11.75, 7],
			"to": [9.5, 12.25, 9],
			"rotation": {"angle": 0, "axis": "y", "origin": [16.5, 17, 14.625]},
			"faces": {
				"north": {"uv": [6.5, 4, 8.5, 4.5], "texture": "#0"},
				"east": {"uv": [6.5, 4, 8.5, 4.5], "texture": "#0"},
				"south": {"uv": [6.5, 4, 8.5, 4.5], "texture": "#0"},
				"west": {"uv": [6.5, 4, 8.5, 4.5], "texture": "#0"},
				"up": {"uv": [6.5, 4, 8.5, 4.5], "texture": "#0"},
				"down": {"uv": [6.5, 4, 8.5, 4.5], "texture": "#0"}
			}
		},
		{
			"from": [8, 12.25, 7.5],
			"to": [9, 12.75, 8.5],
			"rotation": {"angle": 0, "axis": "y", "origin": [16.75, 17.5, 15.125]},
			"faces": {
				"north": {"uv": [7, 3.5, 8, 4], "texture": "#0"},
				"east": {"uv": [7, 3.5, 8, 4], "texture": "#0"},
				"south": {"uv": [7, 3.5, 8, 4], "texture": "#0"},
				"west": {"uv": [7, 3.5, 8, 4], "texture": "#0"},
				"up": {"uv": [7, 3.5, 8, 4], "texture": "#0"},
				"down": {"uv": [7, 3.5, 8, 4], "texture": "#0"}
			}
		},
		{
			"from": [11, 5.125, 6.75],
			"to": [13.5, 6.125, 9.25],
			"rotation": {"angle": 0, "axis": "y", "origin": [18.5, 10.875, 14.375]},
			"faces": {
				"north": {"uv": [2.5, 10, 5, 11], "texture": "#0"},
				"east": {"uv": [2.5, 10, 5, 11], "texture": "#0"},
				"south": {"uv": [2.5, 10, 5, 11], "texture": "#0"},
				"west": {"uv": [2.5, 10, 5, 11], "texture": "#0"},
				"up": {"uv": [2.5, 10, 5, 11], "texture": "#0"},
				"down": {"uv": [2.5, 10, 5, 11], "texture": "#0"}
			}
		},
		{
			"from": [7.5, 1.5, 7.6875],
			"to": [8, 3.25, 8.3125],
			"rotation": {"angle": 0, "axis": "y", "origin": [15, 8, 15.3125]},
			"faces": {
				"north": {"uv": [8, 13, 8.5, 14.5], "texture": "#0"},
				"east": {"uv": [8, 13, 8.5, 14.5], "texture": "#0"},
				"south": {"uv": [8, 13, 8.5, 14.5], "texture": "#0"},
				"west": {"uv": [8, 13, 8.5, 14.5], "texture": "#0"},
				"up": {"uv": [8, 13, 8.5, 13.625], "texture": "#0"},
				"down": {"uv": [8, 13, 8.5, 13.625], "texture": "#0"}
			}
		},
		{
			"from": [6, 1.5, 7.6875],
			"to": [6.5, 2.625, 8.3125],
			"rotation": {"angle": 0, "axis": "y", "origin": [13.5, 7.875, 15.3125]},
			"faces": {
				"north": {"uv": [9.5, 13.5, 10, 14.5], "texture": "#0"},
				"east": {"uv": [9.5, 13.5, 10, 14.5], "texture": "#0"},
				"south": {"uv": [9.5, 13.5, 10, 14.5], "texture": "#0"},
				"west": {"uv": [9.5, 13.5, 10, 14.5], "texture": "#0"},
				"up": {"uv": [9.5, 13.5, 10, 14.125], "texture": "#0"},
				"down": {"uv": [9.5, 13.5, 10, 14.125], "texture": "#0"}
			}
		},
		{
			"from": [5.5, 2, 7.6875],
			"to": [6, 3.125, 8.3125],
			"rotation": {"angle": 0, "axis": "y", "origin": [13, 8.625, 15.3125]},
			"faces": {
				"north": {"uv": [10, 13, 10.5, 14], "texture": "#0"},
				"east": {"uv": [10, 13, 10.5, 14], "texture": "#0"},
				"south": {"uv": [10, 13, 10.5, 14], "texture": "#0"},
				"west": {"uv": [10, 13, 10.5, 14], "texture": "#0"},
				"up": {"uv": [10, 13, 10.5, 13.625], "texture": "#0"},
				"down": {"uv": [10, 13, 10.5, 13.625], "texture": "#0"}
			}
		},
		{
			"from": [6, 6.25, 7.6875],
			"to": [6.5, 7.25, 8.3125],
			"rotation": {"angle": 0, "axis": "y", "origin": [13.5, 12.875, 15.3125]},
			"faces": {
				"north": {"uv": [9.5, 9, 10, 10], "texture": "#0"},
				"east": {"uv": [9.5, 9, 10, 10], "texture": "#0"},
				"south": {"uv": [9.5, 9, 10, 10], "texture": "#0"},
				"west": {"uv": [9.5, 9, 10, 10], "texture": "#0"},
				"up": {"uv": [9.5, 9, 10, 9.625], "texture": "#0"},
				"down": {"uv": [9.5, 9, 10, 9.625], "texture": "#0"}
			}
		},
		{
			"from": [7, 6.625, 7.6875],
			"to": [7.5, 7.625, 8.3125],
			"rotation": {"angle": 0, "axis": "y", "origin": [14.5, 13.25, 15.3125]},
			"faces": {
				"north": {"uv": [8.5, 8.5, 9, 9.5], "texture": "#0"},
				"east": {"uv": [8.5, 8.5, 9, 9.5], "texture": "#0"},
				"south": {"uv": [8.5, 8.5, 9, 9.5], "texture": "#0"},
				"west": {"uv": [8.5, 8.5, 9, 9.5], "texture": "#0"},
				"up": {"uv": [8.5, 8.5, 9, 9.5], "texture": "#0"},
				"down": {"uv": [8.5, 8.5, 9, 9.5], "texture": "#0"}
			}
		},
		{
			"from": [7.5, 7.125, 7.6875],
			"to": [8, 8.625, 8.3125],
			"rotation": {"angle": 0, "axis": "y", "origin": [15, 13.75, 15.3125]},
			"faces": {
				"north": {"uv": [8, 7.5, 8.5, 9], "texture": "#0"},
				"east": {"uv": [8, 7.5, 8.5, 9], "texture": "#0"},
				"south": {"uv": [8, 7.5, 8.5, 9], "texture": "#0"},
				"west": {"uv": [8, 7.5, 8.5, 9], "texture": "#0"},
				"up": {"uv": [8, 7.5, 8.5, 9], "texture": "#0"},
				"down": {"uv": [8, 7.5, 8.5, 8.125], "texture": "#0"}
			}
		},
		{
			"from": [8, 8, 7.6875],
			"to": [8.5, 10.125, 8.3125],
			"rotation": {"angle": 0, "axis": "y", "origin": [15.5, 14.625, 15.3125]},
			"faces": {
				"north": {"uv": [7.5, 6, 8, 8], "texture": "#0"},
				"east": {"uv": [7.5, 6, 8, 8], "texture": "#0"},
				"south": {"uv": [7.5, 6, 8, 8], "texture": "#0"},
				"west": {"uv": [7.5, 6, 8, 8], "texture": "#0"},
				"up": {"uv": [7.5, 6, 8, 8], "texture": "#0"},
				"down": {"uv": [7.5, 6, 8, 6.625], "texture": "#0"}
			}
		},
		{
			"from": [5.5, 6.625, 7.6875],
			"to": [6, 7.625, 8.3125],
			"rotation": {"angle": 0, "axis": "y", "origin": [13, 13.25, 15.3125]},
			"faces": {
				"north": {"uv": [10, 8.5, 10.5, 9.5], "texture": "#0"},
				"east": {"uv": [10, 8.5, 10.5, 9.5], "texture": "#0"},
				"south": {"uv": [10, 8.5, 10.5, 9.5], "texture": "#0"},
				"west": {"uv": [10, 8.5, 10.5, 9.5], "texture": "#0"},
				"up": {"uv": [10, 8.5, 10.5, 9.5], "texture": "#0"},
				"down": {"uv": [10, 8.5, 10.5, 9.5], "texture": "#0"}
			}
		},
		{
			"from": [5, 7.125, 7.6875],
			"to": [5.5, 8.125, 8.3125],
			"rotation": {"angle": 0, "axis": "y", "origin": [12.5, 13.75, 15.3125]},
			"faces": {
				"north": {"uv": [10.5, 8, 11, 9], "texture": "#0"},
				"east": {"uv": [10.5, 8, 11, 9], "texture": "#0"},
				"south": {"uv": [10.5, 8, 11, 9], "texture": "#0"},
				"west": {"uv": [10.5, 8, 11, 9], "texture": "#0"},
				"up": {"uv": [10.5, 8, 11, 8.625], "texture": "#0"},
				"down": {"uv": [10.5, 8, 11, 8.625], "texture": "#0"}
			}
		},
		{
			"from": [4.5, 7.625, 7.6875],
			"to": [5, 8.625, 8.3125],
			"rotation": {"angle": 0, "axis": "y", "origin": [12, 14.25, 15.3125]},
			"faces": {
				"north": {"uv": [11, 7.5, 11.5, 8.5], "texture": "#0"},
				"east": {"uv": [11, 7.5, 11.5, 8.5], "texture": "#0"},
				"south": {"uv": [11, 7.5, 11.5, 8.5], "texture": "#0"},
				"west": {"uv": [11, 7.5, 11.5, 8.5], "texture": "#0"},
				"up": {"uv": [11, 7.5, 11.5, 8.125], "texture": "#0"},
				"down": {"uv": [11, 7.5, 11.5, 8.125], "texture": "#0"}
			}
		},
		{
			"from": [3.5, 8.125, 7.6875],
			"to": [4, 9.125, 8.3125],
			"rotation": {"angle": 0, "axis": "y", "origin": [11, 14.75, 15.3125]},
			"faces": {
				"north": {"uv": [12, 7, 12.5, 8], "texture": "#0"},
				"east": {"uv": [12, 7, 12.5, 8], "texture": "#0"},
				"south": {"uv": [12, 7, 12.5, 8], "texture": "#0"},
				"west": {"uv": [12, 7, 12.5, 8], "texture": "#0"},
				"up": {"uv": [12, 7, 12.5, 7.625], "texture": "#0"},
				"down": {"uv": [12, 7, 12.5, 7.625], "texture": "#0"}
			}
		},
		{
			"from": [4, 8.125, 7.6875],
			"to": [4.5, 8.625, 8.3125],
			"rotation": {"angle": 0, "axis": "y", "origin": [11.5, 14.75, 15.3125]},
			"faces": {
				"north": {"uv": [11.5, 7.5, 12, 8], "texture": "#0"},
				"east": {"uv": [11.5, 7.5, 12, 8], "texture": "#0"},
				"south": {"uv": [11.5, 7.5, 12, 8], "texture": "#0"},
				"west": {"uv": [11.5, 7.5, 12, 8], "texture": "#0"},
				"up": {"uv": [11.5, 7.5, 12, 8], "texture": "#0"},
				"down": {"uv": [11.5, 7.5, 12, 8], "texture": "#0"}
			}
		},
		{
			"from": [3, 8.625, 7.6875],
			"to": [3.5, 9.125, 8.3125],
			"rotation": {"angle": 0, "axis": "y", "origin": [10.5, 15.25, 15.3125]},
			"faces": {
				"north": {"uv": [13, 7, 13.5, 7.5], "texture": "#0"},
				"east": {"uv": [13, 7, 13.5, 7.5], "texture": "#0"},
				"south": {"uv": [13, 7, 13.5, 7.5], "texture": "#0"},
				"west": {"uv": [13, 7, 13.5, 7.5], "texture": "#0"},
				"up": {"uv": [13, 7, 13.5, 7.5], "texture": "#0"},
				"down": {"uv": [13, 7, 13.5, 7.5], "texture": "#0"}
			}
		},
		{
			"from": [2, 8.125, 7.6875],
			"to": [2.5, 8.625, 8.1875],
			"rotation": {"angle": 0, "axis": "y", "origin": [9.5, 14.75, 15.3125]},
			"faces": {
				"north": {"uv": [13.5, 7.5, 14, 8], "texture": "#0"},
				"east": {"uv": [8, 11.5, 8.5, 12], "texture": "#0"},
				"south": {"uv": [13.5, 7.5, 14, 8], "texture": "#0"},
				"west": {"uv": [13, 7, 14.5, 7.5], "texture": "#0"},
				"up": {"uv": [0, 0, 0.125, 0.125], "texture": "#missing"},
				"down": {"uv": [13.5, 7.5, 14, 8], "texture": "#0"}
			}
		},
		{
			"from": [7.5, 9, 7.6875],
			"to": [8, 10, 8.1875],
			"rotation": {"angle": 0, "axis": "y", "origin": [15, 15.625, 15.3125]},
			"faces": {
				"north": {"uv": [8, 6, 8.5, 7], "texture": "#0"},
				"east": {"uv": [8, 6, 8.5, 7], "texture": "#0"},
				"south": {"uv": [8, 6, 8.5, 7], "texture": "#0"},
				"west": {"uv": [8, 6, 8.5, 7], "texture": "#0"},
				"up": {"uv": [8, 6, 8.5, 7], "texture": "#0"},
				"down": {"uv": [8, 6, 8.5, 6.5], "texture": "#0"}
			}
		},
		{
			"from": [1.5, 8.625, 7.25],
			"to": [3, 9.125, 8.75],
			"rotation": {"angle": 0, "axis": "y", "origin": [9.5, 15.25, 14.875]},
			"faces": {
				"north": {"uv": [13, 7, 14.5, 7.5], "texture": "#0"},
				"east": {"uv": [13, 7, 14.5, 7.5], "texture": "#0"},
				"south": {"uv": [13, 7, 14.5, 7.5], "texture": "#0"},
				"west": {"uv": [13, 7, 14.5, 7.5], "texture": "#0"},
				"up": {"uv": [13, 7, 14.5, 7.5], "texture": "#0"},
				"down": {"uv": [13, 7, 14.5, 7.5], "texture": "#0"}
			}
		},
		{
			"from": [1, 9.125, 6.75],
			"to": [3.5, 9.625, 9.25],
			"rotation": {"angle": 0, "axis": "y", "origin": [9.5, 15.75, 14.375]},
			"faces": {
				"north": {"uv": [12.5, 6.5, 15, 7], "texture": "#0"},
				"east": {"uv": [12.5, 6.5, 15, 7], "texture": "#0"},
				"south": {"uv": [12.5, 6.5, 15, 7], "texture": "#0"},
				"west": {"uv": [12.5, 6.5, 15, 7], "texture": "#0"},
				"up": {"uv": [12.5, 6.5, 15, 7], "texture": "#0"},
				"down": {"uv": [12.5, 6.5, 15, 7], "texture": "#0"}
			}
		},
		{
			"from": [1, 9.625, 6.4375],
			"to": [4.125, 10.125, 9.5625],
			"rotation": {"angle": 0, "axis": "y", "origin": [10.125, 16.25, 14.0625]},
			"faces": {
				"north": {"uv": [12, 6, 15, 6.5], "texture": "#0"},
				"east": {"uv": [12, 6, 15, 6.5], "texture": "#0"},
				"south": {"uv": [12, 6, 15, 6.5], "texture": "#0"},
				"west": {"uv": [12, 6, 15, 6.5], "texture": "#0"},
				"up": {"uv": [12, 6, 15, 6.5], "texture": "#0"},
				"down": {"uv": [12, 6, 15, 6.5], "texture": "#0"}
			}
		},
		{
			"from": [1.5, 10.125, 7],
			"to": [3.5, 10.625, 9],
			"rotation": {"angle": 0, "axis": "y", "origin": [10.25, 16.75, 14.625]},
			"faces": {
				"north": {"uv": [12.5, 5.5, 14.5, 6], "texture": "#0"},
				"east": {"uv": [12.5, 5.5, 14.5, 6], "texture": "#0"},
				"south": {"uv": [12.5, 5.5, 14.5, 6], "texture": "#0"},
				"west": {"uv": [12.5, 5.5, 14.5, 6], "texture": "#0"},
				"up": {"uv": [12.5, 5.5, 14.5, 6], "texture": "#0"},
				"down": {"uv": [12.5, 5.5, 14.5, 6], "texture": "#0"}
			}
		},
		{
			"from": [2, 10.625, 7.5],
			"to": [3, 11.125, 8.5],
			"rotation": {"angle": 0, "axis": "y", "origin": [10.75, 17.25, 15.125]},
			"faces": {
				"north": {"uv": [13, 5, 14, 5.5], "texture": "#0"},
				"east": {"uv": [13, 5, 14, 5.5], "texture": "#0"},
				"south": {"uv": [13, 5, 14, 5.5], "texture": "#0"},
				"west": {"uv": [13, 5, 14, 5.5], "texture": "#0"},
				"up": {"uv": [13, 5, 14, 5.5], "texture": "#0"},
				"down": {"uv": [13, 5, 14, 5.5], "texture": "#0"}
			}
		},
		{
			"from": [8.5, 9.125, 7.6875],
			"to": [9, 9.625, 8.3125],
			"rotation": {"angle": 0, "axis": "y", "origin": [16, 15.75, 15.3125]},
			"faces": {
				"north": {"uv": [7, 6.5, 7.5, 7], "texture": "#0"},
				"east": {"uv": [7, 6.5, 7.5, 7], "texture": "#0"},
				"south": {"uv": [7, 6.5, 7.5, 7], "texture": "#0"},
				"west": {"uv": [7, 6.5, 7.5, 7], "texture": "#0"},
				"up": {"uv": [7, 6.5, 7.5, 7], "texture": "#0"},
				"down": {"uv": [7, 6.5, 7.5, 7], "texture": "#0"}
			}
		},
		{
			"from": [6.5, 6.125, 7.6875],
			"to": [7, 6.625, 8.3125],
			"rotation": {"angle": 0, "axis": "y", "origin": [14, 12.75, 15.3125]},
			"faces": {
				"north": {"uv": [9, 9.5, 9.5, 10], "texture": "#0"},
				"east": {"uv": [9, 9.5, 9.5, 10], "texture": "#0"},
				"south": {"uv": [9, 9.5, 9.5, 10], "texture": "#0"},
				"west": {"uv": [9, 9.5, 9.5, 10], "texture": "#0"},
				"up": {"uv": [9, 9.5, 9.5, 10], "texture": "#0"},
				"down": {"uv": [9, 9.5, 9.5, 10], "texture": "#0"}
			}
		},
		{
			"from": [6.375, 3.625, 7.375],
			"to": [7.625, 4.125, 8.625],
			"rotation": {"angle": 0, "axis": "y", "origin": [14.625, 8, 15.625]},
			"faces": {
				"north": {"uv": [8.5, 12, 9.5, 12.5], "texture": "#0"},
				"east": {"uv": [8.5, 12, 9.5, 12.5], "texture": "#0"},
				"south": {"uv": [8.5, 12, 9.5, 12.5], "texture": "#0"},
				"west": {"uv": [8.5, 12, 9.5, 12.5], "texture": "#0"},
				"up": {"uv": [8.5, 12, 9.5, 12.5], "texture": "#0"},
				"down": {"uv": [8.5, 12, 9.5, 12.5], "texture": "#0"}
			}
		},
		{
			"from": [5.875, 4.125, 6.9375],
			"to": [8.125, 4.625, 9.0625],
			"rotation": {"angle": 0, "axis": "y", "origin": [14.5, 8.5, 15.1875]},
			"faces": {
				"north": {"uv": [8, 11.5, 10, 12], "texture": "#0"},
				"east": {"uv": [8, 11.5, 10, 12], "texture": "#0"},
				"south": {"uv": [8, 11.5, 10, 12], "texture": "#0"},
				"west": {"uv": [8, 11.5, 10, 12], "texture": "#0"},
				"up": {"uv": [8, 11.5, 10, 12], "texture": "#0"},
				"down": {"uv": [8, 11.5, 10, 12], "texture": "#0"}
			}
		},
		{
			"from": [5.5, 4.625, 6.625],
			"to": [8.125, 5.125, 9.375],
			"rotation": {"angle": 0, "axis": "y", "origin": [14.75, 9, 14.875]},
			"faces": {
				"north": {"uv": [8, 11, 10.5, 11.5], "texture": "#0"},
				"east": {"uv": [8, 11, 10.5, 11.5], "texture": "#0"},
				"south": {"uv": [8, 11, 10.5, 11.5], "texture": "#0"},
				"west": {"uv": [8, 11, 10.5, 11.5], "texture": "#0"},
				"up": {"uv": [8, 11, 10.5, 11.5], "texture": "#0"},
				"down": {"uv": [8, 11, 10.5, 11.5], "texture": "#0"}
			}
		},
		{
			"from": [6, 5.625, 6.9375],
			"to": [8.5, 6.125, 9.0625],
			"rotation": {"angle": 0, "axis": "y", "origin": [15, 10, 15.1875]},
			"faces": {
				"north": {"uv": [7.5, 10, 10, 10.5], "texture": "#0"},
				"east": {"uv": [7.5, 10, 10, 10.5], "texture": "#0"},
				"south": {"uv": [7.5, 10, 10, 10.5], "texture": "#0"},
				"west": {"uv": [7.5, 10, 10, 10.5], "texture": "#0"},
				"up": {"uv": [7.5, 10, 10, 10.5], "texture": "#0"},
				"down": {"uv": [7.5, 10, 10, 10.5], "texture": "#0"}
			}
		},
		{
			"from": [7, 6.125, 7.5],
			"to": [8, 6.625, 8.5],
			"rotation": {"angle": 0, "axis": "y", "origin": [15, 10.5, 15.75]},
			"faces": {
				"north": {"uv": [8, 9.5, 9, 10], "texture": "#0"},
				"east": {"uv": [8, 9.5, 9, 10], "texture": "#0"},
				"south": {"uv": [8, 9.5, 9, 10], "texture": "#0"},
				"west": {"uv": [8, 9.5, 9, 10], "texture": "#0"},
				"up": {"uv": [8, 9.5, 9, 10.5], "texture": "#0"},
				"down": {"uv": [8, 9.5, 9.125, 10.625], "texture": "#0"}
			}
		},
		{
			"from": [5.5, 5.125, 6.5],
			"to": [8.5, 5.625, 9.5],
			"rotation": {"angle": 0, "axis": "y", "origin": [14.5, 9.5, 14.75]},
			"faces": {
				"north": {"uv": [7.5, 10.5, 10.5, 11], "texture": "#0"},
				"east": {"uv": [8, 11, 10.5, 11.5], "texture": "#0"},
				"south": {"uv": [8, 11, 10.5, 11.5], "texture": "#0"},
				"west": {"uv": [8, 11, 10.5, 11.5], "texture": "#0"},
				"up": {"uv": [8, 11, 10.5, 11.5], "texture": "#0"},
				"down": {"uv": [8, 11, 10.5, 11.5], "texture": "#0"}
			}
		}
	],
	"display": {
		"thirdperson_righthand": {
			"translation": [0, 3, 1],
			"scale": [0.55, 0.55, 0.55]
		},
		"thirdperson_lefthand": {
			"translation": [0, 3, 1],
			"scale": [0.55, 0.55, 0.55]
		},
		"firstperson_righthand": {
			"rotation": [0, -90, 25],
			"translation": [1.13, 3.2, 1.13],
			"scale": [0.68, 0.68, 0.68]
		},
		"firstperson_lefthand": {
			"rotation": [0, -90, 25],
			"translation": [1.13, 3.2, 1.13],
			"scale": [0.68, 0.68, 0.68]
		},
		"ground": {
			"translation": [0, 2, 0],
			"scale": [0.5, 0.5, 0.5]
		},
		"gui": {
			"rotation": [30, 225, 0],
			"translation": [-0.25, 1.75, 0],
			"scale": [1.05, 1.05, 1.05]
		},
		"head": {
			"translation": [0.75, -33.25, 0]
		}
	}
}