{
	"credit": "Made with Blockbench",
	"textures": {
		"0": "block/blue_orchid",
		"particle": "block/blue_orchid"
	},
	"elements": [
		{
			"from": [7.1, 6.825, 7.7],
			"to": [7.7, 9, 8.3],
			"rotation": {"angle": 0, "axis": "y", "origin": [11.9, 11.625, 12.5]},
			"faces": {
				"north": {"uv": [8.5, 12.5, 9.5, 16], "texture": "#0"},
				"east": {"uv": [8.5, 12.5, 9.5, 16], "texture": "#0"},
				"south": {"uv": [8.5, 12.5, 9.5, 16], "texture": "#0"},
				"west": {"uv": [8.5, 12.5, 9.5, 16], "texture": "#0"},
				"up": {"uv": [8.5, 12.5, 9.5, 16], "texture": "#0"},
				"down": {"uv": [8.5, 12.5, 9.5, 16], "texture": "#0"}
			}
		},
		{
			"from": [8, 8.325, 7.8125],
			"to": [8.3, 9.3, 8.1875],
			"rotation": {"angle": 0, "axis": "y", "origin": [12.5, 12.15, 12.3875]},
			"faces": {
				"north": {"uv": [7.5, 12, 8, 13.5], "texture": "#0"},
				"east": {"uv": [7.5, 12, 8, 13.5], "texture": "#0"},
				"south": {"uv": [7.5, 12, 8, 13.5], "texture": "#0"},
				"west": {"uv": [7.5, 12, 8, 13.5], "texture": "#0"},
				"up": {"uv": [7.5, 12, 8, 12.625], "texture": "#0"},
				"down": {"uv": [7.5, 12, 8, 12.625], "texture": "#0"}
			}
		},
		{
			"from": [8.3, 8.925, 7.8125],
			"to": [8.6, 9.6, 8.1875],
			"rotation": {"angle": 0, "axis": "y", "origin": [12.8, 12.45, 12.3875]},
			"faces": {
				"north": {"uv": [7, 11.5, 7.5, 12.5], "texture": "#0"},
				"east": {"uv": [7, 11.5, 7.5, 12.5], "texture": "#0"},
				"south": {"uv": [7, 11.5, 7.5, 12.5], "texture": "#0"},
				"west": {"uv": [7, 11.5, 7.5, 12.5], "texture": "#0"},
				"up": {"uv": [7, 11.5, 7.5, 12], "texture": "#0"},
				"down": {"uv": [7, 12, 7.5, 12.5], "texture": "#0"}
			}
		},
		{
			"from": [8.6, 9.225, 7.8125],
			"to": [8.9, 9.9, 8.1875],
			"rotation": {"angle": 0, "axis": "y", "origin": [13.1, 12.75, 12.3875]},
			"faces": {
				"north": {"uv": [6.5, 11, 7, 12], "texture": "#0"},
				"east": {"uv": [6.5, 11, 7, 12], "texture": "#0"},
				"south": {"uv": [6.5, 11, 7, 12], "texture": "#0"},
				"west": {"uv": [6.5, 11, 7, 12], "texture": "#0"},
				"up": {"uv": [6.5, 11, 7, 11.625], "texture": "#0"},
				"down": {"uv": [6.5, 11.5, 7, 12], "texture": "#0"}
			}
		},
		{
			"from": [8.9, 9.525, 7.8125],
			"to": [9.2, 10.2, 8.1875],
			"rotation": {"angle": 0, "axis": "y", "origin": [13.4, 13.05, 12.3875]},
			"faces": {
				"north": {"uv": [6, 10.5, 6.5, 11.625], "texture": "#0"},
				"east": {"uv": [6, 10.5, 6.5, 11.625], "texture": "#0"},
				"south": {"uv": [6, 10.5, 6.5, 11.625], "texture": "#0"},
				"west": {"uv": [6, 10.5, 6.5, 11.625], "texture": "#0"},
				"up": {"uv": [6, 10.5, 6.5, 11.625], "texture": "#0"},
				"down": {"uv": [6, 10.5, 6.5, 11.625], "texture": "#0"}
			}
		},
		{
			"from": [9.2, 9.825, 7.8125],
			"to": [9.5, 10.2, 8.1875],
			"rotation": {"angle": 0, "axis": "y", "origin": [13.4, 13.05, 12.3875]},
			"faces": {
				"north": {"uv": [5.5, 10.5, 6, 11], "texture": "#0"},
				"east": {"uv": [5.5, 10.5, 6, 11], "texture": "#0"},
				"south": {"uv": [5.5, 10.5, 6, 11], "texture": "#0"},
				"west": {"uv": [5.5, 10.5, 6, 11], "texture": "#0"},
				"up": {"uv": [5.5, 10.5, 6, 11], "texture": "#0"},
				"down": {"uv": [5.5, 10.5, 6, 11], "texture": "#0"}
			}
		},
		{
			"from": [9.5, 9.825, 7.8125],
			"to": [9.8, 10.5, 8.1875],
			"rotation": {"angle": 0, "axis": "y", "origin": [13.7, 13.05, 12.3875]},
			"faces": {
				"north": {"uv": [5, 10, 5.5, 11], "texture": "#0"},
				"east": {"uv": [5, 10, 5.5, 11], "texture": "#0"},
				"south": {"uv": [5, 10, 5.5, 11], "texture": "#0"},
				"west": {"uv": [5, 10, 5.5, 11], "texture": "#0"},
				"up": {"uv": [5, 10, 5.5, 11], "texture": "#0"},
				"down": {"uv": [5, 10, 5.5, 11], "texture": "#0"}
			}
		},
		{
			"from": [10.1, 9.6, 7.55],
			"to": [11, 9.9, 8.45],
			"rotation": {"angle": 0, "axis": "y", "origin": [14.3, 13.05, 12.125]},
			"faces": {
				"north": {"uv": [3, 11, 4.5, 11.5], "texture": "#0"},
				"east": {"uv": [3, 11, 4.5, 11.5], "texture": "#0"},
				"south": {"uv": [3, 11, 4.5, 11.5], "texture": "#0"},
				"west": {"uv": [3, 11, 4.5, 11.5], "texture": "#0"},
				"up": {"uv": [0, 0, 0.125, 0.125], "texture": "#missing"},
				"down": {"uv": [3, 10, 4.5, 11.5], "texture": "#0"}
			}
		},
		{
			"from": [9.8, 10.5, 7.4375],
			"to": [11, 10.8, 8.5625],
			"rotation": {"angle": 0, "axis": "y", "origin": [14.3, 13.95, 12.0125]},
			"faces": {
				"north": {"uv": [3, 9.5, 5, 10], "texture": "#0"},
				"east": {"uv": [3, 9.5, 5, 10], "texture": "#0"},
				"south": {"uv": [3, 9.5, 5, 10], "texture": "#0"},
				"west": {"uv": [3, 9.5, 5, 10], "texture": "#0"},
				"up": {"uv": [3, 9.5, 5, 10], "texture": "#0"},
				"down": {"uv": [3, 9.5, 5, 10], "texture": "#0"}
			}
		},
		{
			"from": [10.1, 10.8, 7.6625],
			"to": [10.7, 11.1, 8.2625],
			"rotation": {"angle": 0, "axis": "y", "origin": [14.3, 14.25, 12.2375]},
			"faces": {
				"north": {"uv": [3.5, 9, 4.5, 9.5], "texture": "#0"},
				"east": {"uv": [3.5, 9, 4.625, 9.5], "texture": "#0"},
				"south": {"uv": [3.5, 9, 4.625, 9.5], "texture": "#0"},
				"west": {"uv": [3.5, 9, 4.625, 9.5], "texture": "#0"},
				"up": {"uv": [3.5, 9, 4.5, 10], "texture": "#0"},
				"down": {"uv": [3.5, 9, 4.625, 9.5], "texture": "#0"}
			}
		},
		{
			"from": [8.3, 12, 7.55],
			"to": [9.2, 12.3, 8.45],
			"rotation": {"angle": 0, "axis": "y", "origin": [12.5, 15.45, 12.125]},
			"faces": {
				"north": {"uv": [6, 7, 7.5, 7.5], "texture": "#0"},
				"east": {"uv": [6, 7, 7.5, 7.5], "texture": "#0"},
				"south": {"uv": [6, 7, 7.5, 7.5], "texture": "#0"},
				"west": {"uv": [6, 7, 7.5, 7.5], "texture": "#0"},
				"up": {"uv": [6, 7, 7.5, 7.5], "texture": "#0"},
				"down": {"uv": [6, 7, 7.5, 7.5], "texture": "#0"}
			}
		},
		{
			"from": [8.6, 12.3, 7.55],
			"to": [9.5, 12.6, 8.45],
			"rotation": {"angle": 0, "axis": "y", "origin": [12.8, 15.75, 12.125]},
			"faces": {
				"north": {"uv": [5.5, 6.5, 7, 7], "texture": "#0"},
				"east": {"uv": [5.5, 6.5, 7, 7], "texture": "#0"},
				"south": {"uv": [5.5, 6.5, 7, 7], "texture": "#0"},
				"west": {"uv": [5.5, 6.5, 7, 7], "texture": "#0"},
				"up": {"uv": [5.5, 6.5, 7, 7], "texture": "#0"},
				"down": {"uv": [5.5, 6.5, 7, 7], "texture": "#0"}
			}
		},
		{
			"from": [8.3, 12.6, 7.25],
			"to": [9.8, 13.2, 8.75],
			"rotation": {"angle": 0, "axis": "y", "origin": [12.8, 16.05, 11.825]},
			"faces": {
				"north": {"uv": [5, 5.5, 7, 6.5], "texture": "#0"},
				"east": {"uv": [5, 5.5, 7, 6.5], "texture": "#0"},
				"south": {"uv": [5, 5.5, 7, 6.5], "texture": "#0"},
				"west": {"uv": [5, 5.5, 7, 6.5], "texture": "#0"},
				"up": {"uv": [5, 5.5, 7, 6.5], "texture": "#0"},
				"down": {"uv": [5, 5.5, 7, 6.5], "texture": "#0"}
			}
		},
		{
			"from": [7.1, 12.825, 7.4],
			"to": [8.3, 13.2, 8.6],
			"rotation": {"angle": 0, "axis": "y", "origin": [11.6, 16.05, 11.975]},
			"faces": {
				"north": {"uv": [7, 5.5, 9, 6], "texture": "#0"},
				"east": {"uv": [7, 5.5, 9, 6], "texture": "#0"},
				"south": {"uv": [7, 5.5, 9, 6], "texture": "#0"},
				"west": {"uv": [7, 5.5, 9, 6], "texture": "#0"},
				"up": {"uv": [7, 5.5, 9, 6], "texture": "#0"},
				"down": {"uv": [7, 5.5, 9, 6], "texture": "#0"}
			}
		},
		{
			"from": [8.3, 12.6, 7.25],
			"to": [9.8, 13.2, 8.75],
			"rotation": {"angle": 0, "axis": "y", "origin": [12.8, 16.05, 11.825]},
			"color": 3,
			"faces": {
				"north": {"uv": [0, 0, 0.125, 0.125], "texture": "#missing"},
				"east": {"uv": [0, 0, 0.125, 0.125], "texture": "#missing"},
				"south": {"uv": [0, 0, 0.125, 0.125], "texture": "#missing"},
				"west": {"uv": [0, 0, 0.125, 0.125], "texture": "#missing"},
				"up": {"uv": [0, 0, 0.125, 0.125], "texture": "#missing"},
				"down": {"uv": [0, 0, 0.125, 0.125], "texture": "#missing"}
			}
		},
		{
			"from": [7.4, 13.2, 6.95],
			"to": [9.5, 13.5, 9.05],
			"rotation": {"angle": 0, "axis": "y", "origin": [12.8, 16.35, 11.525]},
			"faces": {
				"north": {"uv": [5.5, 5, 9, 5.5], "texture": "#0"},
				"east": {"uv": [5.5, 5, 9, 5.5], "texture": "#0"},
				"south": {"uv": [5.5, 5, 9, 5.5], "texture": "#0"},
				"west": {"uv": [5.5, 5, 9, 5.5], "texture": "#0"},
				"up": {"uv": [5.5, 5, 9, 5.5], "texture": "#0"},
				"down": {"uv": [5.5, 5, 9, 5.5], "texture": "#0"}
			}
		},
		{
			"from": [7.55, 13.5, 7.4],
			"to": [9.05, 13.875, 8.9],
			"rotation": {"angle": 0, "axis": "y", "origin": [12.95, 16.65, 11.975]},
			"faces": {
				"north": {"uv": [6.5, 4.5, 9, 5], "texture": "#0"},
				"east": {"uv": [6.5, 4.5, 9, 5], "texture": "#0"},
				"south": {"uv": [6.5, 4.5, 9, 5], "texture": "#0"},
				"west": {"uv": [6.5, 4.5, 9, 5], "texture": "#0"},
				"up": {"uv": [6.5, 4.5, 9, 5], "texture": "#0"},
				"down": {"uv": [6.5, 4.5, 9, 5], "texture": "#0"}
			}
		},
		{
			"from": [7.7, 13.875, 7.4],
			"to": [8.9, 14.175, 8.6],
			"rotation": {"angle": 0, "axis": "y", "origin": [13.1, 17.025, 11.975]},
			"faces": {
				"north": {"uv": [6.5, 4, 8.5, 4.5], "texture": "#0"},
				"east": {"uv": [6.5, 4, 8.5, 4.5], "texture": "#0"},
				"south": {"uv": [6.5, 4, 8.5, 4.5], "texture": "#0"},
				"west": {"uv": [6.5, 4, 8.5, 4.5], "texture": "#0"},
				"up": {"uv": [6.5, 4, 8.5, 4.5], "texture": "#0"},
				"down": {"uv": [6.5, 4, 8.5, 4.5], "texture": "#0"}
			}
		},
		{
			"from": [8, 14.175, 7.7],
			"to": [8.6, 14.475, 8.3],
			"rotation": {"angle": 0, "axis": "y", "origin": [13.25, 17.325, 12.275]},
			"faces": {
				"north": {"uv": [7, 3.5, 8, 4], "texture": "#0"},
				"east": {"uv": [7, 3.5, 8, 4], "texture": "#0"},
				"south": {"uv": [7, 3.5, 8, 4], "texture": "#0"},
				"west": {"uv": [7, 3.5, 8, 4], "texture": "#0"},
				"up": {"uv": [7, 3.5, 8, 4], "texture": "#0"},
				"down": {"uv": [7, 3.5, 8, 4], "texture": "#0"}
			}
		},
		{
			"from": [9.8, 9.9, 7.25],
			"to": [11.3, 10.5, 8.75],
			"rotation": {"angle": 0, "axis": "y", "origin": [14.3, 13.35, 11.825]},
			"faces": {
				"north": {"uv": [2.5, 10, 5, 11], "texture": "#0"},
				"east": {"uv": [2.5, 10, 5, 11], "texture": "#0"},
				"south": {"uv": [2.5, 10, 5, 11], "texture": "#0"},
				"west": {"uv": [2.5, 10, 5, 11], "texture": "#0"},
				"up": {"uv": [2.5, 10, 5, 11], "texture": "#0"},
				"down": {"uv": [2.5, 10, 5, 11], "texture": "#0"}
			}
		},
		{
			"from": [7.7, 7.725, 7.8125],
			"to": [8, 8.775, 8.1875],
			"rotation": {"angle": 0, "axis": "y", "origin": [12.2, 11.625, 12.3875]},
			"faces": {
				"north": {"uv": [8, 13, 8.5, 14.5], "texture": "#0"},
				"east": {"uv": [8, 13, 8.5, 14.5], "texture": "#0"},
				"south": {"uv": [8, 13, 8.5, 14.5], "texture": "#0"},
				"west": {"uv": [8, 13, 8.5, 14.5], "texture": "#0"},
				"up": {"uv": [8, 13, 8.5, 13.625], "texture": "#0"},
				"down": {"uv": [8, 13, 8.5, 13.625], "texture": "#0"}
			}
		},
		{
			"from": [6.8, 7.725, 7.8125],
			"to": [7.1, 8.4, 8.1875],
			"rotation": {"angle": 0, "axis": "y", "origin": [11.3, 11.55, 12.3875]},
			"faces": {
				"north": {"uv": [9.5, 13.5, 10, 14.5], "texture": "#0"},
				"east": {"uv": [9.5, 13.5, 10, 14.5], "texture": "#0"},
				"south": {"uv": [9.5, 13.5, 10, 14.5], "texture": "#0"},
				"west": {"uv": [9.5, 13.5, 10, 14.5], "texture": "#0"},
				"up": {"uv": [9.5, 13.5, 10, 14.125], "texture": "#0"},
				"down": {"uv": [9.5, 13.5, 10, 14.125], "texture": "#0"}
			}
		},
		{
			"from": [6.5, 8.025, 7.8125],
			"to": [6.8, 8.7, 8.1875],
			"rotation": {"angle": 0, "axis": "y", "origin": [11, 12, 12.3875]},
			"faces": {
				"north": {"uv": [10, 13, 10.5, 14], "texture": "#0"},
				"east": {"uv": [10, 13, 10.5, 14], "texture": "#0"},
				"south": {"uv": [10, 13, 10.5, 14], "texture": "#0"},
				"west": {"uv": [10, 13, 10.5, 14], "texture": "#0"},
				"up": {"uv": [10, 13, 10.5, 13.625], "texture": "#0"},
				"down": {"uv": [10, 13, 10.5, 13.625], "texture": "#0"}
			}
		},
		{
			"from": [6.8, 10.575, 7.8125],
			"to": [7.1, 11.175, 8.1875],
			"rotation": {"angle": 0, "axis": "y", "origin": [11.3, 14.55, 12.3875]},
			"faces": {
				"north": {"uv": [9.5, 9, 10, 10], "texture": "#0"},
				"east": {"uv": [9.5, 9, 10, 10], "texture": "#0"},
				"south": {"uv": [9.5, 9, 10, 10], "texture": "#0"},
				"west": {"uv": [9.5, 9, 10, 10], "texture": "#0"},
				"up": {"uv": [9.5, 9, 10, 9.625], "texture": "#0"},
				"down": {"uv": [9.5, 9, 10, 9.625], "texture": "#0"}
			}
		},
		{
			"from": [7.4, 10.8, 7.8125],
			"to": [7.7, 11.4, 8.1875],
			"rotation": {"angle": 0, "axis": "y", "origin": [11.9, 14.775, 12.3875]},
			"faces": {
				"north": {"uv": [8.5, 8.5, 9, 9.5], "texture": "#0"},
				"east": {"uv": [8.5, 8.5, 9, 9.5], "texture": "#0"},
				"south": {"uv": [8.5, 8.5, 9, 9.5], "texture": "#0"},
				"west": {"uv": [8.5, 8.5, 9, 9.5], "texture": "#0"},
				"up": {"uv": [8.5, 8.5, 9, 9.5], "texture": "#0"},
				"down": {"uv": [8.5, 8.5, 9, 9.5], "texture": "#0"}
			}
		},
		{
			"from": [7.7, 11.1, 7.8125],
			"to": [8, 12, 8.1875],
			"rotation": {"angle": 0, "axis": "y", "origin": [12.2, 15.075, 12.3875]},
			"faces": {
				"north": {"uv": [8, 7.5, 8.5, 9], "texture": "#0"},
				"east": {"uv": [8, 7.5, 8.5, 9], "texture": "#0"},
				"south": {"uv": [8, 7.5, 8.5, 9], "texture": "#0"},
				"west": {"uv": [8, 7.5, 8.5, 9], "texture": "#0"},
				"up": {"uv": [8, 7.5, 8.5, 9], "texture": "#0"},
				"down": {"uv": [8, 7.5, 8.5, 8.125], "texture": "#0"}
			}
		},
		{
			"from": [8, 11.625, 7.8125],
			"to": [8.3, 12.9, 8.1875],
			"rotation": {"angle": 0, "axis": "y", "origin": [12.5, 15.6, 12.3875]},
			"faces": {
				"north": {"uv": [7.5, 6, 8, 8], "texture": "#0"},
				"east": {"uv": [7.5, 6, 8, 8], "texture": "#0"},
				"south": {"uv": [7.5, 6, 8, 8], "texture": "#0"},
				"west": {"uv": [7.5, 6, 8, 8], "texture": "#0"},
				"up": {"uv": [7.5, 6, 8, 8], "texture": "#0"},
				"down": {"uv": [7.5, 6, 8, 6.625], "texture": "#0"}
			}
		},
		{
			"from": [6.5, 10.8, 7.8125],
			"to": [6.8, 11.4, 8.1875],
			"rotation": {"angle": 0, "axis": "y", "origin": [11, 14.775, 12.3875]},
			"faces": {
				"north": {"uv": [10, 8.5, 10.5, 9.5], "texture": "#0"},
				"east": {"uv": [10, 8.5, 10.5, 9.5], "texture": "#0"},
				"south": {"uv": [10, 8.5, 10.5, 9.5], "texture": "#0"},
				"west": {"uv": [10, 8.5, 10.5, 9.5], "texture": "#0"},
				"up": {"uv": [10, 8.5, 10.5, 9.5], "texture": "#0"},
				"down": {"uv": [10, 8.5, 10.5, 9.5], "texture": "#0"}
			}
		},
		{
			"from": [6.2, 11.1, 7.8125],
			"to": [6.5, 11.7, 8.1875],
			"rotation": {"angle": 0, "axis": "y", "origin": [10.7, 15.075, 12.3875]},
			"faces": {
				"north": {"uv": [10.5, 8, 11, 9], "texture": "#0"},
				"east": {"uv": [10.5, 8, 11, 9], "texture": "#0"},
				"south": {"uv": [10.5, 8, 11, 9], "texture": "#0"},
				"west": {"uv": [10.5, 8, 11, 9], "texture": "#0"},
				"up": {"uv": [10.5, 8, 11, 8.625], "texture": "#0"},
				"down": {"uv": [10.5, 8, 11, 8.625], "texture": "#0"}
			}
		},
		{
			"from": [5.9, 11.4, 7.8125],
			"to": [6.2, 12, 8.1875],
			"rotation": {"angle": 0, "axis": "y", "origin": [10.4, 15.375, 12.3875]},
			"faces": {
				"north": {"uv": [11, 7.5, 11.5, 8.5], "texture": "#0"},
				"east": {"uv": [11, 7.5, 11.5, 8.5], "texture": "#0"},
				"south": {"uv": [11, 7.5, 11.5, 8.5], "texture": "#0"},
				"west": {"uv": [11, 7.5, 11.5, 8.5], "texture": "#0"},
				"up": {"uv": [11, 7.5, 11.5, 8.125], "texture": "#0"},
				"down": {"uv": [11, 7.5, 11.5, 8.125], "texture": "#0"}
			}
		},
		{
			"from": [5.3, 11.7, 7.8125],
			"to": [5.6, 12.3, 8.1875],
			"rotation": {"angle": 0, "axis": "y", "origin": [9.8, 15.675, 12.3875]},
			"faces": {
				"north": {"uv": [12, 7, 12.5, 8], "texture": "#0"},
				"east": {"uv": [12, 7, 12.5, 8], "texture": "#0"},
				"south": {"uv": [12, 7, 12.5, 8], "texture": "#0"},
				"west": {"uv": [12, 7, 12.5, 8], "texture": "#0"},
				"up": {"uv": [12, 7, 12.5, 7.625], "texture": "#0"},
				"down": {"uv": [12, 7, 12.5, 7.625], "texture": "#0"}
			}
		},
		{
			"from": [5.6, 11.7, 7.8125],
			"to": [5.9, 12, 8.1875],
			"rotation": {"angle": 0, "axis": "y", "origin": [10.1, 15.675, 12.3875]},
			"faces": {
				"north": {"uv": [11.5, 7.5, 12, 8], "texture": "#0"},
				"east": {"uv": [11.5, 7.5, 12, 8], "texture": "#0"},
				"south": {"uv": [11.5, 7.5, 12, 8], "texture": "#0"},
				"west": {"uv": [11.5, 7.5, 12, 8], "texture": "#0"},
				"up": {"uv": [11.5, 7.5, 12, 8], "texture": "#0"},
				"down": {"uv": [11.5, 7.5, 12, 8], "texture": "#0"}
			}
		},
		{
			"from": [5, 12, 7.8125],
			"to": [5.3, 12.3, 8.1875],
			"rotation": {"angle": 0, "axis": "y", "origin": [9.5, 15.975, 12.3875]},
			"faces": {
				"north": {"uv": [13, 7, 13.5, 7.5], "texture": "#0"},
				"east": {"uv": [13, 7, 13.5, 7.5], "texture": "#0"},
				"south": {"uv": [13, 7, 13.5, 7.5], "texture": "#0"},
				"west": {"uv": [13, 7, 13.5, 7.5], "texture": "#0"},
				"up": {"uv": [13, 7, 13.5, 7.5], "texture": "#0"},
				"down": {"uv": [13, 7, 13.5, 7.5], "texture": "#0"}
			}
		},
		{
			"from": [4.4, 11.7, 7.8125],
			"to": [4.7, 12, 8.1125],
			"rotation": {"angle": 0, "axis": "y", "origin": [8.9, 15.675, 12.3875]},
			"faces": {
				"north": {"uv": [13.5, 7.5, 14, 8], "texture": "#0"},
				"east": {"uv": [8, 11.5, 8.5, 12], "texture": "#0"},
				"south": {"uv": [13.5, 7.5, 14, 8], "texture": "#0"},
				"west": {"uv": [13, 7, 14.5, 7.5], "texture": "#0"},
				"up": {"uv": [0, 0, 0.125, 0.125], "texture": "#missing"},
				"down": {"uv": [13.5, 7.5, 14, 8], "texture": "#0"}
			}
		},
		{
			"from": [7.7, 12.225, 7.8125],
			"to": [8, 12.825, 8.1125],
			"rotation": {"angle": 0, "axis": "y", "origin": [12.2, 16.2, 12.3875]},
			"faces": {
				"north": {"uv": [8, 6, 8.5, 7], "texture": "#0"},
				"east": {"uv": [8, 6, 8.5, 7], "texture": "#0"},
				"south": {"uv": [8, 6, 8.5, 7], "texture": "#0"},
				"west": {"uv": [8, 6, 8.5, 7], "texture": "#0"},
				"up": {"uv": [8, 6, 8.5, 7], "texture": "#0"},
				"down": {"uv": [8, 6, 8.5, 6.5], "texture": "#0"}
			}
		},
		{
			"from": [4.1, 12, 7.55],
			"to": [5, 12.3, 8.45],
			"rotation": {"angle": 0, "axis": "y", "origin": [8.9, 15.975, 12.125]},
			"faces": {
				"north": {"uv": [13, 7, 14.5, 7.5], "texture": "#0"},
				"east": {"uv": [13, 7, 14.5, 7.5], "texture": "#0"},
				"south": {"uv": [13, 7, 14.5, 7.5], "texture": "#0"},
				"west": {"uv": [13, 7, 14.5, 7.5], "texture": "#0"},
				"up": {"uv": [13, 7, 14.5, 7.5], "texture": "#0"},
				"down": {"uv": [13, 7, 14.5, 7.5], "texture": "#0"}
			}
		},
		{
			"from": [3.8, 12.3, 7.25],
			"to": [5.3, 12.6, 8.75],
			"rotation": {"angle": 0, "axis": "y", "origin": [8.9, 16.275, 11.825]},
			"faces": {
				"north": {"uv": [12.5, 6.5, 15, 7], "texture": "#0"},
				"east": {"uv": [12.5, 6.5, 15, 7], "texture": "#0"},
				"south": {"uv": [12.5, 6.5, 15, 7], "texture": "#0"},
				"west": {"uv": [12.5, 6.5, 15, 7], "texture": "#0"},
				"up": {"uv": [12.5, 6.5, 15, 7], "texture": "#0"},
				"down": {"uv": [12.5, 6.5, 15, 7], "texture": "#0"}
			}
		},
		{
			"from": [3.8, 12.6, 7.0625],
			"to": [5.675, 12.9, 8.9375],
			"rotation": {"angle": 0, "axis": "y", "origin": [9.275, 16.575, 11.6375]},
			"faces": {
				"north": {"uv": [12, 6, 15, 6.5], "texture": "#0"},
				"east": {"uv": [12, 6, 15, 6.5], "texture": "#0"},
				"south": {"uv": [12, 6, 15, 6.5], "texture": "#0"},
				"west": {"uv": [12, 6, 15, 6.5], "texture": "#0"},
				"up": {"uv": [12, 6, 15, 6.5], "texture": "#0"},
				"down": {"uv": [12, 6, 15, 6.5], "texture": "#0"}
			}
		},
		{
			"from": [4.1, 12.9, 7.4],
			"to": [5.3, 13.2, 8.6],
			"rotation": {"angle": 0, "axis": "y", "origin": [9.35, 16.875, 11.975]},
			"faces": {
				"north": {"uv": [12.5, 5.5, 14.5, 6], "texture": "#0"},
				"east": {"uv": [12.5, 5.5, 14.5, 6], "texture": "#0"},
				"south": {"uv": [12.5, 5.5, 14.5, 6], "texture": "#0"},
				"west": {"uv": [12.5, 5.5, 14.5, 6], "texture": "#0"},
				"up": {"uv": [12.5, 5.5, 14.5, 6], "texture": "#0"},
				"down": {"uv": [12.5, 5.5, 14.5, 6], "texture": "#0"}
			}
		},
		{
			"from": [4.4, 13.2, 7.7],
			"to": [5, 13.5, 8.3],
			"rotation": {"angle": 0, "axis": "y", "origin": [9.65, 17.175, 12.275]},
			"faces": {
				"north": {"uv": [13, 5, 14, 5.5], "texture": "#0"},
				"east": {"uv": [13, 5, 14, 5.5], "texture": "#0"},
				"south": {"uv": [13, 5, 14, 5.5], "texture": "#0"},
				"west": {"uv": [13, 5, 14, 5.5], "texture": "#0"},
				"up": {"uv": [13, 5, 14, 5.5], "texture": "#0"},
				"down": {"uv": [13, 5, 14, 5.5], "texture": "#0"}
			}
		},
		{
			"from": [8.3, 12.3, 7.8125],
			"to": [8.6, 12.6, 8.1875],
			"rotation": {"angle": 0, "axis": "y", "origin": [12.8, 16.275, 12.3875]},
			"faces": {
				"north": {"uv": [7, 6.5, 7.5, 7], "texture": "#0"},
				"east": {"uv": [7, 6.5, 7.5, 7], "texture": "#0"},
				"south": {"uv": [7, 6.5, 7.5, 7], "texture": "#0"},
				"west": {"uv": [7, 6.5, 7.5, 7], "texture": "#0"},
				"up": {"uv": [7, 6.5, 7.5, 7], "texture": "#0"},
				"down": {"uv": [7, 6.5, 7.5, 7], "texture": "#0"}
			}
		},
		{
			"from": [7.1, 10.5, 7.8125],
			"to": [7.4, 10.8, 8.1875],
			"rotation": {"angle": 0, "axis": "y", "origin": [11.6, 14.475, 12.3875]},
			"faces": {
				"north": {"uv": [9, 9.5, 9.5, 10], "texture": "#0"},
				"east": {"uv": [9, 9.5, 9.5, 10], "texture": "#0"},
				"south": {"uv": [9, 9.5, 9.5, 10], "texture": "#0"},
				"west": {"uv": [9, 9.5, 9.5, 10], "texture": "#0"},
				"up": {"uv": [9, 9.5, 9.5, 10], "texture": "#0"},
				"down": {"uv": [9, 9.5, 9.5, 10], "texture": "#0"}
			}
		},
		{
			"from": [7.025, 9, 7.625],
			"to": [7.775, 9.3, 8.375],
			"rotation": {"angle": 0, "axis": "y", "origin": [11.975, 11.625, 12.575]},
			"faces": {
				"north": {"uv": [8.5, 12, 9.5, 12.5], "texture": "#0"},
				"east": {"uv": [8.5, 12, 9.5, 12.5], "texture": "#0"},
				"south": {"uv": [8.5, 12, 9.5, 12.5], "texture": "#0"},
				"west": {"uv": [8.5, 12, 9.5, 12.5], "texture": "#0"},
				"up": {"uv": [8.5, 12, 9.5, 12.5], "texture": "#0"},
				"down": {"uv": [8.5, 12, 9.5, 12.5], "texture": "#0"}
			}
		},
		{
			"from": [6.725, 9.3, 7.3625],
			"to": [8.075, 9.6, 8.6375],
			"rotation": {"angle": 0, "axis": "y", "origin": [11.9, 11.925, 12.3125]},
			"faces": {
				"north": {"uv": [8, 11.5, 10, 12], "texture": "#0"},
				"east": {"uv": [8, 11.5, 10, 12], "texture": "#0"},
				"south": {"uv": [8, 11.5, 10, 12], "texture": "#0"},
				"west": {"uv": [8, 11.5, 10, 12], "texture": "#0"},
				"up": {"uv": [8, 11.5, 10, 12], "texture": "#0"},
				"down": {"uv": [8, 11.5, 10, 12], "texture": "#0"}
			}
		},
		{
			"from": [6.5, 9.6, 7.175],
			"to": [8.075, 9.9, 8.825],
			"rotation": {"angle": 0, "axis": "y", "origin": [12.05, 12.225, 12.125]},
			"faces": {
				"north": {"uv": [8, 11, 10.5, 11.5], "texture": "#0"},
				"east": {"uv": [8, 11, 10.5, 11.5], "texture": "#0"},
				"south": {"uv": [8, 11, 10.5, 11.5], "texture": "#0"},
				"west": {"uv": [8, 11, 10.5, 11.5], "texture": "#0"},
				"up": {"uv": [8, 11, 10.5, 11.5], "texture": "#0"},
				"down": {"uv": [8, 11, 10.5, 11.5], "texture": "#0"}
			}
		},
		{
			"from": [6.8, 10.2, 7.3625],
			"to": [8.3, 10.5, 8.6375],
			"rotation": {"angle": 0, "axis": "y", "origin": [12.2, 12.825, 12.3125]},
			"faces": {
				"north": {"uv": [7.5, 10, 10, 10.5], "texture": "#0"},
				"east": {"uv": [7.5, 10, 10, 10.5], "texture": "#0"},
				"south": {"uv": [7.5, 10, 10, 10.5], "texture": "#0"},
				"west": {"uv": [7.5, 10, 10, 10.5], "texture": "#0"},
				"up": {"uv": [7.5, 10, 10, 10.5], "texture": "#0"},
				"down": {"uv": [7.5, 10, 10, 10.5], "texture": "#0"}
			}
		},
		{
			"from": [7.4, 10.5, 7.7],
			"to": [8, 10.8, 8.3],
			"rotation": {"angle": 0, "axis": "y", "origin": [12.2, 13.125, 12.65]},
			"faces": {
				"north": {"uv": [8, 9.5, 9, 10], "texture": "#0"},
				"east": {"uv": [8, 9.5, 9, 10], "texture": "#0"},
				"south": {"uv": [8, 9.5, 9, 10], "texture": "#0"},
				"west": {"uv": [8, 9.5, 9, 10], "texture": "#0"},
				"up": {"uv": [8, 9.5, 9, 10.5], "texture": "#0"},
				"down": {"uv": [8, 9.5, 9.125, 10.625], "texture": "#0"}
			}
		},
		{
			"from": [6.5, 9.9, 7.1],
			"to": [8.3, 10.2, 8.9],
			"rotation": {"angle": 0, "axis": "y", "origin": [11.9, 12.525, 12.05]},
			"faces": {
				"north": {"uv": [7.5, 10.5, 10.5, 11], "texture": "#0"},
				"east": {"uv": [8, 11, 10.5, 11.5], "texture": "#0"},
				"south": {"uv": [8, 11, 10.5, 11.5], "texture": "#0"},
				"west": {"uv": [8, 11, 10.5, 11.5], "texture": "#0"},
				"up": {"uv": [8, 11, 10.5, 11.5], "texture": "#0"},
				"down": {"uv": [8, 11, 10.5, 11.5], "texture": "#0"}
			}
		}
	],
	"display": {
		"thirdperson_righthand": {
			"translation": [0, 3, 1],
			"scale": [0.55, 0.55, 0.55]
		},
		"thirdperson_lefthand": {
			"translation": [0, 3, 1],
			"scale": [0.55, 0.55, 0.55]
		},
		"firstperson_righthand": {
			"rotation": [0, -90, 25],
			"translation": [1.13, 3.2, 1.13],
			"scale": [0.68, 0.68, 0.68]
		},
		"firstperson_lefthand": {
			"rotation": [0, -90, 25],
			"translation": [1.13, 3.2, 1.13],
			"scale": [0.68, 0.68, 0.68]
		},
		"ground": {
			"translation": [0, 2, 0],
			"scale": [0.5, 0.5, 0.5]
		},
		"gui": {
			"rotation": [30, 225, 0],
			"translation": [-0.25, 1.75, 0],
			"scale": [1.05, 1.05, 1.05]
		},
		"head": {
			"translation": [0.75, -33.25, 0]
		}
	}
}