{
	"credit": "Made with Blockbench",
	"parent": "item/flower_pot",
	"ambientocclusion": false,
	"textures": {
		"1": "block/allium"
	},
	"elements": [
		{
			"from": [7, 21, 7],
			"to": [9, 21.625, 9],
			"rotation": {"angle": 0, "axis": "y", "origin": [15.125, 21, 15.875]},
			"faces": {
				"north": {"uv": [6.5, 1.5, 8.5, 2.5], "texture": "#1"},
				"east": {"uv": [8.5, 1.5, 6.5, 2.5], "texture": "#1"},
				"south": {"uv": [6.5, 1.5, 8.5, 2.5], "texture": "#1"},
				"west": {"uv": [8.5, 1.5, 6.5, 2.5], "texture": "#1"},
				"up": {"uv": [5, 2.5, 7, 4.5], "texture": "#1"},
				"down": {"uv": [6.5, 4, 8.5, 6], "texture": "#1"}
			}
		},
		{
			"from": [7.5625, 6.25, 7.5625],
			"to": [8.4375, 14.25, 8.4375],
			"rotation": {"angle": 0, "axis": "y", "origin": [15.6875, 14.25, 15.8125]},
			"faces": {
				"north": {"uv": [7, 8, 8, 16], "texture": "#1"},
				"east": {"uv": [8, 8, 7, 16], "texture": "#1"},
				"south": {"uv": [7, 8, 8, 16], "texture": "#1"},
				"west": {"uv": [8, 8, 7, 16], "texture": "#1"},
				"up": {"uv": [7, 8, 7.875, 8.875], "texture": "#1"},
				"down": {"uv": [7, 15, 8, 16], "texture": "#1"}
			}
		},
		{
			"from": [7.4375, 13.5, 7.4375],
			"to": [8.5625, 13.875, 8.5625],
			"rotation": {"angle": 0, "axis": "y", "origin": [15.6875, 14.75, 15.8125]},
			"faces": {
				"north": {"uv": [7, 8, 8.125, 8.375], "texture": "#1"},
				"east": {"uv": [7, 8, 8.125, 8.375], "texture": "#1"},
				"south": {"uv": [7, 8, 8.125, 8.375], "texture": "#1"},
				"west": {"uv": [7, 8, 8.125, 8.375], "texture": "#1"},
				"up": {"uv": [7, 8, 8.125, 8.375], "texture": "#1"},
				"down": {"uv": [7, 15, 8, 16], "texture": "#1"}
			}
		},
		{
			"from": [7.0625, 14.25, 7.0625],
			"to": [8.9375, 14.875, 8.9375],
			"rotation": {"angle": 0, "axis": "y", "origin": [15.1875, 14.375, 15.8125]},
			"faces": {
				"north": {"uv": [6.5, 7, 8.5, 8], "texture": "#1"},
				"east": {"uv": [6.5, 7, 8.5, 8], "texture": "#1"},
				"south": {"uv": [6.5, 7, 8.5, 8], "texture": "#1"},
				"west": {"uv": [8.5, 7, 6.5, 8], "texture": "#1"},
				"down": {"uv": [6.5, 4, 8.5, 6], "texture": "#1"}
			}
		},
		{
			"from": [6.0625, 14.875, 6.0625],
			"to": [9.8125, 15.5, 9.9375],
			"rotation": {"angle": 0, "axis": "y", "origin": [14.1875, 14.875, 15.8125]},
			"faces": {
				"north": {"uv": [5.5, 6, 9.5, 7], "texture": "#1"},
				"east": {"uv": [9.5, 6, 5.5, 7], "texture": "#1"},
				"south": {"uv": [5.5, 6, 9.5, 7], "texture": "#1"},
				"west": {"uv": [9.5, 6, 5.5, 7], "texture": "#1"},
				"up": {"uv": [0, 0, 0.125, 0.125], "texture": "#1"},
				"down": {"uv": [5.5, 3, 9.5, 7], "texture": "#1"}
			}
		},
		{
			"from": [5.4375, 15.5, 5.4375],
			"to": [10.5625, 16.125, 10.5625],
			"rotation": {"angle": 0, "axis": "y", "origin": [13.5625, 15.625, 15.8125]},
			"faces": {
				"north": {"uv": [5, 6, 10, 7], "texture": "#1"},
				"east": {"uv": [10, 6, 5, 7], "texture": "#1"},
				"south": {"uv": [5, 6, 10, 7], "texture": "#1"},
				"west": {"uv": [10, 6, 5, 7], "texture": "#1"},
				"up": {"uv": [0, 0, 0.125, 0.125], "texture": "#1"},
				"down": {"uv": [5, 2.5, 10, 7], "texture": "#1"}
			}
		},
		{
			"from": [5.0625, 16.125, 5.0625],
			"to": [10.9375, 17.125, 10.9375],
			"rotation": {"angle": 0, "axis": "y", "origin": [13.1875, 16.125, 15.8125]},
			"faces": {
				"north": {"uv": [4.5, 5.5, 10.5, 6.5], "texture": "#1"},
				"east": {"uv": [10.5, 5.5, 4.5, 6.5], "texture": "#1"},
				"south": {"uv": [4.5, 5.5, 10.5, 6.5], "texture": "#1"},
				"west": {"uv": [10.5, 5.5, 4.5, 6.5], "texture": "#1"},
				"up": {"uv": [0, 0, 0.125, 0.125], "texture": "#1"},
				"down": {"uv": [5, 2.5, 10, 7], "texture": "#1"}
			}
		},
		{
			"from": [4.5625, 17.125, 4.5625],
			"to": [11.4375, 18.625, 11.4375],
			"rotation": {"angle": 0, "axis": "y", "origin": [12.6875, 17.125, 15.8125]},
			"faces": {
				"north": {"uv": [4, 4, 11, 5.5], "texture": "#1"},
				"east": {"uv": [11, 4, 4, 5.5], "texture": "#1"},
				"south": {"uv": [4, 4, 11, 5.5], "texture": "#1"},
				"west": {"uv": [11, 4, 4, 5.5], "texture": "#1"},
				"up": {"uv": [5, 2.5, 10, 7], "texture": "#1"},
				"down": {"uv": [5, 2.5, 10, 7], "texture": "#1"}
			}
		},
		{
			"from": [5.0625, 18.625, 5.0625],
			"to": [10.9375, 19.75, 10.9375],
			"rotation": {"angle": 0, "axis": "y", "origin": [13.1875, 18.625, 15.8125]},
			"faces": {
				"north": {"uv": [4.5, 3, 10.5, 4], "texture": "#1"},
				"east": {"uv": [10.5, 3, 4.5, 4], "texture": "#1"},
				"south": {"uv": [4.5, 3, 10.5, 4], "texture": "#1"},
				"west": {"uv": [10.375, 3, 4.5, 4.125], "texture": "#1"},
				"up": {"uv": [5, 2.5, 10, 7], "texture": "#1"},
				"down": {"uv": [6.5, 4, 8.5, 6], "texture": "#1"}
			}
		},
		{
			"from": [5.5625, 19.75, 5.5625],
			"to": [10.4375, 20.375, 10.4375],
			"rotation": {"angle": 0, "axis": "y", "origin": [13.6875, 19.75, 15.8125]},
			"faces": {
				"north": {"uv": [5, 2.5, 10, 3.5], "texture": "#1"},
				"east": {"uv": [10, 2.5, 5, 3.5], "texture": "#1"},
				"south": {"uv": [5, 2.5, 10, 3.5], "texture": "#1"},
				"west": {"uv": [10, 2.5, 5, 3.5], "texture": "#1"},
				"up": {"uv": [5, 2.5, 10, 7], "texture": "#1"},
				"down": {"uv": [6.5, 4, 8.5, 6], "texture": "#1"}
			}
		},
		{
			"from": [6.0625, 20.375, 6.0625],
			"to": [9.9375, 21, 9.9375],
			"rotation": {"angle": 0, "axis": "y", "origin": [14.1875, 20.375, 15.8125]},
			"faces": {
				"north": {"uv": [5.5, 2, 9.5, 3], "texture": "#1"},
				"east": {"uv": [9.5, 2, 5.5, 3], "texture": "#1"},
				"south": {"uv": [5.5, 2, 9.5, 3], "texture": "#1"},
				"west": {"uv": [9.5, 2, 5.5, 3], "texture": "#1"},
				"up": {"uv": [5.5, 2, 9.5, 2.5], "texture": "#1"},
				"down": {"uv": [6.5, 4, 8.5, 6], "texture": "#1"}
			}
		}
	],
	"display": {
		"thirdperson_righthand": {
			"translation": [0, 3, 1],
			"scale": [0.39, 0.39, 0.39]
		},
		"thirdperson_lefthand": {
			"translation": [0, 3, 1],
			"scale": [0.39, 0.39, 0.39]
		},
		"firstperson_righthand": {
			"rotation": [0, -90, 25],
			"translation": [1.13, 3.2, 1.13],
			"scale": [0.68, 0.68, 0.68]
		},
		"firstperson_lefthand": {
			"rotation": [0, -90, 25],
			"translation": [1.13, 3.2, 1.13],
			"scale": [0.68, 0.68, 0.68]
		},
		"ground": {
			"translation": [0, 2, 0],
			"scale": [0.5, 0.5, 0.5]
		},
		"gui": {
			"translation": [0.25, 0.5, 0],
			"scale": [0.82, 0.79, 1]
		},
		"head": {
			"rotation": [0, 180, 0],
			"translation": [0, -33.5, 0.75]
		},
		"fixed": {
			"rotation": [0, 180, 0]
		}
	},
	"groups": [
		{
			"name": "group",
			"origin": [14.1875, 14.125, 15.8125],
			"children": [0, 1, 2, 3, 4, 5, 6, 7, 8, 9, 10]
		}
	]
}