{
	"credit": "Made with Blockbench",
	"parent": "block/block",
	"ambientocclusion": false,
	"textures": {
		"0": "block/dandelion"
	},
	"elements": [
		{
			"from": [7.53875, 6.125, 7.53875],
			"to": [8.46125, 10.215, 8.46125],
			"rotation": {"angle": 0, "axis": "y", "origin": [13.79125, 12.685, 14.30375]},
			"faces": {
				"north": {"uv": [7.5, 12, 8.4225, 16.09], "texture": "#0"},
				"east": {"uv": [7.5, 12, 8.4225, 16.09], "texture": "#0"},
				"south": {"uv": [7.5, 12, 8.4225, 16.09], "texture": "#0"},
				"west": {"uv": [7.5, 12, 8.4225, 16.09], "texture": "#0"},
				"up": {"uv": [0, 0, 0.125, 0.125], "texture": "#missing"},
				"down": {"uv": [7.5, 12, 8.4225, 12.9225], "texture": "#0"}
			}
		},
		{
			"from": [7.00875, 10.18053, 7.00875],
			"to": [8.99125, 10.57388, 8.99125],
			"rotation": {"angle": 0, "axis": "y", "origin": [11.32777, 11.62283, 12.38983]},
			"faces": {
				"north": {"uv": [7.5, 11.5, 9.5, 12], "texture": "#0"},
				"east": {"uv": [7.5, 11.5, 9.5, 12], "texture": "#0"},
				"south": {"uv": [7.5, 11.5, 9.5, 12], "texture": "#0"},
				"west": {"uv": [7.5, 11.5, 9.5, 12], "texture": "#0"},
				"up": {"uv": [0, 0, 0.125, 0.125], "texture": "#missing"},
				"down": {"uv": [7, 8.5, 9, 10.5], "texture": "#0"}
			}
		},
		{
			"from": [6.37151, 10.57388, 6.37151],
			"to": [9.62849, 10.96724, 9.62849],
			"rotation": {"angle": 0, "axis": "y", "origin": [10.69054, 12.01618, 12.38983]},
			"faces": {
				"north": {"uv": [6.5, 11.5, 9.5, 12], "texture": "#0"},
				"east": {"uv": [6.5, 11.5, 9.5, 12], "texture": "#0"},
				"south": {"uv": [6.5, 11.5, 9.5, 12], "texture": "#0"},
				"west": {"uv": [6.5, 11.5, 9.5, 12], "texture": "#0"},
				"up": {"uv": [0, 0, 0.125, 0.125], "texture": "#missing"},
				"down": {"uv": [6, 9, 9, 10], "texture": "#0"}
			}
		},
		{
			"from": [6.37151, 11.62283, 6.37151],
			"to": [9.62849, 11.95062, 9.62849],
			"rotation": {"angle": 0, "axis": "y", "origin": [10.69054, 12.40953, 12.38983]},
			"faces": {
				"north": {"uv": [6.5, 9, 9.5, 9.5], "texture": "#0"},
				"east": {"uv": [6.5, 9, 9.5, 9.5], "texture": "#0"},
				"south": {"uv": [6.5, 9, 9.5, 9.5], "texture": "#0"},
				"west": {"uv": [6.5, 9, 9.5, 9.5], "texture": "#0"},
				"up": {"uv": [6.5, 9, 9.51571, 12.01571], "texture": "#0"}
			}
		},
		{
			"from": [6.0529, 10.96724, 6.0529],
			"to": [9.9471, 11.62283, 9.9471],
			"rotation": {"angle": 0, "axis": "y", "origin": [10.37192, 12.40953, 12.42523]},
			"faces": {
				"north": {"uv": [6, 9, 9.8942, 9.65559], "texture": "#0"},
				"east": {"uv": [6, 9, 9.8942, 9.65559], "texture": "#0"},
				"south": {"uv": [6, 9, 9.8942, 9.65559], "texture": "#0"},
				"west": {"uv": [6, 9, 9.8942, 9.65559], "texture": "#0"},
				"up": {"uv": [6.5, 9, 9.5, 12], "texture": "#0"},
				"down": {"uv": [6.5, 9, 9.5, 12], "texture": "#0"}
			}
		},
		{
			"from": [8.37393, 8.005, 7.795],
			"to": [9.29643, 8.5175, 8.205],
			"rotation": {"angle": 0, "axis": "y", "origin": [2.73643, 12.31, 14.0475]},
			"faces": {
				"north": {"uv": [6.5, 13.5, 7.5, 14], "texture": "#0"},
				"east": {"uv": [6.5, 13.5, 7, 14], "texture": "#0"},
				"south": {"uv": [6.5, 13.5, 7.5, 14], "texture": "#0"},
				"west": {"uv": [6.5, 13.5, 7.5, 14], "texture": "#0"},
				"up": {"uv": [6.5, 13.5, 7.5, 14], "texture": "#0"},
				"down": {"uv": [6.5, 13.5, 7.5, 14], "texture": "#0"}
			}
		},
		{
			"from": [7.795, 8.005, 6.79344],
			"to": [8.205, 8.5175, 7.71594],
			"rotation": {"angle": 0, "axis": "y", "origin": [14.0475, 12.31, 13.35344]},
			"faces": {
				"north": {"uv": [6.5, 13.5, 7, 14], "texture": "#0"},
				"east": {"uv": [6.5, 13.5, 7.5, 14], "texture": "#0"},
				"south": {"uv": [6.5, 13.5, 7.5, 14], "texture": "#0"},
				"west": {"uv": [6.5, 13.5, 7.5, 14], "texture": "#0"},
				"up": {"uv": [6.5, 13.5, 7.5, 14], "rotation": 270, "texture": "#0"},
				"down": {"uv": [6.5, 13.5, 7.5, 14], "rotation": 90, "texture": "#0"}
			}
		},
		{
			"from": [8.37393, 7.4925, 7.795],
			"to": [8.88643, 8.005, 8.205],
			"rotation": {"angle": 0, "axis": "y", "origin": [2.73643, 11.9, 14.0475]},
			"faces": {
				"north": {"uv": [7, 14, 7.5, 14.5], "texture": "#0"},
				"east": {"uv": [7, 14, 7.5, 14.5], "texture": "#0"},
				"south": {"uv": [7, 14, 7.5, 14.5], "texture": "#0"},
				"west": {"uv": [7, 14, 7.5, 14.5], "texture": "#0"},
				"up": {"uv": [7, 14, 7.5, 14.5], "texture": "#0"},
				"down": {"uv": [7, 14, 7.5, 14.5], "texture": "#0"}
			}
		},
		{
			"from": [7.795, 7.4925, 7.20344],
			"to": [8.205, 8.005, 7.71594],
			"rotation": {"angle": 0, "axis": "y", "origin": [14.0475, 11.9, 13.35344]},
			"faces": {
				"north": {"uv": [7, 14, 7.5, 14.5], "texture": "#0"},
				"east": {"uv": [7, 14, 7.5, 14.5], "texture": "#0"},
				"south": {"uv": [7, 14, 7.5, 14.5], "texture": "#0"},
				"west": {"uv": [7, 14, 7.5, 14.5], "texture": "#0"},
				"up": {"uv": [7, 14, 7.5, 14.5], "rotation": 270, "texture": "#0"},
				"down": {"uv": [7, 14, 7.5, 14.5], "rotation": 90, "texture": "#0"}
			}
		},
		{
			"from": [7.795, 6.855, 8.46125],
			"to": [8.205, 7.3675, 8.97375],
			"rotation": {"angle": 0, "axis": "y", "origin": [14.0475, 11.2625, 14.61125]},
			"faces": {
				"north": {"uv": [0, 0, 0.125, 0.125], "texture": "#missing"},
				"east": {"uv": [8.5, 14.5, 9, 15], "texture": "#0"},
				"south": {"uv": [8.5, 14.5, 9, 15], "texture": "#0"},
				"west": {"uv": [8.5, 14.5, 9, 15], "texture": "#0"},
				"up": {"uv": [0, 0, 0.125, 0.125], "texture": "#missing"},
				"down": {"uv": [8.5, 14.5, 9, 15], "texture": "#0"}
			}
		},
		{
			"from": [7.01708, 6.855, 7.795],
			"to": [7.52958, 7.3675, 8.205],
			"rotation": {"angle": 0, "axis": "y", "origin": [1.37958, 11.2625, 14.0475]},
			"faces": {
				"north": {"uv": [8.5, 14.5, 9, 15], "texture": "#0"},
				"east": {"uv": [0, 0, 0.125, 0.125], "texture": "#missing"},
				"south": {"uv": [8.5, 14.5, 9, 15], "texture": "#0"},
				"west": {"uv": [8.5, 14.5, 9, 15], "texture": "#0"},
				"up": {"uv": [0, 0, 0.125, 0.125], "rotation": 90, "texture": "#missing"},
				"down": {"uv": [8.5, 14.5, 9, 15], "rotation": 270, "texture": "#0"}
			}
		},
		{
			"from": [7.795, 7.3675, 8.46125],
			"to": [8.205, 7.88, 9.38375],
			"rotation": {"angle": 0, "axis": "y", "origin": [14.0475, 11.775, 14.61125]},
			"faces": {
				"north": {"uv": [8.5, 14, 9.5, 14.5], "texture": "#0"},
				"east": {"uv": [8.5, 14, 9.5, 14.5], "texture": "#0"},
				"south": {"uv": [8.5, 14, 8.91, 14.5125], "texture": "#0"},
				"west": {"uv": [8.5, 14, 9.5, 14.5], "texture": "#0"},
				"up": {"uv": [8.5, 14, 9.5, 14.5], "texture": "#0"},
				"down": {"uv": [8.5, 14, 9.5, 14.5], "texture": "#0"}
			}
		},
		{
			"from": [6.60708, 7.3675, 7.795],
			"to": [7.52958, 7.88, 8.205],
			"rotation": {"angle": 0, "axis": "y", "origin": [1.37958, 11.775, 14.0475]},
			"faces": {
				"north": {"uv": [8.5, 14, 9.5, 14.5], "texture": "#0"},
				"east": {"uv": [8.5, 14, 9.5, 14.5], "texture": "#0"},
				"south": {"uv": [8.5, 14, 9.5, 14.5], "texture": "#0"},
				"west": {"uv": [8.5, 14, 8.91, 14.5125], "texture": "#0"},
				"up": {"uv": [8.5, 14, 9.5, 14.5], "rotation": 90, "texture": "#0"},
				"down": {"uv": [8.5, 14, 9.5, 14.5], "rotation": 270, "texture": "#0"}
			}
		},
		{
			"from": [7.795, 7.88, 8.87125],
			"to": [8.205, 8.3925, 9.79375],
			"rotation": {"angle": 0, "axis": "y", "origin": [14.0475, 12.2875, 15.02125]},
			"faces": {
				"north": {"uv": [0, 0, 0.125, 0.125], "texture": "#missing"},
				"east": {"uv": [9, 13.5, 10, 14], "texture": "#0"},
				"south": {"uv": [9, 13.5, 9.41, 14.0125], "texture": "#0"},
				"west": {"uv": [9, 13.5, 10, 14], "texture": "#0"},
				"up": {"uv": [9, 13.5, 10, 14], "texture": "#0"},
				"down": {"uv": [0, 0, 0.125, 0.125], "texture": "#missing"}
			}
		},
		{
			"from": [6.19708, 7.88, 7.795],
			"to": [7.11958, 8.3925, 8.205],
			"rotation": {"angle": 0, "axis": "y", "origin": [0.96958, 12.2875, 14.0475]},
			"faces": {
				"north": {"uv": [9, 13.5, 10, 14], "texture": "#0"},
				"east": {"uv": [0, 0, 0.125, 0.125], "texture": "#missing"},
				"south": {"uv": [9, 13.5, 10, 14], "texture": "#0"},
				"west": {"uv": [9, 13.5, 9.41, 14.0125], "texture": "#0"},
				"up": {"uv": [9, 13.5, 10, 14], "rotation": 90, "texture": "#0"},
				"down": {"uv": [0, 0, 0.125, 0.125], "rotation": 270, "texture": "#missing"}
			}
		},
		{
			"from": [8.87393, 8.5175, 7.795],
			"to": [9.80893, 9.03, 8.205],
			"rotation": {"angle": 0, "axis": "y", "origin": [2.73643, 12.8225, 14.0475]},
			"faces": {
				"north": {"uv": [6, 13, 7, 13.5], "texture": "#0"},
				"east": {"uv": [6, 13, 6.5, 13.5], "texture": "#0"},
				"south": {"uv": [6, 13, 7, 13.5], "texture": "#0"},
				"west": {"uv": [6, 13, 6.5, 13.5], "texture": "#0"},
				"up": {"uv": [6, 13, 7, 13.5], "texture": "#0"},
				"down": {"uv": [6, 13, 7, 13.5], "texture": "#0"}
			}
		},
		{
			"from": [7.795, 8.5175, 6.28094],
			"to": [8.205, 9.03, 7.21594],
			"rotation": {"angle": 0, "axis": "y", "origin": [14.0475, 12.8225, 13.35344]},
			"faces": {
				"north": {"uv": [6, 13, 6.5, 13.5], "texture": "#0"},
				"east": {"uv": [6, 13, 7, 13.5], "texture": "#0"},
				"south": {"uv": [6, 13, 6.5, 13.5], "texture": "#0"},
				"west": {"uv": [6, 13, 7, 13.5], "texture": "#0"},
				"up": {"uv": [6, 13, 7, 13.5], "rotation": 270, "texture": "#0"},
				"down": {"uv": [6, 13, 7, 13.5], "rotation": 90, "texture": "#0"}
			}
		},
		{
			"from": [9.29643, 9.0075, 7.795],
			"to": [9.80893, 9.52, 8.205],
			"rotation": {"angle": 0, "axis": "y", "origin": [2.73643, 13.3125, 14.0475]},
			"faces": {
				"north": {"uv": [6, 12.5, 6.5, 13], "texture": "#0"},
				"east": {"uv": [6, 12.5, 6.5, 13], "texture": "#0"},
				"south": {"uv": [6, 12.5, 6.5, 13], "texture": "#0"},
				"west": {"uv": [6, 12.5, 6.5, 13], "texture": "#0"},
				"up": {"uv": [6, 12.5, 6.5, 13], "texture": "#0"},
				"down": {"uv": [6, 12.5, 6.5, 13], "texture": "#0"}
			}
		},
		{
			"from": [7.795, 9.0075, 6.28094],
			"to": [8.205, 9.52, 6.79344],
			"rotation": {"angle": 0, "axis": "y", "origin": [14.0475, 13.3125, 13.35344]},
			"faces": {
				"north": {"uv": [6, 12.5, 6.5, 13], "texture": "#0"},
				"east": {"uv": [6, 12.5, 6.5, 13], "texture": "#0"},
				"south": {"uv": [6, 12.5, 6.5, 13], "texture": "#0"},
				"west": {"uv": [6, 12.5, 6.5, 13], "texture": "#0"},
				"up": {"uv": [6, 12.5, 6.5, 13], "rotation": 270, "texture": "#0"},
				"down": {"uv": [6, 12.5, 6.5, 13], "rotation": 90, "texture": "#0"}
			}
		}
	],
	"display": {
		"thirdperson_righthand": {
			"translation": [0, 5.75, 0],
			"scale": [0.8, 0.8, 0.8]
		},
		"thirdperson_lefthand": {
			"translation": [0, 5.75, 0],
			"scale": [0.8, 0.8, 0.8]
		},
		"firstperson_righthand": {
			"translation": [0, 3.5, 0],
			"scale": [0.8, 0.8, 0.8]
		},
		"firstperson_lefthand": {
			"translation": [0, 3.5, 0],
			"scale": [0.8, 0.8, 0.8]
		},
		"ground": {
			"translation": [0, 2.5, 0],
			"scale": [0.8, 0.8, 0.8]
		},
		"gui": {
			"rotation": [30, -135, 0],
			"translation": [0, 5, 0],
			"scale": [1.25, 1.25, 1.25]
		},
		"head": {
			"rotation": [0, 45, 0],
			"translation": [0, 14.5, 0]
		},
		"fixed": {
			"translation": [0, 5, 0],
			"scale": [1.5, 1.5, 1.5]
		}
	},
	"groups": [
		{
			"name": "group",
			"origin": [14.0475, 7.1875, 13.35344],
			"children": [0, 1, 2, 3, 4, 5, 6, 7, 8, 9, 10, 11, 12, 13, 14, 15, 16, 17, 18]
		}
	]
}