{
	"credit": "Made with Blockbench by Juknum",
	"textures": {
		"0": "block/twisting_vines",
		"particle": "block/twisting_vines_plant",
		"1_0": "block/twisting_vines_plant"
	},
	"elements": [
		{
			"from": [7, 0, 4],
			"to": [12, 1, 9],
			"rotation": {"angle": 0, "axis": "y", "origin": [9.5, 8, 6.5]},
			"faces": {
				"north": {"uv": [4, 15, 9, 16], "texture": "#0"},
				"east": {"uv": [9, 15, 4, 16], "texture": "#0"},
				"south": {"uv": [9, 15, 4, 16], "texture": "#0"},
				"west": {"uv": [4, 15, 9, 16], "texture": "#0"},
				"up": {"uv": [8.5, 9, 6, 11.5], "texture": "#0"}
			}
		},
		{
			"from": [7.5, 1, 4.5],
			"to": [11.5, 3, 8.5],
			"rotation": {"angle": 0, "axis": "y", "origin": [9.5, 9, 6.5]},
			"faces": {
				"north": {"uv": [4.5, 13, 8.5, 15], "texture": "#0"},
				"east": {"uv": [8.5, 13, 4.5, 15], "texture": "#0"},
				"south": {"uv": [8.5, 13, 4.5, 15], "texture": "#0"},
				"west": {"uv": [4.5, 13, 8.5, 15], "texture": "#0"},
				"up": {"uv": [5, 8.5, 9, 12.5], "texture": "#0"}
			}
		},
		{
			"from": [7.5, 3, 5],
			"to": [11, 3.5, 8.5],
			"rotation": {"angle": 0, "axis": "y", "origin": [9.5, 11, 6.5]},
			"faces": {
				"north": {"uv": [5, 12.5, 8.5, 13], "texture": "#0"},
				"east": {"uv": [8.5, 12.5, 5, 13], "texture": "#0"},
				"south": {"uv": [8.5, 12.5, 5, 13], "texture": "#0"},
				"west": {"uv": [5, 12.5, 8.5, 13], "texture": "#0"}
			}
		},
		{
			"from": [7, 3.5, 5],
			"to": [11, 5, 9],
			"rotation": {"angle": 0, "axis": "y", "origin": [9.5, 11.5, 6.5]},
			"faces": {
				"north": {"uv": [5, 11, 9, 12.5], "texture": "#0"},
				"east": {"uv": [9, 11, 5, 12.5], "texture": "#0"},
				"south": {"uv": [9, 11, 5, 12.5], "texture": "#0"},
				"west": {"uv": [5, 11, 9, 12.5], "texture": "#0"},
				"down": {"uv": [5, 8, 9, 12], "texture": "#0"}
			}
		},
		{
			"from": [6.5, 5, 5],
			"to": [11, 6.5, 9.5],
			"rotation": {"angle": 0, "axis": "y", "origin": [9.5, 13, 6.5]},
			"faces": {
				"north": {"uv": [5, 9.5, 9.5, 11], "texture": "#0"},
				"east": {"uv": [9.5, 9.5, 5, 11], "texture": "#0"},
				"south": {"uv": [9.5, 9.5, 5, 11], "texture": "#0"},
				"west": {"uv": [5, 9.5, 9.5, 11], "texture": "#0"},
				"down": {"uv": [5, 8.5, 9.5, 13], "texture": "#0"}
			}
		},
		{
			"from": [6, 6.5, 5],
			"to": [11, 7.5, 10],
			"rotation": {"angle": 0, "axis": "y", "origin": [9.5, 14.5, 6.5]},
			"faces": {
				"north": {"uv": [5, 8.5, 10, 9.5], "texture": "#0"},
				"east": {"uv": [10, 8.5, 5, 9.5], "texture": "#0"},
				"south": {"uv": [10, 8.5, 5, 9.5], "texture": "#0"},
				"west": {"uv": [5, 8.5, 10, 9.5], "texture": "#0"},
				"up": {"uv": [10, 8, 5, 13], "texture": "#0"},
				"down": {"uv": [7, 4, 12, 9], "texture": "#0"}
			}
		},
		{
			"from": [6, 7.5, 5.5],
			"to": [10.5, 8, 10],
			"rotation": {"angle": 0, "axis": "y", "origin": [9.5, 15.5, 6.5]},
			"faces": {
				"north": {"uv": [5.5, 8, 10, 8.5], "texture": "#0"},
				"east": {"uv": [10, 8, 5.5, 8.5], "texture": "#0"},
				"south": {"uv": [10, 8, 5.5, 8.5], "texture": "#0"},
				"west": {"uv": [5.5, 8, 10, 8.5], "texture": "#0"},
				"up": {"uv": [10.5, 7, 6, 11.5], "texture": "#0"}
			}
		},
		{
			"from": [5.5, 8, 6],
			"to": [10, 9, 10.5],
			"rotation": {"angle": 0, "axis": "y", "origin": [8.5, 16, 7.5]},
			"faces": {
				"north": {"uv": [6, 7, 10.5, 8], "texture": "#0"},
				"east": {"uv": [10.5, 7, 6, 8], "texture": "#0"},
				"south": {"uv": [10.5, 7, 6, 8], "texture": "#0"},
				"west": {"uv": [6, 7, 10.5, 8], "texture": "#0"},
				"up": {"uv": [9.5, 8, 5, 12.5], "texture": "#0"},
				"down": {"uv": [5, 8, 9.5, 12.5], "texture": "#0"}
			}
		},
		{
			"from": [5.5, 9, 6.5],
			"to": [9.5, 9.5, 10.5],
			"rotation": {"angle": 0, "axis": "y", "origin": [8, 17, 8.25]},
			"faces": {
				"north": {"uv": [6.5, 6.5, 10.5, 7], "texture": "#0"},
				"east": {"uv": [10.5, 6.5, 6.5, 7], "texture": "#0"},
				"south": {"uv": [10.5, 6.5, 6.5, 7], "texture": "#0"},
				"west": {"uv": [6.5, 6.5, 10.5, 7], "texture": "#0"}
			}
		},
		{
			"from": [5, 9.5, 6.5],
			"to": [9.5, 11, 11],
			"rotation": {"angle": 0, "axis": "y", "origin": [8, 17.5, 8.25]},
			"faces": {
				"north": {"uv": [6.5, 5, 11, 6.5], "texture": "#0"},
				"east": {"uv": [11, 5, 6.5, 6.5], "texture": "#0"},
				"south": {"uv": [11, 5, 6.5, 6.5], "texture": "#0"},
				"west": {"uv": [6.5, 5, 11, 6.5], "texture": "#0"},
				"up": {"uv": [9.5, 8, 5, 12.5], "texture": "#0"},
				"down": {"uv": [5, 8, 9.5, 12.5], "texture": "#0"}
			}
		},
		{
			"from": [4.5, 11, 7],
			"to": [9, 12.5, 11.5],
			"rotation": {"angle": 0, "axis": "y", "origin": [7.5, 19, 8.75]},
			"faces": {
				"north": {"uv": [7, 3.5, 11.5, 5], "texture": "#0"},
				"east": {"uv": [11.5, 3.5, 7, 5], "texture": "#0"},
				"south": {"uv": [11.5, 3.5, 7, 5], "texture": "#0"},
				"west": {"uv": [7, 3.5, 11.5, 5], "texture": "#0"},
				"up": {"uv": [5, 12.5, 9.5, 8], "texture": "#0"},
				"down": {"uv": [5, 8, 9.5, 12.5], "texture": "#0"}
			}
		},
		{
			"from": [5, 12.5, 7],
			"to": [9, 13, 11],
			"rotation": {"angle": 0, "axis": "y", "origin": [7.5, 20.5, 8.75]},
			"faces": {
				"north": {"uv": [7, 3, 11, 3.5], "texture": "#0"},
				"east": {"uv": [11, 3, 7, 3.5], "texture": "#0"},
				"south": {"uv": [11, 3, 7, 3.5], "texture": "#0"},
				"west": {"uv": [7, 3, 11, 3.5], "texture": "#0"},
				"up": {"uv": [5, 8, 9, 12], "texture": "#0"}
			}
		},
		{
			"from": [5.5, 13, 7.5],
			"to": [8.5, 13.5, 10.5],
			"rotation": {"angle": 0, "axis": "y", "origin": [7.5, 21, 8.75]},
			"faces": {
				"north": {"uv": [7.5, 2.5, 10.5, 3], "texture": "#0"},
				"east": {"uv": [10.5, 2.5, 7.5, 3], "texture": "#0"},
				"south": {"uv": [10.5, 2.5, 7.5, 3], "texture": "#0"},
				"west": {"uv": [7.5, 2.5, 10.5, 3], "texture": "#0"},
				"up": {"uv": [6.5, 5, 9.5, 8], "texture": "#0"}
			}
		},
		{
			"from": [6, 13.5, 7.5],
			"to": [8.5, 14, 10],
			"rotation": {"angle": 0, "axis": "y", "origin": [7.5, 21.5, 8.75]},
			"faces": {
				"north": {"uv": [7.5, 2, 10, 2.5], "texture": "#0"},
				"east": {"uv": [10, 2, 7.5, 2.5], "texture": "#0"},
				"south": {"uv": [10, 2, 7.5, 2.5], "texture": "#0"},
				"west": {"uv": [7.5, 2, 10, 2.5], "texture": "#0"},
				"up": {"uv": [7, 3, 9.5, 5.5], "texture": "#0"}
			}
		},
		{
			"from": [6, 14, 7.5],
			"to": [8, 14.5, 9.5],
			"rotation": {"angle": 0, "axis": "y", "origin": [7.5, 22, 8.75]},
			"faces": {
				"north": {"uv": [8, 1.5, 10, 2], "texture": "#0"},
				"east": {"uv": [10, 1.5, 8, 2], "texture": "#0"},
				"south": {"uv": [10, 1.5, 8, 2], "texture": "#0"},
				"west": {"uv": [8, 1.5, 10, 2], "texture": "#0"},
				"up": {"uv": [7.5, 2.5, 9.5, 4.5], "texture": "#0"}
			}
		},
		{
			"from": [6.5, 14.5, 8],
			"to": [7.5, 15, 9],
			"rotation": {"angle": 0, "axis": "y", "origin": [7.5, 22.5, 8.75]},
			"faces": {
				"north": {"uv": [8.5, 1, 9.5, 1.5], "texture": "#0"},
				"east": {"uv": [8.5, 1, 9.5, 1.5], "texture": "#0"},
				"south": {"uv": [8.5, 1, 9.5, 1.5], "texture": "#0"},
				"west": {"uv": [8.5, 1, 9.5, 1.5], "texture": "#0"},
				"up": {"uv": [8, 2, 9, 3], "texture": "#0"}
			}
		},
		{
			"from": [13, 6.75, 2.5],
			"to": [13.5, 7.25, 3],
			"rotation": {"angle": 0, "axis": "y", "origin": [14.5, 15.25, 6]},
			"faces": {
				"north": {"uv": [3, 12, 2.5, 12.5], "texture": "#1_0"},
				"east": {"uv": [3, 12, 2.5, 12.5], "texture": "#1_0"},
				"south": {"uv": [3, 12, 2.5, 12.5], "texture": "#1_0"},
				"west": {"uv": [3, 12, 2.5, 12.5], "texture": "#1_0"},
				"up": {"uv": [3, 12, 2.5, 12.5], "texture": "#1_0"},
				"down": {"uv": [3, 12, 2.5, 12.5], "texture": "#1_0"}
			}
		},
		{
			"from": [13, 7, 3],
			"to": [13.5, 7.5, 4],
			"rotation": {"angle": 0, "axis": "y", "origin": [14.5, 15.5, 6.5]},
			"faces": {
				"north": {"uv": [3, 11.5, 2.5, 12], "texture": "#1_0"},
				"east": {"uv": [3.5, 11.5, 2.5, 12], "texture": "#1_0"},
				"south": {"uv": [3, 12, 2.5, 12.5], "texture": "#1_0"},
				"up": {"uv": [8.5, 11, 8, 12], "texture": "#1_0"},
				"down": {"uv": [8.5, 11, 8, 12], "texture": "#1_0"}
			}
		},
		{
			"from": [12, 7, 2.5],
			"to": [12.5, 7.5, 3.5],
			"rotation": {"angle": 0, "axis": "y", "origin": [13.5, 15.5, 6]},
			"faces": {
				"north": {"uv": [3.5, 11.5, 3, 12], "texture": "#1_0"},
				"south": {"uv": [3, 12, 2.5, 12.5], "texture": "#1_0"},
				"west": {"uv": [3, 12, 2.5, 12.5], "texture": "#1_0"},
				"up": {"uv": [8.5, 11, 8, 12], "texture": "#1_0"},
				"down": {"uv": [8, 11, 7.5, 12], "texture": "#1_0"}
			}
		},
		{
			"from": [12.5, 7, 2.5],
			"to": [13, 7.5, 4],
			"rotation": {"angle": 0, "axis": "y", "origin": [14.5, 15, 6]},
			"faces": {
				"north": {"uv": [2.5, 11.5, 3, 12], "texture": "#1_0"},
				"east": {"uv": [4, 11.5, 2.5, 12], "texture": "#1_0"},
				"south": {"uv": [2.5, 11.5, 3, 12], "texture": "#1_0"},
				"west": {"uv": [4, 11.5, 2.5, 12], "texture": "#1_0"},
				"up": {"uv": [10, 8.5, 9.5, 10], "texture": "#1_0"},
				"down": {"uv": [5.5, 13.5, 6, 15], "texture": "#1_0"}
			}
		},
		{
			"from": [10.5, 7.25, 3],
			"to": [12.5, 7.75, 3.5],
			"rotation": {"angle": 0, "axis": "y", "origin": [13.5, 15.75, 6.5]},
			"faces": {
				"north": {"uv": [3, 12, 2.5, 12.5], "texture": "#1_0"},
				"east": {"uv": [3, 12, 2.5, 12.5], "texture": "#1_0"},
				"west": {"uv": [3, 12, 2.5, 12.5], "texture": "#1_0"},
				"up": {"uv": [3, 12, 2.5, 12.5], "texture": "#1_0"},
				"down": {"uv": [3, 12, 2.5, 12.5], "texture": "#1_0"}
			}
		},
		{
			"from": [12.5, 7.25, 3.5],
			"to": [13, 7.75, 5.5],
			"rotation": {"angle": 0, "axis": "y", "origin": [14, 15.75, 7]},
			"faces": {
				"north": {"uv": [3, 12, 2.5, 12.5], "texture": "#1_0"},
				"east": {"uv": [3, 12, 2.5, 12.5], "texture": "#1_0"},
				"south": {"uv": [3, 12, 2.5, 12.5], "texture": "#1_0"},
				"up": {"uv": [3, 12, 2.5, 12.5], "texture": "#1_0"},
				"down": {"uv": [3, 12, 2.5, 12.5], "texture": "#1_0"}
			}
		},
		{
			"from": [10.5, 7.5, 3.5],
			"to": [12.5, 8, 5.5],
			"rotation": {"angle": 0, "axis": "y", "origin": [12.5, 15.5, 8]},
			"faces": {
				"north": {"uv": [3.5, 10.5, 5.5, 11], "texture": "#1_0"},
				"east": {"uv": [5.5, 10.5, 3.5, 11], "texture": "#1_0"},
				"south": {"uv": [3.5, 10.5, 5.5, 11], "texture": "#1_0"},
				"west": {"uv": [3.5, 10.5, 5.5, 11], "texture": "#1_0"},
				"up": {"uv": [10, 6.5, 8, 8.5], "texture": "#1_0"}
			}
		},
		{
			"from": [10, 7.25, 3.5],
			"to": [12.5, 7.75, 6],
			"rotation": {"angle": 0, "axis": "y", "origin": [12.5, 15.25, 8]},
			"faces": {
				"north": {"uv": [3, 11, 6, 11.5], "texture": "#1_0"},
				"east": {"uv": [6, 11, 3, 11.5], "texture": "#1_0"},
				"south": {"uv": [3, 11, 6, 11.5], "texture": "#1_0"},
				"west": {"uv": [3, 11, 6, 11.5], "texture": "#1_0"},
				"up": {"uv": [9, 9, 6.5, 11.5], "texture": "#1_0"},
				"down": {"uv": [9, 9, 6.5, 11.5], "texture": "#1_0"}
			}
		},
		{
			"from": [10.5, 7, 4.5],
			"to": [11, 7.5, 5],
			"rotation": {"angle": 0, "axis": "y", "origin": [12, 15.5, 8]},
			"faces": {
				"north": {"uv": [3, 12, 2.5, 12.5], "texture": "#1_0"},
				"east": {"uv": [3, 12, 2.5, 12.5], "texture": "#1_0"},
				"west": {"uv": [3, 12, 2.5, 12.5], "texture": "#1_0"},
				"down": {"uv": [3, 12, 2.5, 12.5], "texture": "#1_0"}
			}
		},
		{
			"from": [11, 7, 5],
			"to": [11.5, 7.5, 5.5],
			"rotation": {"angle": 0, "axis": "y", "origin": [12.5, 15.5, 8.5]},
			"faces": {
				"north": {"uv": [3, 12, 2.5, 12.5], "texture": "#1_0"},
				"east": {"uv": [3, 12, 2.5, 12.5], "texture": "#1_0"},
				"south": {"uv": [3, 12, 2.5, 12.5], "texture": "#1_0"},
				"down": {"uv": [3, 12, 2.5, 12.5], "texture": "#1_0"}
			}
		},
		{
			"from": [3, 11.75, 10.5],
			"to": [5.5, 12.25, 13],
			"rotation": {"angle": 0, "axis": "y", "origin": [8, 4.25, 13]},
			"faces": {
				"north": {"uv": [3, 11, 6, 11.5], "rotation": 180, "texture": "#1_0"},
				"east": {"uv": [3, 11, 6, 11.5], "rotation": 180, "texture": "#1_0"},
				"south": {"uv": [6, 11, 3, 11.5], "rotation": 180, "texture": "#1_0"},
				"west": {"uv": [3, 11, 6, 11.5], "rotation": 180, "texture": "#1_0"},
				"up": {"uv": [8, 0, 5.5, 2.5], "rotation": 90, "texture": "#1_0"},
				"down": {"uv": [9, 9, 6.5, 11.5], "rotation": 270, "texture": "#1_0"}
			}
		},
		{
			"from": [4, 12, 11],
			"to": [4.5, 12.5, 11.5],
			"rotation": {"angle": 0, "axis": "y", "origin": [8, 4, 13]},
			"faces": {
				"north": {"uv": [9.5, 2, 9, 2.5], "rotation": 90, "texture": "#1_0"},
				"east": {"uv": [9.5, 2, 9, 2.5], "rotation": 90, "texture": "#1_0"},
				"south": {"uv": [9.5, 2, 9, 2.5], "rotation": 90, "texture": "#1_0"},
				"west": {"uv": [9.5, 2, 9, 2.5], "rotation": 90, "texture": "#1_0"},
				"up": {"uv": [9.5, 2, 9, 2.5], "rotation": 90, "texture": "#1_0"},
				"down": {"uv": [9.5, 2, 9, 2.5], "rotation": 90, "texture": "#1_0"}
			}
		},
		{
			"from": [4.5, 12, 11.5],
			"to": [5, 12.5, 12],
			"rotation": {"angle": 0, "axis": "y", "origin": [8, 4, 13]},
			"faces": {
				"north": {"uv": [9.5, 2, 9, 2.5], "rotation": 90, "texture": "#1_0"},
				"east": {"uv": [9.5, 2, 9, 2.5], "rotation": 90, "texture": "#1_0"},
				"south": {"uv": [9.5, 2, 9, 2.5], "rotation": 90, "texture": "#1_0"},
				"west": {"uv": [9.5, 2, 9, 2.5], "rotation": 90, "texture": "#1_0"},
				"up": {"uv": [9.5, 2, 9, 2.5], "rotation": 90, "texture": "#1_0"},
				"down": {"uv": [9.5, 2, 9, 2.5], "rotation": 90, "texture": "#1_0"}
			}
		},
		{
			"from": [2.5, 11.75, 11],
			"to": [3, 12.25, 13],
			"rotation": {"angle": 0, "axis": "y", "origin": [8, 4.25, 13]},
			"faces": {
				"north": {"uv": [3, 12, 2.5, 12.5], "rotation": 180, "texture": "#1_0"},
				"south": {"uv": [3, 12, 2.5, 12.5], "rotation": 180, "texture": "#1_0"},
				"west": {"uv": [3, 12, 2.5, 12.5], "rotation": 180, "texture": "#1_0"},
				"up": {"uv": [3, 12, 2.5, 12.5], "rotation": 90, "texture": "#1_0"},
				"down": {"uv": [3, 12, 2.5, 12.5], "rotation": 270, "texture": "#1_0"}
			}
		},
		{
			"from": [2, 12, 12.5],
			"to": [3, 12.5, 13],
			"rotation": {"angle": 0, "axis": "y", "origin": [8, 4, 13]},
			"faces": {
				"north": {"uv": [3, 12, 2.5, 12.5], "rotation": 180, "texture": "#1_0"},
				"east": {"uv": [3, 12, 2.5, 12.5], "rotation": 180, "texture": "#1_0"},
				"west": {"uv": [3.5, 11.5, 3, 12], "rotation": 180, "texture": "#1_0"},
				"up": {"uv": [8, 11, 7.5, 12], "rotation": 90, "texture": "#1_0"},
				"down": {"uv": [8.5, 11, 8, 12], "rotation": 270, "texture": "#1_0"}
			}
		},
		{
			"from": [2, 12, 13],
			"to": [3.5, 12.5, 13.5],
			"rotation": {"angle": 0, "axis": "y", "origin": [8, 4, 13]},
			"faces": {
				"north": {"uv": [4, 11.5, 2.5, 12], "rotation": 180, "texture": "#1_0"},
				"east": {"uv": [2.5, 11.5, 3, 12], "rotation": 180, "texture": "#1_0"},
				"south": {"uv": [4, 11.5, 2.5, 12], "rotation": 180, "texture": "#1_0"},
				"west": {"uv": [2.5, 11.5, 3, 12], "rotation": 180, "texture": "#1_0"},
				"up": {"uv": [5.5, 13.5, 6, 15], "rotation": 90, "texture": "#1_0"},
				"down": {"uv": [10, 8.5, 9.5, 10], "rotation": 270, "texture": "#1_0"}
			}
		},
		{
			"from": [2, 12.25, 13.5],
			"to": [2.5, 12.75, 14],
			"rotation": {"angle": 0, "axis": "y", "origin": [8, 3.75, 13]},
			"faces": {
				"north": {"uv": [3, 12, 2.5, 12.5], "rotation": 180, "texture": "#1_0"},
				"east": {"uv": [3, 12, 2.5, 12.5], "rotation": 180, "texture": "#1_0"},
				"south": {"uv": [3, 12, 2.5, 12.5], "rotation": 180, "texture": "#1_0"},
				"west": {"uv": [3, 12, 2.5, 12.5], "rotation": 180, "texture": "#1_0"},
				"up": {"uv": [3, 12, 2.5, 12.5], "rotation": 90, "texture": "#1_0"},
				"down": {"uv": [3, 12, 2.5, 12.5], "rotation": 270, "texture": "#1_0"}
			}
		},
		{
			"from": [2.5, 12, 13.5],
			"to": [3.5, 12.5, 14],
			"rotation": {"angle": 0, "axis": "y", "origin": [8, 4, 13]},
			"faces": {
				"east": {"uv": [3, 12, 2.5, 12.5], "rotation": 180, "texture": "#1_0"},
				"south": {"uv": [3.5, 11.5, 2.5, 12], "rotation": 180, "texture": "#1_0"},
				"west": {"uv": [3, 11.5, 2.5, 12], "rotation": 180, "texture": "#1_0"},
				"up": {"uv": [8.5, 11, 8, 12], "rotation": 90, "texture": "#1_0"},
				"down": {"uv": [8.5, 11, 8, 12], "rotation": 270, "texture": "#1_0"}
			}
		},
		{
			"from": [3, 11.75, 13],
			"to": [5, 12.25, 13.5],
			"rotation": {"angle": 0, "axis": "y", "origin": [8, 4.25, 13]},
			"faces": {
				"east": {"uv": [3, 12, 2.5, 12.5], "rotation": 180, "texture": "#1_0"},
				"south": {"uv": [3, 12, 2.5, 12.5], "rotation": 180, "texture": "#1_0"},
				"west": {"uv": [3, 12, 2.5, 12.5], "rotation": 180, "texture": "#1_0"},
				"up": {"uv": [3, 12, 2.5, 12.5], "rotation": 90, "texture": "#1_0"},
				"down": {"uv": [3, 12, 2.5, 12.5], "rotation": 270, "texture": "#1_0"}
			}
		},
		{
			"from": [3, 11.5, 11],
			"to": [5, 12, 13],
			"rotation": {"angle": 0, "axis": "y", "origin": [8, 4.5, 13]},
			"faces": {
				"north": {"uv": [3.5, 10.5, 5.5, 11], "rotation": 180, "texture": "#1_0"},
				"east": {"uv": [3.5, 10.5, 5.5, 11], "rotation": 180, "texture": "#1_0"},
				"south": {"uv": [5.5, 10.5, 3.5, 11], "rotation": 180, "texture": "#1_0"},
				"west": {"uv": [3.5, 10.5, 5.5, 11], "rotation": 180, "texture": "#1_0"},
				"down": {"uv": [8.5, 0, 6.5, 2], "rotation": 270, "texture": "#1_0"}
			}
		}
	],
	"groups": [0, 1, 2, 3, 4, 5, 6, 7, 8, 9, 10, 11, 12, 13, 14, 15,
		{
			"name": "top leaf",
			"origin": [5.5, 1, 13.5],
			"children": []
		},
		{
			"name": "bottom leaf",
			"origin": [14.5, 12.25, 8.5],
			"children": [16, 17, 18, 19, 20, 21, 22, 23, 24, 25]
		},
		{
			"name": "top leaf",
			"origin": [5.5, 1, 13.5],
			"children": [26, 27, 28, 29, 30, 31, 32, 33, 34, 35]
		}
	]
}