{
	"credit": "Made with Blockbench by Juknum",
	"ambientocclusion": false,
	"textures": {
		"1": "block/cocoa_stage0",
		"particle": "block/cocoa_stage0"
	},
	"elements": [
		{
			"from": [6, 7, 11],
			"to": [10, 12, 15],
			"faces": {
				"north": {"uv": [11, 4, 15, 9], "texture": "#1"},
				"east": {"uv": [11, 4, 15, 9], "texture": "#1"},
				"south": {"uv": [11, 4, 15, 9], "texture": "#1"},
				"west": {"uv": [11, 4, 15, 9], "texture": "#1"},
				"up": {"uv": [0, 0, 4, 4], "texture": "#1"},
				"down": {"uv": [0, 0, 4, 4], "texture": "#1"}
			}
		},
		{
			"name": "cocoa_stage0_0",
			"from": [7.5, 14.5, 15.5],
			"to": [8.5, 16, 16],
			"rotation": {"angle": 0, "axis": "x", "origin": [0, 8, 8]},
			"faces": {
				"north": {"uv": [15.5, 0, 16, 1.5], "texture": "#1"},
				"east": {"uv": [15.5, 1.5, 16, 0], "rotation": 180, "texture": "#1"},
				"west": {"uv": [15.5, 0, 16, 1.5], "texture": "#1"},
				"up": {"uv": [16, 0, 15.5, 0.5], "rotation": 270, "texture": "#1"},
				"down": {"uv": [15.5, 1, 16, 1.5], "rotation": 270, "texture": "#1"}
			}
		},
		{
			"name": "cocoa_stage0_1",
			"from": [7.5, 14.5, 14.5],
			"to": [8.5, 15.5, 15.5],
			"rotation": {"angle": 0, "axis": "x", "origin": [0, 8, 8]},
			"faces": {
				"north": {"uv": [14.5, 0.5, 15, 1.5], "texture": "#1"},
				"east": {"uv": [14.5, 1.5, 15.5, 0.5], "rotation": 180, "texture": "#1"},
				"west": {"uv": [14.5, 0.5, 15.5, 1.5], "texture": "#1"},
				"up": {"uv": [15.5, 0.5, 14.5, 1], "rotation": 270, "texture": "#1"},
				"down": {"uv": [14.5, 1, 15.5, 1.5], "rotation": 270, "texture": "#1"}
			}
		},
		{
			"name": "cocoa_stage0_2",
			"from": [7.5, 14, 13.5],
			"to": [8.5, 15, 14.5],
			"rotation": {"angle": 0, "axis": "x", "origin": [0, 8, 8]},
			"faces": {
				"north": {"uv": [13.5, 1, 14, 2], "texture": "#1"},
				"east": {"uv": [13.5, 2, 14.5, 1], "rotation": 180, "texture": "#1"},
				"south": {"uv": [14, 1, 14.5, 2], "texture": "#1"},
				"west": {"uv": [13.5, 1, 14.5, 2], "texture": "#1"},
				"up": {"uv": [14.5, 1, 13.5, 1.5], "rotation": 270, "texture": "#1"},
				"down": {"uv": [13.5, 1.5, 14.5, 2], "rotation": 270, "texture": "#1"}
			}
		},
		{
			"name": "cocoa_stage0_3",
			"from": [7.5, 12, 13],
			"to": [8.5, 14.5, 13.5],
			"rotation": {"angle": 0, "axis": "x", "origin": [0, 8, 8]},
			"faces": {
				"north": {"uv": [13, 1.5, 13.5, 4], "texture": "#1"},
				"east": {"uv": [13, 4, 13.5, 1.5], "rotation": 180, "texture": "#1"},
				"south": {"uv": [13, 1.5, 13.5, 4], "texture": "#1"},
				"west": {"uv": [13, 1.5, 13.5, 4], "texture": "#1"},
				"up": {"uv": [13.5, 1.5, 13, 2], "rotation": 270, "texture": "#1"}
			}
		},
		{
			"name": "cocoa_stage0_4",
			"from": [7.5, 13.5, 13.5],
			"to": [8.5, 14, 14],
			"rotation": {"angle": 0, "axis": "x", "origin": [0, 8, 8]},
			"faces": {
				"east": {"uv": [13.5, 2.5, 14, 2], "rotation": 180, "texture": "#1"},
				"south": {"uv": [13.5, 2, 14, 2.5], "texture": "#1"},
				"west": {"uv": [13.5, 2, 14, 2.5], "texture": "#1"},
				"down": {"uv": [13.5, 2, 14, 2.5], "rotation": 270, "texture": "#1"}
			}
		},
		{
			"name": "cocoa_stage0_5",
			"from": [7.5, 12, 12.5],
			"to": [8.5, 13.5, 13],
			"rotation": {"angle": 0, "axis": "x", "origin": [0, 8, 8]},
			"faces": {
				"north": {"uv": [12.5, 2.5, 13, 4], "texture": "#1"},
				"east": {"uv": [12.5, 4, 13, 2.5], "rotation": 180, "texture": "#1"},
				"west": {"uv": [12.5, 2.5, 13, 4], "texture": "#1"},
				"up": {"uv": [13, 2.5, 12.5, 3], "rotation": 270, "texture": "#1"}
			}
		},
		{
			"name": "cocoa_stage0_0",
			"from": [7.75, 14, 14.5],
			"to": [8.25, 16, 16],
			"rotation": {"angle": 0, "axis": "x", "origin": [0, 8, 8]},
			"faces": {
				"north": {"uv": [14.5, 0, 15, 0.5], "texture": "#1"},
				"east": {"uv": [14.5, 2, 16, 0], "rotation": 180, "texture": "#1"},
				"west": {"uv": [14.5, 0, 16, 2], "texture": "#1"},
				"up": {"uv": [16, 0, 14.5, 0.5], "rotation": 270, "texture": "#1"},
				"down": {"uv": [14.5, 1.5, 16, 2], "rotation": 270, "texture": "#1"}
			}
		},
		{
			"name": "cocoa_stage1_1",
			"from": [7.75, 15.5, 15],
			"to": [8.25, 16, 15],
			"rotation": {"angle": 0, "axis": "x", "origin": [0, 9.5, 8.5]},
			"faces": {
				"north": {"uv": [15, 0, 15.5, 0.5], "texture": "#1"},
				"east": {"uv": [15, 0.5, 15, 0], "rotation": 180, "texture": "#1"},
				"west": {"uv": [14.5, 0, 16, 2], "texture": "#1"},
				"up": {"uv": [16, 0, 14.5, 0.5], "rotation": 270, "texture": "#1"},
				"down": {"uv": [14.5, 1.5, 16, 2], "rotation": 270, "texture": "#1"}
			}
		},
		{
			"name": "cocoa_stage2_2",
			"from": [7.75, 15, 14],
			"to": [8.25, 15.5, 14],
			"rotation": {"angle": 0, "axis": "x", "origin": [0, 9, 7.5]},
			"faces": {
				"north": {"uv": [15, 0, 15.5, 0.5], "texture": "#1"},
				"east": {"uv": [15, 0.5, 15, 0], "rotation": 180, "texture": "#1"},
				"west": {"uv": [14.5, 0, 16, 2], "texture": "#1"},
				"up": {"uv": [16, 0, 14.5, 0.5], "rotation": 270, "texture": "#1"},
				"down": {"uv": [14.5, 1.5, 16, 2], "rotation": 270, "texture": "#1"}
			}
		},
		{
			"name": "cocoa_stage3_3",
			"from": [7.75, 14, 12.5],
			"to": [8.25, 14, 13],
			"rotation": {"angle": 0, "axis": "x", "origin": [0, 8, 6]},
			"faces": {
				"north": {"uv": [15, 0, 15.5, 0.5], "texture": "#1"},
				"east": {"uv": [15, 0.5, 15, 0], "rotation": 180, "texture": "#1"},
				"west": {"uv": [14.5, 0, 16, 2], "texture": "#1"},
				"up": {"uv": [15, 0, 15.5, 0.5], "texture": "#1"},
				"down": {"uv": [14.5, 1.5, 16, 2], "rotation": 270, "texture": "#1"}
			}
		},
		{
			"name": "cocoa_stage4_4",
			"from": [7.75, 13, 12],
			"to": [8.25, 13, 12.5],
			"rotation": {"angle": 0, "axis": "x", "origin": [0, 7, 5.5]},
			"faces": {
				"north": {"uv": [15, 0, 15.5, 0.5], "texture": "#1"},
				"east": {"uv": [15, 0.5, 15, 0], "rotation": 180, "texture": "#1"},
				"west": {"uv": [14.5, 0, 16, 2], "texture": "#1"},
				"up": {"uv": [12.5, 3, 13, 3.5], "texture": "#1"},
				"down": {"uv": [14.5, 1.5, 16, 2], "rotation": 270, "texture": "#1"}
			}
		},
		{
			"name": "cocoa_stage0_1",
			"from": [7.75, 13.5, 13.5],
			"to": [8.25, 15.5, 14.5],
			"rotation": {"angle": 0, "axis": "x", "origin": [0, 8, 8]},
			"faces": {
				"north": {"uv": [13.5, 0.5, 14, 2.5], "texture": "#1"},
				"east": {"uv": [13.5, 2.5, 14.5, 0.5], "rotation": 180, "texture": "#1"},
				"south": {"uv": [14, 0.5, 14.5, 2.5], "texture": "#1"},
				"west": {"uv": [13.5, 0.5, 14.5, 2.5], "texture": "#1"},
				"up": {"uv": [14.5, 0.5, 13.5, 1], "rotation": 270, "texture": "#1"},
				"down": {"uv": [13.5, 2, 14.5, 2.5], "rotation": 270, "texture": "#1"}
			}
		},
		{
			"name": "cocoa_stage0_2",
			"from": [7.75, 12, 13],
			"to": [8.25, 15, 13.5],
			"rotation": {"angle": 0, "axis": "x", "origin": [0, 8, 8]},
			"faces": {
				"north": {"uv": [13, 1, 13.5, 4], "texture": "#1"},
				"east": {"uv": [13, 4, 13.5, 1], "rotation": 180, "texture": "#1"},
				"west": {"uv": [13, 1, 13.5, 4], "texture": "#1"},
				"up": {"uv": [13.5, 1, 13, 1.5], "rotation": 270, "texture": "#1"}
			}
		},
		{
			"name": "cocoa_stage0_3",
			"from": [7.75, 12, 12.5],
			"to": [8.25, 14.5, 13],
			"rotation": {"angle": 0, "axis": "x", "origin": [0, 8, 8]},
			"faces": {
				"north": {"uv": [12.5, 1.5, 13, 4], "texture": "#1"},
				"east": {"uv": [12.5, 4, 13, 1.5], "rotation": 180, "texture": "#1"},
				"west": {"uv": [12.5, 1.5, 13, 4], "texture": "#1"},
				"up": {"uv": [13, 1.5, 12.5, 2], "rotation": 270, "texture": "#1"}
			}
		},
		{
			"name": "cocoa_stage0_4",
			"from": [7.75, 12, 12],
			"to": [8.25, 13.5, 12.5],
			"rotation": {"angle": 0, "axis": "x", "origin": [0, 8, 8]},
			"faces": {
				"north": {"uv": [12, 2.5, 12.5, 4], "texture": "#1"},
				"east": {"uv": [12, 4, 12.5, 2.5], "rotation": 180, "texture": "#1"},
				"west": {"uv": [12, 2.5, 12.5, 4], "texture": "#1"},
				"up": {"uv": [12.5, 2.5, 12, 3], "rotation": 270, "texture": "#1"}
			}
		},
		{
			"name": "cocoa_stage0_5",
			"from": [7.75, 12, 13.5],
			"to": [8.25, 13.5, 14],
			"rotation": {"angle": 0, "axis": "x", "origin": [0, 8, 8]},
			"faces": {
				"east": {"uv": [13.5, 4, 14, 2.5], "rotation": 180, "texture": "#1"},
				"south": {"uv": [13.5, 2.5, 14, 4], "texture": "#1"},
				"west": {"uv": [13.5, 2.5, 14, 4], "texture": "#1"}
			}
		}
	],
	"groups": [0,
		{
			"name": "cocoa_stage0",
			"origin": [8, 8, 8],
			"children": [1, 2, 3, 4, 5, 6]
		},
		{
			"name": "cocoa_stage0",
			"origin": [8, 8, 8],
			"children": [7, 8, 9, 10, 11, 12, 13, 14, 15, 16]
		}
	]
}