{
	"credit": "Made with Blockbench",
	"textures": {
		"0": "block/bone_block_side",
		"particle": "block/bone_block_side"
	},
	"elements": [
		{
			"from": [7.33178, 2.87616, 3.22639],
			"to": [8.66822, 4.2126, 12.59407],
			"rotation": {"angle": 0, "axis": "y", "origin": [-2.0233, 13.56768, 17.00239]},
			"faces": {
				"north": {"uv": [0, 0, 1.33644, 1.33644], "texture": "#0"},
				"east": {"uv": [4.5, 2, 6, 13.5], "rotation": 90, "texture": "#0"},
				"south": {"uv": [0, 0, 1.33644, 1.33644], "texture": "#0"},
				"west": {"uv": [4.5, 2, 6, 13.5], "rotation": 90, "texture": "#0"},
				"up": {"uv": [5.5, 3, 7, 14.5], "texture": "#0"},
				"down": {"uv": [5.5, 3, 7, 14.5], "texture": "#0"}
			}
		},
		{
			"from": [7.65178, 2.65616, 3.22639],
			"to": [8.34822, 4.3726, 12.59407],
			"rotation": {"angle": 0, "axis": "y", "origin": [-2.1233, 13.56768, 17.00239]},
			"faces": {
				"north": {"uv": [0, 0, 0.69644, 1.71644], "texture": "#0"},
				"east": {"uv": [0, 0, 11.424, 1.71644], "texture": "#0"},
				"south": {"uv": [0, 0, 0.69644, 1.71644], "texture": "#0"},
				"west": {"uv": [0, 0, 11.424, 1.71644], "texture": "#0"},
				"up": {"uv": [8, 2.5, 8.5, 14], "texture": "#0"},
				"down": {"uv": [8, 2.5, 8.5, 14], "texture": "#0"}
			}
		},
		{
			"from": [7.14178, 3.16616, 3.22639],
			"to": [8.85822, 3.8626, 12.59407],
			"rotation": {"angle": 0, "axis": "x", "origin": [8, 3.51438, 7.91023]},
			"faces": {
				"north": {"uv": [0, 0, 0.69644, 1.71644], "rotation": 90, "texture": "#0"},
				"east": {"uv": [8, 2.5, 8.5, 14], "rotation": 90, "texture": "#0"},
				"south": {"uv": [0, 0, 0.69644, 1.71644], "rotation": 270, "texture": "#0"},
				"west": {"uv": [8, 2.5, 8.5, 14], "rotation": 90, "texture": "#0"},
				"up": {"uv": [0, 2.5, 1.5, 14], "texture": "#0"},
				"down": {"uv": [0, 0, 11.424, 1.71644], "rotation": 270, "texture": "#0"}
			}
		},
		{
			"from": [4.898, 2.30856, 1.88853],
			"to": [7.502, 4.91256, 4.49253],
			"rotation": {"angle": 0, "axis": "y", "origin": [-13.33, 23.14056, 22.72053]},
			"faces": {
				"north": {"uv": [0, 0, 2.604, 2.604], "texture": "#0"},
				"east": {"uv": [0, 0, 2.604, 2.604], "texture": "#0"},
				"south": {"uv": [0, 0, 2.604, 2.604], "texture": "#0"},
				"west": {"uv": [0, 0, 2.604, 2.604], "texture": "#0"},
				"up": {"uv": [1.5, 6.5, 4.104, 9.104], "rotation": 90, "texture": "#0"},
				"down": {"uv": [0, 0, 2.604, 2.604], "rotation": 270, "texture": "#0"}
			}
		},
		{
			"from": [4.898, 2.30856, 11.20853],
			"to": [7.502, 4.91256, 13.81253],
			"rotation": {"angle": 0, "axis": "y", "origin": [-13.33, 23.14056, 32.04053]},
			"faces": {
				"north": {"uv": [0, 0, 2.604, 2.604], "texture": "#0"},
				"east": {"uv": [0, 0, 2.604, 2.604], "texture": "#0"},
				"south": {"uv": [0, 0, 2.604, 2.604], "texture": "#0"},
				"west": {"uv": [0, 0, 2.604, 2.604], "texture": "#0"},
				"up": {"uv": [2.5, 6.5, 5, 9], "rotation": 90, "texture": "#0"},
				"down": {"uv": [0, 0, 2.604, 2.604], "rotation": 270, "texture": "#0"}
			}
		},
		{
			"from": [8.498, 2.30856, 1.88853],
			"to": [11.102, 4.91256, 4.49253],
			"rotation": {"angle": 0, "axis": "y", "origin": [-9.73, 23.14056, 22.72053]},
			"faces": {
				"north": {"uv": [0, 0, 2.604, 2.604], "texture": "#0"},
				"east": {"uv": [0, 0, 2.604, 2.604], "texture": "#0"},
				"south": {"uv": [0, 0, 2.604, 2.604], "texture": "#0"},
				"west": {"uv": [0, 0, 2.604, 2.604], "texture": "#0"},
				"up": {"uv": [1.5, 6.5, 4.104, 9.104], "rotation": 90, "texture": "#0"},
				"down": {"uv": [0, 0, 2.604, 2.604], "rotation": 270, "texture": "#0"}
			}
		},
		{
			"from": [8.498, 2.30856, 11.20853],
			"to": [11.102, 4.91256, 13.81253],
			"rotation": {"angle": 0, "axis": "y", "origin": [-9.73, 23.14056, 32.04053]},
			"faces": {
				"north": {"uv": [0, 0, 2.604, 2.604], "texture": "#0"},
				"east": {"uv": [0, 0, 2.604, 2.604], "texture": "#0"},
				"south": {"uv": [0, 0, 2.604, 2.604], "texture": "#0"},
				"west": {"uv": [0, 0, 2.604, 2.604], "texture": "#0"},
				"up": {"uv": [1.5, 6.5, 4.104, 9.104], "rotation": 90, "texture": "#0"},
				"down": {"uv": [0, 0, 2.604, 2.604], "rotation": 270, "texture": "#0"}
			}
		},
		{
			"from": [5.26256, 2.03576, 2.25309],
			"to": [7.13744, 5.19064, 4.12797],
			"rotation": {"angle": 0, "axis": "y", "origin": [-7.8616, 18.3148, 17.25213]},
			"faces": {
				"north": {"uv": [0, 0, 1.87488, 3.15488], "texture": "#0"},
				"east": {"uv": [0, 0, 1.87488, 3.15488], "texture": "#0"},
				"south": {"uv": [0, 0, 1.87488, 3.15488], "texture": "#0"},
				"west": {"uv": [0, 0, 1.87488, 3.15488], "texture": "#0"},
				"up": {"uv": [7, 7, 9, 9], "rotation": 90, "texture": "#0"},
				"down": {"uv": [0, 0, 1.87488, 1.87488], "rotation": 270, "texture": "#0"}
			}
		},
		{
			"from": [5.26256, 2.03576, 11.57309],
			"to": [7.13744, 5.19064, 13.44797],
			"rotation": {"angle": 0, "axis": "y", "origin": [-7.8616, 18.3148, 26.57213]},
			"faces": {
				"north": {"uv": [0, 0, 1.87488, 3.15488], "texture": "#0"},
				"east": {"uv": [0, 0, 1.87488, 3.15488], "texture": "#0"},
				"south": {"uv": [0, 0, 1.87488, 3.15488], "texture": "#0"},
				"west": {"uv": [0, 0, 1.87488, 3.15488], "texture": "#0"},
				"up": {"uv": [7, 7, 9, 9], "rotation": 90, "texture": "#0"},
				"down": {"uv": [0, 0, 1.87488, 1.87488], "rotation": 270, "texture": "#0"}
			}
		},
		{
			"from": [8.86256, 2.03576, 2.25309],
			"to": [10.73744, 5.19064, 4.12797],
			"rotation": {"angle": 0, "axis": "y", "origin": [-4.2616, 18.3148, 17.25213]},
			"faces": {
				"north": {"uv": [0, 0, 1.87488, 3.15488], "texture": "#0"},
				"east": {"uv": [0, 0, 1.87488, 3.15488], "texture": "#0"},
				"south": {"uv": [0, 0, 1.87488, 3.15488], "texture": "#0"},
				"west": {"uv": [0, 0, 1.87488, 3.15488], "texture": "#0"},
				"up": {"uv": [7, 7, 9, 9], "rotation": 90, "texture": "#0"},
				"down": {"uv": [0, 0, 1.87488, 1.87488], "rotation": 270, "texture": "#0"}
			}
		},
		{
			"from": [8.86256, 2.03576, 11.57309],
			"to": [10.73744, 5.19064, 13.44797],
			"rotation": {"angle": 0, "axis": "y", "origin": [-4.2616, 18.3148, 26.57213]},
			"faces": {
				"north": {"uv": [0, 0, 1.87488, 3.15488], "texture": "#0"},
				"east": {"uv": [0, 0, 1.87488, 3.15488], "texture": "#0"},
				"south": {"uv": [0, 0, 1.87488, 3.15488], "texture": "#0"},
				"west": {"uv": [0, 0, 1.87488, 3.15488], "texture": "#0"},
				"up": {"uv": [7, 7, 9, 9], "rotation": 90, "texture": "#0"},
				"down": {"uv": [0, 0, 1.87488, 1.87488], "rotation": 270, "texture": "#0"}
			}
		},
		{
			"from": [4.62256, 2.67576, 2.25309],
			"to": [7.77744, 4.55064, 4.12797],
			"rotation": {"angle": 0, "axis": "x", "origin": [6.2, 3.6132, 3.19053]},
			"faces": {
				"north": {"uv": [0, 0, 1.87488, 3.15488], "rotation": 270, "texture": "#0"},
				"east": {"uv": [6.5, 5.5, 8.5, 7.5], "rotation": 180, "texture": "#0"},
				"south": {"uv": [0, 0, 1.87488, 3.15488], "rotation": 90, "texture": "#0"},
				"west": {"uv": [0, 0, 1.87488, 1.87488], "texture": "#0"},
				"up": {"uv": [6.5, 7, 8.5, 10], "rotation": 90, "texture": "#0"},
				"down": {"uv": [0, 0, 1.87488, 3.15488], "rotation": 90, "texture": "#0"}
			}
		},
		{
			"from": [4.62256, 2.67576, 11.57309],
			"to": [7.77744, 4.55064, 13.44797],
			"rotation": {"angle": 0, "axis": "x", "origin": [6.2, 3.6132, 12.51053]},
			"faces": {
				"north": {"uv": [0, 0, 1.87488, 3.15488], "rotation": 270, "texture": "#0"},
				"east": {"uv": [6.5, 5.5, 8.5, 7.5], "rotation": 180, "texture": "#0"},
				"south": {"uv": [0, 0, 1.87488, 3.15488], "rotation": 90, "texture": "#0"},
				"west": {"uv": [0, 0, 1.87488, 1.87488], "texture": "#0"},
				"up": {"uv": [6.5, 7, 8.5, 10], "rotation": 90, "texture": "#0"},
				"down": {"uv": [0, 0, 1.87488, 3.15488], "rotation": 90, "texture": "#0"}
			}
		},
		{
			"from": [8.22256, 2.67576, 2.25309],
			"to": [11.37744, 4.55064, 4.12797],
			"rotation": {"angle": 0, "axis": "x", "origin": [9.8, 3.6132, 3.19053]},
			"faces": {
				"north": {"uv": [0, 0, 1.87488, 3.15488], "rotation": 270, "texture": "#0"},
				"east": {"uv": [6.5, 5.5, 8.5, 7.5], "rotation": 180, "texture": "#0"},
				"south": {"uv": [0, 0, 1.87488, 3.15488], "rotation": 90, "texture": "#0"},
				"west": {"uv": [0, 0, 1.87488, 1.87488], "texture": "#0"},
				"up": {"uv": [6.5, 7, 8.5, 10], "rotation": 90, "texture": "#0"},
				"down": {"uv": [0, 0, 1.87488, 3.15488], "rotation": 90, "texture": "#0"}
			}
		},
		{
			"from": [8.22256, 2.67576, 11.57309],
			"to": [11.37744, 4.55064, 13.44797],
			"rotation": {"angle": 0, "axis": "x", "origin": [9.8, 3.6132, 12.51053]},
			"faces": {
				"north": {"uv": [0, 0, 1.87488, 3.15488], "rotation": 270, "texture": "#0"},
				"east": {"uv": [6.5, 5.5, 8.5, 7.5], "rotation": 180, "texture": "#0"},
				"south": {"uv": [0, 0, 1.87488, 3.15488], "rotation": 90, "texture": "#0"},
				"west": {"uv": [0, 0, 1.87488, 1.87488], "texture": "#0"},
				"up": {"uv": [6.5, 7, 8.5, 10], "rotation": 90, "texture": "#0"},
				"down": {"uv": [0, 0, 1.87488, 3.15488], "rotation": 90, "texture": "#0"}
			}
		},
		{
			"from": [5.26256, 2.67576, 1.61309],
			"to": [7.13744, 4.55064, 4.76797],
			"rotation": {"angle": 0, "axis": "y", "origin": [6.2, 3.6132, 3.19053]},
			"faces": {
				"north": {"uv": [0, 0, 1.87488, 1.87488], "texture": "#0"},
				"east": {"uv": [0, 0, 1.87488, 3.15488], "rotation": 270, "texture": "#0"},
				"south": {"uv": [8, 7.5, 10, 9.5], "rotation": 180, "texture": "#0"},
				"west": {"uv": [0, 0, 1.87488, 3.15488], "rotation": 90, "texture": "#0"},
				"up": {"uv": [1.5, 6.5, 3.37488, 9.65488], "rotation": 180, "texture": "#0"},
				"down": {"uv": [0, 0, 1.87488, 3.15488], "texture": "#0"}
			}
		},
		{
			"from": [5.26256, 2.67576, 10.93309],
			"to": [7.13744, 4.55064, 14.08797],
			"rotation": {"angle": 0, "axis": "y", "origin": [6.2, 3.6132, 12.51053]},
			"faces": {
				"north": {"uv": [0, 0, 1.87488, 1.87488], "texture": "#0"},
				"east": {"uv": [0, 0, 1.87488, 3.15488], "rotation": 270, "texture": "#0"},
				"south": {"uv": [8, 7.5, 10, 9.5], "rotation": 180, "texture": "#0"},
				"west": {"uv": [0, 0, 1.87488, 3.15488], "rotation": 90, "texture": "#0"},
				"up": {"uv": [1.5, 6.5, 3.37488, 9.65488], "rotation": 180, "texture": "#0"},
				"down": {"uv": [0, 0, 1.87488, 3.15488], "texture": "#0"}
			}
		},
		{
			"from": [8.86256, 2.67576, 1.61309],
			"to": [10.73744, 4.55064, 4.76797],
			"rotation": {"angle": 0, "axis": "y", "origin": [9.8, 3.6132, 3.19053]},
			"faces": {
				"north": {"uv": [0, 0, 1.87488, 1.87488], "texture": "#0"},
				"east": {"uv": [0, 0, 1.87488, 3.15488], "rotation": 270, "texture": "#0"},
				"south": {"uv": [8, 7.5, 10, 9.5], "rotation": 180, "texture": "#0"},
				"west": {"uv": [0, 0, 1.87488, 3.15488], "rotation": 90, "texture": "#0"},
				"up": {"uv": [1.5, 6.5, 3.37488, 9.65488], "rotation": 180, "texture": "#0"},
				"down": {"uv": [0, 0, 1.87488, 3.15488], "texture": "#0"}
			}
		},
		{
			"from": [8.86256, 2.67576, 10.93309],
			"to": [10.73744, 4.55064, 14.08797],
			"rotation": {"angle": 0, "axis": "y", "origin": [9.8, 3.6132, 12.51053]},
			"faces": {
				"north": {"uv": [0, 0, 1.87488, 1.87488], "texture": "#0"},
				"east": {"uv": [0, 0, 1.87488, 3.15488], "rotation": 270, "texture": "#0"},
				"south": {"uv": [8, 7.5, 10, 9.5], "rotation": 180, "texture": "#0"},
				"west": {"uv": [0, 0, 1.87488, 3.15488], "rotation": 90, "texture": "#0"},
				"up": {"uv": [1.5, 6.5, 3.37488, 9.65488], "rotation": 180, "texture": "#0"},
				"down": {"uv": [0, 0, 1.87488, 3.15488], "texture": "#0"}
			}
		}
	],
	"gui_light": "front",
	"display": {
		"thirdperson_righthand": {
			"translation": [0, 3, 1],
			"scale": [0.55, 0.55, 0.55]
		},
		"thirdperson_lefthand": {
			"translation": [0, 3, 1],
			"scale": [0.55, 0.55, 0.55]
		},
		"firstperson_righthand": {
			"rotation": [41, -28, 25],
			"translation": [1.13, 5.2, 1.13],
			"scale": [0.68, 0.68, 0.68]
		},
		"firstperson_lefthand": {
			"rotation": [33, -12, 25],
			"translation": [1.88, 3.2, -0.62],
			"scale": [0.68, 0.68, 0.68]
		},
		"ground": {
			"translation": [0, 2, 0],
			"scale": [0.5, 0.5, 0.5]
		},
		"gui": {
			"rotation": [53, 142, 13],
			"translation": [0.75, 1.25, 0],
			"scale": [0.87, 0.87, 0.87]
		},
		"head": {
			"rotation": [0, 180, 0],
			"translation": [0, -35.75, 0.75]
		},
		"fixed": {
			"rotation": [90, 180, 0],
			"translation": [0.75, 0, 4]
		}
	}
}