{
	"credit": "Made with Blockbench",
	"texture_size": [8, 8],
	"textures": {
		"0": "block/brain_coral_block",
		"particle": "block/brain_coral_block"
	},
	"elements": [
		{
			"from": [8.03951, 6.85643, 6.68214],
			"to": [8.97951, 9.41643, 9.56214],
			"rotation": {"angle": 0, "axis": "y", "origin": [8.88951, 8.23643, 8.12214]},
			"faces": {
				"north": {"uv": [5, 5.5, 9, 11.5], "texture": "#0"},
				"east": {"uv": [8, 5, 13.76, 10.12], "texture": "#0"},
				"south": {"uv": [3.5, 6.5, 5.38, 11.62], "texture": "#0"},
				"west": {"uv": [3.5, 6.5, 9.26, 11.62], "texture": "#0"},
				"up": {"uv": [3.5, 8, 5.38, 13.76], "texture": "#0"},
				"down": {"uv": [2.5, 7.5, 4.38, 13.26], "texture": "#0"}
			}
		},
		{
			"from": [7.02049, 6.85643, 6.68214],
			"to": [7.96049, 9.41643, 9.56214],
			"rotation": {"angle": 0, "axis": "y", "origin": [7.11049, 8.23643, 8.12214]},
			"faces": {
				"north": {"uv": [9, 5.5, 5, 11.5], "texture": "#0"},
				"east": {"uv": [9.26, 6.5, 3.5, 11.62], "texture": "#0"},
				"south": {"uv": [5.38, 6.5, 3.5, 11.62], "texture": "#0"},
				"west": {"uv": [13.76, 5, 8, 10.12], "texture": "#0"},
				"up": {"uv": [5.38, 8, 3.5, 13.76], "texture": "#0"},
				"down": {"uv": [4.38, 7.5, 2.5, 13.26], "texture": "#0"}
			}
		},
		{
			"from": [8.09951, 6.73643, 6.32214],
			"to": [9.99951, 9.73643, 9.68214],
			"rotation": {"angle": 0, "axis": "y", "origin": [9.00951, 8.23643, 8.12214]},
			"faces": {
				"north": {"uv": [6, 4, 10, 10], "texture": "#0"},
				"east": {"uv": [8, 5, 15.2, 11], "texture": "#0"},
				"south": {"uv": [3.5, 6.5, 7.3, 12.5], "texture": "#0"},
				"west": {"uv": [0, 3, 7, 9], "texture": "#0"},
				"up": {"uv": [3.5, 8.5, 7.5, 15.5], "texture": "#0"},
				"down": {"uv": [2.5, 7.5, 6.3, 14.7], "texture": "#0"}
			}
		},
		{
			"from": [6.00049, 6.73643, 6.32214],
			"to": [7.90049, 9.73643, 9.92214],
			"rotation": {"angle": 0, "axis": "y", "origin": [6.99049, 8.23643, 8.12214]},
			"faces": {
				"north": {"uv": [10, 4.5, 6, 10.5], "texture": "#0"},
				"east": {"uv": [10.7, 6.5, 3.5, 12.5], "texture": "#0"},
				"south": {"uv": [7.3, 6.5, 3.5, 12.5], "texture": "#0"},
				"west": {"uv": [15.2, 5, 8, 11], "texture": "#0"},
				"up": {"uv": [7.3, 8, 3.5, 15.2], "texture": "#0"},
				"down": {"uv": [6.3, 7.5, 2.5, 14.7], "texture": "#0"}
			}
		},
		{
			"from": [5.77477, 6.94924, 6.72151],
			"to": [10.22866, 9.10362, 9.52277],
			"rotation": {"angle": 0, "axis": "y", "origin": [8.95171, 8.23643, 8.12214]},
			"faces": {
				"north": {"uv": [5, 5.5, 9, 11.5], "texture": "#0"},
				"east": {"uv": [8, 5, 13.60252, 9.30877], "texture": "#0"},
				"south": {"uv": [3.5, 6.5, 12.40777, 10.80877], "texture": "#0"},
				"west": {"uv": [3.5, 6.5, 9.10252, 10.80877], "texture": "#0"},
				"up": {"uv": [3.5, 8, 12.40777, 13.60252], "texture": "#0"},
				"down": {"uv": [2.5, 7.5, 11.40777, 13.10252], "texture": "#0"}
			}
		},
		{
			"from": [5.53477, 7.24924, 6.98151],
			"to": [10.46866, 8.42362, 9.20277],
			"rotation": {"angle": 0, "axis": "y", "origin": [9.19171, 8.23643, 8.12214]},
			"faces": {
				"north": {"uv": [5, 5.5, 9, 11.5], "texture": "#0"},
				"east": {"uv": [8, 5, 12.44252, 7.34877], "texture": "#0"},
				"south": {"uv": [3.5, 6.5, 13.36777, 8.84877], "texture": "#0"},
				"west": {"uv": [3.5, 6.5, 7.94252, 8.84877], "texture": "#0"},
				"up": {"uv": [3.5, 8, 13.36777, 12.44252], "texture": "#0"},
				"down": {"uv": [2.5, 7.5, 12.36777, 11.94252], "texture": "#0"}
			}
		},
		{
			"from": [8.23917, 6.48348, 6.72151],
			"to": [9.77986, 9.98937, 9.52277],
			"rotation": {"angle": 0, "axis": "z", "origin": [9.00951, 8.23643, 8.12214]},
			"faces": {
				"north": {"uv": [5, 5.5, 9, 11.5], "rotation": 270, "texture": "#0"},
				"east": {"uv": [8, 5, 15.01178, 10.60252], "rotation": 90, "texture": "#0"},
				"south": {"uv": [3.5, 6.5, 10.51178, 9.58139], "rotation": 90, "texture": "#0"},
				"west": {"uv": [3.5, 6.5, 10.51178, 12.10252], "rotation": 90, "texture": "#0"},
				"up": {"uv": [4, 6.5, 9.5, 9.5], "rotation": 90, "texture": "#0"},
				"down": {"uv": [2.5, 7.5, 8.10252, 10.58139], "rotation": 90, "texture": "#0"}
			}
		},
		{
			"from": [8.45917, 6.34348, 7.00151],
			"to": [9.45986, 10.16937, 9.28277],
			"rotation": {"angle": 0, "axis": "z", "origin": [9.00951, 8.23643, 8.12214]},
			"faces": {
				"north": {"uv": [5, 5.5, 9, 11.5], "rotation": 270, "texture": "#0"},
				"east": {"uv": [8, 5, 15.01178, 10.60252], "rotation": 90, "texture": "#0"},
				"south": {"uv": [3.5, 6.5, 10.51178, 9.58139], "rotation": 90, "texture": "#0"},
				"west": {"uv": [3.5, 6.5, 10.51178, 12.10252], "rotation": 90, "texture": "#0"},
				"up": {"uv": [4, 6.5, 9.5, 9.5], "rotation": 90, "texture": "#0"},
				"down": {"uv": [2.5, 7.5, 8.10252, 10.58139], "rotation": 90, "texture": "#0"}
			}
		},
		{
			"from": [6.54014, 6.34348, 7.00151],
			"to": [7.54083, 10.16937, 9.28277],
			"rotation": {"angle": 0, "axis": "z", "origin": [6.99049, 8.23643, 8.12214]},
			"faces": {
				"north": {"uv": [5, 11.5, 9, 5.5], "rotation": 270, "texture": "#0"},
				"east": {"uv": [3.5, 12.10252, 10.51178, 6.5], "rotation": 90, "texture": "#0"},
				"south": {"uv": [3.5, 9.58139, 10.51178, 6.5], "rotation": 90, "texture": "#0"},
				"west": {"uv": [8, 10.60252, 15.01178, 5], "rotation": 90, "texture": "#0"},
				"up": {"uv": [4, 9.5, 9.5, 6.5], "rotation": 90, "texture": "#0"},
				"down": {"uv": [2.5, 10.58139, 8.10252, 7.5], "rotation": 90, "texture": "#0"}
			}
		},
		{
			"from": [6.22014, 6.48348, 6.72151],
			"to": [7.76083, 9.98937, 9.52277],
			"rotation": {"angle": 0, "axis": "z", "origin": [6.99049, 8.23643, 8.12214]},
			"faces": {
				"north": {"uv": [5, 11.5, 9, 5.5], "rotation": 270, "texture": "#0"},
				"east": {"uv": [3.5, 12.10252, 10.51178, 6.5], "rotation": 90, "texture": "#0"},
				"south": {"uv": [3.5, 9.58139, 10.51178, 6.5], "rotation": 90, "texture": "#0"},
				"west": {"uv": [8, 10.60252, 15.01178, 5], "rotation": 90, "texture": "#0"},
				"up": {"uv": [5.5, 10.5, 11, 7.5], "rotation": 90, "texture": "#0"},
				"down": {"uv": [2.5, 10.58139, 8.10252, 7.5], "rotation": 90, "texture": "#0"}
			}
		},
		{
			"from": [8.32917, 7.04924, 5.62861],
			"to": [9.44986, 8.64362, 10.81568],
			"rotation": {"angle": 0, "axis": "y", "origin": [8.91951, 8.03643, 8.13214]},
			"faces": {
				"north": {"uv": [6.5, 7, 10.5, 13], "texture": "#0"},
				"east": {"uv": [8, 5, 17.77413, 8.18877], "texture": "#0"},
				"south": {"uv": [3.5, 6.5, 5.74139, 9.68877], "texture": "#0"},
				"west": {"uv": [3.5, 6.5, 13.27413, 9.68877], "texture": "#0"},
				"up": {"uv": [3.5, 5, 13.27413, 7.24139], "rotation": 90, "texture": "#0"},
				"down": {"uv": [2.5, 7.5, 12.27413, 9.74139], "rotation": 270, "texture": "#0"}
			}
		},
		{
			"from": [6.55014, 7.04924, 5.62861],
			"to": [7.67083, 8.64362, 10.81568],
			"rotation": {"angle": 0, "axis": "y", "origin": [7.08049, 8.03643, 8.13214]},
			"faces": {
				"north": {"uv": [10.5, 7, 6.5, 13], "texture": "#0"},
				"east": {"uv": [13.27413, 6.5, 3.5, 9.68877], "texture": "#0"},
				"south": {"uv": [5.74139, 6.5, 3.5, 9.68877], "texture": "#0"},
				"west": {"uv": [17.77413, 5, 8, 8.18877], "texture": "#0"},
				"up": {"uv": [3.5, 7.24139, 13.27413, 5], "rotation": 90, "texture": "#0"},
				"down": {"uv": [2.5, 9.74139, 12.27413, 7.5], "rotation": 270, "texture": "#0"}
			}
		},
		{
			"from": [8.39917, 7.14924, 5.44861],
			"to": [9.11986, 7.96362, 10.03568],
			"rotation": {"angle": 0, "axis": "y", "origin": [8.84951, 7.87643, 7.45214]},
			"faces": {
				"north": {"uv": [8, 6.5, 12, 12.5], "texture": "#0"},
				"east": {"uv": [8, 5, 17.05413, 6.62877], "texture": "#0"},
				"south": {"uv": [3.5, 6.5, 4.94139, 8.12877], "texture": "#0"},
				"west": {"uv": [3.5, 6.5, 12.55413, 8.12877], "texture": "#0"},
				"up": {"uv": [3.5, 8, 12.55413, 9.44139], "rotation": 90, "texture": "#0"},
				"down": {"uv": [2.5, 7.5, 11.55413, 8.94139], "rotation": 270, "texture": "#0"}
			}
		},
		{
			"from": [6.88014, 7.14924, 5.44861],
			"to": [7.60083, 7.96362, 10.03568],
			"rotation": {"angle": 0, "axis": "y", "origin": [7.15049, 7.87643, 7.45214]},
			"faces": {
				"north": {"uv": [12, 6.5, 8, 12.5], "texture": "#0"},
				"east": {"uv": [12.55413, 6.5, 3.5, 8.12877], "texture": "#0"},
				"south": {"uv": [4.94139, 6.5, 3.5, 8.12877], "texture": "#0"},
				"west": {"uv": [17.05413, 5, 8, 6.62877], "texture": "#0"},
				"up": {"uv": [3.5, 9.44139, 12.55413, 8], "rotation": 90, "texture": "#0"},
				"down": {"uv": [2.5, 8.94139, 11.55413, 7.5], "rotation": 270, "texture": "#0"}
			}
		},
		{
			"from": [8.23917, 6.88924, 5.85861],
			"to": [9.77986, 9.22362, 10.34568],
			"rotation": {"angle": 0, "axis": "y", "origin": [9.00951, 8.05643, 8.12214]},
			"faces": {
				"north": {"uv": [7.5, 5.5, 11.5, 11.5], "texture": "#0"},
				"east": {"uv": [8, 5, 16.73413, 9.66877], "texture": "#0"},
				"south": {"uv": [3.5, 6.5, 6.58139, 11.16877], "texture": "#0"},
				"west": {"uv": [3.5, 6.5, 12.23413, 11.16877], "texture": "#0"},
				"up": {"uv": [3.5, 8, 12.23413, 11.08139], "rotation": 90, "texture": "#0"},
				"down": {"uv": [2.5, 7.5, 11.23413, 10.58139], "rotation": 270, "texture": "#0"}
			}
		},
		{
			"from": [6.22014, 6.88924, 5.85861],
			"to": [7.76083, 9.22362, 10.34568],
			"rotation": {"angle": 0, "axis": "y", "origin": [6.99049, 8.05643, 8.12214]},
			"faces": {
				"north": {"uv": [11.5, 5.5, 7.5, 11.5], "texture": "#0"},
				"east": {"uv": [12.23413, 6.5, 3.5, 11.16877], "texture": "#0"},
				"south": {"uv": [6.58139, 6.5, 3.5, 11.16877], "texture": "#0"},
				"west": {"uv": [16.73413, 5, 8, 9.66877], "texture": "#0"},
				"up": {"uv": [3.5, 11.08139, 12.23413, 8], "rotation": 90, "texture": "#0"},
				"down": {"uv": [2.5, 10.58139, 11.23413, 7.5], "rotation": 270, "texture": "#0"}
			}
		}
	],
	"gui_light": "front",
	"display": {
		"thirdperson_righthand": {
			"rotation": [74, 37, 0],
			"translation": [-1.5, 0, 0],
			"scale": [1, 1, 1.3]
		},
		"thirdperson_lefthand": {
			"rotation": [81, 31, 0],
			"translation": [-1.5, 0, 0],
			"scale": [1, 1, 1.03]
		},
		"firstperson_righthand": {
			"rotation": [31, -180, -33],
			"translation": [0, 1.75, 0.75],
			"scale": [1, 1, 0.73]
		},
		"firstperson_lefthand": {
			"rotation": [10, -180, -29],
			"translation": [0, 1, 0.5]
		},
		"ground": {
			"translation": [0, 5, 0]
		},
		"gui": {
			"rotation": [58, -149, 0],
			"translation": [0, -0.5, 0],
			"scale": [2, 2, 2]
		},
		"head": {
			"rotation": [0, 36, 0],
			"translation": [-0.25, -39.25, 0],
			"scale": [1.75, 1.75, 1.75]
		},
		"fixed": {
			"rotation": [95, 0, 0],
			"translation": [0, 0, -1.5],
			"scale": [2.2, 2.2, 2.2]
		}
	}
}