{
	"credit": "Made with Blockbench",
	"textures": {
		"0": "block/mossy_cobblestone",
		"particle": "block/mossy_cobblestone"
	},
	"elements": [
		{
			"from": [0.9532, 0.74, 3.2284],
			"to": [3.102, 1.32, 20.1344],
			"rotation": {"angle": 0, "axis": "y", "origin": [13.5932, 8.74, 15.8684]},
			"faces": {
				"north": {"uv": [2.5, 4.5, 4.6488, 5.08], "texture": "#0"},
				"east": {"uv": [0, 0, 16, 0.58], "texture": "#0"},
				"south": {"uv": [0.5, 3, 2.6488, 3.58], "texture": "#0"},
				"west": {"uv": [0, 2.5, 16, 3.08], "texture": "#0"},
				"up": {"uv": [9.1488, 0, 7, 16], "texture": "#0"},
				"down": {"uv": [8.1488, 0, 6, 16], "texture": "#0"}
			}
		},
		{
			"from": [7.46911, 0.4884, 5.31074],
			"to": [8.88732, 0.8712, 16.4687],
			"rotation": {"angle": 0, "axis": "y", "origin": [15.81151, 5.7684, 13.65314]},
			"faces": {
				"north": {"uv": [2.5, 4.5, 3.91821, 4.8828], "texture": "#0"},
				"east": {"uv": [0, 0, 11.15796, 0.3828], "texture": "#0"},
				"south": {"uv": [0.5, 3, 1.91821, 3.3828], "texture": "#0"},
				"west": {"uv": [0, 2.5, 11.15796, 2.8828], "texture": "#0"},
				"up": {"uv": [8.41821, 0, 7, 11.15796], "texture": "#0"},
				"down": {"uv": [7.41821, 0, 6, 11.15796], "texture": "#0"}
			}
		},
		{
			"from": [4.49268, 0.4884, 1.4513],
			"to": [5.91089, 0.8712, 12.60926],
			"rotation": {"angle": 0, "axis": "y", "origin": [-2.43151, 5.7684, 4.26686]},
			"faces": {
				"north": {"uv": [2.5, 4.5, 3.91821, 4.8828], "texture": "#0"},
				"east": {"uv": [0, 0, 11.15796, 0.3828], "texture": "#0"},
				"south": {"uv": [0.5, 3, 1.91821, 3.3828], "texture": "#0"},
				"west": {"uv": [0, 2.5, 11.15796, 2.8828], "texture": "#0"},
				"up": {"uv": [8.41821, 0, 7, 11.15796], "texture": "#0"},
				"down": {"uv": [7.41821, 0, 6, 11.15796], "texture": "#0"}
			}
		},
		{
			"from": [-1.36686, 0.40049, 14.40195],
			"to": [7.78267, 0.71438, 15.56488],
			"rotation": {"angle": -45, "axis": "y", "origin": [3.38218, 0.44775, 17.3067]},
			"faces": {
				"north": {"uv": [2.5, 4.5, 11.64953, 4.8139], "texture": "#0"},
				"east": {"uv": [0, 0, 1.16293, 0.3139], "texture": "#0"},
				"south": {"uv": [0.5, 3, 9.64953, 3.3139], "texture": "#0"},
				"west": {"uv": [0, 2.5, 1.16293, 2.8139], "texture": "#0"},
				"up": {"uv": [8.16293, 0, 7, 9.14953], "rotation": 270, "texture": "#0"},
				"down": {"uv": [7.16293, 0, 6, 9.14953], "rotation": 90, "texture": "#0"}
			}
		},
		{
			"from": [3.2532, 0.34, 3.2284],
			"to": [5.402, 0.92, 20.1344],
			"rotation": {"angle": 0, "axis": "y", "origin": [15.8932, -7.08, 15.8684]},
			"faces": {
				"north": {"uv": [2.5, 4.5, 4.6488, 5.08], "texture": "#0"},
				"east": {"uv": [0, 0, 16, 0.58], "texture": "#0"},
				"south": {"uv": [0.5, 3, 2.6488, 3.58], "texture": "#0"},
				"west": {"uv": [0, 2.5, 16, 3.08], "texture": "#0"},
				"up": {"uv": [9.1488, 0, 7, 16], "texture": "#0"},
				"down": {"uv": [8.1488, 0, 6, 16], "texture": "#0"}
			}
		},
		{
			"from": [8.98711, 0.2244, 5.31074],
			"to": [10.40532, 0.6072, 16.4687],
			"rotation": {"angle": 0, "axis": "y", "origin": [17.32951, -4.6728, 13.65314]},
			"faces": {
				"north": {"uv": [2.5, 4.5, 3.91821, 4.8828], "texture": "#0"},
				"east": {"uv": [0, 0, 11.15796, 0.3828], "texture": "#0"},
				"south": {"uv": [0.5, 3, 1.91821, 3.3828], "texture": "#0"},
				"west": {"uv": [0, 2.5, 11.15796, 2.8828], "texture": "#0"},
				"up": {"uv": [8.41821, 0, 7, 11.15796], "texture": "#0"},
				"down": {"uv": [7.41821, 0, 6, 11.15796], "texture": "#0"}
			}
		},
		{
			"from": [2.97468, 0.2244, 1.4513],
			"to": [4.39289, 0.6072, 12.60926],
			"rotation": {"angle": 0, "axis": "y", "origin": [-3.94951, -4.6728, 4.26686]},
			"faces": {
				"north": {"uv": [2.5, 4.5, 3.91821, 4.8828], "texture": "#0"},
				"east": {"uv": [0, 0, 11.15796, 0.3828], "texture": "#0"},
				"south": {"uv": [0.5, 3, 1.91821, 3.3828], "texture": "#0"},
				"west": {"uv": [0, 2.5, 11.15796, 2.8828], "texture": "#0"},
				"up": {"uv": [8.41821, 0, 7, 11.15796], "texture": "#0"},
				"down": {"uv": [7.41821, 0, 6, 11.15796], "texture": "#0"}
			}
		},
		{
			"from": [-1.36686, 0.18401, 15.64671],
			"to": [7.78267, 0.4979, 16.80964],
			"rotation": {"angle": -45, "axis": "y", "origin": [3.38218, 0.44775, 17.3067]},
			"faces": {
				"north": {"uv": [2.5, 4.5, 11.64953, 4.8139], "texture": "#0"},
				"east": {"uv": [0, 0, 1.16293, 0.3139], "texture": "#0"},
				"south": {"uv": [0.5, 3, 9.64953, 3.3139], "texture": "#0"},
				"west": {"uv": [0, 2.5, 1.16293, 2.8139], "texture": "#0"},
				"up": {"uv": [8.16293, 0, 7, 9.14953], "rotation": 270, "texture": "#0"},
				"down": {"uv": [7.16293, 0, 6, 9.14953], "rotation": 90, "texture": "#0"}
			}
		},
		{
			"from": [8.49724, 0.6, 3.24588],
			"to": [10.0014, 1.18, 15.08008],
			"rotation": {"angle": 0, "axis": "y", "origin": [17.34524, 8.6, 12.09388]},
			"faces": {
				"north": {"uv": [2.5, 4.5, 4.00416, 5.08], "texture": "#0"},
				"east": {"uv": [0, 0, 11.8342, 0.58], "texture": "#0"},
				"south": {"uv": [0.5, 3, 2.00416, 3.58], "texture": "#0"},
				"west": {"uv": [0, 2.5, 11.8342, 3.08], "texture": "#0"},
				"up": {"uv": [8.50416, 0, 7, 11.8342], "texture": "#0"},
				"down": {"uv": [7.50416, 0, 6, 11.8342], "texture": "#0"}
			}
		},
		{
			"from": [12.44818, 0.396, 5.32228],
			"to": [13.44092, 0.7788, 13.13285],
			"rotation": {"angle": 0, "axis": "y", "origin": [18.28786, 5.676, 11.16196]},
			"faces": {
				"north": {"uv": [2.5, 4.5, 3.49275, 4.8828], "texture": "#0"},
				"east": {"uv": [0, 0, 7.81057, 0.3828], "texture": "#0"},
				"south": {"uv": [0.5, 3, 1.49275, 3.3828], "texture": "#0"},
				"west": {"uv": [0, 2.5, 7.81057, 2.8828], "texture": "#0"},
				"up": {"uv": [7.99275, 0, 7, 7.81057], "texture": "#0"},
				"down": {"uv": [6.99275, 0, 6, 7.81057], "texture": "#0"}
			}
		},
		{
			"from": [-0.06092, 0.396, 4.78715],
			"to": [0.93182, 0.7788, 12.59772],
			"rotation": {"angle": 0, "axis": "y", "origin": [-4.90786, 5.676, 6.75804]},
			"faces": {
				"north": {"uv": [2.5, 4.5, 3.49275, 4.8828], "texture": "#0"},
				"east": {"uv": [0, 0, 7.81057, 0.3828], "texture": "#0"},
				"south": {"uv": [0.5, 3, 1.49275, 3.3828], "texture": "#0"},
				"west": {"uv": [0, 2.5, 7.81057, 2.8828], "texture": "#0"},
				"up": {"uv": [7.99275, 0, 7, 7.81057], "texture": "#0"},
				"down": {"uv": [6.99275, 0, 6, 7.81057], "texture": "#0"}
			}
		},
		{
			"from": [1.36854, 0.32472, 18.48479],
			"to": [7.77321, 0.63862, 19.29884],
			"rotation": {"angle": -45, "axis": "y", "origin": [3.38218, 0.44775, 17.3067]},
			"faces": {
				"north": {"uv": [2.5, 4.5, 8.90467, 4.8139], "texture": "#0"},
				"east": {"uv": [0, 0, 0.81405, 0.3139], "texture": "#0"},
				"south": {"uv": [0.5, 3, 6.90467, 3.3139], "texture": "#0"},
				"west": {"uv": [0, 2.5, 0.81405, 2.8139], "texture": "#0"},
				"up": {"uv": [7.81405, 0, 7, 6.40467], "rotation": 270, "texture": "#0"},
				"down": {"uv": [6.81405, 0, 6, 6.40467], "rotation": 90, "texture": "#0"}
			}
		},
		{
			"from": [10.79724, 0.48, 3.24588],
			"to": [12.3014, 1.06, 15.08008],
			"rotation": {"angle": 0, "axis": "y", "origin": [19.64524, -6.94, 12.09388]},
			"faces": {
				"north": {"uv": [2.5, 4.5, 4.00416, 5.08], "texture": "#0"},
				"east": {"uv": [0, 0, 11.8342, 0.58], "texture": "#0"},
				"south": {"uv": [0.5, 3, 2.00416, 3.58], "texture": "#0"},
				"west": {"uv": [0, 2.5, 11.8342, 3.08], "texture": "#0"},
				"up": {"uv": [8.50416, 0, 7, 11.8342], "texture": "#0"},
				"down": {"uv": [7.50416, 0, 6, 11.8342], "texture": "#0"}
			}
		},
		{
			"from": [13.96618, 0.3168, 5.32228],
			"to": [14.95892, 0.6996, 13.13285],
			"rotation": {"angle": 0, "axis": "y", "origin": [19.80586, -4.5804, 11.16196]},
			"faces": {
				"north": {"uv": [2.5, 4.5, 3.49275, 4.8828], "texture": "#0"},
				"east": {"uv": [0, 0, 7.81057, 0.3828], "texture": "#0"},
				"south": {"uv": [0.5, 3, 1.49275, 3.3828], "texture": "#0"},
				"west": {"uv": [0, 2.5, 7.81057, 2.8828], "texture": "#0"},
				"up": {"uv": [7.99275, 0, 7, 7.81057], "texture": "#0"},
				"down": {"uv": [6.99275, 0, 6, 7.81057], "texture": "#0"}
			}
		},
		{
			"from": [-1.57892, 0.3168, 4.78715],
			"to": [-0.58618, 0.6996, 12.59772],
			"rotation": {"angle": -22.5, "axis": "y", "origin": [-1.08255, 0.5082, 8.69243]},
			"faces": {
				"north": {"uv": [2.5, 4.5, 3.49275, 4.8828], "texture": "#0"},
				"east": {"uv": [0, 0, 7.81057, 0.3828], "texture": "#0"},
				"south": {"uv": [0.5, 3, 1.49275, 3.3828], "texture": "#0"},
				"west": {"uv": [0, 2.5, 7.81057, 2.8828], "texture": "#0"},
				"up": {"uv": [7.99275, 0, 7, 7.81057], "texture": "#0"},
				"down": {"uv": [6.99275, 0, 6, 7.81057], "texture": "#0"}
			}
		},
		{
			"from": [1.36854, 0.25978, 19.72955],
			"to": [7.77321, 0.57367, 20.5436],
			"rotation": {"angle": -45, "axis": "y", "origin": [3.38218, 0.44775, 17.3067]},
			"faces": {
				"north": {"uv": [2.5, 4.5, 8.90467, 4.8139], "texture": "#0"},
				"east": {"uv": [0, 0, 0.81405, 0.3139], "texture": "#0"},
				"south": {"uv": [0.5, 3, 6.90467, 3.3139], "texture": "#0"},
				"west": {"uv": [0, 2.5, 0.81405, 2.8139], "texture": "#0"},
				"up": {"uv": [7.81405, 0, 7, 6.40467], "rotation": 270, "texture": "#0"},
				"down": {"uv": [6.81405, 0, 6, 6.40467], "rotation": 90, "texture": "#0"}
			}
		},
		{
			"from": [4.4924, 0.66, 3.5128],
			"to": [6.6412, 1.24, 20.4188],
			"rotation": {"angle": 0, "axis": "y", "origin": [17.1324, -6.76, 16.1528]},
			"faces": {
				"north": {"uv": [2.5, 4.5, 4.6488, 5.08], "texture": "#0"},
				"east": {"uv": [0, 0, 16, 0.58], "texture": "#0"},
				"south": {"uv": [0.5, 3, 2.6488, 3.58], "texture": "#0"},
				"west": {"uv": [0, 2.5, 16, 3.08], "texture": "#0"},
				"up": {"uv": [9.1488, 0, 7, 16], "texture": "#0"},
				"down": {"uv": [8.1488, 0, 6, 16], "texture": "#0"}
			}
		},
		{
			"from": [9.80498, 0.4356, 5.49845],
			"to": [11.22319, 0.8184, 16.65641],
			"rotation": {"angle": 0, "axis": "y", "origin": [18.14738, -4.4616, 13.84085]},
			"faces": {
				"north": {"uv": [2.5, 4.5, 3.91821, 4.8828], "texture": "#0"},
				"east": {"uv": [0, 0, 11.15796, 0.3828], "texture": "#0"},
				"south": {"uv": [0.5, 3, 1.91821, 3.3828], "texture": "#0"},
				"west": {"uv": [0, 2.5, 11.15796, 2.8828], "texture": "#0"},
				"up": {"uv": [8.41821, 0, 7, 11.15796], "texture": "#0"},
				"down": {"uv": [7.41821, 0, 6, 11.15796], "texture": "#0"}
			}
		},
		{
			"from": [2.15681, 0.4356, 1.26359],
			"to": [3.57502, 0.8184, 12.42155],
			"rotation": {"angle": 0, "axis": "y", "origin": [-4.76738, -4.4616, 4.07915]},
			"faces": {
				"north": {"uv": [2.5, 4.5, 3.91821, 4.8828], "texture": "#0"},
				"east": {"uv": [0, 0, 11.15796, 0.3828], "texture": "#0"},
				"south": {"uv": [0.5, 3, 1.91821, 3.3828], "texture": "#0"},
				"west": {"uv": [0, 2.5, 11.15796, 2.8828], "texture": "#0"},
				"up": {"uv": [8.41821, 0, 7, 11.15796], "texture": "#0"},
				"down": {"uv": [7.41821, 0, 6, 11.15796], "texture": "#0"}
			}
		},
		{
			"from": [-1.52078, 0.35719, 16.31737],
			"to": [7.62875, 0.67109, 17.4803],
			"rotation": {"angle": -45, "axis": "y", "origin": [3.38218, 0.44775, 17.3067]},
			"faces": {
				"north": {"uv": [2.5, 4.5, 11.64953, 4.8139], "texture": "#0"},
				"east": {"uv": [0, 0, 1.16293, 0.3139], "texture": "#0"},
				"south": {"uv": [0.5, 3, 9.64953, 3.3139], "texture": "#0"},
				"west": {"uv": [0, 2.5, 1.16293, 2.8139], "texture": "#0"},
				"up": {"uv": [8.16293, 0, 7, 9.14953], "rotation": 270, "texture": "#0"},
				"down": {"uv": [7.16293, 0, 6, 9.14953], "rotation": 90, "texture": "#0"}
			}
		},
		{
			"from": [6.7924, 0.42, 3.5128],
			"to": [8.9412, 1, 20.4188],
			"rotation": {"angle": 0, "axis": "y", "origin": [19.4324, 8.42, 16.1528]},
			"faces": {
				"north": {"uv": [2.5, 4.5, 4.6488, 5.08], "texture": "#0"},
				"east": {"uv": [0, 0, 16, 0.58], "texture": "#0"},
				"south": {"uv": [0.5, 3, 2.6488, 3.58], "texture": "#0"},
				"west": {"uv": [0, 2.5, 16, 3.08], "texture": "#0"},
				"up": {"uv": [9.1488, 0, 7, 16], "texture": "#0"},
				"down": {"uv": [8.1488, 0, 6, 16], "texture": "#0"}
			}
		},
		{
			"from": [11.32298, 0.2772, 5.49845],
			"to": [12.74119, 0.66, 16.65641],
			"rotation": {"angle": 0, "axis": "y", "origin": [19.66538, 5.5572, 13.84085]},
			"faces": {
				"north": {"uv": [2.5, 4.5, 3.91821, 4.8828], "texture": "#0"},
				"east": {"uv": [0, 0, 11.15796, 0.3828], "texture": "#0"},
				"south": {"uv": [0.5, 3, 1.91821, 3.3828], "texture": "#0"},
				"west": {"uv": [0, 2.5, 11.15796, 2.8828], "texture": "#0"},
				"up": {"uv": [8.41821, 0, 7, 11.15796], "texture": "#0"},
				"down": {"uv": [7.41821, 0, 6, 11.15796], "texture": "#0"}
			}
		},
		{
			"from": [0.63881, 0.2772, 1.26359],
			"to": [2.05702, 0.66, 12.42155],
			"rotation": {"angle": 0, "axis": "y", "origin": [-6.28538, 5.5572, 4.07915]},
			"faces": {
				"north": {"uv": [2.5, 4.5, 3.91821, 4.8828], "texture": "#0"},
				"east": {"uv": [0, 0, 11.15796, 0.3828], "texture": "#0"},
				"south": {"uv": [0.5, 3, 1.91821, 3.3828], "texture": "#0"},
				"west": {"uv": [0, 2.5, 11.15796, 2.8828], "texture": "#0"},
				"up": {"uv": [8.41821, 0, 7, 11.15796], "texture": "#0"},
				"down": {"uv": [7.41821, 0, 6, 11.15796], "texture": "#0"}
			}
		},
		{
			"from": [-1.52078, 0.2273, 17.56213],
			"to": [7.62875, 0.5412, 18.72506],
			"rotation": {"angle": -45, "axis": "y", "origin": [3.38218, 0.44775, 17.3067]},
			"faces": {
				"north": {"uv": [2.5, 4.5, 11.64953, 4.8139], "texture": "#0"},
				"east": {"uv": [0, 0, 1.16293, 0.3139], "texture": "#0"},
				"south": {"uv": [0.5, 3, 9.64953, 3.3139], "texture": "#0"},
				"west": {"uv": [0, 2.5, 1.16293, 2.8139], "texture": "#0"},
				"up": {"uv": [8.16293, 0, 7, 9.14953], "rotation": 270, "texture": "#0"},
				"down": {"uv": [7.16293, 0, 6, 9.14953], "rotation": 90, "texture": "#0"}
			}
		},
		{
			"from": [0.806, 0.7228, 3.29141],
			"to": [10.61148, 1.0592, 4.53772],
			"rotation": {"angle": 0, "axis": "y", "origin": [5.70874, 0.891, 3.91456]},
			"faces": {
				"north": {"uv": [2.5, 4.5, 12.30548, 4.8364], "texture": "#0"},
				"east": {"uv": [0, 0, 1.2463, 0.3364], "texture": "#0"},
				"south": {"uv": [0.5, 3, 10.30548, 3.3364], "texture": "#0"},
				"west": {"uv": [0, 2.5, 1.2463, 2.8364], "texture": "#0"},
				"up": {"uv": [8.2463, 0, 7, 9.80548], "rotation": 90, "texture": "#0"},
				"down": {"uv": [7.2463, 0, 6, 9.80548], "rotation": 270, "texture": "#0"}
			}
		},
		{
			"from": [7.37196, 0.47705, 5.35233],
			"to": [13.84358, 0.69907, 6.17489],
			"rotation": {"angle": 0, "axis": "y", "origin": [10.60777, 0.58806, 5.76361]},
			"faces": {
				"north": {"uv": [2.5, 4.5, 8.97162, 4.72202], "texture": "#0"},
				"east": {"uv": [0, 0, 0.82256, 0.22202], "texture": "#0"},
				"south": {"uv": [0.5, 3, 6.97162, 3.22202], "texture": "#0"},
				"west": {"uv": [0, 2.5, 0.82256, 2.72202], "texture": "#0"},
				"up": {"uv": [7.82256, 0, 7, 6.47162], "rotation": 90, "texture": "#0"},
				"down": {"uv": [6.82256, 0, 6, 6.47162], "rotation": 270, "texture": "#0"}
			}
		},
		{
			"from": [-0.46358, 0.47705, 11.74511],
			"to": [6.00804, 0.69907, 12.56767],
			"rotation": {"angle": 0, "axis": "y", "origin": [2.77223, 0.58806, 12.15639]},
			"faces": {
				"north": {"uv": [2.5, 4.5, 8.97162, 4.72202], "texture": "#0"},
				"east": {"uv": [0, 0, 0.82256, 0.22202], "texture": "#0"},
				"south": {"uv": [0.5, 3, 6.97162, 3.22202], "texture": "#0"},
				"west": {"uv": [0, 2.5, 0.82256, 2.72202], "texture": "#0"},
				"up": {"uv": [7.82256, 0, 7, 6.47162], "rotation": 90, "texture": "#0"},
				"down": {"uv": [6.82256, 0, 6, 6.47162], "rotation": 270, "texture": "#0"}
			}
		},
		{
			"from": [7.07407, 0.39118, 14.32229],
			"to": [7.74857, 0.57324, 19.62902],
			"rotation": {"angle": -45, "axis": "y", "origin": [3.38218, 0.44775, 17.3067]},
			"faces": {
				"north": {"uv": [2.5, 4.5, 3.1745, 4.68206], "texture": "#0"},
				"east": {"uv": [0, 0, 5.30673, 0.18206], "texture": "#0"},
				"south": {"uv": [0.5, 3, 1.1745, 3.18206], "texture": "#0"},
				"west": {"uv": [0, 2.5, 5.30673, 2.68206], "texture": "#0"},
				"up": {"uv": [7.6745, 0, 7, 5.30673], "texture": "#0"},
				"down": {"uv": [6.6745, 0, 6, 5.30673], "texture": "#0"}
			}
		},
		{
			"from": [3.106, 0.6008, 3.29141],
			"to": [12.91148, 0.9372, 4.53772],
			"rotation": {"angle": 0, "axis": "y", "origin": [8.00874, 0.769, 3.91456]},
			"faces": {
				"north": {"uv": [2.5, 4.5, 12.30548, 4.8364], "texture": "#0"},
				"east": {"uv": [0, 0, 1.2463, 0.3364], "texture": "#0"},
				"south": {"uv": [0.5, 3, 10.30548, 3.3364], "texture": "#0"},
				"west": {"uv": [0, 2.5, 1.2463, 2.8364], "texture": "#0"},
				"up": {"uv": [8.2463, 0, 7, 9.80548], "rotation": 270, "texture": "#0"},
				"down": {"uv": [7.2463, 0, 6, 9.80548], "rotation": 90, "texture": "#0"}
			}
		},
		{
			"from": [8.88996, 0.39653, 5.35233],
			"to": [15.36158, 0.61855, 6.17489],
			"rotation": {"angle": 0, "axis": "y", "origin": [12.12577, 0.50754, 5.76361]},
			"faces": {
				"north": {"uv": [2.5, 4.5, 8.97162, 4.72202], "texture": "#0"},
				"east": {"uv": [0, 0, 0.82256, 0.22202], "texture": "#0"},
				"south": {"uv": [0.5, 3, 6.97162, 3.22202], "texture": "#0"},
				"west": {"uv": [0, 2.5, 0.82256, 2.72202], "texture": "#0"},
				"up": {"uv": [7.82256, 0, 7, 6.47162], "rotation": 270, "texture": "#0"},
				"down": {"uv": [6.82256, 0, 6, 6.47162], "rotation": 90, "texture": "#0"}
			}
		},
		{
			"from": [-1.98158, 0.39653, 11.74511],
			"to": [4.49004, 0.61855, 12.56767],
			"rotation": {"angle": 0, "axis": "y", "origin": [1.25423, 0.50754, 12.15639]},
			"faces": {
				"north": {"uv": [2.5, 4.5, 8.97162, 4.72202], "texture": "#0"},
				"east": {"uv": [0, 0, 0.82256, 0.22202], "texture": "#0"},
				"south": {"uv": [0.5, 3, 6.97162, 3.22202], "texture": "#0"},
				"west": {"uv": [0, 2.5, 0.82256, 2.72202], "texture": "#0"},
				"up": {"uv": [7.82256, 0, 7, 6.47162], "rotation": 270, "texture": "#0"},
				"down": {"uv": [6.82256, 0, 6, 6.47162], "rotation": 90, "texture": "#0"}
			}
		},
		{
			"from": [7.07407, 0.32515, 15.56705],
			"to": [7.74857, 0.50721, 20.87378],
			"rotation": {"angle": -45, "axis": "y", "origin": [3.38218, 0.44775, 17.3067]},
			"faces": {
				"north": {"uv": [2.5, 4.5, 3.1745, 4.68206], "texture": "#0"},
				"east": {"uv": [0, 0, 5.30673, 0.18206], "texture": "#0"},
				"south": {"uv": [0.5, 3, 1.1745, 3.18206], "texture": "#0"},
				"west": {"uv": [0, 2.5, 5.30673, 2.68206], "texture": "#0"},
				"up": {"uv": [7.6745, 0, 7, 5.30673], "rotation": 180, "texture": "#0"},
				"down": {"uv": [6.6745, 0, 6, 5.30673], "rotation": 180, "texture": "#0"}
			}
		},
		{
			"from": [13.30452, 0.32515, 1.4437],
			"to": [13.97902, 0.50721, 6.75043],
			"rotation": {"angle": -22.5, "axis": "y", "origin": [9.07133, 0.41145, 3.86797]},
			"faces": {
				"north": {"uv": [2.5, 4.5, 3.1745, 4.68206], "texture": "#0"},
				"east": {"uv": [0, 0, 5.30673, 0.18206], "texture": "#0"},
				"south": {"uv": [0.5, 3, 1.1745, 3.18206], "texture": "#0"},
				"west": {"uv": [0, 2.5, 5.30673, 2.68206], "texture": "#0"},
				"up": {"uv": [7.6745, 0, 7, 5.30673], "rotation": 180, "texture": "#0"},
				"down": {"uv": [6.6745, 0, 6, 5.30673], "rotation": 180, "texture": "#0"}
			}
		},
		{
			"from": [0.806, 0.7228, 12.16228],
			"to": [10.61148, 1.0592, 13.40859],
			"rotation": {"angle": 0, "axis": "y", "origin": [5.70874, 0.891, 12.78544]},
			"faces": {
				"north": {"uv": [2.5, 4.5, 12.30548, 4.8364], "texture": "#0"},
				"east": {"uv": [0, 0, 1.2463, 0.3364], "texture": "#0"},
				"south": {"uv": [0.5, 3, 10.30548, 3.3364], "texture": "#0"},
				"west": {"uv": [0, 2.5, 1.2463, 2.8364], "texture": "#0"},
				"up": {"uv": [8.2463, 0, 7, 9.80548], "rotation": 90, "texture": "#0"},
				"down": {"uv": [7.2463, 0, 6, 9.80548], "rotation": 270, "texture": "#0"}
			}
		},
		{
			"from": [7.37196, 0.47705, 11.20711],
			"to": [13.84358, 0.69907, 12.02967],
			"rotation": {"angle": 0, "axis": "y", "origin": [10.60777, 0.58806, 11.61839]},
			"faces": {
				"north": {"uv": [2.5, 4.5, 8.97162, 4.72202], "texture": "#0"},
				"east": {"uv": [0, 0, 0.82256, 0.22202], "texture": "#0"},
				"south": {"uv": [0.5, 3, 6.97162, 3.22202], "texture": "#0"},
				"west": {"uv": [0, 2.5, 0.82256, 2.72202], "texture": "#0"},
				"up": {"uv": [7.82256, 0, 7, 6.47162], "rotation": 90, "texture": "#0"},
				"down": {"uv": [6.82256, 0, 6, 6.47162], "rotation": 270, "texture": "#0"}
			}
		},
		{
			"from": [-0.46358, 0.47705, 5.89033],
			"to": [6.00804, 0.69907, 6.71289],
			"rotation": {"angle": 0, "axis": "y", "origin": [2.77223, 0.58806, 6.30161]},
			"faces": {
				"north": {"uv": [2.5, 4.5, 8.97162, 4.72202], "texture": "#0"},
				"east": {"uv": [0, 0, 0.82256, 0.22202], "texture": "#0"},
				"south": {"uv": [0.5, 3, 6.97162, 3.22202], "texture": "#0"},
				"west": {"uv": [0, 2.5, 0.82256, 2.72202], "texture": "#0"},
				"up": {"uv": [7.82256, 0, 7, 6.47162], "rotation": 90, "texture": "#0"},
				"down": {"uv": [6.82256, 0, 6, 6.47162], "rotation": 270, "texture": "#0"}
			}
		},
		{
			"from": [2.27315, 0.39118, 14.32229],
			"to": [2.94765, 0.57324, 19.62902],
			"rotation": {"angle": -45, "axis": "y", "origin": [3.38218, 0.44775, 17.3067]},
			"faces": {
				"north": {"uv": [2.5, 4.5, 3.1745, 4.68206], "texture": "#0"},
				"east": {"uv": [0, 0, 5.30673, 0.18206], "texture": "#0"},
				"south": {"uv": [0.5, 3, 1.1745, 3.18206], "texture": "#0"},
				"west": {"uv": [0, 2.5, 5.30673, 2.68206], "texture": "#0"},
				"up": {"uv": [7.6745, 0, 7, 5.30673], "texture": "#0"},
				"down": {"uv": [6.6745, 0, 6, 5.30673], "texture": "#0"}
			}
		},
		{
			"from": [3.106, 0.6008, 12.16228],
			"to": [12.91148, 0.9372, 13.40859],
			"rotation": {"angle": 0, "axis": "y", "origin": [8.00874, 0.769, 12.78544]},
			"faces": {
				"north": {"uv": [2.5, 4.5, 12.30548, 4.8364], "texture": "#0"},
				"east": {"uv": [0, 0, 1.2463, 0.3364], "texture": "#0"},
				"south": {"uv": [0.5, 3, 10.30548, 3.3364], "texture": "#0"},
				"west": {"uv": [0, 2.5, 1.2463, 2.8364], "texture": "#0"},
				"up": {"uv": [8.2463, 0, 7, 9.80548], "rotation": 270, "texture": "#0"},
				"down": {"uv": [7.2463, 0, 6, 9.80548], "rotation": 90, "texture": "#0"}
			}
		},
		{
			"from": [8.88996, 0.39653, 11.20711],
			"to": [15.36158, 0.61855, 12.02967],
			"rotation": {"angle": 0, "axis": "y", "origin": [12.12577, 0.50754, 11.61839]},
			"faces": {
				"north": {"uv": [2.5, 4.5, 8.97162, 4.72202], "texture": "#0"},
				"east": {"uv": [0, 0, 0.82256, 0.22202], "texture": "#0"},
				"south": {"uv": [0.5, 3, 6.97162, 3.22202], "texture": "#0"},
				"west": {"uv": [0, 2.5, 0.82256, 2.72202], "texture": "#0"},
				"up": {"uv": [7.82256, 0, 7, 6.47162], "rotation": 270, "texture": "#0"},
				"down": {"uv": [6.82256, 0, 6, 6.47162], "rotation": 90, "texture": "#0"}
			}
		},
		{
			"from": [-1.98158, 0.39653, 5.89033],
			"to": [4.49004, 0.61855, 6.71289],
			"rotation": {"angle": 0, "axis": "y", "origin": [1.25423, 0.50754, 6.30161]},
			"faces": {
				"north": {"uv": [2.5, 4.5, 8.97162, 4.72202], "texture": "#0"},
				"east": {"uv": [0, 0, 0.82256, 0.22202], "texture": "#0"},
				"south": {"uv": [0.5, 3, 6.97162, 3.22202], "texture": "#0"},
				"west": {"uv": [0, 2.5, 0.82256, 2.72202], "texture": "#0"},
				"up": {"uv": [7.82256, 0, 7, 6.47162], "rotation": 270, "texture": "#0"},
				"down": {"uv": [6.82256, 0, 6, 6.47162], "rotation": 90, "texture": "#0"}
			}
		},
		{
			"from": [2.27315, 0.32515, 15.56705],
			"to": [2.94765, 0.50721, 20.87378],
			"rotation": {"angle": -45, "axis": "y", "origin": [3.38218, 0.44775, 17.3067]},
			"faces": {
				"north": {"uv": [2.5, 4.5, 3.1745, 4.68206], "texture": "#0"},
				"east": {"uv": [0, 0, 5.30673, 0.18206], "texture": "#0"},
				"south": {"uv": [0.5, 3, 1.1745, 3.18206], "texture": "#0"},
				"west": {"uv": [0, 2.5, 5.30673, 2.68206], "texture": "#0"},
				"up": {"uv": [7.6745, 0, 7, 5.30673], "rotation": 180, "texture": "#0"},
				"down": {"uv": [6.6745, 0, 6, 5.30673], "rotation": 180, "texture": "#0"}
			}
		},
		{
			"from": [0.686, 0.8608, 15.77141],
			"to": [10.49148, 1.1972, 17.01772],
			"rotation": {"angle": 0, "axis": "y", "origin": [5.58874, 1.029, 16.39456]},
			"faces": {
				"north": {"uv": [2.5, 4.5, 12.30548, 4.8364], "texture": "#0"},
				"east": {"uv": [0, 0, 1.2463, 0.3364], "texture": "#0"},
				"south": {"uv": [0.5, 3, 10.30548, 3.3364], "texture": "#0"},
				"west": {"uv": [0, 2.5, 1.2463, 2.8364], "texture": "#0"},
				"up": {"uv": [8.2463, 0, 7, 9.80548], "rotation": 270, "texture": "#0"},
				"down": {"uv": [7.2463, 0, 6, 9.80548], "rotation": 90, "texture": "#0"}
			}
		},
		{
			"from": [7.29276, 0.56813, 13.58913],
			"to": [13.76438, 0.79015, 14.41169],
			"rotation": {"angle": 0, "axis": "y", "origin": [10.52857, 0.67914, 14.00041]},
			"faces": {
				"north": {"uv": [2.5, 4.5, 8.97162, 4.72202], "texture": "#0"},
				"east": {"uv": [0, 0, 0.82256, 0.22202], "texture": "#0"},
				"south": {"uv": [0.5, 3, 6.97162, 3.22202], "texture": "#0"},
				"west": {"uv": [0, 2.5, 0.82256, 2.72202], "texture": "#0"},
				"up": {"uv": [7.82256, 0, 7, 6.47162], "rotation": 270, "texture": "#0"},
				"down": {"uv": [6.82256, 0, 6, 6.47162], "rotation": 90, "texture": "#0"}
			}
		},
		{
			"from": [-0.38438, 0.56813, 3.50831],
			"to": [6.08724, 0.79015, 4.33087],
			"rotation": {"angle": 0, "axis": "y", "origin": [2.85143, 0.67914, 3.91959]},
			"faces": {
				"north": {"uv": [2.5, 4.5, 8.97162, 4.72202], "texture": "#0"},
				"east": {"uv": [0, 0, 0.82256, 0.22202], "texture": "#0"},
				"south": {"uv": [0.5, 3, 6.97162, 3.22202], "texture": "#0"},
				"west": {"uv": [0, 2.5, 0.82256, 2.72202], "texture": "#0"},
				"up": {"uv": [7.82256, 0, 7, 6.47162], "rotation": 270, "texture": "#0"},
				"down": {"uv": [6.82256, 0, 6, 6.47162], "rotation": 90, "texture": "#0"}
			}
		},
		{
			"from": [0.31989, 0.46586, 14.25735],
			"to": [0.99439, 0.64792, 19.56407],
			"rotation": {"angle": -45, "axis": "y", "origin": [3.38218, 0.44775, 17.3067]},
			"faces": {
				"north": {"uv": [2.5, 4.5, 3.1745, 4.68206], "texture": "#0"},
				"east": {"uv": [0, 0, 5.30673, 0.18206], "texture": "#0"},
				"south": {"uv": [0.5, 3, 1.1745, 3.18206], "texture": "#0"},
				"west": {"uv": [0, 2.5, 5.30673, 2.68206], "texture": "#0"},
				"up": {"uv": [7.6745, 0, 7, 5.30673], "rotation": 180, "texture": "#0"},
				"down": {"uv": [6.6745, 0, 6, 5.30673], "rotation": 180, "texture": "#0"}
			}
		},
		{
			"from": [2.986, 0.4628, 15.77141],
			"to": [12.79148, 0.7992, 17.01772],
			"rotation": {"angle": 0, "axis": "y", "origin": [7.88874, 0.631, 16.39456]},
			"faces": {
				"north": {"uv": [2.5, 4.5, 12.30548, 4.8364], "texture": "#0"},
				"east": {"uv": [0, 0, 1.2463, 0.3364], "texture": "#0"},
				"south": {"uv": [0.5, 3, 10.30548, 3.3364], "texture": "#0"},
				"west": {"uv": [0, 2.5, 1.2463, 2.8364], "texture": "#0"},
				"up": {"uv": [8.2463, 0, 7, 9.80548], "rotation": 90, "texture": "#0"},
				"down": {"uv": [7.2463, 0, 6, 9.80548], "rotation": 270, "texture": "#0"}
			}
		},
		{
			"from": [8.81076, 0.30545, 13.58913],
			"to": [15.28238, 0.52747, 14.41169],
			"rotation": {"angle": 0, "axis": "y", "origin": [12.04657, 0.41646, 14.00041]},
			"faces": {
				"north": {"uv": [2.5, 4.5, 8.97162, 4.72202], "texture": "#0"},
				"east": {"uv": [0, 0, 0.82256, 0.22202], "texture": "#0"},
				"south": {"uv": [0.5, 3, 6.97162, 3.22202], "texture": "#0"},
				"west": {"uv": [0, 2.5, 0.82256, 2.72202], "texture": "#0"},
				"up": {"uv": [7.82256, 0, 7, 6.47162], "rotation": 90, "texture": "#0"},
				"down": {"uv": [6.82256, 0, 6, 6.47162], "rotation": 270, "texture": "#0"}
			}
		},
		{
			"from": [-1.90238, 0.30545, 3.50831],
			"to": [4.56924, 0.52747, 4.33087],
			"rotation": {"angle": 0, "axis": "y", "origin": [1.33343, 0.41646, 3.91959]},
			"faces": {
				"north": {"uv": [2.5, 4.5, 8.97162, 4.72202], "texture": "#0"},
				"east": {"uv": [0, 0, 0.82256, 0.22202], "texture": "#0"},
				"south": {"uv": [0.5, 3, 6.97162, 3.22202], "texture": "#0"},
				"west": {"uv": [0, 2.5, 0.82256, 2.72202], "texture": "#0"},
				"up": {"uv": [7.82256, 0, 7, 6.47162], "rotation": 90, "texture": "#0"},
				"down": {"uv": [6.82256, 0, 6, 6.47162], "rotation": 270, "texture": "#0"}
			}
		},
		{
			"from": [0.31989, 0.25047, 15.50211],
			"to": [0.99439, 0.43253, 20.80883],
			"rotation": {"angle": -45, "axis": "y", "origin": [3.38218, 0.44775, 17.3067]},
			"faces": {
				"north": {"uv": [2.5, 4.5, 3.1745, 4.68206], "texture": "#0"},
				"east": {"uv": [0, 0, 5.30673, 0.18206], "texture": "#0"},
				"south": {"uv": [0.5, 3, 1.1745, 3.18206], "texture": "#0"},
				"west": {"uv": [0, 2.5, 5.30673, 2.68206], "texture": "#0"},
				"up": {"uv": [7.6745, 0, 7, 5.30673], "texture": "#0"},
				"down": {"uv": [6.6745, 0, 6, 5.30673], "texture": "#0"}
			}
		},
		{
			"from": [6.55035, 0.25047, 1.50865],
			"to": [7.22485, 0.43253, 6.81537],
			"rotation": {"angle": -22.5, "axis": "y", "origin": [9.07133, 0.41145, 3.86797]},
			"faces": {
				"north": {"uv": [2.5, 4.5, 3.1745, 4.68206], "texture": "#0"},
				"east": {"uv": [0, 0, 5.30673, 0.18206], "texture": "#0"},
				"south": {"uv": [0.5, 3, 1.1745, 3.18206], "texture": "#0"},
				"west": {"uv": [0, 2.5, 5.30673, 2.68206], "texture": "#0"},
				"up": {"uv": [7.6745, 0, 7, 5.30673], "texture": "#0"},
				"down": {"uv": [6.6745, 0, 6, 5.30673], "texture": "#0"}
			}
		},
		{
			"from": [0.066, 0.8828, 5.07141],
			"to": [9.87148, 1.2192, 6.31772],
			"rotation": {"angle": 0, "axis": "y", "origin": [4.96874, 1.051, 5.69456]},
			"faces": {
				"north": {"uv": [2.5, 4.5, 12.30548, 4.8364], "texture": "#0"},
				"east": {"uv": [0, 0, 1.2463, 0.3364], "texture": "#0"},
				"south": {"uv": [0.5, 3, 10.30548, 3.3364], "texture": "#0"},
				"west": {"uv": [0, 2.5, 1.2463, 2.8364], "texture": "#0"},
				"up": {"uv": [8.2463, 0, 7, 9.80548], "rotation": 90, "texture": "#0"},
				"down": {"uv": [7.2463, 0, 6, 9.80548], "rotation": 270, "texture": "#0"}
			}
		},
		{
			"from": [6.88356, 0.58265, 6.52713],
			"to": [13.35518, 0.80467, 7.34969],
			"rotation": {"angle": 0, "axis": "y", "origin": [10.11937, 0.69366, 6.93841]},
			"faces": {
				"north": {"uv": [2.5, 4.5, 8.97162, 4.72202], "texture": "#0"},
				"east": {"uv": [0, 0, 0.82256, 0.22202], "texture": "#0"},
				"south": {"uv": [0.5, 3, 6.97162, 3.22202], "texture": "#0"},
				"west": {"uv": [0, 2.5, 0.82256, 2.72202], "texture": "#0"},
				"up": {"uv": [7.82256, 0, 7, 6.47162], "rotation": 90, "texture": "#0"},
				"down": {"uv": [6.82256, 0, 6, 6.47162], "rotation": 270, "texture": "#0"}
			}
		},
		{
			"from": [0.02482, 0.58265, 10.57031],
			"to": [6.49644, 0.80467, 11.39287],
			"rotation": {"angle": 0, "axis": "y", "origin": [3.26063, 0.69366, 10.98159]},
			"faces": {
				"north": {"uv": [2.5, 4.5, 8.97162, 4.72202], "texture": "#0"},
				"east": {"uv": [0, 0, 0.82256, 0.22202], "texture": "#0"},
				"south": {"uv": [0.5, 3, 6.97162, 3.22202], "texture": "#0"},
				"west": {"uv": [0, 2.5, 0.82256, 2.72202], "texture": "#0"},
				"up": {"uv": [7.82256, 0, 7, 6.47162], "rotation": 90, "texture": "#0"},
				"down": {"uv": [6.82256, 0, 6, 6.47162], "rotation": 270, "texture": "#0"}
			}
		},
		{
			"from": [6.11073, 0.47777, 13.9218],
			"to": [6.78523, 0.65983, 19.22853],
			"rotation": {"angle": -45, "axis": "y", "origin": [3.38218, 0.44775, 17.3067]},
			"faces": {
				"north": {"uv": [2.5, 4.5, 3.1745, 4.68206], "texture": "#0"},
				"east": {"uv": [0, 0, 5.30673, 0.18206], "texture": "#0"},
				"south": {"uv": [0.5, 3, 1.1745, 3.18206], "texture": "#0"},
				"west": {"uv": [0, 2.5, 5.30673, 2.68206], "texture": "#0"},
				"up": {"uv": [7.6745, 0, 7, 5.30673], "texture": "#0"},
				"down": {"uv": [6.6745, 0, 6, 5.30673], "texture": "#0"}
			}
		},
		{
			"from": [2.366, 0.4408, 5.07141],
			"to": [12.17148, 0.7772, 6.31772],
			"rotation": {"angle": 0, "axis": "y", "origin": [7.26874, 0.609, 5.69456]},
			"faces": {
				"north": {"uv": [2.5, 4.5, 12.30548, 4.8364], "texture": "#0"},
				"east": {"uv": [0, 0, 1.2463, 0.3364], "texture": "#0"},
				"south": {"uv": [0.5, 3, 10.30548, 3.3364], "texture": "#0"},
				"west": {"uv": [0, 2.5, 1.2463, 2.8364], "texture": "#0"},
				"up": {"uv": [8.2463, 0, 7, 9.80548], "rotation": 270, "texture": "#0"},
				"down": {"uv": [7.2463, 0, 6, 9.80548], "rotation": 90, "texture": "#0"}
			}
		},
		{
			"from": [8.40156, 0.29093, 6.52713],
			"to": [14.87318, 0.51295, 7.34969],
			"rotation": {"angle": 0, "axis": "y", "origin": [11.63737, 0.40194, 6.93841]},
			"faces": {
				"north": {"uv": [2.5, 4.5, 8.97162, 4.72202], "texture": "#0"},
				"east": {"uv": [0, 0, 0.82256, 0.22202], "texture": "#0"},
				"south": {"uv": [0.5, 3, 6.97162, 3.22202], "texture": "#0"},
				"west": {"uv": [0, 2.5, 0.82256, 2.72202], "texture": "#0"},
				"up": {"uv": [7.82256, 0, 7, 6.47162], "rotation": 270, "texture": "#0"},
				"down": {"uv": [6.82256, 0, 6, 6.47162], "rotation": 90, "texture": "#0"}
			}
		},
		{
			"from": [-1.49318, 0.29093, 10.57031],
			"to": [4.97844, 0.51295, 11.39287],
			"rotation": {"angle": 0, "axis": "y", "origin": [1.74263, 0.40194, 10.98159]},
			"faces": {
				"north": {"uv": [2.5, 4.5, 8.97162, 4.72202], "texture": "#0"},
				"east": {"uv": [0, 0, 0.82256, 0.22202], "texture": "#0"},
				"south": {"uv": [0.5, 3, 6.97162, 3.22202], "texture": "#0"},
				"west": {"uv": [0, 2.5, 0.82256, 2.72202], "texture": "#0"},
				"up": {"uv": [7.82256, 0, 7, 6.47162], "rotation": 270, "texture": "#0"},
				"down": {"uv": [6.82256, 0, 6, 6.47162], "rotation": 90, "texture": "#0"}
			}
		},
		{
			"from": [6.11073, 0.23856, 15.16656],
			"to": [6.78523, 0.42062, 20.47329],
			"rotation": {"angle": -45, "axis": "y", "origin": [3.38218, 0.44775, 17.3067]},
			"faces": {
				"north": {"uv": [2.5, 4.5, 3.1745, 4.68206], "texture": "#0"},
				"east": {"uv": [0, 0, 5.30673, 0.18206], "texture": "#0"},
				"south": {"uv": [0.5, 3, 1.1745, 3.18206], "texture": "#0"},
				"west": {"uv": [0, 2.5, 5.30673, 2.68206], "texture": "#0"},
				"up": {"uv": [7.6745, 0, 7, 5.30673], "rotation": 180, "texture": "#0"},
				"down": {"uv": [6.6745, 0, 6, 5.30673], "rotation": 180, "texture": "#0"}
			}
		},
		{
			"from": [0.026, 0.8828, 10.38228],
			"to": [9.83148, 1.2192, 11.62859],
			"rotation": {"angle": 0, "axis": "y", "origin": [4.92874, 1.051, 11.00544]},
			"faces": {
				"north": {"uv": [2.5, 4.5, 12.30548, 4.8364], "texture": "#0"},
				"east": {"uv": [0, 0, 1.2463, 0.3364], "texture": "#0"},
				"south": {"uv": [0.5, 3, 10.30548, 3.3364], "texture": "#0"},
				"west": {"uv": [0, 2.5, 1.2463, 2.8364], "texture": "#0"},
				"up": {"uv": [8.2463, 0, 7, 9.80548], "rotation": 90, "texture": "#0"},
				"down": {"uv": [7.2463, 0, 6, 9.80548], "rotation": 270, "texture": "#0"}
			}
		},
		{
			"from": [6.85716, 0.58265, 10.03231],
			"to": [13.32878, 0.80467, 10.85487],
			"rotation": {"angle": 0, "axis": "y", "origin": [10.09297, 0.69366, 10.44359]},
			"faces": {
				"north": {"uv": [2.5, 4.5, 8.97162, 4.72202], "texture": "#0"},
				"east": {"uv": [0, 0, 0.82256, 0.22202], "texture": "#0"},
				"south": {"uv": [0.5, 3, 6.97162, 3.22202], "texture": "#0"},
				"west": {"uv": [0, 2.5, 0.82256, 2.72202], "texture": "#0"},
				"up": {"uv": [7.82256, 0, 7, 6.47162], "rotation": 90, "texture": "#0"},
				"down": {"uv": [6.82256, 0, 6, 6.47162], "rotation": 270, "texture": "#0"}
			}
		},
		{
			"from": [0.05122, 0.58265, 7.06513],
			"to": [6.52284, 0.80467, 7.88769],
			"rotation": {"angle": 0, "axis": "y", "origin": [3.28703, 0.69366, 7.47641]},
			"faces": {
				"north": {"uv": [2.5, 4.5, 8.97162, 4.72202], "texture": "#0"},
				"east": {"uv": [0, 0, 0.82256, 0.22202], "texture": "#0"},
				"south": {"uv": [0.5, 3, 6.97162, 3.22202], "texture": "#0"},
				"west": {"uv": [0, 2.5, 0.82256, 2.72202], "texture": "#0"},
				"up": {"uv": [7.82256, 0, 7, 6.47162], "rotation": 90, "texture": "#0"},
				"down": {"uv": [6.82256, 0, 6, 6.47162], "rotation": 270, "texture": "#0"}
			}
		},
		{
			"from": [3.23649, 0.47777, 13.90015],
			"to": [3.91099, 0.65983, 19.20688],
			"rotation": {"angle": -45, "axis": "y", "origin": [3.38218, 0.44775, 17.3067]},
			"faces": {
				"north": {"uv": [2.5, 4.5, 3.1745, 4.68206], "texture": "#0"},
				"east": {"uv": [0, 0, 5.30673, 0.18206], "texture": "#0"},
				"south": {"uv": [0.5, 3, 1.1745, 3.18206], "texture": "#0"},
				"west": {"uv": [0, 2.5, 5.30673, 2.68206], "texture": "#0"},
				"up": {"uv": [7.6745, 0, 7, 5.30673], "texture": "#0"},
				"down": {"uv": [6.6745, 0, 6, 5.30673], "texture": "#0"}
			}
		},
		{
			"from": [2.326, 0.4408, 10.38228],
			"to": [12.13148, 0.7772, 11.62859],
			"rotation": {"angle": 0, "axis": "y", "origin": [7.22874, 0.609, 11.00544]},
			"faces": {
				"north": {"uv": [2.5, 4.5, 12.30548, 4.8364], "texture": "#0"},
				"east": {"uv": [0, 0, 1.2463, 0.3364], "texture": "#0"},
				"south": {"uv": [0.5, 3, 10.30548, 3.3364], "texture": "#0"},
				"west": {"uv": [0, 2.5, 1.2463, 2.8364], "texture": "#0"},
				"up": {"uv": [8.2463, 0, 7, 9.80548], "rotation": 270, "texture": "#0"},
				"down": {"uv": [7.2463, 0, 6, 9.80548], "rotation": 90, "texture": "#0"}
			}
		},
		{
			"from": [8.37516, 0.29093, 10.03231],
			"to": [14.84678, 0.51295, 10.85487],
			"rotation": {"angle": 0, "axis": "y", "origin": [11.61097, 0.40194, 10.44359]},
			"faces": {
				"north": {"uv": [2.5, 4.5, 8.97162, 4.72202], "texture": "#0"},
				"east": {"uv": [0, 0, 0.82256, 0.22202], "texture": "#0"},
				"south": {"uv": [0.5, 3, 6.97162, 3.22202], "texture": "#0"},
				"west": {"uv": [0, 2.5, 0.82256, 2.72202], "texture": "#0"},
				"up": {"uv": [7.82256, 0, 7, 6.47162], "rotation": 270, "texture": "#0"},
				"down": {"uv": [6.82256, 0, 6, 6.47162], "rotation": 90, "texture": "#0"}
			}
		},
		{
			"from": [-1.46678, 0.29093, 7.06513],
			"to": [5.00484, 0.51295, 7.88769],
			"rotation": {"angle": 0, "axis": "y", "origin": [1.76903, 0.40194, 7.47641]},
			"faces": {
				"north": {"uv": [2.5, 4.5, 8.97162, 4.72202], "texture": "#0"},
				"east": {"uv": [0, 0, 0.82256, 0.22202], "texture": "#0"},
				"south": {"uv": [0.5, 3, 6.97162, 3.22202], "texture": "#0"},
				"west": {"uv": [0, 2.5, 0.82256, 2.72202], "texture": "#0"},
				"up": {"uv": [7.82256, 0, 7, 6.47162], "rotation": 270, "texture": "#0"},
				"down": {"uv": [6.82256, 0, 6, 6.47162], "rotation": 90, "texture": "#0"}
			}
		},
		{
			"from": [3.23649, 0.23856, 15.14491],
			"to": [3.91099, 0.42062, 20.45164],
			"rotation": {"angle": -45, "axis": "y", "origin": [3.38218, 0.44775, 17.3067]},
			"faces": {
				"north": {"uv": [2.5, 4.5, 3.1745, 4.68206], "texture": "#0"},
				"east": {"uv": [0, 0, 5.30673, 0.18206], "texture": "#0"},
				"south": {"uv": [0.5, 3, 1.1745, 3.18206], "texture": "#0"},
				"west": {"uv": [0, 2.5, 5.30673, 2.68206], "texture": "#0"},
				"up": {"uv": [7.6745, 0, 7, 5.30673], "rotation": 180, "texture": "#0"},
				"down": {"uv": [6.6745, 0, 6, 5.30673], "rotation": 180, "texture": "#0"}
			}
		},
		{
			"from": [0.166, 0.7008, 17.55141],
			"to": [9.97148, 1.0372, 18.79772],
			"rotation": {"angle": 0, "axis": "y", "origin": [5.06874, 0.869, 18.17456]},
			"faces": {
				"north": {"uv": [2.5, 4.5, 12.30548, 4.8364], "texture": "#0"},
				"east": {"uv": [0, 0, 1.2463, 0.3364], "texture": "#0"},
				"south": {"uv": [0.5, 3, 10.30548, 3.3364], "texture": "#0"},
				"west": {"uv": [0, 2.5, 1.2463, 2.8364], "texture": "#0"},
				"up": {"uv": [8.2463, 0, 7, 9.80548], "rotation": 270, "texture": "#0"},
				"down": {"uv": [7.2463, 0, 6, 9.80548], "rotation": 90, "texture": "#0"}
			}
		},
		{
			"from": [6.94956, 0.46253, 14.76393],
			"to": [13.42118, 0.68455, 15.58649],
			"rotation": {"angle": 0, "axis": "y", "origin": [10.18537, 0.57354, 15.17521]},
			"faces": {
				"north": {"uv": [2.5, 4.5, 8.97162, 4.72202], "texture": "#0"},
				"east": {"uv": [0, 0, 0.82256, 0.22202], "texture": "#0"},
				"south": {"uv": [0.5, 3, 6.97162, 3.22202], "texture": "#0"},
				"west": {"uv": [0, 2.5, 0.82256, 2.72202], "texture": "#0"},
				"up": {"uv": [7.82256, 0, 7, 6.47162], "rotation": 270, "texture": "#0"},
				"down": {"uv": [6.82256, 0, 6, 6.47162], "rotation": 90, "texture": "#0"}
			}
		},
		{
			"from": [-0.04118, 0.46253, 2.33351],
			"to": [6.43044, 0.68455, 3.15607],
			"rotation": {"angle": 0, "axis": "y", "origin": [3.19463, 0.57354, 2.74479]},
			"faces": {
				"north": {"uv": [2.5, 4.5, 8.97162, 4.72202], "texture": "#0"},
				"east": {"uv": [0, 0, 0.82256, 0.22202], "texture": "#0"},
				"south": {"uv": [0.5, 3, 6.97162, 3.22202], "texture": "#0"},
				"west": {"uv": [0, 2.5, 0.82256, 2.72202], "texture": "#0"},
				"up": {"uv": [7.82256, 0, 7, 6.47162], "rotation": 270, "texture": "#0"},
				"down": {"uv": [6.82256, 0, 6, 6.47162], "rotation": 90, "texture": "#0"}
			}
		},
		{
			"from": [-0.64345, 0.37927, 13.97592],
			"to": [0.03105, 0.56133, 19.28265],
			"rotation": {"angle": -45, "axis": "y", "origin": [3.38218, 0.44775, 17.3067]},
			"faces": {
				"north": {"uv": [2.5, 4.5, 3.1745, 4.68206], "texture": "#0"},
				"east": {"uv": [0, 0, 5.30673, 0.18206], "texture": "#0"},
				"south": {"uv": [0.5, 3, 1.1745, 3.18206], "texture": "#0"},
				"west": {"uv": [0, 2.5, 5.30673, 2.68206], "texture": "#0"},
				"up": {"uv": [7.6745, 0, 7, 5.30673], "rotation": 180, "texture": "#0"},
				"down": {"uv": [6.6745, 0, 6, 5.30673], "rotation": 180, "texture": "#0"}
			}
		},
		{
			"from": [2.466, 0.6228, 17.55141],
			"to": [12.27148, 0.9592, 18.79772],
			"rotation": {"angle": -22.5, "axis": "y", "origin": [7.36874, 0.791, 18.17456]},
			"faces": {
				"north": {"uv": [2.5, 4.5, 12.30548, 4.8364], "texture": "#0"},
				"east": {"uv": [0, 0, 1.2463, 0.3364], "texture": "#0"},
				"south": {"uv": [0.5, 3, 10.30548, 3.3364], "texture": "#0"},
				"west": {"uv": [0, 2.5, 1.2463, 2.8364], "texture": "#0"},
				"up": {"uv": [8.2463, 0, 7, 9.80548], "rotation": 90, "texture": "#0"},
				"down": {"uv": [7.2463, 0, 6, 9.80548], "rotation": 270, "texture": "#0"}
			}
		},
		{
			"from": [8.46756, 0.41105, 14.76393],
			"to": [14.93918, 0.63307, 15.58649],
			"rotation": {"angle": 0, "axis": "y", "origin": [11.70337, 0.52206, 15.17521]},
			"faces": {
				"north": {"uv": [2.5, 4.5, 8.97162, 4.72202], "texture": "#0"},
				"east": {"uv": [0, 0, 0.82256, 0.22202], "texture": "#0"},
				"south": {"uv": [0.5, 3, 6.97162, 3.22202], "texture": "#0"},
				"west": {"uv": [0, 2.5, 0.82256, 2.72202], "texture": "#0"},
				"up": {"uv": [7.82256, 0, 7, 6.47162], "rotation": 90, "texture": "#0"},
				"down": {"uv": [6.82256, 0, 6, 6.47162], "rotation": 270, "texture": "#0"}
			}
		},
		{
			"from": [-1.55918, 0.41105, 2.33351],
			"to": [4.91244, 0.63307, 3.15607],
			"rotation": {"angle": 0, "axis": "y", "origin": [1.67663, 0.52206, 2.74479]},
			"faces": {
				"north": {"uv": [2.5, 4.5, 8.97162, 4.72202], "texture": "#0"},
				"east": {"uv": [0, 0, 0.82256, 0.22202], "texture": "#0"},
				"south": {"uv": [0.5, 3, 6.97162, 3.22202], "texture": "#0"},
				"west": {"uv": [0, 2.5, 0.82256, 2.72202], "texture": "#0"},
				"up": {"uv": [7.82256, 0, 7, 6.47162], "rotation": 90, "texture": "#0"},
				"down": {"uv": [6.82256, 0, 6, 6.47162], "rotation": 270, "texture": "#0"}
			}
		},
		{
			"from": [-0.64345, 0.33706, 15.22068],
			"to": [0.03105, 0.51912, 20.52741],
			"rotation": {"angle": -45, "axis": "y", "origin": [3.38218, 0.44775, 17.3067]},
			"faces": {
				"north": {"uv": [2.5, 4.5, 3.1745, 4.68206], "texture": "#0"},
				"east": {"uv": [0, 0, 5.30673, 0.18206], "texture": "#0"},
				"south": {"uv": [0.5, 3, 1.1745, 3.18206], "texture": "#0"},
				"west": {"uv": [0, 2.5, 5.30673, 2.68206], "texture": "#0"},
				"up": {"uv": [7.6745, 0, 7, 5.30673], "texture": "#0"},
				"down": {"uv": [6.6745, 0, 6, 5.30673], "texture": "#0"}
			}
		},
		{
			"from": [5.58701, 0.33706, 1.79007],
			"to": [6.26151, 0.51912, 7.0968],
			"rotation": {"angle": -22.5, "axis": "y", "origin": [9.07133, 0.41145, 3.86797]},
			"faces": {
				"north": {"uv": [2.5, 4.5, 3.1745, 4.68206], "texture": "#0"},
				"east": {"uv": [0, 0, 5.30673, 0.18206], "texture": "#0"},
				"south": {"uv": [0.5, 3, 1.1745, 3.18206], "texture": "#0"},
				"west": {"uv": [0, 2.5, 5.30673, 2.68206], "texture": "#0"},
				"up": {"uv": [7.6745, 0, 7, 5.30673], "texture": "#0"},
				"down": {"uv": [6.6745, 0, 6, 5.30673], "texture": "#0"}
			}
		},
		{
			"from": [4.01881, 0.72122, 12.54259],
			"to": [5.25996, 1.05622, 20.9875],
			"rotation": {"angle": 0, "axis": "y", "origin": [11.31967, -3.56458, 19.84346]},
			"faces": {
				"north": {"uv": [2.5, 4.5, 3.74115, 4.83501], "texture": "#0"},
				"east": {"uv": [0, 0, 8.44491, 0.33501], "texture": "#0"},
				"south": {"uv": [0.5, 3, 1.74115, 3.33501], "texture": "#0"},
				"west": {"uv": [0, 2.5, 8.44491, 2.83501], "texture": "#0"},
				"up": {"uv": [8.24115, 0, 7, 8.44491], "texture": "#0"},
				"down": {"uv": [7.24115, 0, 6, 8.44491], "texture": "#0"}
			}
		},
		{
			"from": [9.49241, 0.476, 11.45811],
			"to": [10.31157, 0.69711, 17.03175],
			"rotation": {"angle": 0, "axis": "y", "origin": [14.31098, -2.35262, 16.27668]},
			"faces": {
				"north": {"uv": [2.5, 4.5, 3.31916, 4.72111], "texture": "#0"},
				"east": {"uv": [0, 0, 5.57364, 0.22111], "texture": "#0"},
				"south": {"uv": [0.5, 3, 1.31916, 3.22111], "texture": "#0"},
				"west": {"uv": [0, 2.5, 5.57364, 2.72111], "texture": "#0"},
				"up": {"uv": [7.81916, 0, 7, 5.57364], "texture": "#0"},
				"down": {"uv": [6.81916, 0, 6, 5.57364], "texture": "#0"}
			}
		},
		{
			"from": [3.06843, 0.476, 0.88825],
			"to": [3.88759, 0.69711, 6.46189],
			"rotation": {"angle": 0, "axis": "y", "origin": [-0.93098, -2.35262, 1.64332]},
			"faces": {
				"north": {"uv": [2.5, 4.5, 3.31916, 4.72111], "texture": "#0"},
				"east": {"uv": [0, 0, 5.57364, 0.22111], "texture": "#0"},
				"south": {"uv": [0.5, 3, 1.31916, 3.22111], "texture": "#0"},
				"west": {"uv": [0, 2.5, 5.57364, 2.72111], "texture": "#0"},
				"up": {"uv": [7.81916, 0, 7, 5.57364], "texture": "#0"},
				"down": {"uv": [6.81916, 0, 6, 5.57364], "texture": "#0"}
			}
		},
		{
			"from": [-1.82856, 0.39032, 16.06106],
			"to": [2.74183, 0.57163, 16.73277],
			"rotation": {"angle": -45, "axis": "y", "origin": [3.38218, 0.44775, 17.3067]},
			"faces": {
				"north": {"uv": [2.5, 4.5, 7.07038, 4.68131], "texture": "#0"},
				"east": {"uv": [0, 0, 0.67171, 0.18131], "texture": "#0"},
				"south": {"uv": [0.5, 3, 5.07038, 3.18131], "texture": "#0"},
				"west": {"uv": [0, 2.5, 0.67171, 2.68131], "texture": "#0"},
				"up": {"uv": [7.67171, 0, 7, 4.57038], "rotation": 270, "texture": "#0"},
				"down": {"uv": [6.67171, 0, 6, 4.57038], "rotation": 90, "texture": "#0"}
			}
		},
		{
			"from": [6.31881, 0.60378, 12.54259],
			"to": [7.55996, 0.93878, 20.9875],
			"rotation": {"angle": 0, "axis": "y", "origin": [13.61967, 5.22458, 19.84346]},
			"faces": {
				"north": {"uv": [2.5, 4.5, 3.74115, 4.83501], "texture": "#0"},
				"east": {"uv": [0, 0, 8.44491, 0.33501], "texture": "#0"},
				"south": {"uv": [0.5, 3, 1.74115, 3.33501], "texture": "#0"},
				"west": {"uv": [0, 2.5, 8.44491, 2.83501], "texture": "#0"},
				"up": {"uv": [8.24115, 0, 7, 8.44491], "texture": "#0"},
				"down": {"uv": [7.24115, 0, 6, 8.44491], "texture": "#0"}
			}
		},
		{
			"from": [11.01041, 0.39849, 11.45811],
			"to": [11.82957, 0.6196, 17.03175],
			"rotation": {"angle": 0, "axis": "y", "origin": [15.82898, 3.44822, 16.27668]},
			"faces": {
				"north": {"uv": [2.5, 4.5, 3.31916, 4.72111], "texture": "#0"},
				"east": {"uv": [0, 0, 5.57364, 0.22111], "texture": "#0"},
				"south": {"uv": [0.5, 3, 1.31916, 3.22111], "texture": "#0"},
				"west": {"uv": [0, 2.5, 5.57364, 2.72111], "texture": "#0"},
				"up": {"uv": [7.81916, 0, 7, 5.57364], "texture": "#0"},
				"down": {"uv": [6.81916, 0, 6, 5.57364], "texture": "#0"}
			}
		},
		{
			"from": [1.55043, 0.39849, 0.88825],
			"to": [2.36959, 0.6196, 6.46189],
			"rotation": {"angle": 0, "axis": "y", "origin": [-2.44898, 3.44822, 1.64332]},
			"faces": {
				"north": {"uv": [2.5, 4.5, 3.31916, 4.72111], "texture": "#0"},
				"east": {"uv": [0, 0, 5.57364, 0.22111], "texture": "#0"},
				"south": {"uv": [0.5, 3, 1.31916, 3.22111], "texture": "#0"},
				"west": {"uv": [0, 2.5, 5.57364, 2.72111], "texture": "#0"},
				"up": {"uv": [7.81916, 0, 7, 5.57364], "texture": "#0"},
				"down": {"uv": [6.81916, 0, 6, 5.57364], "texture": "#0"}
			}
		},
		{
			"from": [-1.82856, 0.32676, 17.30582],
			"to": [2.74183, 0.50807, 17.97753],
			"rotation": {"angle": -45, "axis": "y", "origin": [3.38218, 0.44775, 17.3067]},
			"faces": {
				"north": {"uv": [2.5, 4.5, 7.07038, 4.68131], "texture": "#0"},
				"east": {"uv": [0, 0, 0.67171, 0.18131], "texture": "#0"},
				"south": {"uv": [0.5, 3, 5.07038, 3.18131], "texture": "#0"},
				"west": {"uv": [0, 2.5, 0.67171, 2.68131], "texture": "#0"},
				"up": {"uv": [7.67171, 0, 7, 4.57038], "rotation": 270, "texture": "#0"},
				"down": {"uv": [6.67171, 0, 6, 4.57038], "rotation": 90, "texture": "#0"}
			}
		},
		{
			"from": [0.57881, 0.76122, 2.24259],
			"to": [1.81996, 1.09622, 12.0075],
			"rotation": {"angle": 0, "axis": "y", "origin": [7.87967, -3.52458, 9.54346]},
			"faces": {
				"north": {"uv": [2.5, 4.5, 3.74115, 4.83501], "texture": "#0"},
				"east": {"uv": [0, 0, 9.76491, 0.33501], "texture": "#0"},
				"south": {"uv": [0.5, 3, 1.74115, 3.33501], "texture": "#0"},
				"west": {"uv": [0, 2.5, 9.76491, 2.83501], "texture": "#0"},
				"up": {"uv": [8.24115, 0, 7, 9.76491], "texture": "#0"},
				"down": {"uv": [7.24115, 0, 6, 9.76491], "texture": "#0"}
			}
		},
		{
			"from": [7.22201, 0.5024, 4.66011],
			"to": [8.04117, 0.72351, 11.10495],
			"rotation": {"angle": 0, "axis": "y", "origin": [12.04058, -2.32622, 9.47868]},
			"faces": {
				"north": {"uv": [2.5, 4.5, 3.31916, 4.72111], "texture": "#0"},
				"east": {"uv": [0, 0, 6.44484, 0.22111], "texture": "#0"},
				"south": {"uv": [0.5, 3, 1.31916, 3.22111], "texture": "#0"},
				"west": {"uv": [0, 2.5, 6.44484, 2.72111], "texture": "#0"},
				"up": {"uv": [7.81916, 0, 7, 6.44484], "texture": "#0"},
				"down": {"uv": [6.81916, 0, 6, 6.44484], "texture": "#0"}
			}
		},
		{
			"from": [5.33883, 0.5024, 6.81505],
			"to": [6.15799, 0.72351, 13.25989],
			"rotation": {"angle": 0, "axis": "y", "origin": [1.33942, -2.32622, 8.44132]},
			"faces": {
				"north": {"uv": [2.5, 4.5, 3.31916, 4.72111], "texture": "#0"},
				"east": {"uv": [0, 0, 6.44484, 0.22111], "texture": "#0"},
				"south": {"uv": [0.5, 3, 1.31916, 3.22111], "texture": "#0"},
				"west": {"uv": [0, 2.5, 6.44484, 2.72111], "texture": "#0"},
				"up": {"uv": [7.81916, 0, 7, 6.44484], "texture": "#0"},
				"down": {"uv": [6.81916, 0, 6, 6.44484], "texture": "#0"}
			}
		},
		{
			"from": [3.03142, 0.41197, 14.19933],
			"to": [8.31619, 0.59328, 14.87104],
			"rotation": {"angle": -45, "axis": "y", "origin": [3.38218, 0.44775, 17.3067]},
			"faces": {
				"north": {"uv": [2.5, 4.5, 7.78477, 4.68131], "texture": "#0"},
				"east": {"uv": [0, 0, 0.67171, 0.18131], "texture": "#0"},
				"south": {"uv": [0.5, 3, 5.78477, 3.18131], "texture": "#0"},
				"west": {"uv": [0, 2.5, 0.67171, 2.68131], "texture": "#0"},
				"up": {"uv": [7.67171, 0, 7, 5.28477], "rotation": 270, "texture": "#0"},
				"down": {"uv": [6.67171, 0, 6, 5.28477], "rotation": 90, "texture": "#0"}
			}
		},
		{
			"from": [2.87881, 0.56378, 2.24259],
			"to": [4.11996, 0.89878, 12.0075],
			"rotation": {"angle": 0, "axis": "y", "origin": [10.17967, 5.18458, 9.54346]},
			"faces": {
				"north": {"uv": [2.5, 4.5, 3.74115, 4.83501], "texture": "#0"},
				"east": {"uv": [0, 0, 9.76491, 0.33501], "texture": "#0"},
				"south": {"uv": [0.5, 3, 1.74115, 3.33501], "texture": "#0"},
				"west": {"uv": [0, 2.5, 9.76491, 2.83501], "texture": "#0"},
				"up": {"uv": [8.24115, 0, 7, 9.76491], "texture": "#0"},
				"down": {"uv": [7.24115, 0, 6, 9.76491], "texture": "#0"}
			}
		},
		{
			"from": [8.74001, 0.37209, 4.66011],
			"to": [9.55917, 0.5932, 11.10495],
			"rotation": {"angle": 0, "axis": "y", "origin": [13.55858, 3.42182, 9.47868]},
			"faces": {
				"north": {"uv": [2.5, 4.5, 3.31916, 4.72111], "texture": "#0"},
				"east": {"uv": [0, 0, 6.44484, 0.22111], "texture": "#0"},
				"south": {"uv": [0.5, 3, 1.31916, 3.22111], "texture": "#0"},
				"west": {"uv": [0, 2.5, 6.44484, 2.72111], "texture": "#0"},
				"up": {"uv": [7.81916, 0, 7, 6.44484], "texture": "#0"},
				"down": {"uv": [6.81916, 0, 6, 6.44484], "texture": "#0"}
			}
		},
		{
			"from": [3.82083, 0.37209, 6.81505],
			"to": [4.63999, 0.5932, 13.25989],
			"rotation": {"angle": 0, "axis": "y", "origin": [-0.17858, 3.42182, 8.44132]},
			"faces": {
				"north": {"uv": [2.5, 4.5, 3.31916, 4.72111], "texture": "#0"},
				"east": {"uv": [0, 0, 6.44484, 0.22111], "texture": "#0"},
				"south": {"uv": [0.5, 3, 1.31916, 3.22111], "texture": "#0"},
				"west": {"uv": [0, 2.5, 6.44484, 2.72111], "texture": "#0"},
				"up": {"uv": [7.81916, 0, 7, 6.44484], "texture": "#0"},
				"down": {"uv": [6.81916, 0, 6, 6.44484], "texture": "#0"}
			}
		},
		{
			"from": [3.03142, 0.30512, 15.44409],
			"to": [8.31619, 0.48642, 16.1158],
			"rotation": {"angle": -45, "axis": "y", "origin": [3.38218, 0.44775, 17.3067]},
			"faces": {
				"north": {"uv": [2.5, 4.5, 7.78477, 4.68131], "texture": "#0"},
				"east": {"uv": [0, 0, 0.67171, 0.18131], "texture": "#0"},
				"south": {"uv": [0.5, 3, 5.78477, 3.18131], "texture": "#0"},
				"west": {"uv": [0, 2.5, 0.67171, 2.68131], "texture": "#0"},
				"up": {"uv": [7.67171, 0, 7, 5.28477], "rotation": 270, "texture": "#0"},
				"down": {"uv": [6.67171, 0, 6, 5.28477], "rotation": 90, "texture": "#0"}
			}
		},
		{
			"from": [2.29894, 1.2832, 4.21811],
			"to": [4.18989, 1.7936, 19.09539],
			"rotation": {"angle": 0, "axis": "y", "origin": [13.42214, 8.3232, 15.34131]},
			"faces": {
				"north": {"uv": [2.5, 4.5, 4.39094, 5.0104], "texture": "#0"},
				"east": {"uv": [0, 0, 14.87728, 0.5104], "texture": "#0"},
				"south": {"uv": [0.5, 3, 2.39094, 3.5104], "texture": "#0"},
				"west": {"uv": [0, 2.5, 14.87728, 3.0104], "texture": "#0"},
				"up": {"uv": [8.89094, 0, 7, 14.87728], "texture": "#0"},
				"down": {"uv": [7.89094, 0, 6, 14.87728], "texture": "#0"}
			}
		},
		{
			"from": [8.3573, 0.84691, 5.96395],
			"to": [9.60533, 1.18378, 15.78296],
			"rotation": {"angle": 0, "axis": "y", "origin": [15.69862, 5.49331, 13.30527]},
			"faces": {
				"north": {"uv": [2.5, 4.5, 3.74802, 4.83686], "texture": "#0"},
				"east": {"uv": [0, 0, 9.819, 0.33686], "texture": "#0"},
				"south": {"uv": [0.5, 3, 1.74802, 3.33686], "texture": "#0"},
				"west": {"uv": [0, 2.5, 9.819, 2.83686], "texture": "#0"},
				"up": {"uv": [8.24802, 0, 7, 9.819], "texture": "#0"},
				"down": {"uv": [7.24802, 0, 6, 9.819], "texture": "#0"}
			}
		},
		{
			"from": [3.77467, 0.84691, 2.13704],
			"to": [5.0227, 1.18378, 11.95605],
			"rotation": {"angle": 0, "axis": "y", "origin": [-2.31862, 5.49331, 4.61473]},
			"faces": {
				"north": {"uv": [2.5, 4.5, 3.74802, 4.83686], "texture": "#0"},
				"east": {"uv": [0, 0, 9.819, 0.33686], "texture": "#0"},
				"south": {"uv": [0.5, 3, 1.74802, 3.33686], "texture": "#0"},
				"west": {"uv": [0, 2.5, 9.819, 2.83686], "texture": "#0"},
				"up": {"uv": [8.24802, 0, 7, 9.819], "texture": "#0"},
				"down": {"uv": [7.24802, 0, 6, 9.819], "texture": "#0"}
			}
		},
		{
			"from": [-0.80455, 0.69447, 15.13027],
			"to": [7.24704, 0.9707, 16.15365],
			"rotation": {"angle": -45, "axis": "y", "origin": [3.38218, 0.44775, 17.3067]},
			"faces": {
				"north": {"uv": [2.5, 4.5, 10.55158, 4.77623], "texture": "#0"},
				"east": {"uv": [0, 0, 1.02338, 0.27623], "texture": "#0"},
				"south": {"uv": [0.5, 3, 8.55158, 3.27623], "texture": "#0"},
				"west": {"uv": [0, 2.5, 1.02338, 2.77623], "texture": "#0"},
				"up": {"uv": [8.02338, 0, 7, 8.05158], "rotation": 270, "texture": "#0"},
				"down": {"uv": [7.02338, 0, 6, 8.05158], "rotation": 90, "texture": "#0"}
			}
		},
		{
			"from": [4.59894, -0.1336, 4.21811],
			"to": [6.48989, 0.3768, 19.09539],
			"rotation": {"angle": 0, "axis": "y", "origin": [15.72214, -6.6632, 15.34131]},
			"faces": {
				"north": {"uv": [2.5, 4.5, 4.39094, 5.0104], "texture": "#0"},
				"east": {"uv": [0, 0, 14.87728, 0.5104], "texture": "#0"},
				"south": {"uv": [0.5, 3, 2.39094, 3.5104], "texture": "#0"},
				"west": {"uv": [0, 2.5, 14.87728, 3.0104], "texture": "#0"},
				"up": {"uv": [8.89094, 0, 7, 14.87728], "texture": "#0"},
				"down": {"uv": [7.89094, 0, 6, 14.87728], "texture": "#0"}
			}
		},
		{
			"from": [9.8753, -0.08818, 5.96395],
			"to": [11.12333, 0.24869, 15.78296],
			"rotation": {"angle": 0, "axis": "y", "origin": [17.21662, -4.39771, 13.30527]},
			"faces": {
				"north": {"uv": [2.5, 4.5, 3.74802, 4.83686], "texture": "#0"},
				"east": {"uv": [0, 0, 9.819, 0.33686], "texture": "#0"},
				"south": {"uv": [0.5, 3, 1.74802, 3.33686], "texture": "#0"},
				"west": {"uv": [0, 2.5, 9.819, 2.83686], "texture": "#0"},
				"up": {"uv": [8.24802, 0, 7, 9.819], "texture": "#0"},
				"down": {"uv": [7.24802, 0, 6, 9.819], "texture": "#0"}
			}
		},
		{
			"from": [2.25667, -0.08818, 2.13704],
			"to": [3.5047, 0.24869, 11.95605],
			"rotation": {"angle": 0, "axis": "y", "origin": [-3.83662, -4.39771, 4.61473]},
			"faces": {
				"north": {"uv": [2.5, 4.5, 3.74802, 4.83686], "texture": "#0"},
				"east": {"uv": [0, 0, 9.819, 0.33686], "texture": "#0"},
				"south": {"uv": [0.5, 3, 1.74802, 3.33686], "texture": "#0"},
				"west": {"uv": [0, 2.5, 9.819, 2.83686], "texture": "#0"},
				"up": {"uv": [8.24802, 0, 7, 9.819], "texture": "#0"},
				"down": {"uv": [7.24802, 0, 6, 9.819], "texture": "#0"}
			}
		},
		{
			"from": [-0.80455, -0.0723, 16.37503],
			"to": [7.24704, 0.20392, 17.39841],
			"rotation": {"angle": -45, "axis": "y", "origin": [3.38218, 0.44775, 17.3067]},
			"faces": {
				"north": {"uv": [2.5, 4.5, 10.55158, 4.77623], "texture": "#0"},
				"east": {"uv": [0, 0, 1.02338, 0.27623], "texture": "#0"},
				"south": {"uv": [0.5, 3, 8.55158, 3.27623], "texture": "#0"},
				"west": {"uv": [0, 2.5, 1.02338, 2.77623], "texture": "#0"},
				"up": {"uv": [8.02338, 0, 7, 8.05158], "rotation": 270, "texture": "#0"},
				"down": {"uv": [7.02338, 0, 6, 8.05158], "rotation": 90, "texture": "#0"}
			}
		},
		{
			"from": [5.788, 0.2, 3.9868],
			"to": [7.9368, 0.78, 20.8928],
			"rotation": {"angle": 0, "axis": "y", "origin": [18.428, -7.22, 16.6268]},
			"faces": {
				"north": {"uv": [2.5, 4.5, 4.6488, 5.08], "texture": "#0"},
				"east": {"uv": [0, 0, 16, 0.58], "texture": "#0"},
				"south": {"uv": [0.5, 3, 2.6488, 3.58], "texture": "#0"},
				"west": {"uv": [0, 2.5, 16, 3.08], "texture": "#0"},
				"up": {"uv": [9.1488, 0, 7, 16], "texture": "#0"},
				"down": {"uv": [8.1488, 0, 6, 16], "texture": "#0"}
			}
		},
		{
			"from": [10.66008, 0.132, 5.81129],
			"to": [12.07829, 0.5148, 16.96925],
			"rotation": {"angle": 0, "axis": "y", "origin": [19.00248, -4.7652, 14.15369]},
			"faces": {
				"north": {"uv": [2.5, 4.5, 3.91821, 4.8828], "texture": "#0"},
				"east": {"uv": [0, 0, 11.15796, 0.3828], "texture": "#0"},
				"south": {"uv": [0.5, 3, 1.91821, 3.3828], "texture": "#0"},
				"west": {"uv": [0, 2.5, 11.15796, 2.8828], "texture": "#0"},
				"up": {"uv": [8.41821, 0, 7, 11.15796], "texture": "#0"},
				"down": {"uv": [7.41821, 0, 6, 11.15796], "texture": "#0"}
			}
		},
		{
			"from": [1.30171, 0.132, 0.95075],
			"to": [2.71992, 0.5148, 12.10871],
			"rotation": {"angle": 0, "axis": "y", "origin": [-5.62248, -4.7652, 3.76631]},
			"faces": {
				"north": {"uv": [2.5, 4.5, 3.91821, 4.8828], "texture": "#0"},
				"east": {"uv": [0, 0, 11.15796, 0.3828], "texture": "#0"},
				"south": {"uv": [0.5, 3, 1.91821, 3.3828], "texture": "#0"},
				"west": {"uv": [0, 2.5, 11.15796, 2.8828], "texture": "#0"},
				"up": {"uv": [8.41821, 0, 7, 11.15796], "texture": "#0"},
				"down": {"uv": [7.41821, 0, 6, 11.15796], "texture": "#0"}
			}
		},
		{
			"from": [-1.77731, 0.10824, 17.01855],
			"to": [7.37222, 0.42214, 18.18148],
			"rotation": {"angle": -45, "axis": "y", "origin": [3.38218, 0.44775, 17.3067]},
			"faces": {
				"north": {"uv": [2.5, 4.5, 11.64953, 4.8139], "texture": "#0"},
				"east": {"uv": [0, 0, 1.16293, 0.3139], "texture": "#0"},
				"south": {"uv": [0.5, 3, 9.64953, 3.3139], "texture": "#0"},
				"west": {"uv": [0, 2.5, 1.16293, 2.8139], "texture": "#0"},
				"up": {"uv": [8.16293, 0, 7, 9.14953], "rotation": 270, "texture": "#0"},
				"down": {"uv": [7.16293, 0, 6, 9.14953], "rotation": 90, "texture": "#0"}
			}
		},
		{
			"from": [8.088, 0.88, 3.9868],
			"to": [10.2368, 1.46, 20.8928],
			"rotation": {"angle": 0, "axis": "y", "origin": [20.728, 8.88, 16.6268]},
			"faces": {
				"north": {"uv": [2.5, 4.5, 4.6488, 5.08], "texture": "#0"},
				"east": {"uv": [0, 0, 16, 0.58], "texture": "#0"},
				"south": {"uv": [0.5, 3, 2.6488, 3.58], "texture": "#0"},
				"west": {"uv": [0, 2.5, 16, 3.08], "texture": "#0"},
				"up": {"uv": [9.1488, 0, 7, 16], "texture": "#0"},
				"down": {"uv": [8.1488, 0, 6, 16], "texture": "#0"}
			}
		},
		{
			"from": [12.17808, 0.5808, 5.81129],
			"to": [13.59629, 0.9636, 16.96925],
			"rotation": {"angle": 0, "axis": "y", "origin": [20.52048, 5.8608, 14.15369]},
			"faces": {
				"north": {"uv": [2.5, 4.5, 3.91821, 4.8828], "texture": "#0"},
				"east": {"uv": [0, 0, 11.15796, 0.3828], "texture": "#0"},
				"south": {"uv": [0.5, 3, 1.91821, 3.3828], "texture": "#0"},
				"west": {"uv": [0, 2.5, 11.15796, 2.8828], "texture": "#0"},
				"up": {"uv": [8.41821, 0, 7, 11.15796], "texture": "#0"},
				"down": {"uv": [7.41821, 0, 6, 11.15796], "texture": "#0"}
			}
		},
		{
			"from": [-0.83629, 0.0808, 5.13075],
			"to": [0.58192, 0.4636, 16.28871],
			"rotation": {"angle": 0, "axis": "y", "origin": [-7.76048, 5.3608, 7.94631]},
			"faces": {
				"north": {"uv": [2.5, 4.5, 3.91821, 4.8828], "texture": "#0"},
				"east": {"uv": [0, 0, 11.15796, 0.3828], "texture": "#0"},
				"south": {"uv": [0.5, 3, 1.91821, 3.3828], "texture": "#0"},
				"west": {"uv": [0, 2.5, 11.15796, 2.8828], "texture": "#0"},
				"up": {"uv": [8.41821, 0, 7, 11.15796], "texture": "#0"},
				"down": {"uv": [7.41821, 0, 6, 11.15796], "texture": "#0"}
			}
		},
		{
			"from": [-1.77731, 0.47626, 18.26331],
			"to": [7.37222, 0.79015, 19.42624],
			"rotation": {"angle": -45, "axis": "y", "origin": [3.38218, 0.44775, 17.3067]},
			"faces": {
				"north": {"uv": [2.5, 4.5, 11.64953, 4.8139], "texture": "#0"},
				"east": {"uv": [0, 0, 1.16293, 0.3139], "texture": "#0"},
				"south": {"uv": [0.5, 3, 9.64953, 3.3139], "texture": "#0"},
				"west": {"uv": [0, 2.5, 1.16293, 2.8139], "texture": "#0"},
				"up": {"uv": [8.16293, 0, 7, 9.14953], "rotation": 270, "texture": "#0"},
				"down": {"uv": [7.16293, 0, 6, 9.14953], "rotation": 90, "texture": "#0"}
			}
		},
		{
			"from": [3.8884, 1, 2.2172],
			"to": [6.0372, 1.58, 19.1232],
			"rotation": {"angle": 0, "axis": "y", "origin": [16.5284, 9, 14.8572]},
			"faces": {
				"north": {"uv": [2.5, 4.5, 4.6488, 5.08], "texture": "#0"},
				"east": {"uv": [0, 0, 16, 0.58], "texture": "#0"},
				"south": {"uv": [0.5, 3, 2.6488, 3.58], "texture": "#0"},
				"west": {"uv": [0, 2.5, 16, 3.08], "texture": "#0"},
				"up": {"uv": [9.1488, 0, 7, 16], "texture": "#0"},
				"down": {"uv": [8.1488, 0, 6, 16], "texture": "#0"}
			}
		},
		{
			"from": [9.40634, 0.66, 4.64335],
			"to": [10.82455, 1.0428, 15.80131],
			"rotation": {"angle": 0, "axis": "y", "origin": [17.74874, 5.94, 12.98575]},
			"faces": {
				"north": {"uv": [2.5, 4.5, 3.91821, 4.8828], "texture": "#0"},
				"east": {"uv": [0, 0, 11.15796, 0.3828], "texture": "#0"},
				"south": {"uv": [0.5, 3, 1.91821, 3.3828], "texture": "#0"},
				"west": {"uv": [0, 2.5, 11.15796, 2.8828], "texture": "#0"},
				"up": {"uv": [8.41821, 0, 7, 11.15796], "texture": "#0"},
				"down": {"uv": [7.41821, 0, 6, 11.15796], "texture": "#0"}
			}
		},
		{
			"from": [2.55545, 0.66, 2.11869],
			"to": [3.97366, 1.0428, 13.27665],
			"rotation": {"angle": 0, "axis": "y", "origin": [-4.36874, 5.94, 4.93425]},
			"faces": {
				"north": {"uv": [2.5, 4.5, 3.91821, 4.8828], "texture": "#0"},
				"east": {"uv": [0, 0, 11.15796, 0.3828], "texture": "#0"},
				"south": {"uv": [0.5, 3, 1.91821, 3.3828], "texture": "#0"},
				"west": {"uv": [0, 2.5, 11.15796, 2.8828], "texture": "#0"},
				"up": {"uv": [8.41821, 0, 7, 11.15796], "texture": "#0"},
				"down": {"uv": [7.41821, 0, 6, 11.15796], "texture": "#0"}
			}
		},
		{
			"from": [-0.8196, 0.5412, 15.99048],
			"to": [8.32993, 0.8551, 17.15341],
			"rotation": {"angle": -45, "axis": "y", "origin": [3.38218, 0.44775, 17.3067]},
			"faces": {
				"north": {"uv": [2.5, 4.5, 11.64953, 4.8139], "texture": "#0"},
				"east": {"uv": [0, 0, 1.16293, 0.3139], "texture": "#0"},
				"south": {"uv": [0.5, 3, 9.64953, 3.3139], "texture": "#0"},
				"west": {"uv": [0, 2.5, 1.16293, 2.8139], "texture": "#0"},
				"up": {"uv": [8.16293, 0, 7, 9.14953], "rotation": 270, "texture": "#0"},
				"down": {"uv": [7.16293, 0, 6, 9.14953], "rotation": 90, "texture": "#0"}
			}
		},
		{
			"from": [5.5284, 0, 2.2172],
			"to": [7.6772, 0.58, 19.1232],
			"rotation": {"angle": 0, "axis": "y", "origin": [18.1684, -7.42, 14.8572]},
			"faces": {
				"north": {"uv": [5.5, 5.5, 7.5, 6], "texture": "#0"},
				"east": {"uv": [0, 0, 16, 0.58], "texture": "#0"},
				"south": {"uv": [0.5, 3, 2.6488, 3.58], "texture": "#0"},
				"west": {"uv": [0, 2.5, 16, 3.08], "texture": "#0"},
				"up": {"uv": [9.1488, 0, 7, 16], "texture": "#0"},
				"down": {"uv": [8.1488, 0, 6, 16], "texture": "#0"}
			}
		},
		{
			"from": [10.48874, 0, 4.64335],
			"to": [11.90695, 0.3828, 15.80131],
			"rotation": {"angle": 0, "axis": "y", "origin": [18.83114, -4.8972, 12.98575]},
			"faces": {
				"north": {"uv": [2.5, 4.5, 3.91821, 4.8828], "texture": "#0"},
				"east": {"uv": [0, 0, 11.15796, 0.3828], "texture": "#0"},
				"south": {"uv": [0.5, 3, 1.91821, 3.3828], "texture": "#0"},
				"west": {"uv": [0, 2.5, 11.15796, 2.8828], "texture": "#0"},
				"up": {"uv": [8.41821, 0, 7, 11.15796], "texture": "#0"},
				"down": {"uv": [7.41821, 0, 6, 11.15796], "texture": "#0"}
			}
		},
		{
			"from": [1.47305, 0, 2.11869],
			"to": [2.89126, 0.3828, 13.27665],
			"rotation": {"angle": 0, "axis": "y", "origin": [-5.45114, -4.8972, 4.93425]},
			"faces": {
				"north": {"uv": [2.5, 4.5, 3.91821, 4.8828], "texture": "#0"},
				"east": {"uv": [0, 0, 11.15796, 0.3828], "texture": "#0"},
				"south": {"uv": [0.5, 3, 1.91821, 3.3828], "texture": "#0"},
				"west": {"uv": [0, 2.5, 11.15796, 2.8828], "texture": "#0"},
				"up": {"uv": [8.41821, 0, 7, 11.15796], "texture": "#0"},
				"down": {"uv": [7.41821, 0, 6, 11.15796], "texture": "#0"}
			}
		},
		{
			"from": [-0.8196, 0, 16.87805],
			"to": [8.32993, 0.3139, 18.04098],
			"rotation": {"angle": -45, "axis": "y", "origin": [3.38218, 0.44775, 17.3067]},
			"faces": {
				"north": {"uv": [2.5, 4.5, 11.64953, 4.8139], "texture": "#0"},
				"east": {"uv": [0, 0, 1.16293, 0.3139], "texture": "#0"},
				"south": {"uv": [0.5, 3, 9.64953, 3.3139], "texture": "#0"},
				"west": {"uv": [0, 2.5, 1.16293, 2.8139], "texture": "#0"},
				"up": {"uv": [8.16293, 0, 7, 9.14953], "rotation": 270, "texture": "#0"},
				"down": {"uv": [7.16293, 0, 6, 9.14953], "rotation": 90, "texture": "#0"}
			}
		},
		{
			"from": [7.0876, 0.52, 2.5016],
			"to": [9.2364, 1.1, 19.4076],
			"rotation": {"angle": 0, "axis": "y", "origin": [19.7276, -6.9, 15.1416]},
			"faces": {
				"north": {"uv": [2.5, 4.5, 4.6488, 5.08], "texture": "#0"},
				"east": {"uv": [0, 0, 16, 0.58], "texture": "#0"},
				"south": {"uv": [0.5, 3, 2.6488, 3.58], "texture": "#0"},
				"west": {"uv": [0, 2.5, 16, 3.08], "texture": "#0"},
				"up": {"uv": [9.1488, 0, 7, 16], "texture": "#0"},
				"down": {"uv": [8.1488, 0, 6, 16], "texture": "#0"}
			}
		},
		{
			"from": [11.51782, 0.3432, 4.83106],
			"to": [12.93602, 0.726, 15.98902],
			"rotation": {"angle": 0, "axis": "y", "origin": [19.86022, -4.554, 13.17346]},
			"faces": {
				"north": {"uv": [2.5, 4.5, 3.91821, 4.8828], "texture": "#0"},
				"east": {"uv": [0, 0, 11.15796, 0.3828], "texture": "#0"},
				"south": {"uv": [0.5, 3, 1.91821, 3.3828], "texture": "#0"},
				"west": {"uv": [0, 2.5, 11.15796, 2.8828], "texture": "#0"},
				"up": {"uv": [8.41821, 0, 7, 11.15796], "texture": "#0"},
				"down": {"uv": [7.41821, 0, 6, 11.15796], "texture": "#0"}
			}
		},
		{
			"from": [0.44398, 0.3432, 1.93098],
			"to": [1.86218, 0.726, 13.08894],
			"rotation": {"angle": 0, "axis": "y", "origin": [-6.48022, -4.554, 4.74654]},
			"faces": {
				"north": {"uv": [2.5, 4.5, 3.91821, 4.8828], "texture": "#0"},
				"east": {"uv": [0, 0, 11.15796, 0.3828], "texture": "#0"},
				"south": {"uv": [0.5, 3, 1.91821, 3.3828], "texture": "#0"},
				"west": {"uv": [0, 2.5, 11.15796, 2.8828], "texture": "#0"},
				"up": {"uv": [8.41821, 0, 7, 11.15796], "texture": "#0"},
				"down": {"uv": [7.41821, 0, 6, 11.15796], "texture": "#0"}
			}
		},
		{
			"from": [5.54406, 0.28142, 12.95101],
			"to": [6.70699, 0.59532, 22.10053],
			"rotation": {"angle": 22.5, "axis": "y", "origin": [7.12218, 0.44775, 17.3067]},
			"faces": {
				"north": {"uv": [2.5, 4.5, 3.66293, 4.8139], "texture": "#0"},
				"east": {"uv": [0, 0, 9.14953, 0.3139], "texture": "#0"},
				"south": {"uv": [0.5, 3, 1.66293, 3.3139], "texture": "#0"},
				"west": {"uv": [0, 2.5, 9.14953, 2.8139], "texture": "#0"},
				"up": {"uv": [8.16293, 0, 7, 9.14953], "texture": "#0"},
				"down": {"uv": [7.16293, 0, 6, 9.14953], "texture": "#0"}
			}
		},
		{
			"from": [9.3876, 0.56, 2.5016],
			"to": [11.5364, 1.14, 19.4076],
			"rotation": {"angle": 0, "axis": "y", "origin": [22.0276, 8.56, 15.1416]},
			"faces": {
				"north": {"uv": [2.5, 4.5, 4.6488, 5.08], "texture": "#0"},
				"east": {"uv": [0, 0, 16, 0.58], "texture": "#0"},
				"south": {"uv": [0.5, 3, 2.6488, 3.58], "texture": "#0"},
				"west": {"uv": [0, 2.5, 16, 3.08], "texture": "#0"},
				"up": {"uv": [9.1488, 0, 7, 16], "texture": "#0"},
				"down": {"uv": [8.1488, 0, 6, 16], "texture": "#0"}
			}
		},
		{
			"from": [10.91582, 0.3696, 1.45106],
			"to": [12.33402, 0.7524, 12.60902],
			"rotation": {"angle": 45, "axis": "y", "origin": [11.62492, 0.561, 7.03004]},
			"faces": {
				"north": {"uv": [2.5, 4.5, 3.91821, 4.8828], "texture": "#0"},
				"east": {"uv": [0, 0, 11.15796, 0.3828], "texture": "#0"},
				"south": {"uv": [0.5, 3, 1.91821, 3.3828], "texture": "#0"},
				"west": {"uv": [0, 2.5, 11.15796, 2.8828], "texture": "#0"},
				"up": {"uv": [8.41821, 0, 7, 11.15796], "texture": "#0"},
				"down": {"uv": [7.41821, 0, 6, 11.15796], "texture": "#0"}
			}
		},
		{
			"from": [-1.07402, 0.3696, 1.93098],
			"to": [0.34418, 0.7524, 13.08894],
			"rotation": {"angle": 0, "axis": "y", "origin": [-7.99822, 5.6496, 4.74654]},
			"faces": {
				"north": {"uv": [2.5, 4.5, 3.91821, 4.8828], "texture": "#0"},
				"east": {"uv": [0, 0, 11.15796, 0.3828], "texture": "#0"},
				"south": {"uv": [0.5, 3, 1.91821, 3.3828], "texture": "#0"},
				"west": {"uv": [0, 2.5, 11.15796, 2.8828], "texture": "#0"},
				"up": {"uv": [8.41821, 0, 7, 11.15796], "texture": "#0"},
				"down": {"uv": [7.41821, 0, 6, 11.15796], "texture": "#0"}
			}
		},
		{
			"from": [-0.97352, 0.30307, 18.96665],
			"to": [8.17601, 0.61697, 20.12958],
			"rotation": {"angle": -45, "axis": "y", "origin": [3.38218, 0.44775, 17.3067]},
			"faces": {
				"north": {"uv": [2.5, 4.5, 11.64953, 4.8139], "texture": "#0"},
				"east": {"uv": [0, 0, 1.16293, 0.3139], "texture": "#0"},
				"south": {"uv": [0.5, 3, 9.64953, 3.3139], "texture": "#0"},
				"west": {"uv": [0, 2.5, 1.16293, 2.8139], "texture": "#0"},
				"up": {"uv": [8.16293, 0, 7, 9.14953], "rotation": 270, "texture": "#0"},
				"down": {"uv": [7.16293, 0, 6, 9.14953], "rotation": 90, "texture": "#0"}
			}
		},
		{
			"from": [5.25694, 0.30307, 2.1879],
			"to": [14.40647, 0.61697, 3.35083],
			"rotation": {"angle": -22.5, "axis": "y", "origin": [9.07133, 0.41145, 3.86797]},
			"faces": {
				"north": {"uv": [2.5, 4.5, 11.64953, 4.8139], "texture": "#0"},
				"east": {"uv": [0, 0, 1.16293, 0.3139], "texture": "#0"},
				"south": {"uv": [0.5, 3, 9.64953, 3.3139], "texture": "#0"},
				"west": {"uv": [0, 2.5, 1.16293, 2.8139], "texture": "#0"},
				"up": {"uv": [8.16293, 0, 7, 9.14953], "rotation": 270, "texture": "#0"},
				"down": {"uv": [7.16293, 0, 6, 9.14953], "rotation": 90, "texture": "#0"}
			}
		}
	],
	"gui_light": "front",
	"display": {
		"thirdperson_righthand": {
			"rotation": [37, 0, 0],
			"translation": [-0.75, 3, 0.5],
			"scale": [0.29, 0.29, 0.29]
		},
		"thirdperson_lefthand": {
			"rotation": [47, 0, 0],
			"translation": [-2, 3, 0.5],
			"scale": [0.29, 0.29, 0.29]
		},
		"firstperson_righthand": {
			"rotation": [0, -90, 25],
			"translation": [1.13, 3.2, 1.13],
			"scale": [0.68, 0.68, 0.68]
		},
		"firstperson_lefthand": {
			"rotation": [0, -90, 25],
			"translation": [1.13, 3.2, 1.13],
			"scale": [0.68, 0.68, 0.68]
		},
		"ground": {
			"translation": [0, 8, 0],
			"scale": [0.5, 0.5, 0.5]
		},
		"gui": {
			"rotation": [48, -130, 15],
			"translation": [2.5, 7, 0],
			"scale": [0.625, 1.49, 0.58]
		},
		"head": {
			"rotation": [0, 180, 0],
			"translation": [0, -27.5, 2.5],
			"scale": [0.61, 1.84, 0.61]
		},
		"fixed": {
			"rotation": [-91, 180, 0],
			"translation": [-1, 2.75, -14.75],
			"scale": [0.77, 1.87, 0.77]
		}
	}
}