{
	"credit": "Made with Blockbench",
	"texture_size": [64, 64],
	"textures": {
		"0": "block/bottles",
		"particle": "block/bottles"
	},
	"elements": [
		{
			"name": "voxel",
			"from": [10.79365, 6.73016, 10.92063],
			"to": [11.04762, 6.85714, 11.1746],
			"faces": {
				"north": {"uv": [6.75, 8.5, 7, 8.75], "texture": "#0"},
				"east": {"uv": [7.25, 8.5, 7.5, 8.75], "texture": "#0"},
				"south": {"uv": [7.5, 8.5, 7.75, 8.75], "texture": "#0"},
				"west": {"uv": [8, 8.5, 8.25, 8.75], "texture": "#0"},
				"up": {"uv": [8.75, 8.75, 8.5, 8.5], "texture": "#0"},
				"down": {"uv": [8.75, 0, 8.5, 0.25], "texture": "#0"}
			}
		},
		{
			"name": "voxel",
			"from": [10.79365, 6.73016, 10.53968],
			"to": [11.30159, 6.85714, 10.92063],
			"faces": {
				"north": {"uv": [8.5, 0.25, 8.75, 0.5], "texture": "#0"},
				"east": {"uv": [8.5, 0.5, 8.75, 0.75], "texture": "#0"},
				"south": {"uv": [8.5, 0.75, 8.75, 1], "texture": "#0"},
				"west": {"uv": [8.5, 1, 8.75, 1.25], "texture": "#0"},
				"up": {"uv": [8.75, 1.5, 8.5, 1.25], "texture": "#0"},
				"down": {"uv": [8.75, 1.75, 8.5, 2], "texture": "#0"}
			}
		},
		{
			"name": "voxel",
			"from": [4.06349, 12.95238, 10.15873],
			"to": [4.57143, 13.20635, 10.79365],
			"faces": {
				"north": {"uv": [8.5, 2, 8.75, 2.25], "texture": "#0"},
				"east": {"uv": [8.5, 2.25, 8.75, 2.5], "texture": "#0"},
				"south": {"uv": [8.5, 2.5, 8.75, 2.75], "texture": "#0"},
				"west": {"uv": [8.5, 2.75, 8.75, 3], "texture": "#0"},
				"up": {"uv": [8.75, 3.25, 8.5, 3], "texture": "#0"},
				"down": {"uv": [8.75, 3.25, 8.5, 3.5], "texture": "#0"}
			}
		},
		{
			"name": "voxel",
			"from": [5.33333, 13.07937, 10.15873],
			"to": [5.84127, 13.20635, 10.79365],
			"faces": {
				"north": {"uv": [8.5, 3.5, 8.75, 3.75], "texture": "#0"},
				"east": {"uv": [8.5, 3.75, 8.75, 4], "texture": "#0"},
				"south": {"uv": [8.5, 4, 8.75, 4.25], "texture": "#0"},
				"west": {"uv": [8.5, 4.25, 8.75, 4.5], "texture": "#0"},
				"up": {"uv": [8.75, 4.75, 8.5, 4.5], "texture": "#0"},
				"down": {"uv": [8.75, 4.75, 8.5, 5], "texture": "#0"}
			}
		},
		{
			"name": "voxel",
			"from": [3.93651, 12.95238, 10.79365],
			"to": [6.09524, 13.20635, 11.04762],
			"faces": {
				"north": {"uv": [2, 4.25, 2.5, 4.5], "texture": "#0"},
				"east": {"uv": [8.5, 5, 8.75, 5.25], "texture": "#0"},
				"south": {"uv": [5, 3.5, 5.5, 3.75], "texture": "#0"},
				"west": {"uv": [8.5, 5.25, 8.75, 5.5], "texture": "#0"},
				"up": {"uv": [6, 1.5, 5.5, 1.25], "texture": "#0"},
				"down": {"uv": [6.5, 3.25, 6, 3.5], "texture": "#0"}
			}
		},
		{
			"name": "voxel",
			"from": [5.33333, 9.65079, 10.15873],
			"to": [5.46032, 9.77778, 10.79365],
			"faces": {
				"north": {"uv": [8.5, 5.5, 8.75, 5.75], "texture": "#0"},
				"east": {"uv": [8.5, 5.75, 8.75, 6], "texture": "#0"},
				"south": {"uv": [8.5, 6, 8.75, 6.25], "texture": "#0"},
				"west": {"uv": [8.5, 6.25, 8.75, 6.5], "texture": "#0"},
				"up": {"uv": [8.75, 6.75, 8.5, 6.5], "texture": "#0"},
				"down": {"uv": [8.75, 6.75, 8.5, 7], "texture": "#0"}
			}
		},
		{
			"name": "voxel",
			"from": [4.06349, 13.07937, 8.50794],
			"to": [4.69841, 13.20635, 9.01587],
			"faces": {
				"north": {"uv": [8.5, 7, 8.75, 7.25], "texture": "#0"},
				"east": {"uv": [8.5, 7.5, 8.75, 7.75], "texture": "#0"},
				"south": {"uv": [8.5, 7.75, 8.75, 8], "texture": "#0"},
				"west": {"uv": [8.5, 8.25, 8.75, 8.5], "texture": "#0"},
				"up": {"uv": [2, 9, 1.75, 8.75], "texture": "#0"},
				"down": {"uv": [2.25, 8.75, 2, 9], "texture": "#0"}
			}
		},
		{
			"name": "voxel",
			"from": [4.06349, 9.39683, 8.50794],
			"to": [4.69841, 9.52381, 8.88889],
			"faces": {
				"north": {"uv": [2.5, 8.75, 2.75, 9], "texture": "#0"},
				"east": {"uv": [3, 8.75, 3.25, 9], "texture": "#0"},
				"south": {"uv": [3.25, 8.75, 3.5, 9], "texture": "#0"},
				"west": {"uv": [3.5, 8.75, 3.75, 9], "texture": "#0"},
				"up": {"uv": [4, 9, 3.75, 8.75], "texture": "#0"},
				"down": {"uv": [4.25, 8.75, 4, 9], "texture": "#0"}
			}
		},
		{
			"name": "voxel",
			"from": [4.44444, 9.52381, 10.15873],
			"to": [4.57143, 11.04762, 10.79365],
			"faces": {
				"north": {"uv": [2.25, 0.75, 2.5, 1.25], "texture": "#0"},
				"east": {"uv": [3.5, 2, 3.75, 2.5], "texture": "#0"},
				"south": {"uv": [4.25, 5.25, 4.5, 5.75], "texture": "#0"},
				"west": {"uv": [6.25, 0, 6.5, 0.5], "texture": "#0"},
				"up": {"uv": [4.5, 9, 4.25, 8.75], "texture": "#0"},
				"down": {"uv": [4.75, 8.75, 4.5, 9], "texture": "#0"}
			}
		},
		{
			"name": "voxel",
			"from": [10.79365, 0.38095, 7.2381],
			"to": [12.06349, 3.42857, 8.50794],
			"faces": {
				"north": {"uv": [7.25, 3.75, 7.5, 4.5], "texture": "#0"},
				"east": {"uv": [7.25, 4.5, 7.5, 5.25], "texture": "#0"},
				"south": {"uv": [7.25, 5.25, 7.5, 6], "texture": "#0"},
				"west": {"uv": [2.5, 7.5, 2.75, 8.25], "texture": "#0"},
				"up": {"uv": [5, 9, 4.75, 8.75], "texture": "#0"},
				"down": {"uv": [5.25, 8.75, 5, 9], "texture": "#0"}
			}
		},
		{
			"name": "voxel",
			"from": [4.06349, 8.25397, 7.74603],
			"to": [4.44444, 9.39683, 8.88889],
			"faces": {
				"north": {"uv": [5.25, 8.75, 5.5, 9], "texture": "#0"},
				"east": {"uv": [5.5, 8.75, 5.75, 9], "texture": "#0"},
				"south": {"uv": [5.75, 8.75, 6, 9], "texture": "#0"},
				"west": {"uv": [6, 8.75, 6.25, 9], "texture": "#0"},
				"up": {"uv": [6.5, 9, 6.25, 8.75], "texture": "#0"},
				"down": {"uv": [6.75, 8.75, 6.5, 9], "texture": "#0"}
			}
		},
		{
			"name": "voxel",
			"from": [4.06349, 8.25397, 10.15873],
			"to": [4.57143, 9.52381, 10.79365],
			"faces": {
				"north": {"uv": [6.75, 8.75, 7, 9], "texture": "#0"},
				"east": {"uv": [7, 8.75, 7.25, 9], "texture": "#0"},
				"south": {"uv": [7.25, 8.75, 7.5, 9], "texture": "#0"},
				"west": {"uv": [7.5, 8.75, 7.75, 9], "texture": "#0"},
				"up": {"uv": [8, 9, 7.75, 8.75], "texture": "#0"},
				"down": {"uv": [8.25, 8.75, 8, 9], "texture": "#0"}
			}
		},
		{
			"name": "voxel",
			"from": [3.93651, 8.50794, 10.92063],
			"to": [5.96825, 9.39683, 12.19048],
			"faces": {
				"north": {"uv": [7.5, 3, 8, 3.25], "texture": "#0"},
				"east": {"uv": [8.25, 8.75, 8.5, 9], "texture": "#0"},
				"south": {"uv": [7.5, 3.25, 8, 3.5], "texture": "#0"},
				"west": {"uv": [8.5, 8.75, 8.75, 9], "texture": "#0"},
				"up": {"uv": [8, 6.5, 7.5, 6.25], "texture": "#0"},
				"down": {"uv": [8, 7, 7.5, 7.25], "texture": "#0"}
			}
		},
		{
			"name": "voxel",
			"from": [4.06349, 8.25397, 10.79365],
			"to": [5.84127, 9.39683, 10.92063],
			"faces": {
				"north": {"uv": [7.5, 7.25, 8, 7.5], "texture": "#0"},
				"east": {"uv": [8.75, 8.75, 9, 9], "texture": "#0"},
				"south": {"uv": [5.25, 7.75, 5.75, 8], "texture": "#0"},
				"west": {"uv": [8.75, 0, 9, 0.25], "texture": "#0"},
				"up": {"uv": [6.75, 8, 6.25, 7.75], "texture": "#0"},
				"down": {"uv": [7.75, 7.75, 7.25, 8], "texture": "#0"}
			}
		},
		{
			"name": "voxel",
			"from": [5.33333, 8.25397, 10.15873],
			"to": [5.84127, 9.65079, 10.79365],
			"faces": {
				"north": {"uv": [8.75, 0.25, 9, 0.5], "texture": "#0"},
				"east": {"uv": [8.75, 0.5, 9, 0.75], "texture": "#0"},
				"south": {"uv": [8.75, 0.75, 9, 1], "texture": "#0"},
				"west": {"uv": [8.75, 1, 9, 1.25], "texture": "#0"},
				"up": {"uv": [9, 1.5, 8.75, 1.25], "texture": "#0"},
				"down": {"uv": [9, 1.5, 8.75, 1.75], "texture": "#0"}
			}
		},
		{
			"name": "voxel",
			"from": [3.1746, 8.25397, 10.92063],
			"to": [6.85714, 8.50794, 12.19048],
			"faces": {
				"north": {"uv": [6.5, 6.25, 7.5, 6.5], "texture": "#0"},
				"east": {"uv": [8.75, 1.75, 9, 2], "texture": "#0"},
				"south": {"uv": [6.75, 6.75, 7.75, 7], "texture": "#0"},
				"west": {"uv": [8.75, 2, 9, 2.25], "texture": "#0"},
				"up": {"uv": [7.75, 0.25, 6.75, 0], "texture": "#0"},
				"down": {"uv": [7.75, 0.25, 6.75, 0.5], "texture": "#0"}
			}
		},
		{
			"name": "voxel",
			"from": [3.1746, 8.25397, 7.74603],
			"to": [4.06349, 9.39683, 10.92063],
			"faces": {
				"north": {"uv": [6.25, 6, 6.5, 6.25], "texture": "#0"},
				"east": {"uv": [5.75, 0.5, 6.5, 0.75], "texture": "#0"},
				"south": {"uv": [5.5, 8.5, 5.75, 8.75], "texture": "#0"},
				"west": {"uv": [7.25, 3.5, 8, 3.75], "texture": "#0"},
				"up": {"uv": [3.75, 5.25, 3.5, 4.5], "texture": "#0"},
				"down": {"uv": [2, 7.25, 1.75, 8], "texture": "#0"}
			}
		},
		{
			"name": "voxel",
			"from": [3.04762, 4.06349, 6.98413],
			"to": [3.1746, 6.22222, 12.57143],
			"faces": {
				"north": {"uv": [5.75, 7.75, 6, 8.25], "texture": "#0"},
				"east": {"uv": [4.5, 1.5, 6, 2], "texture": "#0"},
				"south": {"uv": [7.75, 7.75, 8, 8.25], "texture": "#0"},
				"west": {"uv": [4.5, 2, 6, 2.5], "texture": "#0"},
				"up": {"uv": [2.75, 7.5, 2.5, 6], "texture": "#0"},
				"down": {"uv": [6.25, 6, 6, 7.5], "texture": "#0"}
			}
		},
		{
			"name": "voxel",
			"from": [6.98413, 4.8254, 7.36508],
			"to": [7.11111, 6.22222, 8.63492],
			"faces": {
				"north": {"uv": [8.75, 2.25, 9, 2.5], "texture": "#0"},
				"east": {"uv": [8.75, 2.5, 9, 2.75], "texture": "#0"},
				"south": {"uv": [8.75, 2.75, 9, 3], "texture": "#0"},
				"west": {"uv": [8.75, 3, 9, 3.25], "texture": "#0"},
				"up": {"uv": [9, 3.5, 8.75, 3.25], "texture": "#0"},
				"down": {"uv": [9, 3.5, 8.75, 3.75], "texture": "#0"}
			}
		},
		{
			"name": "voxel",
			"from": [3.04762, 4.06349, 6.85714],
			"to": [6.85714, 6.22222, 6.98413],
			"faces": {
				"north": {"uv": [1.25, 0.75, 2.25, 1.25], "texture": "#0"},
				"east": {"uv": [7.75, 0, 8, 0.5], "texture": "#0"},
				"south": {"uv": [2.5, 2, 3.5, 2.5], "texture": "#0"},
				"west": {"uv": [7.75, 0.5, 8, 1], "texture": "#0"},
				"up": {"uv": [7.75, 0.75, 6.75, 0.5], "texture": "#0"},
				"down": {"uv": [7.75, 0.75, 6.75, 1], "texture": "#0"}
			}
		},
		{
			"name": "voxel",
			"from": [6.98413, 4.06349, 6.85714],
			"to": [7.11111, 6.22222, 7.36508],
			"faces": {
				"north": {"uv": [7.75, 1, 8, 1.5], "texture": "#0"},
				"east": {"uv": [7.75, 2.25, 8, 2.75], "texture": "#0"},
				"south": {"uv": [7.75, 3.75, 8, 4.25], "texture": "#0"},
				"west": {"uv": [7.75, 4.25, 8, 4.75], "texture": "#0"},
				"up": {"uv": [9, 4, 8.75, 3.75], "texture": "#0"},
				"down": {"uv": [9, 4, 8.75, 4.25], "texture": "#0"}
			}
		},
		{
			"name": "voxel",
			"from": [6.85714, 4.06349, 6.85714],
			"to": [6.98413, 6.22222, 8.63492],
			"faces": {
				"north": {"uv": [7.75, 4.75, 8, 5.25], "texture": "#0"},
				"east": {"uv": [3.25, 1.5, 3.75, 2], "texture": "#0"},
				"south": {"uv": [7.75, 5.25, 8, 5.75], "texture": "#0"},
				"west": {"uv": [4.5, 2.5, 5, 3], "texture": "#0"},
				"up": {"uv": [8, 6.25, 7.75, 5.75], "texture": "#0"},
				"down": {"uv": [8, 6.5, 7.75, 7], "texture": "#0"}
			}
		},
		{
			"name": "voxel",
			"from": [3.30159, 4.06349, 12.19048],
			"to": [6.85714, 6.22222, 12.31746],
			"faces": {
				"north": {"uv": [5.5, 0.75, 6.5, 1.25], "texture": "#0"},
				"east": {"uv": [0, 8, 0.25, 8.5], "texture": "#0"},
				"south": {"uv": [5.5, 3.5, 6.5, 4], "texture": "#0"},
				"west": {"uv": [1.25, 8, 1.5, 8.5], "texture": "#0"},
				"up": {"uv": [7.75, 1.25, 6.75, 1], "texture": "#0"},
				"down": {"uv": [7.75, 1.25, 6.75, 1.5], "texture": "#0"}
			}
		},
		{
			"name": "voxel",
			"from": [6.85714, 4.06349, 8.63492],
			"to": [7.11111, 6.22222, 12.31746],
			"faces": {
				"north": {"uv": [1.5, 8, 1.75, 8.5], "texture": "#0"},
				"east": {"uv": [5.5, 4, 6.5, 4.5], "texture": "#0"},
				"south": {"uv": [1.75, 8, 2, 8.5], "texture": "#0"},
				"west": {"uv": [4.25, 5.75, 5.25, 6.25], "texture": "#0"},
				"up": {"uv": [6, 3.5, 5.75, 2.5], "texture": "#0"},
				"down": {"uv": [7, 1.5, 6.75, 2.5], "texture": "#0"}
			}
		},
		{
			"name": "voxel",
			"from": [3.04762, 0.38095, 11.55556],
			"to": [3.1746, 1.26984, 12.19048],
			"faces": {
				"north": {"uv": [8.75, 4.25, 9, 4.5], "texture": "#0"},
				"east": {"uv": [8.75, 4.5, 9, 4.75], "texture": "#0"},
				"south": {"uv": [8.75, 4.75, 9, 5], "texture": "#0"},
				"west": {"uv": [8.75, 5, 9, 5.25], "texture": "#0"},
				"up": {"uv": [9, 5.5, 8.75, 5.25], "texture": "#0"},
				"down": {"uv": [9, 5.5, 8.75, 5.75], "texture": "#0"}
			}
		},
		{
			"name": "voxel",
			"from": [3.04762, 0.38095, 12.19048],
			"to": [3.42857, 1.26984, 12.31746],
			"faces": {
				"north": {"uv": [8.75, 5.75, 9, 6], "texture": "#0"},
				"east": {"uv": [8.75, 6, 9, 6.25], "texture": "#0"},
				"south": {"uv": [8.75, 6.25, 9, 6.5], "texture": "#0"},
				"west": {"uv": [8.75, 6.5, 9, 6.75], "texture": "#0"},
				"up": {"uv": [9, 7, 8.75, 6.75], "texture": "#0"},
				"down": {"uv": [9, 7, 8.75, 7.25], "texture": "#0"}
			}
		},
		{
			"name": "voxel",
			"from": [6.85714, 0.50794, 11.93651],
			"to": [6.98413, 1.26984, 12.19048],
			"faces": {
				"north": {"uv": [8.75, 7.25, 9, 7.5], "texture": "#0"},
				"east": {"uv": [8.75, 7.5, 9, 7.75], "texture": "#0"},
				"south": {"uv": [8.75, 7.75, 9, 8], "texture": "#0"},
				"west": {"uv": [8.75, 8, 9, 8.25], "texture": "#0"},
				"up": {"uv": [9, 8.5, 8.75, 8.25], "texture": "#0"},
				"down": {"uv": [9, 8.5, 8.75, 8.75], "texture": "#0"}
			}
		},
		{
			"name": "voxel",
			"from": [6.47619, 0.50794, 12.19048],
			"to": [6.98413, 1.26984, 12.31746],
			"faces": {
				"north": {"uv": [0, 9, 0.25, 9.25], "texture": "#0"},
				"east": {"uv": [0.25, 9, 0.5, 9.25], "texture": "#0"},
				"south": {"uv": [0.5, 9, 0.75, 9.25], "texture": "#0"},
				"west": {"uv": [0.75, 9, 1, 9.25], "texture": "#0"},
				"up": {"uv": [1.25, 9.25, 1, 9], "texture": "#0"},
				"down": {"uv": [1.5, 9, 1.25, 9.25], "texture": "#0"}
			}
		},
		{
			"name": "voxel",
			"from": [11.04762, 4.69841, 7.2381],
			"to": [12.06349, 4.8254, 7.36508],
			"faces": {
				"north": {"uv": [1.5, 9, 1.75, 9.25], "texture": "#0"},
				"east": {"uv": [1.75, 9, 2, 9.25], "texture": "#0"},
				"south": {"uv": [2, 9, 2.25, 9.25], "texture": "#0"},
				"west": {"uv": [2.25, 9, 2.5, 9.25], "texture": "#0"},
				"up": {"uv": [2.75, 9.25, 2.5, 9], "texture": "#0"},
				"down": {"uv": [3, 9, 2.75, 9.25], "texture": "#0"}
			}
		},
		{
			"name": "voxel",
			"from": [10.79365, 4.69841, 7.2381],
			"to": [11.04762, 4.8254, 8.50794],
			"faces": {
				"north": {"uv": [3, 9, 3.25, 9.25], "texture": "#0"},
				"east": {"uv": [3.25, 9, 3.5, 9.25], "texture": "#0"},
				"south": {"uv": [3.5, 9, 3.75, 9.25], "texture": "#0"},
				"west": {"uv": [3.75, 9, 4, 9.25], "texture": "#0"},
				"up": {"uv": [4.25, 9.25, 4, 9], "texture": "#0"},
				"down": {"uv": [4.5, 9, 4.25, 9.25], "texture": "#0"}
			}
		},
		{
			"name": "voxel",
			"from": [4.44444, 9.39683, 8.88889],
			"to": [4.69841, 11.42857, 9.01587],
			"faces": {
				"north": {"uv": [5.25, 8, 5.5, 8.5], "texture": "#0"},
				"east": {"uv": [5.5, 8, 5.75, 8.5], "texture": "#0"},
				"south": {"uv": [6.25, 8, 6.5, 8.5], "texture": "#0"},
				"west": {"uv": [6.5, 8, 6.75, 8.5], "texture": "#0"},
				"up": {"uv": [4.75, 9.25, 4.5, 9], "texture": "#0"},
				"down": {"uv": [5, 9, 4.75, 9.25], "texture": "#0"}
			}
		},
		{
			"name": "voxel",
			"from": [4.57143, 8.25397, 10.15873],
			"to": [5.33333, 13.20635, 10.79365],
			"faces": {
				"north": {"uv": [0.25, 6.5, 0.5, 7.75], "texture": "#0"},
				"east": {"uv": [0.5, 6.5, 0.75, 7.75], "texture": "#0"},
				"south": {"uv": [0.75, 6.5, 1, 7.75], "texture": "#0"},
				"west": {"uv": [1, 6.5, 1.25, 7.75], "texture": "#0"},
				"up": {"uv": [5.25, 9.25, 5, 9], "texture": "#0"},
				"down": {"uv": [5.5, 9, 5.25, 9.25], "texture": "#0"}
			}
		},
		{
			"name": "voxel",
			"from": [4.06349, 8.25397, 8.88889],
			"to": [4.44444, 11.42857, 9.01587],
			"faces": {
				"north": {"uv": [3, 7.5, 3.25, 8.25], "texture": "#0"},
				"east": {"uv": [3.25, 7.5, 3.5, 8.25], "texture": "#0"},
				"south": {"uv": [6, 7.5, 6.25, 8.25], "texture": "#0"},
				"west": {"uv": [7, 7.5, 7.25, 8.25], "texture": "#0"},
				"up": {"uv": [5.75, 9.25, 5.5, 9], "texture": "#0"},
				"down": {"uv": [6, 9, 5.75, 9.25], "texture": "#0"}
			}
		},
		{
			"name": "voxel",
			"from": [11.30159, 3.1746, 9.77778],
			"to": [11.80952, 6.73016, 9.90476],
			"faces": {
				"north": {"uv": [6.75, 2.5, 7, 3.5], "texture": "#0"},
				"east": {"uv": [6.75, 3.5, 7, 4.5], "texture": "#0"},
				"south": {"uv": [6.75, 4.5, 7, 5.5], "texture": "#0"},
				"west": {"uv": [6.75, 7, 7, 8], "texture": "#0"},
				"up": {"uv": [6.25, 9.25, 6, 9], "texture": "#0"},
				"down": {"uv": [6.5, 9, 6.25, 9.25], "texture": "#0"}
			}
		},
		{
			"name": "voxel",
			"from": [3.93651, 13.20635, 9.01587],
			"to": [4.06349, 14.73016, 10.15873],
			"faces": {
				"north": {"uv": [6.75, 8, 7, 8.5], "texture": "#0"},
				"east": {"uv": [7.25, 8, 7.5, 8.5], "texture": "#0"},
				"south": {"uv": [7.5, 8, 7.75, 8.5], "texture": "#0"},
				"west": {"uv": [8, 8, 8.25, 8.5], "texture": "#0"},
				"up": {"uv": [6.75, 9.25, 6.5, 9], "texture": "#0"},
				"down": {"uv": [7, 9, 6.75, 9.25], "texture": "#0"}
			}
		},
		{
			"name": "voxel",
			"from": [7.11111, 3.55556, 5.20635],
			"to": [8.25397, 4.8254, 7.36508],
			"faces": {
				"north": {"uv": [7, 9, 7.25, 9.25], "texture": "#0"},
				"east": {"uv": [7.75, 2.75, 8.25, 3], "texture": "#0"},
				"south": {"uv": [7.25, 9, 7.5, 9.25], "texture": "#0"},
				"west": {"uv": [8, 0, 8.5, 0.25], "texture": "#0"},
				"up": {"uv": [8.25, 0.75, 8, 0.25], "texture": "#0"},
				"down": {"uv": [8.25, 0.75, 8, 1.25], "texture": "#0"}
			}
		},
		{
			"name": "voxel",
			"from": [3.93651, 13.20635, 8.50794],
			"to": [4.69841, 14.73016, 9.01587],
			"faces": {
				"north": {"uv": [8, 2.25, 8.25, 2.75], "texture": "#0"},
				"east": {"uv": [8, 3, 8.25, 3.5], "texture": "#0"},
				"south": {"uv": [8, 3.5, 8.25, 4], "texture": "#0"},
				"west": {"uv": [8, 4, 8.25, 4.5], "texture": "#0"},
				"up": {"uv": [7.75, 9.25, 7.5, 9], "texture": "#0"},
				"down": {"uv": [8, 9, 7.75, 9.25], "texture": "#0"}
			}
		},
		{
			"name": "voxel",
			"from": [11.42857, 6.98413, 12.31746],
			"to": [11.68254, 9.14286, 12.44444],
			"faces": {
				"north": {"uv": [8, 4.5, 8.25, 5], "texture": "#0"},
				"east": {"uv": [8, 5, 8.25, 5.5], "texture": "#0"},
				"south": {"uv": [8, 5.5, 8.25, 6], "texture": "#0"},
				"west": {"uv": [8, 6, 8.25, 6.5], "texture": "#0"},
				"up": {"uv": [8.25, 9.25, 8, 9], "texture": "#0"},
				"down": {"uv": [8.5, 9, 8.25, 9.25], "texture": "#0"}
			}
		},
		{
			"name": "voxel",
			"from": [6.73016, 0.38095, 6.85714],
			"to": [6.85714, 1.14286, 6.98413],
			"faces": {
				"north": {"uv": [8.5, 9, 8.75, 9.25], "texture": "#0"},
				"east": {"uv": [8.75, 9, 9, 9.25], "texture": "#0"},
				"south": {"uv": [9, 9, 9.25, 9.25], "texture": "#0"},
				"west": {"uv": [9, 0, 9.25, 0.25], "texture": "#0"},
				"up": {"uv": [9.25, 0.5, 9, 0.25], "texture": "#0"},
				"down": {"uv": [9.25, 0.5, 9, 0.75], "texture": "#0"}
			}
		},
		{
			"name": "voxel",
			"from": [6.85714, 0.38095, 6.85714],
			"to": [7.11111, 1.14286, 7.2381],
			"faces": {
				"north": {"uv": [9, 0.75, 9.25, 1], "texture": "#0"},
				"east": {"uv": [9, 1, 9.25, 1.25], "texture": "#0"},
				"south": {"uv": [9, 1.25, 9.25, 1.5], "texture": "#0"},
				"west": {"uv": [9, 1.5, 9.25, 1.75], "texture": "#0"},
				"up": {"uv": [9.25, 2, 9, 1.75], "texture": "#0"},
				"down": {"uv": [9.25, 2, 9, 2.25], "texture": "#0"}
			}
		},
		{
			"name": "voxel",
			"from": [3.93651, 13.20635, 8.38095],
			"to": [5.84127, 14.73016, 8.50794],
			"faces": {
				"north": {"uv": [5.75, 0, 6.25, 0.5], "texture": "#0"},
				"east": {"uv": [8, 6.5, 8.25, 7], "texture": "#0"},
				"south": {"uv": [6, 2.75, 6.5, 3.25], "texture": "#0"},
				"west": {"uv": [8, 7, 8.25, 7.5], "texture": "#0"},
				"up": {"uv": [8.5, 1.5, 8, 1.25], "texture": "#0"},
				"down": {"uv": [8.5, 7.5, 8, 7.75], "texture": "#0"}
			}
		},
		{
			"name": "voxel",
			"from": [11.42857, 9.14286, 11.80952],
			"to": [11.68254, 9.26984, 12.44444],
			"faces": {
				"north": {"uv": [9, 2.25, 9.25, 2.5], "texture": "#0"},
				"east": {"uv": [9, 2.5, 9.25, 2.75], "texture": "#0"},
				"south": {"uv": [9, 2.75, 9.25, 3], "texture": "#0"},
				"west": {"uv": [9, 3, 9.25, 3.25], "texture": "#0"},
				"up": {"uv": [9.25, 3.5, 9, 3.25], "texture": "#0"},
				"down": {"uv": [9.25, 3.5, 9, 3.75], "texture": "#0"}
			}
		},
		{
			"name": "voxel",
			"from": [5.84127, 13.20635, 8.38095],
			"to": [6.09524, 14.73016, 10.15873],
			"faces": {
				"north": {"uv": [2.5, 8.25, 2.75, 8.75], "texture": "#0"},
				"east": {"uv": [6.75, 5.5, 7.25, 6], "texture": "#0"},
				"south": {"uv": [3, 8.25, 3.25, 8.75], "texture": "#0"},
				"west": {"uv": [7, 7, 7.5, 7.5], "texture": "#0"},
				"up": {"uv": [3.5, 8.75, 3.25, 8.25], "texture": "#0"},
				"down": {"uv": [6, 8.25, 5.75, 8.75], "texture": "#0"}
			}
		},
		{
			"name": "voxel",
			"from": [8.7619, 6.98413, 5.71429],
			"to": [8.88889, 8.12698, 6.98413],
			"faces": {
				"north": {"uv": [9, 3.75, 9.25, 4], "texture": "#0"},
				"east": {"uv": [9, 4, 9.25, 4.25], "texture": "#0"},
				"south": {"uv": [9, 4.25, 9.25, 4.5], "texture": "#0"},
				"west": {"uv": [9, 4.5, 9.25, 4.75], "texture": "#0"},
				"up": {"uv": [9.25, 5, 9, 4.75], "texture": "#0"},
				"down": {"uv": [9.25, 5, 9, 5.25], "texture": "#0"}
			}
		},
		{
			"name": "voxel",
			"from": [10.92063, 6.73016, 11.30159],
			"to": [11.04762, 9.14286, 11.80952],
			"faces": {
				"north": {"uv": [6, 8.25, 6.25, 8.75], "texture": "#0"},
				"east": {"uv": [7, 8.25, 7.25, 8.75], "texture": "#0"},
				"south": {"uv": [7.75, 8.25, 8, 8.75], "texture": "#0"},
				"west": {"uv": [8.25, 8.25, 8.5, 8.75], "texture": "#0"},
				"up": {"uv": [9.25, 5.5, 9, 5.25], "texture": "#0"},
				"down": {"uv": [9.25, 5.5, 9, 5.75], "texture": "#0"}
			}
		},
		{
			"name": "voxel",
			"from": [10.92063, 9.14286, 11.30159],
			"to": [11.42857, 9.26984, 11.80952],
			"faces": {
				"north": {"uv": [9, 5.75, 9.25, 6], "texture": "#0"},
				"east": {"uv": [9, 6, 9.25, 6.25], "texture": "#0"},
				"south": {"uv": [9, 6.25, 9.25, 6.5], "texture": "#0"},
				"west": {"uv": [9, 6.5, 9.25, 6.75], "texture": "#0"},
				"up": {"uv": [9.25, 7, 9, 6.75], "texture": "#0"},
				"down": {"uv": [9.25, 7, 9, 7.25], "texture": "#0"}
			}
		},
		{
			"name": "voxel",
			"from": [8.38095, 3.55556, 3.93651],
			"to": [11.30159, 4.8254, 5.20635],
			"faces": {
				"north": {"uv": [7.25, 7.5, 8, 7.75], "texture": "#0"},
				"east": {"uv": [9, 7.25, 9.25, 7.5], "texture": "#0"},
				"south": {"uv": [7.5, 1.5, 8.25, 1.75], "texture": "#0"},
				"west": {"uv": [9, 7.5, 9.25, 7.75], "texture": "#0"},
				"up": {"uv": [8.25, 2, 7.5, 1.75], "texture": "#0"},
				"down": {"uv": [8.25, 2, 7.5, 2.25], "texture": "#0"}
			}
		},
		{
			"name": "voxel",
			"from": [3.1746, 1.26984, 6.98413],
			"to": [3.68254, 8.25397, 7.11111],
			"faces": {
				"north": {"uv": [3, 5.75, 3.25, 7.5], "texture": "#0"},
				"east": {"uv": [3.25, 5.75, 3.5, 7.5], "texture": "#0"},
				"south": {"uv": [2, 6, 2.25, 7.75], "texture": "#0"},
				"west": {"uv": [2.25, 6, 2.5, 7.75], "texture": "#0"},
				"up": {"uv": [9.25, 8, 9, 7.75], "texture": "#0"},
				"down": {"uv": [9.25, 8, 9, 8.25], "texture": "#0"}
			}
		},
		{
			"name": "voxel",
			"from": [3.93651, 13.20635, 10.15873],
			"to": [6.09524, 14.73016, 11.04762],
			"faces": {
				"north": {"uv": [7, 1.5, 7.5, 2], "texture": "#0"},
				"east": {"uv": [8.25, 0.25, 8.5, 0.75], "texture": "#0"},
				"south": {"uv": [7, 2, 7.5, 2.5], "texture": "#0"},
				"west": {"uv": [8.25, 0.75, 8.5, 1.25], "texture": "#0"},
				"up": {"uv": [8.5, 8, 8, 7.75], "texture": "#0"},
				"down": {"uv": [8.75, 1.5, 8.25, 1.75], "texture": "#0"}
			}
		},
		{
			"name": "voxel",
			"from": [10.15873, 0.38095, 10.66667],
			"to": [10.28571, 6.60317, 11.68254],
			"faces": {
				"north": {"uv": [6, 1.25, 6.25, 2.75], "texture": "#0"},
				"east": {"uv": [6, 4.5, 6.25, 6], "texture": "#0"},
				"south": {"uv": [3.5, 6.25, 3.75, 7.75], "texture": "#0"},
				"west": {"uv": [3.75, 6.25, 4, 7.75], "texture": "#0"},
				"up": {"uv": [9.25, 8.5, 9, 8.25], "texture": "#0"},
				"down": {"uv": [9.25, 8.5, 9, 8.75], "texture": "#0"}
			}
		},
		{
			"name": "voxel",
			"from": [12.19048, 6.98413, 11.42857],
			"to": [12.31746, 9.14286, 11.80952],
			"faces": {
				"north": {"uv": [8.25, 1.75, 8.5, 2.25], "texture": "#0"},
				"east": {"uv": [8.25, 2.25, 8.5, 2.75], "texture": "#0"},
				"south": {"uv": [8.25, 2.75, 8.5, 3.25], "texture": "#0"},
				"west": {"uv": [8.25, 3.25, 8.5, 3.75], "texture": "#0"},
				"up": {"uv": [9.25, 9, 9, 8.75], "texture": "#0"},
				"down": {"uv": [0.25, 9.25, 0, 9.5], "texture": "#0"}
			}
		},
		{
			"name": "voxel",
			"from": [11.93651, 9.14286, 11.42857],
			"to": [12.31746, 9.26984, 11.80952],
			"faces": {
				"north": {"uv": [0.25, 9.25, 0.5, 9.5], "texture": "#0"},
				"east": {"uv": [0.5, 9.25, 0.75, 9.5], "texture": "#0"},
				"south": {"uv": [0.75, 9.25, 1, 9.5], "texture": "#0"},
				"west": {"uv": [1, 9.25, 1.25, 9.5], "texture": "#0"},
				"up": {"uv": [1.5, 9.5, 1.25, 9.25], "texture": "#0"},
				"down": {"uv": [1.75, 9.25, 1.5, 9.5], "texture": "#0"}
			}
		},
		{
			"name": "voxel",
			"from": [11.42857, 6.98413, 10.79365],
			"to": [11.93651, 9.14286, 10.92063],
			"faces": {
				"north": {"uv": [8.25, 3.75, 8.5, 4.25], "texture": "#0"},
				"east": {"uv": [8.25, 4.25, 8.5, 4.75], "texture": "#0"},
				"south": {"uv": [8.25, 4.75, 8.5, 5.25], "texture": "#0"},
				"west": {"uv": [8.25, 5.25, 8.5, 5.75], "texture": "#0"},
				"up": {"uv": [2, 9.5, 1.75, 9.25], "texture": "#0"},
				"down": {"uv": [2.25, 9.25, 2, 9.5], "texture": "#0"}
			}
		},
		{
			"name": "voxel",
			"from": [11.42857, 9.14286, 10.79365],
			"to": [11.93651, 9.26984, 11.80952],
			"faces": {
				"north": {"uv": [2.25, 9.25, 2.5, 9.5], "texture": "#0"},
				"east": {"uv": [2.5, 9.25, 2.75, 9.5], "texture": "#0"},
				"south": {"uv": [2.75, 9.25, 3, 9.5], "texture": "#0"},
				"west": {"uv": [3, 9.25, 3.25, 9.5], "texture": "#0"},
				"up": {"uv": [3.5, 9.5, 3.25, 9.25], "texture": "#0"},
				"down": {"uv": [3.75, 9.25, 3.5, 9.5], "texture": "#0"}
			}
		},
		{
			"name": "voxel",
			"from": [11.42857, 6.73016, 12.57143],
			"to": [11.93651, 6.85714, 13.20635],
			"faces": {
				"north": {"uv": [3.75, 9.25, 4, 9.5], "texture": "#0"},
				"east": {"uv": [4, 9.25, 4.25, 9.5], "texture": "#0"},
				"south": {"uv": [4.25, 9.25, 4.5, 9.5], "texture": "#0"},
				"west": {"uv": [4.5, 9.25, 4.75, 9.5], "texture": "#0"},
				"up": {"uv": [5, 9.5, 4.75, 9.25], "texture": "#0"},
				"down": {"uv": [5.25, 9.25, 5, 9.5], "texture": "#0"}
			}
		},
		{
			"name": "voxel",
			"from": [10.4127, 6.73016, 11.93651],
			"to": [11.04762, 6.85714, 12.31746],
			"faces": {
				"north": {"uv": [5.25, 9.25, 5.5, 9.5], "texture": "#0"},
				"east": {"uv": [5.5, 9.25, 5.75, 9.5], "texture": "#0"},
				"south": {"uv": [5.75, 9.25, 6, 9.5], "texture": "#0"},
				"west": {"uv": [6, 9.25, 6.25, 9.5], "texture": "#0"},
				"up": {"uv": [6.5, 9.5, 6.25, 9.25], "texture": "#0"},
				"down": {"uv": [6.75, 9.25, 6.5, 9.5], "texture": "#0"}
			}
		},
		{
			"name": "voxel",
			"from": [12.95238, 0.38095, 11.1746],
			"to": [13.07937, 6.73016, 11.55556],
			"faces": {
				"north": {"uv": [4, 6.25, 4.25, 7.75], "texture": "#0"},
				"east": {"uv": [4.25, 6.25, 4.5, 7.75], "texture": "#0"},
				"south": {"uv": [4.5, 6.25, 4.75, 7.75], "texture": "#0"},
				"west": {"uv": [4.75, 6.25, 5, 7.75], "texture": "#0"},
				"up": {"uv": [7, 9.5, 6.75, 9.25], "texture": "#0"},
				"down": {"uv": [7.25, 9.25, 7, 9.5], "texture": "#0"}
			}
		},
		{
			"name": "voxel",
			"from": [11.04762, 6.73016, 10.92063],
			"to": [12.19048, 9.14286, 12.31746],
			"faces": {
				"north": {"uv": [8.25, 5.75, 8.5, 6.25], "texture": "#0"},
				"east": {"uv": [8.25, 6.25, 8.5, 6.75], "texture": "#0"},
				"south": {"uv": [8.25, 6.75, 8.5, 7.25], "texture": "#0"},
				"west": {"uv": [0, 8.5, 0.25, 9], "texture": "#0"},
				"up": {"uv": [7.5, 9.5, 7.25, 9.25], "texture": "#0"},
				"down": {"uv": [7.75, 9.25, 7.5, 9.5], "texture": "#0"}
			}
		},
		{
			"name": "voxel",
			"from": [10.28571, 0.38095, 9.90476],
			"to": [11.42857, 6.73016, 13.07937],
			"faces": {
				"north": {"uv": [5, 6.25, 5.25, 7.75], "texture": "#0"},
				"east": {"uv": [3.25, 0, 4, 1.5], "texture": "#0"},
				"south": {"uv": [5.25, 6.25, 5.5, 7.75], "texture": "#0"},
				"west": {"uv": [3.75, 3.75, 4.5, 5.25], "texture": "#0"},
				"up": {"uv": [7.75, 3, 7.5, 2.25], "texture": "#0"},
				"down": {"uv": [7.75, 3.75, 7.5, 4.5], "texture": "#0"}
			}
		},
		{
			"name": "voxel",
			"from": [11.93651, 0.38095, 9.90476],
			"to": [12.95238, 6.73016, 13.07937],
			"faces": {
				"north": {"uv": [5.5, 6.25, 5.75, 7.75], "texture": "#0"},
				"east": {"uv": [3.75, 1.5, 4.5, 3], "texture": "#0"},
				"south": {"uv": [5.75, 6.25, 6, 7.75], "texture": "#0"},
				"west": {"uv": [0, 4, 0.75, 5.5], "texture": "#0"},
				"up": {"uv": [7.75, 5.25, 7.5, 4.5], "texture": "#0"},
				"down": {"uv": [7.75, 5.25, 7.5, 6], "texture": "#0"}
			}
		},
		{
			"name": "voxel",
			"from": [8.25397, 0.38095, 3.93651],
			"to": [12.06349, 3.55556, 5.20635],
			"faces": {
				"north": {"uv": [4.5, 3.75, 5.5, 4.5], "texture": "#0"},
				"east": {"uv": [0.25, 7.75, 0.5, 8.5], "texture": "#0"},
				"south": {"uv": [4.75, 0, 5.75, 0.75], "texture": "#0"},
				"west": {"uv": [0.5, 7.75, 0.75, 8.5], "texture": "#0"},
				"up": {"uv": [7.75, 6.25, 6.75, 6], "texture": "#0"},
				"down": {"uv": [7.75, 6.5, 6.75, 6.75], "texture": "#0"}
			}
		},
		{
			"name": "voxel",
			"from": [5.84127, 8.25397, 9.01587],
			"to": [6.85714, 9.39683, 10.92063],
			"faces": {
				"north": {"uv": [7.75, 9.25, 8, 9.5], "texture": "#0"},
				"east": {"uv": [8.25, 7.25, 8.75, 7.5], "texture": "#0"},
				"south": {"uv": [8, 9.25, 8.25, 9.5], "texture": "#0"},
				"west": {"uv": [8.25, 8, 8.75, 8.25], "texture": "#0"},
				"up": {"uv": [0.5, 9, 0.25, 8.5], "texture": "#0"},
				"down": {"uv": [0.75, 8.5, 0.5, 9], "texture": "#0"}
			}
		},
		{
			"name": "voxel",
			"from": [7.11111, 0.38095, 3.93651],
			"to": [8.25397, 3.55556, 8.50794],
			"faces": {
				"north": {"uv": [0.75, 7.75, 1, 8.5], "texture": "#0"},
				"east": {"uv": [1.25, 0, 2.5, 0.75], "texture": "#0"},
				"south": {"uv": [1, 7.75, 1.25, 8.5], "texture": "#0"},
				"west": {"uv": [3.75, 3, 5, 3.75], "texture": "#0"},
				"up": {"uv": [6.75, 7.75, 6.5, 6.5], "texture": "#0"},
				"down": {"uv": [6.75, 0, 6.5, 1.25], "texture": "#0"}
			}
		},
		{
			"name": "voxel",
			"from": [8.7619, 4.8254, 5.71429],
			"to": [10.15873, 6.98413, 6.98413],
			"faces": {
				"north": {"uv": [0.75, 8.5, 1, 9], "texture": "#0"},
				"east": {"uv": [1, 8.5, 1.25, 9], "texture": "#0"},
				"south": {"uv": [1.25, 8.5, 1.5, 9], "texture": "#0"},
				"west": {"uv": [1.5, 8.5, 1.75, 9], "texture": "#0"},
				"up": {"uv": [8.5, 9.5, 8.25, 9.25], "texture": "#0"},
				"down": {"uv": [8.75, 9.25, 8.5, 9.5], "texture": "#0"}
			}
		},
		{
			"name": "voxel",
			"from": [4.69841, 9.39683, 8.50794],
			"to": [5.84127, 14.73016, 9.01587],
			"faces": {
				"north": {"uv": [6.5, 1.25, 6.75, 2.5], "texture": "#0"},
				"east": {"uv": [6.5, 2.5, 6.75, 3.75], "texture": "#0"},
				"south": {"uv": [6.5, 3.75, 6.75, 5], "texture": "#0"},
				"west": {"uv": [6.5, 5, 6.75, 6.25], "texture": "#0"},
				"up": {"uv": [9, 9.5, 8.75, 9.25], "texture": "#0"},
				"down": {"uv": [9.25, 9.25, 9, 9.5], "texture": "#0"}
			}
		},
		{
			"name": "voxel",
			"from": [4.44444, 8.25397, 6.98413],
			"to": [6.85714, 9.39683, 9.01587],
			"faces": {
				"north": {"uv": [1.75, 8.5, 2.25, 8.75], "texture": "#0"},
				"east": {"uv": [3.5, 8.5, 4, 8.75], "texture": "#0"},
				"south": {"uv": [4, 8.5, 4.5, 8.75], "texture": "#0"},
				"west": {"uv": [4.5, 8.5, 5, 8.75], "texture": "#0"},
				"up": {"uv": [7.5, 3, 7, 2.5], "texture": "#0"},
				"down": {"uv": [7.5, 3, 7, 3.5], "texture": "#0"}
			}
		},
		{
			"name": "voxel",
			"from": [10.79365, 0.38095, 5.20635],
			"to": [12.06349, 4.8254, 7.2381],
			"faces": {
				"north": {"uv": [7, 3.5, 7.25, 4.5], "texture": "#0"},
				"east": {"uv": [2, 3.25, 2.5, 4.25], "texture": "#0"},
				"south": {"uv": [7, 4.5, 7.25, 5.5], "texture": "#0"},
				"west": {"uv": [0.75, 5.5, 1.25, 6.5], "texture": "#0"},
				"up": {"uv": [2.5, 9, 2.25, 8.5], "texture": "#0"},
				"down": {"uv": [3, 8.5, 2.75, 9], "texture": "#0"}
			}
		},
		{
			"name": "voxel",
			"from": [4.06349, 8.25397, 9.01587],
			"to": [5.84127, 14.73016, 10.15873],
			"faces": {
				"north": {"uv": [0.75, 4, 1.25, 5.5], "texture": "#0"},
				"east": {"uv": [6.25, 6.25, 6.5, 7.75], "texture": "#0"},
				"south": {"uv": [1.25, 5.25, 1.75, 6.75], "texture": "#0"},
				"west": {"uv": [6.25, 1.25, 6.5, 2.75], "texture": "#0"},
				"up": {"uv": [5.5, 8.75, 5, 8.5], "texture": "#0"},
				"down": {"uv": [6.75, 8.5, 6.25, 8.75], "texture": "#0"}
			}
		},
		{
			"name": "voxel",
			"from": [8.7619, 4.8254, 5.5873],
			"to": [10.15873, 8.12698, 5.71429],
			"faces": {
				"north": {"uv": [2, 7.75, 2.25, 8.5], "texture": "#0"},
				"east": {"uv": [2.25, 7.75, 2.5, 8.5], "texture": "#0"},
				"south": {"uv": [2.75, 7.75, 3, 8.5], "texture": "#0"},
				"west": {"uv": [3.5, 7.75, 3.75, 8.5], "texture": "#0"},
				"up": {"uv": [9.5, 9.5, 9.25, 9.25], "texture": "#0"},
				"down": {"uv": [9.5, 0, 9.25, 0.25], "texture": "#0"}
			}
		},
		{
			"name": "voxel",
			"from": [10.15873, 4.8254, 5.5873],
			"to": [10.4127, 8.12698, 6.98413],
			"faces": {
				"north": {"uv": [3.75, 7.75, 4, 8.5], "texture": "#0"},
				"east": {"uv": [4, 7.75, 4.25, 8.5], "texture": "#0"},
				"south": {"uv": [4.25, 7.75, 4.5, 8.5], "texture": "#0"},
				"west": {"uv": [4.5, 7.75, 4.75, 8.5], "texture": "#0"},
				"up": {"uv": [9.5, 0.5, 9.25, 0.25], "texture": "#0"},
				"down": {"uv": [9.5, 0.5, 9.25, 0.75], "texture": "#0"}
			}
		},
		{
			"name": "voxel",
			"from": [8.25397, 0.38095, 5.20635],
			"to": [10.79365, 4.8254, 8.50794],
			"faces": {
				"north": {"uv": [5, 2.5, 5.75, 3.5], "texture": "#0"},
				"east": {"uv": [3.5, 5.25, 4.25, 6.25], "texture": "#0"},
				"south": {"uv": [5.25, 5.25, 6, 6.25], "texture": "#0"},
				"west": {"uv": [0, 5.5, 0.75, 6.5], "texture": "#0"},
				"up": {"uv": [5.5, 1.5, 4.75, 0.75], "texture": "#0"},
				"down": {"uv": [6, 4.5, 5.25, 5.25], "texture": "#0"}
			}
		},
		{
			"name": "voxel",
			"from": [3.1746, 0.38095, 7.11111],
			"to": [3.68254, 8.25397, 12.19048],
			"faces": {
				"north": {"uv": [1.75, 5.25, 2, 7.25], "texture": "#0"},
				"east": {"uv": [0, 0, 1.25, 2], "texture": "#0"},
				"south": {"uv": [2.75, 5.75, 3, 7.75], "texture": "#0"},
				"west": {"uv": [1.25, 1.25, 2.5, 3.25], "texture": "#0"},
				"up": {"uv": [1.5, 8, 1.25, 6.75], "texture": "#0"},
				"down": {"uv": [1.75, 6.75, 1.5, 8], "texture": "#0"}
			}
		},
		{
			"name": "voxel",
			"from": [11.42857, 0.38095, 9.90476],
			"to": [11.93651, 6.73016, 13.20635],
			"faces": {
				"north": {"uv": [6.25, 4.5, 6.5, 6], "texture": "#0"},
				"east": {"uv": [4, 0, 4.75, 1.5], "texture": "#0"},
				"south": {"uv": [0, 6.5, 0.25, 8], "texture": "#0"},
				"west": {"uv": [2, 4.5, 2.75, 6], "texture": "#0"},
				"up": {"uv": [5, 8.5, 4.75, 7.75], "texture": "#0"},
				"down": {"uv": [5.25, 7.75, 5, 8.5], "texture": "#0"}
			}
		},
		{
			"name": "voxel",
			"from": [3.68254, 0.38095, 6.98413],
			"to": [6.85714, 8.25397, 12.19048],
			"faces": {
				"north": {"uv": [2.5, 0, 3.25, 2], "texture": "#0"},
				"east": {"uv": [0, 2, 1.25, 4], "texture": "#0"},
				"south": {"uv": [1.25, 3.25, 2, 5.25], "texture": "#0"},
				"west": {"uv": [2.5, 2.5, 3.75, 4.5], "texture": "#0"},
				"up": {"uv": [3.5, 5.75, 2.75, 4.5], "texture": "#0"},
				"down": {"uv": [5.25, 4.5, 4.5, 5.75], "texture": "#0"}
			}
		},
		{
			"name": "voxel",
			"from": [3.04762, 0.38095, 6.85714],
			"to": [3.68254, 1.26984, 7.11111],
			"faces": {
				"north": {"uv": [9.25, 0.75, 9.5, 1], "texture": "#0"},
				"east": {"uv": [9.25, 1, 9.5, 1.25], "texture": "#0"},
				"south": {"uv": [9.25, 1.25, 9.5, 1.5], "texture": "#0"},
				"west": {"uv": [9.25, 1.5, 9.5, 1.75], "texture": "#0"},
				"up": {"uv": [9.5, 2, 9.25, 1.75], "texture": "#0"},
				"down": {"uv": [9.5, 2, 9.25, 2.25], "texture": "#0"}
			}
		}
	],
	"display": {},
	"groups": [
		{
			"name": "voxel_file",
			"origin": [8, 8, 8],
			"children": [0, 1, 2, 3, 4, 5, 6, 7, 8, 9, 10, 11, 12, 13, 14, 15, 16, 17, 18, 19, 20, 21, 22, 23, 24, 25, 26, 27, 28, 29, 30, 31, 32, 33, 34, 35, 36, 37, 38, 39, 40, 41, 42, 43, 44, 45, 46, 47, 48, 49, 50, 51, 52, 53, 54, 55, 56, 57, 58, 59, 60, 61, 62, 63, 64, 65, 66, 67, 68, 69, 70, 71, 72, 73, 74]
		}
	]
}