{
	"credit": "Made with Blockbench",
	"texture_size": [8, 8],
	"textures": {
		"0": "block/crimson_stem",
		"1": "block/crimson_nylium",
		"2": "block/fire_0",
		"3": "block/crimson_roots",
		"4": "particle/flame",
		"5": "block/anvil",
		"6": "block/crimson_sword0",
		"particle": "block/crimson_stem"
	},
	"elements": [
		{
			"from": [7.75193, 8.19177, 7.58582],
			"to": [8.2819, 26.13726, 8.80112],
			"rotation": {"angle": 0, "axis": "y", "origin": [11.58371, 19.23619, 11.76572]},
			"faces": {
				"north": {"uv": [7, 0, 8.05994, 16], "texture": "#0"},
				"east": {"uv": [8, 0, 10, 16], "texture": "#0"},
				"south": {"uv": [7.5, 0, 8.3688, 16], "texture": "#0"},
				"west": {"uv": [7, 0, 9.5, 16], "texture": "#0"},
				"up": {"uv": [7, 0.5, 7.8688, 3.2464], "texture": "#0"},
				"down": {"uv": [7, 5.5, 7.8688, 8.2464], "texture": "#0"}
			}
		},
		{
			"from": [7.89833, 8.19177, 7.95502],
			"to": [8.1355, 26.51166, 8.97192],
			"rotation": {"angle": 0, "axis": "y", "origin": [11.51051, 19.23619, 11.74132]},
			"faces": {
				"north": {"uv": [7, 0, 7.47434, 16], "texture": "#0"},
				"east": {"uv": [3, 0, 5, 16], "texture": "#0"},
				"south": {"uv": [7.5, 0, 7.8888, 16], "texture": "#0"},
				"west": {"uv": [7, 0, 10.5, 16], "texture": "#0"},
				"up": {"uv": [7, 0.5, 7.3888, 3.8064], "texture": "#0"},
				"down": {"uv": [7, 5.5, 7.3888, 8.8064], "texture": "#0"}
			}
		},
		{
			"from": [7.89833, 8.19177, 7.03502],
			"to": [8.1355, 24.85166, 8.27192],
			"rotation": {"angle": 0, "axis": "y", "origin": [11.51051, 19.23619, 10.48132]},
			"faces": {
				"north": {"uv": [5.5, 0, 6, 16], "texture": "#0"},
				"east": {"uv": [6.5, 0, 7.9738, 16], "texture": "#0"},
				"south": {"uv": [7.5, 0, 7.8888, 16], "texture": "#0"},
				"west": {"uv": [6, 0, 9.3064, 16], "texture": "#0"},
				"up": {"uv": [7, 0.5, 7.3888, 3.8064], "texture": "#0"},
				"down": {"uv": [7, 5.5, 7.3888, 8.8064], "texture": "#0"}
			}
		},
		{
			"from": [7.67873, 22.05097, 7.41282],
			"to": [8.3551, 25.62726, 8.37412],
			"rotation": {"angle": 0, "axis": "y", "origin": [11.48611, 21.67619, 11.75352]},
			"faces": {
				"north": {"uv": [7, 0, 8.35274, 7.39258], "texture": "#0"},
				"east": {"uv": [6.5, 0, 8.1426, 7.39258], "texture": "#0"},
				"south": {"uv": [7.5, 0, 8.6088, 6.5513], "texture": "#0"},
				"west": {"uv": [5, 1.5, 6.5, 8], "texture": "#0"},
				"up": {"uv": [7, 0.5, 8.1088, 1.8464], "texture": "#0"},
				"down": {"uv": [7, 5.5, 8.1088, 6.8464], "texture": "#0"}
			}
		},
		{
			"from": [8.05633, 23.38337, 8.19582],
			"to": [8.05633, 27.45766, 8.95112],
			"rotation": {"angle": 0, "axis": "y", "origin": [11.79051, 22.95979, 12.32132]},
			"faces": {
				"north": {"uv": [7, 0, 7, 8.14858], "texture": "#6"},
				"east": {"uv": [6.5, 0, 8.0106, 8.14858], "texture": "#6"},
				"south": {"uv": [7.5, 0, 8.2888, 6.3513], "texture": "#0"},
				"west": {"uv": [8.0506, 0, 6.5, 8.14858], "texture": "#6"},
				"up": {"uv": [7, 0.5, 7.7888, 1.2464], "texture": "#0"},
				"down": {"uv": [7, 5.5, 7.7888, 6.2464], "texture": "#0"}
			}
		},
		{
			"from": [7.54453, 8.24057, 8.21162],
			"to": [8.4893, 22.53366, 8.59372],
			"rotation": {"angle": 0, "axis": "y", "origin": [11.79111, 15.94219, 12.41232]},
			"faces": {
				"north": {"uv": [7, 0, 8.88954, 16], "texture": "#0"},
				"east": {"uv": [5.5, 0, 6.2642, 16], "texture": "#0"},
				"south": {"uv": [7.5, 0, 9.0488, 16], "texture": "#0"},
				"west": {"uv": [4, 0, 4.5, 16], "texture": "#0"},
				"up": {"uv": [7, 0.5, 8.5488, 1.1264], "texture": "#0"},
				"down": {"uv": [7, 5.5, 8.5488, 6.1264], "texture": "#0"}
			}
		},
		{
			"from": [7.54453, 8.24057, 7.33322],
			"to": [8.4893, 22.53366, 7.69532],
			"rotation": {"angle": 0, "axis": "y", "origin": [11.79111, 15.94219, 11.53392]},
			"faces": {
				"north": {"uv": [9, 0, 11, 16], "texture": "#0"},
				"east": {"uv": [7.5, 0, 8.5, 16], "texture": "#0"},
				"south": {"uv": [7.5, 0, 9.0488, 16], "texture": "#0"},
				"west": {"uv": [6, 0, 6.6264, 16], "texture": "#0"},
				"up": {"uv": [7, 0.5, 8.5488, 1.1264], "texture": "#0"},
				"down": {"uv": [7, 5.5, 8.5488, 6.1264], "texture": "#0"}
			}
		},
		{
			"from": [6.8456, 7.7064, 6.55045],
			"to": [9.17, 8.5864, 9.40275],
			"rotation": {"angle": 0, "axis": "y", "origin": [14.552, 16.4264, 15.04995]},
			"faces": {
				"north": {"uv": [7, 0, 9.24, 1.76], "texture": "#1"},
				"east": {"uv": [6.5, 0, 13.8136, 1.76], "texture": "#1"},
				"south": {"uv": [7.5, 0, 9.74, 1.76], "texture": "#1"},
				"west": {"uv": [6, 0, 13.3136, 1.76], "texture": "#1"},
				"up": {"uv": [7, 0.5, 9.24, 7.8136], "texture": "#1"},
				"down": {"uv": [7, 5.5, 9.24, 12.8136], "texture": "#1"}
			}
		},
		{
			"from": [7.73, 7.7664, 5.9016],
			"to": [8.27, 8.2264, 6.7984],
			"rotation": {"angle": 0, "axis": "y", "origin": [15.97, 16.0064, 14.6384]},
			"faces": {
				"north": {"uv": [7, 0, 8.08, 0.92], "texture": "#1"},
				"east": {"uv": [6.5, 0, 8.2936, 0.92], "texture": "#1"},
				"south": {"uv": [7.5, 0, 8.58, 0.92], "texture": "#1"},
				"west": {"uv": [6, 0, 7.7936, 0.92], "texture": "#1"},
				"up": {"uv": [7, 0.5, 8.08, 2.2936], "texture": "#1"},
				"down": {"uv": [7, 5.5, 8.08, 7.2936], "texture": "#1"}
			}
		},
		{
			"from": [7.73, 7.7664, 9.2016],
			"to": [8.27, 8.2264, 10.0984],
			"rotation": {"angle": 0, "axis": "y", "origin": [15.97, 16.0064, 1.3616]},
			"faces": {
				"north": {"uv": [7, 0, 8.08, 0.92], "texture": "#1"},
				"east": {"uv": [6.5, 0, 8.2936, 0.92], "texture": "#1"},
				"south": {"uv": [7.5, 0, 8.58, 0.92], "texture": "#1"},
				"west": {"uv": [6, 0, 7.7936, 0.92], "texture": "#1"},
				"up": {"uv": [7, 0.5, 8.08, 2.2936], "texture": "#1"},
				"down": {"uv": [7, 5.5, 8.08, 7.2936], "texture": "#1"}
			}
		},
		{
			"from": [7.4889, 8.58901, 7.01857],
			"to": [7.4889, 16.49363, 9.05478],
			"rotation": {"angle": 0, "axis": "y", "origin": [15.80149, 15.22581, 1.50222]},
			"faces": {
				"north": {"uv": [7.5, 0, 13.5, 14.5], "texture": "#2"},
				"east": {"uv": [4.5, 0.5, 11, 15], "texture": "#2"},
				"south": {"uv": [2, 0, 8, 14], "texture": "#2"},
				"west": {"uv": [4.5, 0.5, 11, 15.5], "texture": "#2"}
			}
		},
		{
			"from": [8.54493, 8.58901, 7.01857],
			"to": [8.54493, 16.49363, 9.05478],
			"rotation": {"angle": 0, "axis": "y", "origin": [0.23234, 15.22581, 1.50222]},
			"faces": {
				"north": {"uv": [13.5, 0, 7.5, 14.5], "texture": "#2"},
				"east": {"uv": [11, 0.5, 4.5, 15.5], "texture": "#2"},
				"south": {"uv": [8, 0, 2, 14], "texture": "#2"},
				"west": {"uv": [11, 0.5, 4.5, 15], "texture": "#2"}
			}
		},
		{
			"from": [7.79539, 8.58901, 8.92833],
			"to": [7.79539, 13.44788, 9.66975],
			"rotation": {"angle": 45, "axis": "y", "origin": [7.79539, 11.01844, 9.36004]},
			"faces": {
				"north": {"uv": [8, 0, 2, 14], "texture": "#2"},
				"east": {"uv": [11, 0.5, 4.5, 15], "texture": "#2"},
				"south": {"uv": [13.5, 0, 7.5, 14.5], "texture": "#2"},
				"west": {"uv": [9.5, 0, 4.5, 13], "texture": "#2"}
			}
		},
		{
			"from": [7.79539, 8.58901, 6.37919],
			"to": [7.79539, 13.44788, 7.14501],
			"rotation": {"angle": -45, "axis": "y", "origin": [7.79539, 11.01844, 6.7133]},
			"faces": {
				"north": {"uv": [7.5, 0, 13.5, 14.5], "texture": "#2"},
				"east": {"uv": [4.5, 0.5, 11, 15], "texture": "#2"},
				"south": {"uv": [2, 0, 8, 14], "texture": "#2"},
				"west": {"uv": [9.5, 0, 4.5, 13], "texture": "#2"}
			}
		},
		{
			"from": [8.13737, 8.58901, 6.44647],
			"to": [8.13737, 13.44788, 7.18789],
			"rotation": {"angle": 45, "axis": "y", "origin": [8.13737, 11.01844, 6.60978]},
			"faces": {
				"north": {"uv": [13.5, 0, 7.5, 14.5], "texture": "#2"},
				"east": {"uv": [9.5, 0, 4.5, 13], "texture": "#2"},
				"south": {"uv": [8, 0, 2, 14], "texture": "#2"},
				"west": {"uv": [11, 0.5, 4.5, 15], "texture": "#2"}
			}
		},
		{
			"from": [8.13651, 8.58901, 8.88459],
			"to": [8.13651, 13.44788, 9.65041],
			"rotation": {"angle": -45, "axis": "y", "origin": [8.13651, 11.01844, 9.4627]},
			"faces": {
				"north": {"uv": [2, 0, 8, 14], "texture": "#2"},
				"east": {"uv": [9.5, 0, 4.5, 13], "texture": "#2"},
				"south": {"uv": [7.5, 0, 13.5, 14.5], "texture": "#2"},
				"west": {"uv": [5.5, 0, 7, 8], "texture": "#2"}
			}
		},
		{
			"from": [7.8, 8.0261, 4.99602],
			"to": [8.2, 8.4261, 6.03282],
			"rotation": {"angle": 22.5, "axis": "x", "origin": [8, 8.2261, 5.31442]},
			"faces": {
				"north": {"uv": [7, 0, 7.8, 0.8], "texture": "#1"},
				"east": {"uv": [6.5, 0, 8.5736, 0.8], "texture": "#1"},
				"south": {"uv": [7.5, 0, 8.3, 0.8], "texture": "#1"},
				"west": {"uv": [6, 0, 8.0736, 0.8], "texture": "#1"},
				"up": {"uv": [7, 0.5, 7.8, 2.5736], "texture": "#1"},
				"down": {"uv": [7, 5.5, 7.8, 7.5736], "texture": "#1"}
			}
		},
		{
			"from": [7.8, 8.0261, 9.96718],
			"to": [8.2, 8.4261, 11.00398],
			"rotation": {"angle": -22.5, "axis": "x", "origin": [8, 8.2261, 10.68558]},
			"faces": {
				"north": {"uv": [7, 0, 7.8, 0.8], "texture": "#1"},
				"east": {"uv": [6.5, 0, 8.5736, 0.8], "texture": "#1"},
				"south": {"uv": [7.5, 0, 8.3, 0.8], "texture": "#1"},
				"west": {"uv": [6, 0, 8.0736, 0.8], "texture": "#1"},
				"up": {"uv": [7, 0.5, 7.8, 2.5736], "texture": "#1"},
				"down": {"uv": [7, 5.5, 7.8, 7.5736], "texture": "#1"}
			}
		},
		{
			"from": [7.82, 8.61257, 4.25876],
			"to": [8.18, 9.01257, 5.29556],
			"rotation": {"angle": 45, "axis": "x", "origin": [8, 8.81257, 4.57716]},
			"faces": {
				"north": {"uv": [7, 0, 7.72, 0.8], "texture": "#1"},
				"east": {"uv": [6.5, 0, 8.5736, 0.8], "texture": "#1"},
				"south": {"uv": [7.5, 0, 8.22, 0.8], "texture": "#1"},
				"west": {"uv": [6, 0, 8.0736, 0.8], "texture": "#1"},
				"up": {"uv": [7, 0.5, 7.72, 2.5736], "texture": "#1"},
				"down": {"uv": [7, 5.5, 7.72, 7.5736], "texture": "#1"}
			}
		},
		{
			"from": [8.18, 9.07257, 1.15876],
			"to": [8.18, 10.35257, 4.61556],
			"rotation": {"angle": 45, "axis": "x", "origin": [8, 9.27257, 2.91716]},
			"faces": {
				"north": {"uv": [7, 0, 7, 2.84], "texture": "#1"},
				"east": {"uv": [2.5, 9, 0, 16], "rotation": 90, "texture": "#3"},
				"south": {"uv": [7.5, 0, 7.5, 2.84], "texture": "#1"},
				"west": {"uv": [2.5, 16, 0, 9], "rotation": 90, "texture": "#3"},
				"up": {"uv": [7, 0.5, 7, 8.3736], "texture": "#1"},
				"down": {"uv": [7, 5.5, 7, 13.3736], "texture": "#1"}
			}
		},
		{
			"from": [7.6216, 9.99257, 12.10284],
			"to": [8.6984, 11.79257, 12.10284],
			"rotation": {"angle": 0, "axis": "y", "origin": [8.74, 10.19257, 11.92284]},
			"faces": {
				"north": {"uv": [3, 1, 12, 15], "texture": "#4"},
				"east": {"uv": [7.5, 0, 7.5, 2.84], "texture": "#1"},
				"south": {"uv": [3, 1, 12, 15], "texture": "#4"},
				"west": {"uv": [7, 0, 7, 2.84], "texture": "#1"},
				"up": {"uv": [7, 8.3736, 7, 0.5], "rotation": 90, "texture": "#1"},
				"down": {"uv": [7, 13.3736, 7, 5.5], "rotation": 270, "texture": "#1"}
			}
		},
		{
			"from": [7.3016, 9.99257, 3.76284],
			"to": [8.3784, 11.79257, 3.76284],
			"rotation": {"angle": 0, "axis": "y", "origin": [7.26, 10.19257, 3.58284]},
			"faces": {
				"north": {"uv": [12, 1, 3, 15], "texture": "#4"},
				"east": {"uv": [7, 0, 7, 2.84], "texture": "#1"},
				"south": {"uv": [12, 1, 3, 15], "texture": "#4"},
				"west": {"uv": [7.5, 0, 7.5, 2.84], "texture": "#1"},
				"up": {"uv": [7, 0.5, 7, 8.3736], "rotation": 90, "texture": "#1"},
				"down": {"uv": [7, 5.5, 7, 13.3736], "rotation": 270, "texture": "#1"}
			}
		},
		{
			"from": [8.18, 9.99257, 11.62444],
			"to": [8.18, 11.79257, 12.70124],
			"rotation": {"angle": 0, "axis": "x", "origin": [8, 10.19257, 11.58284]},
			"faces": {
				"north": {"uv": [7.5, 0, 7.5, 2.84], "texture": "#1"},
				"east": {"uv": [3, 1, 12, 15], "texture": "#4"},
				"south": {"uv": [7, 0, 7, 2.84], "texture": "#1"},
				"west": {"uv": [3, 1, 12, 15], "texture": "#4"},
				"up": {"uv": [7, 8.3736, 7, 0.5], "texture": "#1"},
				"down": {"uv": [7, 13.3736, 7, 5.5], "texture": "#1"}
			}
		},
		{
			"from": [7.82, 9.99257, 3.28444],
			"to": [7.82, 11.79257, 4.36124],
			"rotation": {"angle": 0, "axis": "x", "origin": [8, 10.19257, 3.24284]},
			"faces": {
				"north": {"uv": [7.5, 0, 7.5, 2.84], "texture": "#1"},
				"east": {"uv": [12, 1, 3, 15], "texture": "#4"},
				"south": {"uv": [7, 0, 7, 2.84], "texture": "#1"},
				"west": {"uv": [12, 1, 3, 15], "texture": "#4"},
				"up": {"uv": [7, 8.3736, 7, 0.5], "texture": "#1"},
				"down": {"uv": [7, 13.3736, 7, 5.5], "texture": "#1"}
			}
		},
		{
			"from": [8.18, 9.07257, 11.38444],
			"to": [8.18, 10.35257, 14.84124],
			"rotation": {"angle": -45, "axis": "x", "origin": [8, 9.27257, 13.08284]},
			"faces": {
				"north": {"uv": [7.5, 0, 7.5, 2.84], "texture": "#1"},
				"east": {"uv": [2.5, 16, 0, 9], "rotation": 90, "texture": "#3"},
				"south": {"uv": [7, 0, 7, 2.84], "texture": "#1"},
				"west": {"uv": [2.5, 9, 0, 16], "rotation": 90, "texture": "#3"},
				"up": {"uv": [7, 8.3736, 7, 0.5], "texture": "#1"},
				"down": {"uv": [7, 13.3736, 7, 5.5], "texture": "#1"}
			}
		},
		{
			"from": [7.82, 8.61257, 10.70444],
			"to": [8.18, 9.01257, 11.74124],
			"rotation": {"angle": -45, "axis": "x", "origin": [8, 8.81257, 11.42284]},
			"faces": {
				"north": {"uv": [7, 0, 7.72, 0.8], "texture": "#1"},
				"east": {"uv": [6.5, 0, 8.5736, 0.8], "texture": "#1"},
				"south": {"uv": [7.5, 0, 8.22, 0.8], "texture": "#1"},
				"west": {"uv": [6, 0, 8.0736, 0.8], "texture": "#1"},
				"up": {"uv": [7, 0.5, 7.72, 2.5736], "texture": "#1"},
				"down": {"uv": [7, 5.5, 7.72, 7.5736], "texture": "#1"}
			}
		},
		{
			"from": [7.9172, 8.86916, 3.93019],
			"to": [8.0828, 9.16596, 4.23419],
			"rotation": {"angle": -22.5, "axis": "x", "origin": [8, 9.58756, 4.00219]},
			"faces": {
				"north": {"uv": [7, 0, 7.3312, 0.5936], "rotation": 180, "texture": "#1"},
				"east": {"uv": [6.5, 0, 7.0936, 0.608], "rotation": 270, "texture": "#1"},
				"south": {"uv": [7.5, 0, 7.8312, 0.5936], "texture": "#1"},
				"west": {"uv": [6, 0, 6.5936, 0.608], "rotation": 90, "texture": "#1"},
				"up": {"uv": [7, 0.5, 7.3312, 1.108], "rotation": 180, "texture": "#1"},
				"down": {"uv": [7, 5.5, 7.3312, 6.108], "texture": "#1"}
			}
		},
		{
			"from": [7.9172, 8.86916, 11.76581],
			"to": [8.0828, 9.16596, 12.06981],
			"rotation": {"angle": 22.5, "axis": "x", "origin": [8, 9.58756, 11.99781]},
			"faces": {
				"north": {"uv": [7, 0, 7.3312, 0.5936], "texture": "#1"},
				"east": {"uv": [6.5, 0, 7.0936, 0.608], "rotation": 270, "texture": "#1"},
				"south": {"uv": [7.5, 0, 7.8312, 0.5936], "rotation": 180, "texture": "#1"},
				"west": {"uv": [6, 0, 6.5936, 0.608], "rotation": 90, "texture": "#1"},
				"up": {"uv": [7, 0.5, 7.3312, 1.108], "rotation": 180, "texture": "#1"},
				"down": {"uv": [7, 5.5, 7.3312, 6.108], "texture": "#1"}
			}
		},
		{
			"from": [7.66, 3.0864, 7.66],
			"to": [8.34, 7.8464, 8.34],
			"rotation": {"angle": 0, "axis": "y", "origin": [16.62, 15.3464, 17.8968]},
			"faces": {
				"north": {"uv": [7, 0, 8.36, 9.52], "texture": "#1"},
				"east": {"uv": [6.5, 0, 7.86, 9.52], "texture": "#1"},
				"south": {"uv": [7.5, 0, 8.86, 9.52], "texture": "#1"},
				"west": {"uv": [6, 0, 7.36, 9.52], "texture": "#1"},
				"up": {"uv": [7, 0.5, 8.36, 1.86], "texture": "#1"},
				"down": {"uv": [7, 5.5, 8.36, 6.86], "texture": "#1"}
			}
		},
		{
			"from": [7.5, 3.7664, 7.5],
			"to": [8.5, 6.7664, 8.5],
			"rotation": {"angle": 0, "axis": "y", "origin": [16.46, 15.3464, 17.8968]},
			"faces": {
				"north": {"uv": [7, 0, 9, 6], "texture": "#5"},
				"east": {"uv": [6.5, 0, 8.5, 6], "texture": "#5"},
				"south": {"uv": [7.5, 0, 9.5, 6], "texture": "#5"},
				"west": {"uv": [6, 0, 8, 6], "texture": "#5"},
				"up": {"uv": [7, 0.5, 9, 2.5], "texture": "#5"},
				"down": {"uv": [7, 5.5, 9, 7.5], "texture": "#5"}
			}
		},
		{
			"from": [7.5, 2.7264, 7.5],
			"to": [8.5, 2.9064, 8.5],
			"rotation": {"angle": 0, "axis": "y", "origin": [16.46, 14.3064, 17.8968]},
			"faces": {
				"north": {"uv": [7, 5.5, 9.5, 6], "texture": "#5"},
				"east": {"uv": [5.5, 5.5, 7.5, 5.86], "texture": "#5"},
				"south": {"uv": [7, 6.5, 9, 6.86], "texture": "#5"},
				"west": {"uv": [6.5, 6, 8.5, 6.36], "texture": "#5"},
				"up": {"uv": [6, 5.5, 8, 7.5], "texture": "#5"},
				"down": {"uv": [7, 5.5, 9, 7.5], "texture": "#5"}
			}
		},
		{
			"from": [7.41, 4.1864, 7.41],
			"to": [8.59, 6.4064, 8.59],
			"rotation": {"angle": 0, "axis": "y", "origin": [17.9828, 15.3464, 19.67822]},
			"faces": {
				"north": {"uv": [7, 0, 9.36, 4.44], "texture": "#5"},
				"east": {"uv": [6.5, 0, 8.86, 4.44], "texture": "#5"},
				"south": {"uv": [7.5, 0, 9.86, 4.44], "texture": "#5"},
				"west": {"uv": [6, 0, 8.36, 4.44], "texture": "#5"},
				"up": {"uv": [7, 0.5, 9.36, 2.86], "texture": "#5"},
				"down": {"uv": [7, 5.5, 9.36, 7.86], "texture": "#5"}
			}
		},
		{
			"from": [7.41, 2.9064, 7.41],
			"to": [8.59, 3.1264, 8.59],
			"rotation": {"angle": 0, "axis": "y", "origin": [17.9828, 12.0664, 19.67822]},
			"faces": {
				"north": {"uv": [7, 5.5, 9.5, 6], "texture": "#5"},
				"east": {"uv": [5.5, 5.5, 7.86, 5.94], "texture": "#5"},
				"south": {"uv": [7, 6.5, 9.36, 6.94], "texture": "#5"},
				"west": {"uv": [6.5, 6, 8.86, 6.44], "texture": "#5"},
				"up": {"uv": [6, 5.5, 8.36, 7.86], "texture": "#5"},
				"down": {"uv": [7, 5.5, 9.36, 7.86], "texture": "#5"}
			}
		},
		{
			"from": [7.41, 7.5264, 7.41],
			"to": [8.59, 7.7464, 8.59],
			"rotation": {"angle": 0, "axis": "y", "origin": [17.9828, 16.6864, 19.67822]},
			"faces": {
				"north": {"uv": [7, 5.5, 9.5, 6], "texture": "#5"},
				"east": {"uv": [5.5, 5.5, 7.86, 5.94], "texture": "#5"},
				"south": {"uv": [7, 6.5, 9.36, 6.94], "texture": "#5"},
				"west": {"uv": [6.5, 6, 8.86, 6.44], "texture": "#5"},
				"up": {"uv": [6, 5.5, 8.36, 7.86], "texture": "#5"},
				"down": {"uv": [7, 5.5, 9.36, 7.86], "texture": "#5"}
			}
		},
		{
			"from": [6.7233, 7.8632, 6.7077],
			"to": [9.2923, 8.3848, 9.2455],
			"rotation": {"angle": 0, "axis": "y", "origin": [14.552, 16.4264, 15.04995]},
			"faces": {
				"north": {"uv": [7, 0, 9.8672, 1.0432], "texture": "#1"},
				"east": {"uv": [6.5, 0, 13.0072, 1.0432], "texture": "#1"},
				"south": {"uv": [7.5, 0, 10.3672, 1.0432], "texture": "#1"},
				"west": {"uv": [6, 0, 12.5072, 1.0432], "texture": "#1"},
				"up": {"uv": [7, 0.5, 9.8672, 7.0072], "texture": "#1"},
				"down": {"uv": [7, 5.5, 9.8672, 12.0072], "texture": "#1"}
			}
		}
	],
	"gui_light": "front",
	"display": {
		"thirdperson_righthand": {
			"rotation": [31, 131, 0],
			"translation": [0.5, 1.5, 1.75],
			"scale": [0.75, 0.75, 0.75]
		},
		"thirdperson_lefthand": {
			"rotation": [36, 54, 0],
			"translation": [-0.5, 1.5, 1.5],
			"scale": [0.75, 0.75, 0.75]
		},
		"firstperson_righthand": {
			"rotation": [0, -90, 25],
			"translation": [1.13, 3.2, 1.13],
			"scale": [0.68, 0.68, 0.68]
		},
		"firstperson_lefthand": {
			"rotation": [0, 90, -25],
			"translation": [1.13, 3.2, 1.13],
			"scale": [0.68, 0.68, 0.68]
		},
		"ground": {
			"rotation": [36, 1, 0],
			"translation": [0, 2, 0],
			"scale": [0.5, 0.5, 0.5]
		},
		"gui": {
			"rotation": [13, 58, -46],
			"translation": [-2.25, -4.5, 0],
			"scale": [0.83, 0.78, 0.83]
		},
		"head": {
			"rotation": [173, 131, 92],
			"translation": [-4.25, -40, 3.75],
			"scale": [1.2, 1.2, 1.2]
		},
		"fixed": {
			"rotation": [0, 90, 0],
			"translation": [0, -4.75, -0.75],
			"scale": [0.68, 0.68, 0.68]
		}
	},
	"groups": [
		{
			"name": "group",
			"origin": [11.0936, 2.90835, 10.9266],
			"children": [0, 1, 2, 3, 4, 5, 6]
		},
		{
			"name": "group",
			"origin": [16.4, 16.4264, 17.0384],
			"children": [7, 8, 9, 10, 11, 12, 13, 14, 15, 16, 17, 18, 19, 20, 21, 22, 23, 24, 25, 26, 27, 28, 29, 30, 31, 32, 33, 34]
		}
	]
}