{
	"credit": "Made with Blockbench",
	"texture_size": [128, 128],
	"textures": {
		"6": "block/waterchest"
	},
	"elements": [
		{
			"from": [14.6, 0.1, 4.1],
			"to": [19.5, 7.1, 7],
			"rotation": {"angle": 0, "axis": "y", "origin": [25.3, 8.2, 8.8]},
			"faces": {
				"north": {"uv": [2.375, 10.75, 3, 11.625], "texture": "#6"},
				"east": {"uv": [8.875, 11, 9.25, 11.875], "texture": "#6"},
				"south": {"uv": [4, 10.75, 4.625, 11.625], "texture": "#6"},
				"west": {"uv": [9.25, 11, 9.625, 11.875], "texture": "#6"},
				"up": {"uv": [12, 1.5, 11.375, 1.125], "texture": "#6"},
				"down": {"uv": [12, 1.5, 11.375, 1.875], "texture": "#6"}
			}
		},
		{
			"from": [-2, 0.1, 4.1],
			"to": [2.9, 7.1, 7],
			"rotation": {"angle": 0, "axis": "y", "origin": [8.7, 8.2, 8.8]},
			"faces": {
				"north": {"uv": [1.125, 10.75, 1.75, 11.625], "texture": "#6"},
				"east": {"uv": [8.125, 11, 8.5, 11.875], "texture": "#6"},
				"south": {"uv": [1.75, 10.75, 2.375, 11.625], "texture": "#6"},
				"west": {"uv": [8.5, 11, 8.875, 11.875], "texture": "#6"},
				"up": {"uv": [12, 0.75, 11.375, 0.375], "texture": "#6"},
				"down": {"uv": [12, 0.75, 11.375, 1.125], "texture": "#6"}
			}
		},
		{
			"from": [-2, 0.1, 11.4],
			"to": [2.9, 7.1, 14.3],
			"rotation": {"angle": 0, "axis": "y", "origin": [8.7, 8.2, 16.1]},
			"faces": {
				"north": {"uv": [10.625, 8.5, 11.25, 9.375], "texture": "#6"},
				"east": {"uv": [7.375, 11, 7.75, 11.875], "texture": "#6"},
				"south": {"uv": [0.5, 10.75, 1.125, 11.625], "texture": "#6"},
				"west": {"uv": [7.75, 11, 8.125, 11.875], "texture": "#6"},
				"up": {"uv": [5.875, 11.75, 5.25, 11.375], "texture": "#6"},
				"down": {"uv": [12, 0, 11.375, 0.375], "texture": "#6"}
			}
		},
		{
			"from": [14.3, 0.1, 11.4],
			"to": [19.2, 7.1, 14.3],
			"rotation": {"angle": 0, "axis": "y", "origin": [25, 8.2, 16.1]},
			"faces": {
				"north": {"uv": [7.5, 8.875, 8.125, 9.75], "texture": "#6"},
				"east": {"uv": [6.625, 11, 7, 11.875], "texture": "#6"},
				"south": {"uv": [3.375, 10.5, 4, 11.375], "texture": "#6"},
				"west": {"uv": [7, 11, 7.375, 11.875], "texture": "#6"},
				"up": {"uv": [11.75, 11.125, 11.125, 10.75], "texture": "#6"},
				"down": {"uv": [5.25, 11.375, 4.625, 11.75], "texture": "#6"}
			}
		},
		{
			"from": [1, 3.1, 2.9],
			"to": [2.1, 8.2, 15.2],
			"rotation": {"angle": 0, "axis": "y", "origin": [-6.3, 14.8, 14.6]},
			"faces": {
				"north": {"uv": [3.25, 10.75, 3.375, 11.375], "texture": "#6"},
				"east": {"uv": [6, 10.125, 7.5, 10.75], "texture": "#6"},
				"south": {"uv": [2.875, 11.625, 3, 12.25], "texture": "#6"},
				"west": {"uv": [10.25, 5.125, 11.75, 5.75], "texture": "#6"},
				"up": {"uv": [3.875, 12.875, 3.75, 11.375], "texture": "#6"},
				"down": {"uv": [4, 11.375, 3.875, 12.875], "texture": "#6"}
			}
		},
		{
			"from": [14.8, 3.1, 2.9],
			"to": [15.9, 8.2, 15.2],
			"rotation": {"angle": 0, "axis": "y", "origin": [7.5, 14.8, 14.6]},
			"faces": {
				"north": {"uv": [7.375, 8.875, 7.5, 9.5], "texture": "#6"},
				"east": {"uv": [9, 9.875, 10.5, 10.5], "texture": "#6"},
				"south": {"uv": [8.5, 8.875, 8.625, 9.5], "texture": "#6"},
				"west": {"uv": [4.5, 10.125, 6, 10.75], "texture": "#6"},
				"up": {"uv": [3.625, 12.875, 3.5, 11.375], "texture": "#6"},
				"down": {"uv": [3.75, 11.375, 3.625, 12.875], "texture": "#6"}
			}
		},
		{
			"from": [-2.8, 3.1, 6.3],
			"to": [20.2, 8.2, 11.8],
			"rotation": {"angle": 0, "axis": "y", "origin": [12.6, 14.8, 14.6]},
			"faces": {
				"north": {"uv": [4.5, 8.875, 7.375, 9.5], "texture": "#6"},
				"east": {"uv": [4.625, 10.75, 5.375, 11.375], "texture": "#6"},
				"south": {"uv": [8.875, 4.5, 11.75, 5.125], "texture": "#6"},
				"west": {"uv": [5.375, 10.75, 6.125, 11.375], "texture": "#6"},
				"up": {"uv": [11.375, 4.5, 8.5, 3.75], "texture": "#6"},
				"down": {"uv": [11.5, 7.5, 8.625, 8.25], "texture": "#6"}
			}
		},
		{
			"from": [6.5, 3.1, 2.9],
			"to": [10.6, 8.2, 15.2],
			"rotation": {"angle": 0, "axis": "y", "origin": [2.2, 14.8, 14.6]},
			"faces": {
				"north": {"uv": [9.625, 11, 10.125, 11.625], "texture": "#6"},
				"east": {"uv": [3, 9.875, 4.5, 10.5], "texture": "#6"},
				"south": {"uv": [10.125, 11, 10.625, 11.625], "texture": "#6"},
				"west": {"uv": [7.5, 9.875, 9, 10.5], "texture": "#6"},
				"up": {"uv": [10.75, 7.25, 10.25, 5.75], "texture": "#6"},
				"down": {"uv": [0.5, 10.375, 0, 11.875], "texture": "#6"}
			}
		},
		{
			"from": [16.8, 3.1, 2.9],
			"to": [19, 8.2, 15.2],
			"rotation": {"angle": 0, "axis": "y", "origin": [11.7, 14.8, 14.6]},
			"faces": {
				"north": {"uv": [2.375, 11.625, 2.625, 12.25], "texture": "#6"},
				"east": {"uv": [4.5, 9.5, 6, 10.125], "texture": "#6"},
				"south": {"uv": [2.625, 11.625, 2.875, 12.25], "texture": "#6"},
				"west": {"uv": [6, 9.5, 7.5, 10.125], "texture": "#6"},
				"up": {"uv": [3.25, 12.25, 3, 10.75], "texture": "#6"},
				"down": {"uv": [11.125, 10.875, 10.875, 12.375], "texture": "#6"}
			}
		},
		{
			"from": [-2, 3.1, 2.9],
			"to": [0.2, 8.2, 15.2],
			"rotation": {"angle": 0, "axis": "y", "origin": [-7.1, 14.8, 14.6]},
			"faces": {
				"north": {"uv": [4, 11.625, 4.25, 12.25], "texture": "#6"},
				"east": {"uv": [0, 9.75, 1.5, 10.375], "texture": "#6"},
				"south": {"uv": [4.25, 11.625, 4.5, 12.25], "texture": "#6"},
				"west": {"uv": [1.5, 9.875, 3, 10.5], "texture": "#6"},
				"up": {"uv": [6.375, 12.5, 6.125, 11], "texture": "#6"},
				"down": {"uv": [6.625, 11, 6.375, 12.5], "texture": "#6"}
			}
		},
		{
			"from": [-2.9, 7.8, 3],
			"to": [20.4, 10, 15.3],
			"rotation": {"angle": 0, "axis": "y", "origin": [27, 15.1, 14.7]},
			"faces": {
				"north": {"uv": [10.375, 10.5, 13.25, 10.75], "texture": "#6"},
				"east": {"uv": [10.75, 6, 12.25, 6.25], "texture": "#6"},
				"south": {"uv": [10.5, 9.875, 13.375, 10.125], "texture": "#6"},
				"west": {"uv": [10.75, 6.25, 12.25, 6.5], "texture": "#6"},
				"up": {"uv": [8.5, 4.5, 5.625, 3], "texture": "#6"},
				"down": {"uv": [8.875, 6, 6, 7.5], "texture": "#6"}
			}
		},
		{
			"from": [-2.9, 1, 3],
			"to": [20.4, 3.2, 15.3],
			"rotation": {"angle": 0, "axis": "y", "origin": [27, 8.3, 14.7]},
			"faces": {
				"north": {"uv": [0.5, 10.5, 3.375, 10.75], "texture": "#6"},
				"east": {"uv": [9.375, 10.75, 10.875, 11], "texture": "#6"},
				"south": {"uv": [7.5, 10.5, 10.375, 10.75], "texture": "#6"},
				"west": {"uv": [10.75, 5.75, 12.25, 6], "texture": "#6"},
				"up": {"uv": [8.5, 1.5, 5.625, 0], "texture": "#6"},
				"down": {"uv": [8.5, 1.5, 5.625, 3], "texture": "#6"}
			}
		},
		{
			"from": [-2.7, 1, 3.6],
			"to": [20, 10.4, 14.7],
			"rotation": {"angle": 0, "axis": "y", "origin": [22, 8.3, 15.1]},
			"faces": {
				"north": {"uv": [8.5, 1.5, 11.375, 2.625], "texture": "#6"},
				"east": {"uv": [8.875, 5.125, 10.25, 6.25], "texture": "#6"},
				"south": {"uv": [8.5, 2.625, 11.375, 3.75], "texture": "#6"},
				"west": {"uv": [8.875, 6.25, 10.25, 7.375], "texture": "#6"},
				"up": {"uv": [8.875, 5.875, 6, 4.5], "texture": "#6"},
				"down": {"uv": [2.875, 6.875, 0, 8.25], "texture": "#6"}
			}
		},
		{
			"from": [-3.1, 9.7, 2.8],
			"to": [20.6, 11.2, 15.4],
			"rotation": {"angle": 0, "axis": "y", "origin": [27, 16.3, 14.7]},
			"faces": {
				"north": {"uv": [8.625, 8.25, 11.625, 8.5], "texture": "#6"},
				"east": {"uv": [6.125, 10.75, 7.75, 11], "texture": "#6"},
				"south": {"uv": [10.25, 7.25, 13.25, 7.5], "texture": "#6"},
				"west": {"uv": [7.75, 10.75, 9.375, 11], "texture": "#6"},
				"up": {"uv": [3, 6.875, 0, 5.25], "texture": "#6"},
				"down": {"uv": [6, 5.625, 3, 7.25], "texture": "#6"}
			}
		},
		{
			"from": [-1.3, 10.2, 3.4],
			"to": [18.9, 11.7, 15.3],
			"rotation": {"angle": 0, "axis": "y", "origin": [27, 16.8, 14.7]},
			"faces": {
				"north": {"uv": [3, 2.625, 5.5, 2.875], "texture": "#6"},
				"east": {"uv": [10.75, 6.5, 12.25, 6.75], "texture": "#6"},
				"south": {"uv": [10.5, 10.125, 13, 10.375], "texture": "#6"},
				"west": {"uv": [10.75, 6.75, 12.25, 7], "texture": "#6"},
				"up": {"uv": [2.5, 9.75, 0, 8.25], "texture": "#6"},
				"down": {"uv": [11, 0, 8.5, 1.5], "texture": "#6"}
			}
		},
		{
			"from": [0.3, 10.8, 4.6],
			"to": [16.7, 12.3, 14.8],
			"rotation": {"angle": 0, "axis": "y", "origin": [27, 17.4, 14.7]},
			"faces": {
				"north": {"uv": [10.625, 9.375, 12.625, 9.625], "texture": "#6"},
				"east": {"uv": [4.5, 8.625, 5.75, 8.875], "texture": "#6"},
				"south": {"uv": [10.625, 9.625, 12.625, 9.875], "texture": "#6"},
				"west": {"uv": [10.75, 7, 12, 7.25], "texture": "#6"},
				"up": {"uv": [4.5, 9.875, 2.5, 8.625], "texture": "#6"},
				"down": {"uv": [10.625, 8.625, 8.625, 9.875], "texture": "#6"}
			}
		},
		{
			"from": [15.3, 8.9, 14.8],
			"to": [16.9, 13, 16.3],
			"rotation": {"angle": 0, "axis": "y", "origin": [27, 1.5, 21.4]},
			"faces": {
				"north": {"uv": [11.625, 8, 11.875, 8.5], "texture": "#6"},
				"east": {"uv": [11.625, 8.5, 11.875, 9], "texture": "#6"},
				"south": {"uv": [4.5, 11.75, 4.75, 12.25], "texture": "#6"},
				"west": {"uv": [4.75, 11.75, 5, 12.25], "texture": "#6"},
				"up": {"uv": [6, 7.5, 5.75, 7.25], "texture": "#6"},
				"down": {"uv": [12.25, 4.375, 12, 4.625], "texture": "#6"}
			}
		},
		{
			"from": [1.2, 8.9, 14.8],
			"to": [2.8, 13, 16.3],
			"rotation": {"angle": 0, "axis": "y", "origin": [12.9, 1.5, 21.4]},
			"faces": {
				"north": {"uv": [5, 11.75, 5.25, 12.25], "texture": "#6"},
				"east": {"uv": [5.25, 11.75, 5.5, 12.25], "texture": "#6"},
				"south": {"uv": [5.5, 11.75, 5.75, 12.25], "texture": "#6"},
				"west": {"uv": [11.75, 1.875, 12, 2.375], "texture": "#6"},
				"up": {"uv": [12.25, 4.875, 12, 4.625], "texture": "#6"},
				"down": {"uv": [12.25, 4.875, 12, 5.125], "texture": "#6"}
			}
		},
		{
			"from": [15.3, 11.4, 11.6],
			"to": [16.9, 12.9, 14.8],
			"rotation": {"angle": 0, "axis": "y", "origin": [27, 18, 23.1]},
			"faces": {
				"north": {"uv": [12, 5.125, 12.25, 5.375], "texture": "#6"},
				"east": {"uv": [2.5, 8.25, 2.875, 8.5], "texture": "#6"},
				"south": {"uv": [12, 7, 12.25, 7.25], "texture": "#6"},
				"west": {"uv": [4, 10.5, 4.375, 10.75], "texture": "#6"},
				"up": {"uv": [11.75, 11.5, 11.5, 11.125], "texture": "#6"},
				"down": {"uv": [11.875, 9, 11.625, 9.375], "texture": "#6"}
			}
		},
		{
			"from": [1.2, 11.4, 11.6],
			"to": [2.8, 12.9, 14.8],
			"rotation": {"angle": 0, "axis": "y", "origin": [12.9, 18, 23.1]},
			"faces": {
				"north": {"uv": [12, 10.75, 12.25, 11], "texture": "#6"},
				"east": {"uv": [11.75, 5.375, 12.125, 5.625], "texture": "#6"},
				"south": {"uv": [12, 11, 12.25, 11.25], "texture": "#6"},
				"west": {"uv": [11.75, 11.25, 12.125, 11.5], "texture": "#6"},
				"up": {"uv": [8.125, 12.25, 7.875, 11.875], "texture": "#6"},
				"down": {"uv": [8.375, 11.875, 8.125, 12.25], "texture": "#6"}
			}
		},
		{
			"from": [6.8, 5.8, 1.8],
			"to": [9.8, 8.1, 3.4],
			"rotation": {"angle": 0, "axis": "y", "origin": [19.1, 13.2, 11.7]},
			"faces": {
				"north": {"uv": [8.375, 11.875, 8.75, 12.125], "texture": "#6"},
				"east": {"uv": [0.5, 12.125, 0.75, 12.375], "texture": "#6"},
				"south": {"uv": [8.75, 11.875, 9.125, 12.125], "texture": "#6"},
				"west": {"uv": [0.75, 12.125, 1, 12.375], "texture": "#6"},
				"up": {"uv": [9.5, 12.125, 9.125, 11.875], "texture": "#6"},
				"down": {"uv": [11.5, 11.875, 11.125, 12.125], "texture": "#6"}
			}
		},
		{
			"from": [9, 5, 1.8],
			"to": [9.8, 5.8, 3.4],
			"rotation": {"angle": 0, "axis": "y", "origin": [19.3, 10.9, 11.7]},
			"faces": {
				"north": {"uv": [5.625, 5.5, 5.75, 5.625], "texture": "#6"},
				"east": {"uv": [3, 2.875, 3.25, 3], "texture": "#6"},
				"south": {"uv": [5.75, 5.5, 5.875, 5.625], "texture": "#6"},
				"west": {"uv": [3.25, 2.875, 3.5, 3], "texture": "#6"},
				"up": {"uv": [4.5, 10.75, 4.375, 10.5], "texture": "#6"},
				"down": {"uv": [11.625, 8, 11.5, 8.25], "texture": "#6"}
			}
		},
		{
			"from": [6.9, 5, 1.8],
			"to": [7.7, 5.8, 3.4],
			"rotation": {"angle": 0, "axis": "y", "origin": [17.2, 10.9, 11.7]},
			"faces": {
				"north": {"uv": [5.875, 5.5, 6, 5.625], "texture": "#6"},
				"east": {"uv": [3.5, 2.875, 3.75, 3], "texture": "#6"},
				"south": {"uv": [6, 5.875, 6.125, 6], "texture": "#6"},
				"west": {"uv": [3.75, 2.875, 4, 3], "texture": "#6"},
				"up": {"uv": [9.625, 12.125, 9.5, 11.875], "texture": "#6"},
				"down": {"uv": [11.875, 12, 11.75, 12.25], "texture": "#6"}
			}
		},
		{
			"from": [7.9, 5, 1.8],
			"to": [8.8, 5.8, 3.4],
			"rotation": {"angle": 0, "axis": "y", "origin": [18.3, 10.9, 11.7]},
			"faces": {
				"north": {"uv": [6.125, 5.875, 6.25, 6], "texture": "#6"},
				"east": {"uv": [4, 2.875, 4.25, 3], "texture": "#6"},
				"south": {"uv": [6.25, 5.875, 6.375, 6], "texture": "#6"},
				"west": {"uv": [4.25, 2.875, 4.5, 3], "texture": "#6"},
				"up": {"uv": [1.625, 12.375, 1.5, 12.125], "texture": "#6"},
				"down": {"uv": [6.125, 12.125, 6, 12.375], "texture": "#6"}
			}
		},
		{
			"from": [7.9, 8.2, 2.1],
			"to": [8.6, 9.9, 3.4],
			"rotation": {"angle": 0, "axis": "y", "origin": [18.3, 14.1, 11.7]},
			"faces": {
				"north": {"uv": [9.125, 12.125, 9.25, 12.375], "texture": "#6"},
				"east": {"uv": [9.25, 12.125, 9.375, 12.375], "texture": "#6"},
				"south": {"uv": [9.375, 12.125, 9.5, 12.375], "texture": "#6"},
				"west": {"uv": [9.5, 12.125, 9.625, 12.375], "texture": "#6"},
				"up": {"uv": [6.5, 6, 6.375, 5.875], "texture": "#6"},
				"down": {"uv": [6.625, 5.875, 6.5, 6], "texture": "#6"}
			}
		},
		{
			"from": [7.1, 6.6, 1.6],
			"to": [7.9, 7.4, 2],
			"rotation": {"angle": 0, "axis": "y", "origin": [18.3, 12, 9.3]},
			"faces": {
				"north": {"uv": [6.625, 5.875, 6.75, 6], "texture": "#6"},
				"east": {"uv": [6.75, 5.875, 6.875, 6], "texture": "#6"},
				"south": {"uv": [6.875, 5.875, 7, 6], "texture": "#6"},
				"west": {"uv": [7, 5.875, 7.125, 6], "texture": "#6"},
				"up": {"uv": [7.25, 6, 7.125, 5.875], "texture": "#6"},
				"down": {"uv": [7.375, 5.875, 7.25, 6], "texture": "#6"}
			}
		},
		{
			"from": [8.7, 6.6, 1.6],
			"to": [9.5, 7.4, 2],
			"rotation": {"angle": 0, "axis": "y", "origin": [19.9, 12, 9.3]},
			"faces": {
				"north": {"uv": [7.375, 5.875, 7.5, 6], "texture": "#6"},
				"east": {"uv": [7.5, 5.875, 7.625, 6], "texture": "#6"},
				"south": {"uv": [7.625, 5.875, 7.75, 6], "texture": "#6"},
				"west": {"uv": [7.75, 5.875, 7.875, 6], "texture": "#6"},
				"up": {"uv": [8, 6, 7.875, 5.875], "texture": "#6"},
				"down": {"uv": [8.125, 5.875, 8, 6], "texture": "#6"}
			}
		},
		{
			"from": [-2, 0.9, 1.7],
			"to": [-0.3, 5.3, 4.1],
			"rotation": {"angle": 0, "axis": "y", "origin": [7.6, 8.9, 9.9]},
			"faces": {
				"north": {"uv": [11.75, 2.375, 12, 2.875], "texture": "#6"},
				"east": {"uv": [11.75, 2.875, 12, 3.375], "texture": "#6"},
				"south": {"uv": [11.75, 3.375, 12, 3.875], "texture": "#6"},
				"west": {"uv": [11.75, 3.875, 12, 4.375], "texture": "#6"},
				"up": {"uv": [1.25, 12.375, 1, 12.125], "texture": "#6"},
				"down": {"uv": [1.5, 12.125, 1.25, 12.375], "texture": "#6"}
			}
		},
		{
			"from": [-0.6, 0.3, 1.1],
			"to": [1.1, 8.1, 4.1],
			"rotation": {"angle": 0, "axis": "y", "origin": [9, 11.1, 9.9]},
			"faces": {
				"north": {"uv": [10.625, 11, 10.875, 12], "texture": "#6"},
				"east": {"uv": [5.625, 4.5, 6, 5.5], "texture": "#6"},
				"south": {"uv": [3.25, 11.375, 3.5, 12.375], "texture": "#6"},
				"west": {"uv": [8.125, 8.875, 8.5, 9.875], "texture": "#6"},
				"up": {"uv": [12.125, 12.25, 11.875, 11.875], "texture": "#6"},
				"down": {"uv": [12.125, 7.5, 11.875, 7.875], "texture": "#6"}
			}
		},
		{
			"from": [11.9, 0.3, 1.1],
			"to": [14.4, 2.3, 4.1],
			"rotation": {"angle": 0, "axis": "y", "origin": [22.3, 11.1, 9.9]},
			"faces": {
				"north": {"uv": [8.625, 12.125, 8.875, 12.375], "texture": "#6"},
				"east": {"uv": [11.875, 7.875, 12.25, 8.125], "texture": "#6"},
				"south": {"uv": [8.875, 12.125, 9.125, 12.375], "texture": "#6"},
				"west": {"uv": [11.875, 8.125, 12.25, 8.375], "texture": "#6"},
				"up": {"uv": [12.125, 8.75, 11.875, 8.375], "texture": "#6"},
				"down": {"uv": [12.125, 8.75, 11.875, 9.125], "texture": "#6"}
			}
		},
		{
			"from": [14.3, 0.3, 1.1],
			"to": [16.6, 3.8, 4.1],
			"rotation": {"angle": 0, "axis": "y", "origin": [24.7, 12.6, 9.9]},
			"faces": {
				"north": {"uv": [11.75, 4.375, 12, 4.875], "texture": "#6"},
				"east": {"uv": [11.375, 1.875, 11.75, 2.375], "texture": "#6"},
				"south": {"uv": [11.75, 4.875, 12, 5.375], "texture": "#6"},
				"west": {"uv": [11.375, 2.375, 11.75, 2.875], "texture": "#6"},
				"up": {"uv": [12.125, 11.875, 11.875, 11.5], "texture": "#6"},
				"down": {"uv": [10.875, 12, 10.625, 12.375], "texture": "#6"}
			}
		},
		{
			"from": [15.3, 3.8, 1.1],
			"to": [17.6, 7.3, 4.1],
			"rotation": {"angle": 0, "axis": "y", "origin": [25.7, 16.1, 9.9]},
			"faces": {
				"north": {"uv": [11.75, 10.75, 12, 11.25], "texture": "#6"},
				"east": {"uv": [11.375, 2.875, 11.75, 3.375], "texture": "#6"},
				"south": {"uv": [0, 11.875, 0.25, 12.375], "texture": "#6"},
				"west": {"uv": [11.375, 3.375, 11.75, 3.875], "texture": "#6"},
				"up": {"uv": [11.75, 12.375, 11.5, 12], "texture": "#6"},
				"down": {"uv": [12.25, 0, 12, 0.375], "texture": "#6"}
			}
		},
		{
			"from": [16.6, 0.3, 1.5],
			"to": [18.9, 3.8, 4.5],
			"rotation": {"angle": 0, "axis": "y", "origin": [27, 12.6, 10.3]},
			"faces": {
				"north": {"uv": [0.25, 11.875, 0.5, 12.375], "texture": "#6"},
				"east": {"uv": [11.375, 3.875, 11.75, 4.375], "texture": "#6"},
				"south": {"uv": [6.625, 11.875, 6.875, 12.375], "texture": "#6"},
				"west": {"uv": [11.5, 11.5, 11.875, 12], "texture": "#6"},
				"up": {"uv": [12.25, 0.75, 12, 0.375], "texture": "#6"},
				"down": {"uv": [12.25, 0.75, 12, 1.125], "texture": "#6"}
			}
		},
		{
			"from": [-2.1, 6.5, 1.9],
			"to": [-0.4, 11.5, 4.1],
			"rotation": {"angle": 0, "axis": "y", "origin": [7.5, 14.5, 9.9]},
			"faces": {
				"north": {"uv": [9.625, 11.625, 9.875, 12.25], "texture": "#6"},
				"east": {"uv": [9.875, 11.625, 10.125, 12.25], "texture": "#6"},
				"south": {"uv": [10.125, 11.625, 10.375, 12.25], "texture": "#6"},
				"west": {"uv": [10.375, 11.625, 10.625, 12.25], "texture": "#6"},
				"up": {"uv": [6, 12.375, 5.75, 12.125], "texture": "#6"},
				"down": {"uv": [8.625, 12.125, 8.375, 12.375], "texture": "#6"}
			}
		},
		{
			"from": [-1.2, 10.8, 6],
			"to": [1.5, 14.5, 8.2],
			"rotation": {"angle": 0, "axis": "y", "origin": [11.5, 18.8, 14]},
			"faces": {
				"north": {"uv": [11.5, 7.5, 11.875, 8], "texture": "#6"},
				"east": {"uv": [6.875, 11.875, 7.125, 12.375], "texture": "#6"},
				"south": {"uv": [0.5, 11.625, 0.875, 12.125], "texture": "#6"},
				"west": {"uv": [7.125, 11.875, 7.375, 12.375], "texture": "#6"},
				"up": {"uv": [12.25, 9.375, 11.875, 9.125], "texture": "#6"},
				"down": {"uv": [12.375, 1.125, 12, 1.375], "texture": "#6"}
			}
		},
		{
			"from": [12.8, 11, 12.3],
			"to": [15.5, 14.7, 14.5],
			"rotation": {"angle": 0, "axis": "y", "origin": [25.5, 19, 20.3]},
			"faces": {
				"north": {"uv": [0.875, 11.625, 1.25, 12.125], "texture": "#6"},
				"east": {"uv": [7.375, 11.875, 7.625, 12.375], "texture": "#6"},
				"south": {"uv": [1.25, 11.625, 1.625, 12.125], "texture": "#6"},
				"west": {"uv": [7.625, 11.875, 7.875, 12.375], "texture": "#6"},
				"up": {"uv": [12.375, 1.625, 12, 1.375], "texture": "#6"},
				"down": {"uv": [12.375, 1.625, 12, 1.875], "texture": "#6"}
			}
		},
		{
			"from": [10.7, 11, 9.7],
			"to": [13.4, 17.3, 11.8],
			"rotation": {"angle": 0, "axis": "y", "origin": [23.4, 19, 15.6]},
			"faces": {
				"north": {"uv": [11, 0, 11.375, 0.75], "texture": "#6"},
				"east": {"uv": [5.875, 11.375, 6.125, 12.125], "texture": "#6"},
				"south": {"uv": [11, 0.75, 11.375, 1.5], "texture": "#6"},
				"west": {"uv": [1.625, 11.625, 1.875, 12.375], "texture": "#6"},
				"up": {"uv": [12.375, 2.125, 12, 1.875], "texture": "#6"},
				"down": {"uv": [12.375, 2.125, 12, 2.375], "texture": "#6"}
			}
		},
		{
			"from": [0.3, 11, 7.1],
			"to": [3, 17.3, 9.2],
			"rotation": {"angle": 0, "axis": "y", "origin": [13, 19, 13]},
			"faces": {
				"north": {"uv": [11.125, 11.125, 11.5, 11.875], "texture": "#6"},
				"east": {"uv": [1.875, 11.625, 2.125, 12.375], "texture": "#6"},
				"south": {"uv": [11.25, 8.5, 11.625, 9.25], "texture": "#6"},
				"west": {"uv": [2.125, 11.625, 2.375, 12.375], "texture": "#6"},
				"up": {"uv": [12.375, 2.625, 12, 2.375], "texture": "#6"},
				"down": {"uv": [12.375, 2.625, 12, 2.875], "texture": "#6"}
			}
		},
		{
			"from": [2.2, 11.4, 4],
			"to": [4.3, 14.1, 5.5],
			"rotation": {"angle": 0, "axis": "y", "origin": [14.3, 17.2, 9.3]},
			"faces": {
				"north": {"uv": [12, 2.875, 12.25, 3.25], "texture": "#6"},
				"east": {"uv": [5.5, 2.625, 5.625, 3], "texture": "#6"},
				"south": {"uv": [12, 3.25, 12.25, 3.625], "texture": "#6"},
				"west": {"uv": [2.875, 6.875, 3, 7.25], "texture": "#6"},
				"up": {"uv": [4.75, 3, 4.5, 2.875], "texture": "#6"},
				"down": {"uv": [5, 2.875, 4.75, 3], "texture": "#6"}
			}
		},
		{
			"from": [5.2, 11.4, 8],
			"to": [7.3, 14.1, 9.5],
			"rotation": {"angle": 0, "axis": "y", "origin": [17.3, 17.2, 13.3]},
			"faces": {
				"north": {"uv": [12, 3.625, 12.25, 4], "texture": "#6"},
				"east": {"uv": [8.5, 9.5, 8.625, 9.875], "texture": "#6"},
				"south": {"uv": [12, 4, 12.25, 4.375], "texture": "#6"},
				"west": {"uv": [5.75, 11.75, 5.875, 12.125], "texture": "#6"},
				"up": {"uv": [5.25, 3, 5, 2.875], "texture": "#6"},
				"down": {"uv": [5.5, 2.875, 5.25, 3], "texture": "#6"}
			}
		},
		{
			"from": [-3.2, 11.4, 7.6],
			"to": [20, 22.2, 7.6],
			"rotation": {"angle": 0, "axis": "y", "origin": [17.3, 17.2, 12.9]},
			"faces": {
				"north": {"uv": [2.875, 7.25, 5.75, 8.625], "texture": "#6"},
				"east": {"uv": [0, 0, 0, 1.375], "texture": "#6"},
				"south": {"uv": [5.75, 7.5, 8.625, 8.875], "texture": "#6"},
				"west": {"uv": [0, 0, 0, 1.375], "texture": "#6"},
				"up": {"uv": [2.875, 0, 0, 0], "texture": "#6"},
				"down": {"uv": [2.875, 0, 0, 0], "texture": "#6"}
			}
		},
		{
			"from": [-3.2, 0.2, 2.1],
			"to": [21.1, 20.8, 2.1],
			"rotation": {"angle": 0, "axis": "y", "origin": [17.3, 6, 7.4]},
			"faces": {
				"north": {"uv": [0, 0, 3, 2.625], "texture": "#6"},
				"east": {"uv": [0, 0, 0, 2.625], "texture": "#6"},
				"south": {"uv": [0, 2.625, 3, 5.25], "texture": "#6"},
				"west": {"uv": [0, 0, 0, 2.625], "texture": "#6"},
				"up": {"uv": [3, 0, 0, 0], "texture": "#6"},
				"down": {"uv": [3, 0, 0, 0], "texture": "#6"}
			}
		},
		{
			"from": [-1.1, -0.4, 15.9],
			"to": [19.8, 20.2, 15.9],
			"rotation": {"angle": 0, "axis": "y", "origin": [2.7, 5.4, 10.6]},
			"faces": {
				"north": {"uv": [3, 3, 5.625, 5.625], "texture": "#6"},
				"east": {"uv": [0, 0, 0, 2.625], "texture": "#6"},
				"south": {"uv": [3, 0, 5.625, 2.625], "texture": "#6"},
				"west": {"uv": [0, 0, 0, 2.625], "texture": "#6"},
				"up": {"uv": [2.625, 0, 0, 0], "texture": "#6"},
				"down": {"uv": [2.625, 0, 0, 0], "texture": "#6"}
			}
		}
	],
	"groups": [
		{
			"name": "body",
			"origin": [22, 8.3, 15.1],
			"children": [0, 1, 2, 3, 4, 5, 6, 7, 8, 9, 10, 11, 12]
		},
		{
			"name": "lid",
			"origin": [22, 8.3, 15.1],
			"children": [13, 14, 15, 16, 17, 18, 19, 20, 21, 22, 23, 24, 25, 26, 27, 28, 29, 30, 31, 32, 33, 34, 35, 36, 37, 38, 39, 40, 41, 42]
		}
	]
}