{
  "file_name": "turtle",
  "texture_size": [
    16,
    16
  ],
  "textures": {
    "layer0": "modelengine:entity/turtle"
  },
  "elements": [
    {
      "name": "turtle_0",
      "from": [
        7.474622,
        8.667878,
        7.316462
      ],
      "to": [
        8.514122,
        8.783379,
        8.817962
      ],
      "rotation": {
        "angle": 0.0,
        "axis": "z",
        "origin": [
          8.0,
          8.0,
          8.0
        ]
      },
      "faces": {
        "down": {
          "uv": [
            0.0,
            0.0,
            0.0,
            0.0
          ],
          "texture": "#layer0",
          "tintindex": 0
        },
        "east": {
          "uv": [
            3.5,
            8.125,
            6.0025,
            8.3175
          ],
          "texture": "#layer0",
          "tintindex": 0
        },
        "north": {
          "uv": [
            4.375,
            0.125,
            6.1075,
            0.3175
          ],
          "texture": "#layer0",
          "tintindex": 0
        },
        "south": {
          "uv": [
            1.125,
            0.375,
            2.8575,
            0.5675
          ],
          "texture": "#layer0",
          "tintindex": 0
        },
        "up": {
          "uv": [
            2.5,
            3.5,
            5.0025,
            5.2325
          ],
          "texture": "#layer0",
          "tintindex": 0
        },
        "west": {
          "uv": [
            1.625,
            8.25,
            4.1275,
            8.4425
          ],
          "texture": "#layer0",
          "tintindex": 0
        }
      }
    },
    {
      "name": "turtle_1",
      "from": [
        7.243622,
        8.552378,
        7.0854616
      ],
      "to": [
        8.745122,
        8.667878,
        9.048962
      ],
      "rotation": {
        "angle": 0.0,
        "axis": "z",
        "origin": [
          8.0,
          8.0,
          8.0
        ]
      },
      "faces": {
        "down": {
          "uv": [
            0.0,
            0.0,
            0.0,
            0.0
          ],
          "texture": "#layer0",
          "tintindex": 0
        },
        "east": {
          "uv": [
            1.376,
            6.5,
            4.6485,
            6.6925
          ],
          "texture": "#layer0",
          "tintindex": 0
        },
        "north": {
          "uv": [
            1.5,
            0.5,
            4.0025,
            0.6925
          ],
          "texture": "#layer0",
          "tintindex": 0
        },
        "south": {
          "uv": [
            1.125,
            0.375,
            3.6275,
            0.5675
          ],
          "texture": "#layer0",
          "tintindex": 0
        },
        "up": {
          "uv": [
            1.0,
            2.126,
            4.2725,
            4.6285
          ],
          "texture": "#layer0",
          "tintindex": 0
        },
        "west": {
          "uv": [
            1.625,
            8.25,
            4.8975,
            8.4425
          ],
          "texture": "#layer0",
          "tintindex": 0
        }
      }
    },
    {
      "name": "turtle_2",
      "from": [
        7.012622,
        7.784378,
        7.0854616
      ],
      "to": [
        8.976122,
        7.9868784,
        9.048962
      ],
      "rotation": {
        "angle": 0.0,
        "axis": "z",
        "origin": [
          8.0,
          8.0,
          8.0
        ]
      },
      "faces": {
        "down": {
          "uv": [
            5.147,
            9.75,
            1.8749998,
            13.022
          ],
          "texture": "#layer0",
          "tintindex": 0
        },
        "east": {
          "uv": [
            1.0,
            11.375,
            4.2725,
            11.7125
          ],
          "texture": "#layer0",
          "tintindex": 0
        },
        "north": {
          "uv": [
            1.5,
            10.5,
            4.7725,
            10.8375
          ],
          "texture": "#layer0",
          "tintindex": 0
        },
        "south": {
          "uv": [
            5.3975,
            10.625,
            2.125,
            10.9625
          ],
          "texture": "#layer0",
          "tintindex": 0
        },
        "up": {
          "uv": [
            1.5,
            11.5,
            4.7725,
            14.7725
          ],
          "texture": "#layer0",
          "tintindex": 0
        },
        "west": {
          "uv": [
            1.5,
            11.25,
            1.8375,
            14.5225
          ],
          "texture": "#layer0",
          "tintindex": 0
        }
      }
    },
    {
      "name": "turtle_3",
      "from": [
        7.012622,
        7.934378,
        7.0854616
      ],
      "to": [
        8.976122,
        8.436878,
        9.048962
      ],
      "rotation": {
        "angle": 0.0,
        "axis": "z",
        "origin": [
          8.0,
          8.0,
          8.0
        ]
      },
      "faces": {
        "down": {
          "uv": [
            8.044,
            1.0,
            1.4999995,
            7.544
          ],
          "texture": "#layer0",
          "tintindex": 0
        },
        "east": {
          "uv": [
            0.876,
            3.626,
            4.1485,
            4.4635
          ],
          "texture": "#layer0",
          "tintindex": 0
        },
        "north": {
          "uv": [
            1.0,
            2.876,
            4.2725,
            3.7135
          ],
          "texture": "#layer0",
          "tintindex": 0
        },
        "south": {
          "uv": [
            1.626,
            3.25,
            4.8985,
            4.0875
          ],
          "texture": "#layer0",
          "tintindex": 0
        },
        "up": {
          "uv": [
            1.0,
            0.8759999,
            4.2725,
            4.1485
          ],
          "texture": "#layer0",
          "tintindex": 0
        },
        "west": {
          "uv": [
            1.626,
            3.25,
            4.8985,
            4.0875
          ],
          "texture": "#layer0",
          "tintindex": 0
        }
      }
    },
    {
      "name": "turtle_4",
      "from": [
        7.1281214,
        7.893878,
        6.969962
      ],
      "to": [
        8.860621,
        8.552378,
        9.164462
      ],
      "rotation": {
        "angle": 0.0,
        "axis": "z",
        "origin": [
          8.0,
          8.0,
          8.0
        ]
      },
      "faces": {
        "down": {
          "uv": [
            4.6575,
            0.0,
            0.99999976,
            2.8875
          ],
          "texture": "#layer0",
          "tintindex": 0
        },
        "east": {
          "uv": [
            0.876,
            4.0,
            4.5335,
            5.0975
          ],
          "texture": "#layer0",
          "tintindex": 0
        },
        "north": {
          "uv": [
            2.5,
            1.5,
            3.5974998,
            4.3875
          ],
          "texture": "#layer0",
          "tintindex": 0
        },
        "south": {
          "uv": [
            1.125,
            0.375,
            4.0125,
            1.4725
          ],
          "texture": "#layer0",
          "tintindex": 0
        },
        "up": {
          "uv": [
            0.49999976,
            1.6260002,
            4.1575,
            4.5135
          ],
          "texture": "#layer0",
          "tintindex": 0
        },
        "west": {
          "uv": [
            0.876,
            3.25,
            4.5335,
            4.3475
          ],
          "texture": "#layer0",
          "tintindex": 0
        }
      }
    },
    {
      "name": "turtle_5",
      "from": [
        7.243622,
        7.934378,
        6.8544617
      ],
      "to": [
        8.745122,
        8.436878,
        9.279963
      ],
      "rotation": {
        "angle": 0.0,
        "axis": "z",
        "origin": [
          8.0,
          8.0,
          8.0
        ]
      },
      "faces": {
        "down": {
          "uv": [
            0.125,
            0.0,
            0.0,
            0.125
          ],
          "texture": "#layer0",
          "tintindex": 0
        },
        "east": {
          "uv": [
            3.5,
            8.125,
            7.5425,
            8.9625
          ],
          "texture": "#layer0",
          "tintindex": 0
        },
        "north": {
          "uv": [
            3.0,
            2.126,
            3.8375,
            4.6285
          ],
          "texture": "#layer0",
          "tintindex": 0
        },
        "south": {
          "uv": [
            2.5,
            1.75,
            3.3375,
            4.2525
          ],
          "texture": "#layer0",
          "tintindex": 0
        },
        "up": {
          "uv": [
            3.5,
            3.125,
            7.5425,
            5.6275
          ],
          "texture": "#layer0",
          "tintindex": 0
        },
        "west": {
          "uv": [
            1.625,
            8.25,
            5.6675,
            9.0875
          ],
          "texture": "#layer0",
          "tintindex": 0
        }
      }
    }
  ],
  "display": {
    "head": {
      "translation": [
        0.0,
        -6.4,
        0.0
      ],
      "rotation": [
        0.0,
        0.0,
        0.0
      ],
      "scale": [
        3.8095,
        3.8095,
        3.8095
      ]
    },
    "gui": {
      "translation": [
        0.0,
        0.0,
        0.0
      ],
      "rotation": [
        35.0,
        225.0,
        0.0
      ],
      "scale": [
        0.625,
        0.625,
        0.625
      ]
    }
  }
}