{
  "file_name": "leg_backright",
  "texture_size": [
    64,
    64
  ],
  "textures": {
    "layer0": "modelengine:entity/deer"
  },
  "elements": [
    {
      "name": "leg_backright_0",
      "from": [
        7.1375,
        3.9874997,
        6.95
      ],
      "to": [
        8.7875,
        10.8125,
        9.05
      ],
      "rotation": {
        "angle": 0.0,
        "axis": "z",
        "origin": [
          8.0,
          8.0,
          8.0
        ]
      },
      "faces": {
        "down": {
          "uv": [
            2.0,
            11.75,
            2.75,
            12.5
          ],
          "texture": "#layer0",
          "tintindex": 0
        },
        "east": {
          "uv": [
            12.0,
            6.25,
            12.75,
            7.5
          ],
          "texture": "#layer0",
          "tintindex": 0
        },
        "north": {
          "uv": [
            12.25,
            6.25,
            12.75,
            7.5
          ],
          "texture": "#layer0",
          "tintindex": 0
        },
        "south": {
          "uv": [
            12.0,
            6.25,
            12.5,
            7.5
          ],
          "texture": "#layer0",
          "tintindex": 0
        },
        "up": {
          "uv": [
            13.5,
            6.0,
            12.75,
            5.25
          ],
          "texture": "#layer0",
          "tintindex": 0
        },
        "west": {
          "uv": [
            12.0,
            6.25,
            12.75,
            7.5
          ],
          "texture": "#layer0",
          "tintindex": 0
        }
      }
    },
    {
      "name": "leg_backright_1",
      "from": [
        7.4375,
        0.53749967,
        7.25
      ],
      "to": [
        8.6375,
        7.3625,
        8.75
      ],
      "rotation": {
        "angle": 0.0,
        "axis": "z",
        "origin": [
          8.0,
          8.0,
          8.0
        ]
      },
      "faces": {
        "down": {
          "uv": [
            13.0,
            10.75,
            13.5,
            11.25
          ],
          "texture": "#layer0",
          "tintindex": 0
        },
        "east": {
          "uv": [
            14.0,
            6.25,
            14.5,
            7.75
          ],
          "texture": "#layer0",
          "tintindex": 0
        },
        "north": {
          "uv": [
            14.0,
            6.25,
            14.5,
            7.75
          ],
          "texture": "#layer0",
          "tintindex": 0
        },
        "south": {
          "uv": [
            14.0,
            6.25,
            14.5,
            7.75
          ],
          "texture": "#layer0",
          "tintindex": 0
        },
        "up": {
          "uv": [
            13.75,
            7.0,
            13.25,
            6.5
          ],
          "texture": "#layer0",
          "tintindex": 0
        },
        "west": {
          "uv": [
            14.0,
            6.25,
            14.5,
            7.75
          ],
          "texture": "#layer0",
          "tintindex": 0
        }
      }
    }
  ],
  "display": {
    "head": {
      "translation": [
        0.0,
        -6.4,
        0.0
      ],
      "rotation": [
        0.0,
        0.0,
        0.0
      ],
      "scale": [
        3.8095,
        3.8095,
        3.8095
      ]
    },
    "gui": {
      "translation": [
        0.0,
        0.0,
        0.0
      ],
      "rotation": [
        35.0,
        225.0,
        0.0
      ],
      "scale": [
        0.625,
        0.625,
        0.625
      ]
    }
  }
}